device_id,device_name,asset_criticality,sensitivity_score,asset_type,business_unit,os_family,is_internet_exposed,patch_level,days_since_last_patch,nb_vulnerabilities,is_domain_controller,network_zone,last_incident_days_ago,owner_team,account_id,user_name,user_criticality,user_role,department,is_privileged,last_login_days,account_status,MFA_enabled,nb_failed_logins_7d,login_country_mismatch
98799.0,DEMO-TEST-7915,LOW,18,Workstation,Risk,Linux,1.0,Critical-lag,134.0,20.0,0.0,DMZ,145.0,DevOps,,,,,,,,,,,
384.0,CORE-EXCH-7099,CRITICAL,88,Server,Finance,Windows,0.0,Up-to-date,14.0,0.0,0.0,CORP,293.0,Business,,,,,,,,,,,
1677.0,ADMIN-SRV-9625,MEDIUM,45,Laptop,Risk,Linux,0.0,Minor-lag,36.0,13.0,0.0,CORP,85.0,Business,,,,,,,,,,,
32.0,VAULT-AD-3809,CRITICAL,87,Workstation,IT,Windows,0.0,Up-to-date,18.0,3.0,1.0,CORP,95.0,Business,,,,,,,,,,,
4210.0,LAB-VM-5922,LOW,9,Server,Risk,Linux,0.0,Critical-lag,174.0,24.0,0.0,CORP,140.0,IT-OPS,,,,,,,,,,,
0.0,LAB-TEST-7850,LOW,9,Workstation,Finance,Windows,0.0,Minor-lag,88.0,22.0,0.0,CORP,134.0,DevOps,,,,,,,,,,,
71447.0,ADMIN-WS-5734,MEDIUM,45,Server,Finance,Windows,0.0,Minor-lag,66.0,13.0,0.0,CORP,25.0,SOC,,,,,,,,,,,
65779.0,ADMIN-SRV-2308,MEDIUM,41,Server,IT,Windows,0.0,Minor-lag,83.0,6.0,0.0,CORP,517.0,DevOps,,,,,,,,,,,
220.0,OFFICE-SRV-7527,MEDIUM,47,Workstation,Finance,Windows,0.0,Minor-lag,48.0,13.0,0.0,CORP,725.0,SOC,,,,,,,,,,,
26065.0,CORE-AD-3508,CRITICAL,88,Workstation,Finance,Windows,0.0,Up-to-date,12.0,2.0,0.0,ISOLATED,59.0,Business,,,,,,,,,,,
14350.0,TEST-WS-884,LOW,15,Server,IT,Windows,0.0,Minor-lag,62.0,23.0,0.0,CORP,331.0,IT-OPS,,,,,,,,,,,
75723.0,CORE-WEB-1139,HIGH,66,Laptop,Risk,Windows,0.0,Up-to-date,29.0,0.0,0.0,ISOLATED,131.0,IT-OPS,,,,,,,,,,,
90154.0,DEPT-SRV-4982,MEDIUM,44,Workstation,Finance,MacOS,0.0,Minor-lag,50.0,14.0,0.0,CORP,117.0,IT-OPS,,,,,,,,,,,
10197.0,ADMIN-PC-2653,MEDIUM,39,Laptop,Trading,Windows,0.0,Up-to-date,18.0,11.0,0.0,CORP,182.0,Business,,,,,,,,,,,
66.0,DEV-VM-2753,LOW,6,Workstation,IT,Windows,0.0,Critical-lag,121.0,28.0,0.0,CORP,240.0,DevOps,,,,,,,,,,,
12699.0,PROD-EXCH-9642,CRITICAL,88,Server,Finance,MacOS,0.0,Up-to-date,23.0,0.0,1.0,CORP,13.0,SOC,,,,,,,,,,,
442.0,PROD-SQL-117,CRITICAL,89,Laptop,IT,Windows,0.0,Up-to-date,8.0,2.0,1.0,ISOLATED,254.0,Business,,,,,,,,,,,
36330.0,OFFICE-SRV-9975,MEDIUM,37,Laptop,Finance,Windows,1.0,Minor-lag,40.0,9.0,0.0,CORP,119.0,Business,,,,,,,,,,,
16281.0,DEV-TEST-793,LOW,18,Laptop,Finance,MacOS,0.0,Minor-lag,39.0,19.0,0.0,CORP,111.0,Business,,,,,,,,,,,
79.0,DEPT-PC-2375,MEDIUM,39,Workstation,Risk,Windows,0.0,Minor-lag,36.0,8.0,0.0,CORP,237.0,Business,,,,,,,,,,,
51983.0,DEPT-WS-8723,MEDIUM,33,Workstation,IT,MacOS,1.0,Minor-lag,56.0,10.0,0.0,DMZ,17.0,IT-OPS,,,,,,,,,,,
90.0,LAB-TEST-2954,LOW,7,Workstation,Trading,Windows,1.0,Critical-lag,195.0,26.0,0.0,DMZ,328.0,DevOps,,,,,,,,,,,
13054.0,CORE-AD-364,CRITICAL,98,Workstation,Finance,Linux,0.0,Up-to-date,21.0,3.0,0.0,ISOLATED,1.0,Business,,,,,,,,,,,
61339.0,CORE-SQL-4100,HIGH,60,Workstation,Trading,MacOS,1.0,Up-to-date,25.0,9.0,0.0,DMZ,81.0,IT-OPS,,,,,,,,,,,
6512.0,PROD-DC-5496,CRITICAL,82,Server,Finance,Windows,0.0,Up-to-date,14.0,1.0,1.0,ISOLATED,123.0,Business,,,,,,,,,,,
5379.0,PROD-DC-4044,CRITICAL,96,Workstation,Risk,Windows,0.0,Up-to-date,7.0,0.0,0.0,CORP,534.0,IT-OPS,,,,,,,,,,,
7262.0,CORE-WEB-1943,HIGH,79,Laptop,Finance,Windows,0.0,Up-to-date,26.0,8.0,0.0,CORP,28.0,IT-OPS,,,,,,,,,,,
45742.0,TEST-GUEST-2748,LOW,8,Laptop,Risk,Windows,0.0,Minor-lag,67.0,22.0,0.0,CORP,57.0,DevOps,,,,,,,,,,,
77132.0,PROD-EXCH-1002,CRITICAL,95,Server,Trading,Linux,0.0,Up-to-date,11.0,2.0,1.0,CORP,113.0,Business,,,,,,,,,,,
12151.0,VAULT-DC-5582,CRITICAL,90,Workstation,Trading,Linux,0.0,Up-to-date,11.0,0.0,0.0,CORP,54.0,IT-OPS,,,,,,,,,,,
143.0,DEMO-VM-9267,LOW,7,Workstation,Finance,MacOS,0.0,Critical-lag,259.0,24.0,0.0,CORP,319.0,DevOps,,,,,,,,,,,
32901.0,DEPT-WS-308,MEDIUM,44,Workstation,Finance,Windows,1.0,Minor-lag,50.0,10.0,0.0,CORP,85.0,IT-OPS,,,,,,,,,,,
34264.0,TRADE-SQL-5754,HIGH,70,Laptop,Finance,Windows,0.0,Minor-lag,42.0,6.0,0.0,CORP,359.0,Business,,,,,,,,,,,
228.0,CORE-WEB-7115,HIGH,60,Server,Finance,Linux,1.0,Minor-lag,55.0,10.0,0.0,CORP,241.0,SOC,,,,,,,,,,,
65582.0,CORE-WEB-4223,HIGH,76,Laptop,Risk,Linux,0.0,Minor-lag,33.0,7.0,0.0,ISOLATED,625.0,DevOps,,,,,,,,,,,
23924.0,BANK-SQL-4171,HIGH,76,Server,Risk,Windows,0.0,Minor-lag,30.0,5.0,0.0,ISOLATED,291.0,DevOps,,,,,,,,,,,
40599.0,DEPT-PC-2519,MEDIUM,32,Server,Finance,Windows,0.0,Minor-lag,54.0,11.0,0.0,CORP,50.0,DevOps,,,,,,,,,,,
45520.0,ADMIN-SRV-6700,MEDIUM,45,Laptop,IT,Windows,0.0,Minor-lag,52.0,10.0,0.0,CORP,152.0,Business,,,,,,,,,,,
63465.0,DEV-WS-1765,LOW,21,Server,Trading,Windows,1.0,Critical-lag,141.0,29.0,0.0,DMZ,97.0,IT-OPS,,,,,,,,,,,
70219.0,BANK-SRV-9193,HIGH,78,Server,Finance,Linux,1.0,Up-to-date,15.0,7.0,0.0,DMZ,276.0,IT-OPS,,,,,,,,,,,
71470.0,OFFICE-SRV-4908,MEDIUM,49,Server,Trading,Linux,0.0,Minor-lag,77.0,7.0,0.0,CORP,351.0,Business,,,,,,,,,,,
43946.0,DEPT-PC-5372,MEDIUM,33,Server,IT,Windows,0.0,Minor-lag,60.0,8.0,0.0,CORP,346.0,IT-OPS,,,,,,,,,,,
229.0,CORE-WEB-3311,HIGH,69,Laptop,Finance,Windows,0.0,Minor-lag,33.0,6.0,0.0,CORP,421.0,DevOps,,,,,,,,,,,
67988.0,BANK-SQL-2623,HIGH,74,Laptop,Trading,Windows,0.0,Minor-lag,34.0,8.0,0.0,CORP,8.0,SOC,,,,,,,,,,,
8574.0,LAB-GUEST-5886,LOW,7,Server,IT,Linux,0.0,Minor-lag,78.0,21.0,0.0,CORP,352.0,IT-OPS,,,,,,,,,,,
76988.0,DEPT-SRV-2777,MEDIUM,43,Domain Controller,Risk,Windows,0.0,Minor-lag,40.0,11.0,0.0,CORP,50.0,Business,,,,,,,,,,,
5626.0,DEMO-GUEST-5183,LOW,16,Workstation,IT,Linux,0.0,Critical-lag,231.0,26.0,0.0,CORP,190.0,SOC,,,,,,,,,,,
85672.0,TEST-TEST-8536,LOW,19,Workstation,Risk,Linux,0.0,Minor-lag,43.0,18.0,0.0,CORP,128.0,Business,,,,,,,,,,,
79201.0,DEPT-SRV-3065,MEDIUM,49,Server,Finance,Linux,0.0,Minor-lag,48.0,12.0,0.0,CORP,253.0,Business,,,,,,,,,,,
50459.0,DEPT-WS-2054,MEDIUM,30,Server,Finance,Windows,0.0,Minor-lag,43.0,10.0,0.0,CORP,39.0,Business,,,,,,,,,,,
48613.0,ADMIN-PC-8548,MEDIUM,34,Laptop,Finance,Linux,1.0,Minor-lag,79.0,6.0,0.0,DMZ,352.0,Business,,,,,,,,,,,
36085.0,BANK-WEB-7066,HIGH,69,Workstation,IT,Linux,1.0,Minor-lag,32.0,9.0,0.0,CORP,683.0,IT-OPS,,,,,,,,,,,
58918.0,CORE-AD-4768,CRITICAL,83,Domain Controller,Risk,Windows,0.0,Up-to-date,15.0,0.0,1.0,CORP,5.0,DevOps,,,,,,,,,,,
332.0,LAB-GUEST-3230,LOW,14,Workstation,Finance,Windows,1.0,Minor-lag,70.0,23.0,0.0,DMZ,124.0,DevOps,,,,,,,,,,,
208.0,OFFICE-WS-2745,MEDIUM,42,Workstation,Risk,Windows,0.0,Minor-lag,34.0,9.0,0.0,CORP,252.0,SOC,,,,,,,,,,,
290.0,DEPT-WS-9623,MEDIUM,33,Server,IT,Windows,1.0,Minor-lag,85.0,11.0,0.0,DMZ,459.0,IT-OPS,,,,,,,,,,,
75607.0,ADMIN-PC-7774,MEDIUM,36,Server,Trading,Windows,0.0,Critical-lag,109.0,13.0,0.0,CORP,149.0,IT-OPS,,,,,,,,,,,
59035.0,BANK-SQL-8203,HIGH,65,Server,Finance,Windows,1.0,Up-to-date,10.0,0.0,0.0,CORP,351.0,SOC,,,,,,,,,,,
40815.0,DEPT-SRV-2399,MEDIUM,43,Laptop,IT,Windows,0.0,Minor-lag,68.0,10.0,0.0,CORP,53.0,DevOps,,,,,,,,,,,
83060.0,LAB-GUEST-3182,LOW,16,Laptop,IT,Windows,1.0,Critical-lag,244.0,28.0,0.0,DMZ,239.0,Business,,,,,,,,,,,
77993.0,BANK-SQL-115,HIGH,69,Workstation,Risk,Windows,0.0,Up-to-date,20.0,6.0,0.0,CORP,35.0,IT-OPS,,,,,,,,,,,
2617.0,OFFICE-PC-3291,MEDIUM,48,Laptop,Risk,Windows,0.0,Minor-lag,70.0,11.0,0.0,CORP,25.0,IT-OPS,,,,,,,,,,,
85967.0,ADMIN-SRV-4441,MEDIUM,37,Laptop,Trading,Windows,0.0,Minor-lag,81.0,9.0,0.0,CORP,200.0,Business,,,,,,,,,,,
10367.0,TEST-TEST-1752,LOW,18,Server,Finance,Windows,1.0,Minor-lag,45.0,20.0,0.0,CORP,260.0,IT-OPS,,,,,,,,,,,
78124.0,TRADE-SRV-5592,HIGH,76,Workstation,IT,Windows,0.0,Minor-lag,40.0,10.0,0.0,CORP,97.0,SOC,,,,,,,,,,,
72921.0,CORE-SQL-6814,CRITICAL,86,Laptop,Finance,Windows,0.0,Up-to-date,15.0,2.0,0.0,ISOLATED,56.0,IT-OPS,,,,,,,,,,,
55.0,PROD-SQL-033,CRITICAL,81,Workstation,Risk,Windows,0.0,Up-to-date,18.0,0.0,0.0,ISOLATED,34.0,DevOps,,,,,,,,,,,
98607.0,ADMIN-SRV-1597,MEDIUM,44,Workstation,Risk,Windows,0.0,Minor-lag,53.0,10.0,0.0,CORP,58.0,DevOps,,,,,,,,,,,
66752.0,OFFICE-WS-5481,MEDIUM,48,Laptop,IT,Windows,0.0,Minor-lag,67.0,18.0,0.0,CORP,174.0,Business,,,,,,,,,,,
56251.0,ADMIN-PC-7477,MEDIUM,42,Workstation,IT,Windows,1.0,Minor-lag,38.0,10.0,0.0,DMZ,208.0,DevOps,,,,,,,,,,,
66651.0,OFFICE-PC-1482,MEDIUM,36,Workstation,Finance,Linux,0.0,Minor-lag,56.0,9.0,0.0,CORP,38.0,DevOps,,,,,,,,,,,
50959.0,CORE-SRV-3806,HIGH,73,Domain Controller,Risk,Linux,0.0,Up-to-date,12.0,9.0,0.0,CORP,57.0,Business,,,,,,,,,,,
18906.0,CORE-SRV-5210,HIGH,68,Server,Risk,MacOS,0.0,Up-to-date,17.0,7.0,0.0,CORP,73.0,IT-OPS,,,,,,,,,,,
53145.0,DEPT-PC-4391,MEDIUM,40,Server,Risk,Windows,0.0,Critical-lag,103.0,8.0,0.0,ISOLATED,26.0,Business,,,,,,,,,,,
419.0,TRADE-SRV-768,HIGH,61,Laptop,Risk,Linux,0.0,Up-to-date,8.0,6.0,0.0,CORP,505.0,IT-OPS,,,,,,,,,,,
3860.0,BANK-SRV-9205,HIGH,78,Domain Controller,Trading,Linux,0.0,Up-to-date,9.0,6.0,0.0,ISOLATED,4.0,DevOps,,,,,,,,,,,
1457.0,LAB-GUEST-734,LOW,9,Server,Risk,Windows,0.0,Minor-lag,58.0,23.0,0.0,ISOLATED,334.0,Business,,,,,,,,,,,
24668.0,CORE-SQL-5444,HIGH,72,Workstation,Risk,Windows,0.0,Up-to-date,22.0,6.0,0.0,CORP,46.0,DevOps,,,,,,,,,,,
54902.0,CORE-SQL-7030,CRITICAL,85,Laptop,Finance,Windows,0.0,Minor-lag,30.0,1.0,0.0,ISOLATED,11.0,DevOps,,,,,,,,,,,
876.0,TRADE-WEB-6201,HIGH,72,Server,Finance,Windows,1.0,Up-to-date,12.0,7.0,0.0,DMZ,144.0,SOC,,,,,,,,,,,
198.0,OFFICE-PC-2517,MEDIUM,39,Workstation,IT,Windows,1.0,Up-to-date,18.0,10.0,0.0,DMZ,230.0,SOC,,,,,,,,,,,
31968.0,ADMIN-PC-1825,MEDIUM,38,Laptop,Trading,Windows,0.0,Minor-lag,67.0,9.0,0.0,CORP,97.0,SOC,,,,,,,,,,,
67085.0,TEST-VM-5392,LOW,11,Server,Trading,Windows,0.0,Critical-lag,103.0,22.0,0.0,CORP,217.0,DevOps,,,,,,,,,,,
80485.0,OFFICE-WS-4302,MEDIUM,36,Workstation,IT,Linux,0.0,Minor-lag,42.0,7.0,0.0,CORP,248.0,Business,,,,,,,,,,,
37933.0,CORE-WEB-7223,HIGH,79,Laptop,Risk,Linux,0.0,Up-to-date,27.0,7.0,0.0,CORP,85.0,SOC,,,,,,,,,,,
61196.0,DEPT-WS-4979,MEDIUM,45,Server,Finance,MacOS,0.0,Minor-lag,78.0,16.0,0.0,CORP,17.0,DevOps,,,,,,,,,,,
49701.0,ADMIN-SRV-3685,MEDIUM,31,Server,IT,Windows,0.0,Minor-lag,40.0,8.0,0.0,CORP,51.0,Business,,,,,,,,,,,
63524.0,LAB-WS-5174,LOW,13,Workstation,IT,Windows,1.0,Critical-lag,117.0,26.0,0.0,DMZ,10.0,IT-OPS,,,,,,,,,,,
55097.0,DEPT-WS-9326,MEDIUM,30,Server,IT,Windows,1.0,Minor-lag,59.0,13.0,0.0,DMZ,15.0,SOC,,,,,,,,,,,
17740.0,CORE-DC-2485,CRITICAL,91,Server,Trading,Windows,0.0,Up-to-date,12.0,0.0,0.0,ISOLATED,39.0,IT-OPS,,,,,,,,,,,
47250.0,DEPT-WS-551,MEDIUM,39,Domain Controller,Finance,Windows,0.0,Minor-lag,66.0,14.0,0.0,ISOLATED,406.0,SOC,,,,,,,,,,,
43199.0,CORE-APP-2213,HIGH,76,Workstation,Trading,Windows,0.0,Minor-lag,33.0,6.0,0.0,ISOLATED,178.0,IT-OPS,,,,,,,,,,,
61293.0,PROD-EXCH-2082,CRITICAL,97,Server,Finance,Linux,0.0,Up-to-date,22.0,0.0,0.0,ISOLATED,25.0,Business,,,,,,,,,,,
82077.0,DEMO-GUEST-9327,LOW,23,Workstation,Risk,Windows,0.0,Critical-lag,120.0,23.0,0.0,CORP,316.0,Business,,,,,,,,,,,
17167.0,CORE-SQL-452,HIGH,68,Workstation,Finance,Windows,0.0,Minor-lag,37.0,7.0,0.0,CORP,202.0,SOC,,,,,,,,,,,
46558.0,CORE-SQL-296,HIGH,76,Laptop,IT,Windows,0.0,Up-to-date,23.0,1.0,0.0,CORP,36.0,SOC,,,,,,,,,,,
31.0,CORE-DC-901,CRITICAL,99,Workstation,Risk,Windows,1.0,Up-to-date,16.0,0.0,1.0,CORP,11.0,SOC,,,,,,,,,,,
38284.0,PROD-DC-9996,CRITICAL,94,Server,Finance,Windows,0.0,Up-to-date,16.0,2.0,0.0,CORP,72.0,IT-OPS,,,,,,,,,,,
78280.0,DEMO-VM-4003,LOW,9,Workstation,Trading,Windows,0.0,Minor-lag,34.0,20.0,0.0,CORP,14.0,DevOps,,,,,,,,,,,
86669.0,VAULT-EXCH-5408,CRITICAL,82,Server,Finance,Linux,0.0,Up-to-date,17.0,5.0,0.0,CORP,162.0,SOC,,,,,,,,,,,
3549.0,DEPT-PC-3716,MEDIUM,47,Server,Finance,MacOS,0.0,Minor-lag,66.0,10.0,0.0,CORP,288.0,SOC,,,,,,,,,,,
45529.0,OFFICE-PC-672,MEDIUM,42,Workstation,IT,Linux,0.0,Critical-lag,94.0,9.0,0.0,CORP,89.0,Business,,,,,,,,,,,
59331.0,LAB-TEST-9786,LOW,7,Laptop,Trading,Windows,0.0,Up-to-date,0.0,21.0,0.0,CORP,178.0,IT-OPS,,,,,,,,,,,
8138.0,TEST-GUEST-9788,LOW,24,Domain Controller,Risk,Windows,1.0,Critical-lag,208.0,24.0,0.0,DMZ,98.0,SOC,,,,,,,,,,,
2361.0,DEV-TEST-3913,LOW,13,Laptop,IT,Windows,0.0,Critical-lag,137.0,33.0,0.0,CORP,158.0,SOC,,,,,,,,,,,
64.0,DEV-WS-789,LOW,5,Laptop,Finance,Windows,0.0,Critical-lag,133.0,24.0,0.0,CORP,156.0,SOC,,,,,,,,,,,
113.0,PROD-AD-7095,CRITICAL,83,Server,IT,Windows,0.0,Up-to-date,14.0,2.0,0.0,ISOLATED,356.0,IT-OPS,,,,,,,,,,,
3445.0,BANK-SQL-2215,HIGH,77,Workstation,Finance,Linux,0.0,Up-to-date,17.0,7.0,0.0,CORP,45.0,IT-OPS,,,,,,,,,,,
11573.0,CORE-AD-6616,CRITICAL,99,Workstation,Finance,Windows,1.0,Up-to-date,14.0,2.0,0.0,DMZ,148.0,IT-OPS,,,,,,,,,,,
81072.0,TEST-VM-688,LOW,15,Workstation,Finance,Linux,0.0,Up-to-date,0.0,14.0,0.0,CORP,215.0,IT-OPS,,,,,,,,,,,
97467.0,BANK-SQL-5251,HIGH,67,Laptop,Trading,Windows,0.0,Up-to-date,21.0,2.0,0.0,CORP,76.0,DevOps,,,,,,,,,,,
93606.0,DEPT-PC-1151,MEDIUM,33,Workstation,IT,Windows,0.0,Critical-lag,109.0,12.0,0.0,CORP,692.0,Business,,,,,,,,,,,
77000.0,ADMIN-SRV-8275,MEDIUM,47,Workstation,IT,Windows,1.0,Minor-lag,45.0,13.0,0.0,DMZ,457.0,SOC,,,,,,,,,,,
89290.0,TEST-WS-852,LOW,5,Server,IT,Windows,1.0,Critical-lag,104.0,20.0,0.0,DMZ,246.0,Business,,,,,,,,,,,
62554.0,LAB-WS-1926,LOW,7,Server,Risk,Windows,0.0,Critical-lag,139.0,23.0,0.0,CORP,150.0,SOC,,,,,,,,,,,
240.0,VAULT-EXCH-2780,CRITICAL,83,Workstation,Trading,Windows,0.0,Up-to-date,8.0,1.0,1.0,ISOLATED,215.0,Business,,,,,,,,,,,
18057.0,TEST-WS-5844,LOW,24,Domain Controller,IT,Windows,0.0,Critical-lag,133.0,22.0,0.0,CORP,311.0,Business,,,,,,,,,,,
19.0,DEPT-SRV-4532,MEDIUM,43,Laptop,Trading,Windows,0.0,Minor-lag,32.0,8.0,0.0,CORP,338.0,DevOps,,,,,,,,,,,
238.0,TEST-TEST-792,LOW,5,Workstation,Finance,Windows,0.0,Critical-lag,126.0,20.0,0.0,CORP,572.0,Business,,,,,,,,,,,
132.0,TEST-VM-1088,LOW,17,Domain Controller,IT,Windows,0.0,Critical-lag,106.0,22.0,0.0,CORP,172.0,SOC,,,,,,,,,,,
195.0,DEPT-SRV-446,MEDIUM,36,Workstation,Trading,Linux,1.0,Up-to-date,25.0,11.0,0.0,DMZ,426.0,DevOps,,,,,,,,,,,
182.0,ADMIN-WS-1081,MEDIUM,39,Server,IT,MacOS,0.0,Up-to-date,26.0,10.0,0.0,CORP,115.0,DevOps,,,,,,,,,,,
52559.0,DEMO-TEST-8891,LOW,16,Server,Risk,Windows,0.0,Critical-lag,206.0,29.0,0.0,CORP,329.0,IT-OPS,,,,,,,,,,,
427.0,DEMO-VM-1395,LOW,21,Server,Trading,Windows,0.0,Minor-lag,84.0,20.0,0.0,CORP,504.0,IT-OPS,,,,,,,,,,,
7017.0,DEV-TEST-8745,LOW,20,Workstation,Trading,Windows,0.0,Critical-lag,138.0,20.0,0.0,CORP,84.0,Business,,,,,,,,,,,
425.0,CORE-APP-3161,HIGH,74,Server,Trading,MacOS,0.0,Up-to-date,25.0,6.0,0.0,CORP,266.0,IT-OPS,,,,,,,,,,,
166.0,LAB-TEST-4842,LOW,11,Workstation,Trading,Windows,0.0,Up-to-date,15.0,20.0,0.0,CORP,131.0,DevOps,,,,,,,,,,,
365.0,DEV-TEST-3657,LOW,21,Workstation,IT,Windows,0.0,Critical-lag,119.0,25.0,0.0,CORP,346.0,Business,,,,,,,,,,,
165.0,LAB-GUEST-2126,LOW,23,Laptop,Risk,Linux,0.0,Critical-lag,124.0,21.0,0.0,CORP,347.0,Business,,,,,,,,,,,
199.0,DEV-WS-3909,LOW,17,Workstation,Finance,Windows,0.0,Critical-lag,125.0,31.0,0.0,CORP,579.0,DevOps,,,,,,,,,,,
216.0,DEV-GUEST-4877,LOW,22,Workstation,Finance,Windows,1.0,Critical-lag,112.0,27.0,0.0,DMZ,276.0,SOC,,,,,,,,,,,
354.0,OFFICE-SRV-1596,MEDIUM,32,Laptop,Finance,Windows,0.0,Critical-lag,94.0,12.0,0.0,CORP,600.0,SOC,,,,,,,,,,,
298.0,OFFICE-WS-6552,MEDIUM,49,Workstation,Finance,Linux,1.0,Critical-lag,91.0,21.0,0.0,DMZ,275.0,IT-OPS,,,,,,,,,,,
176.0,LAB-GUEST-4718,LOW,16,Server,IT,Windows,0.0,Critical-lag,125.0,22.0,0.0,CORP,263.0,IT-OPS,,,,,,,,,,,
157.0,OFFICE-SRV-2343,MEDIUM,49,Server,Finance,Linux,1.0,Minor-lag,79.0,12.0,0.0,DMZ,105.0,IT-OPS,,,,,,,,,,,
364.0,CORE-WEB-9299,HIGH,67,Workstation,Trading,Linux,1.0,Minor-lag,44.0,9.0,0.0,CORP,87.0,DevOps,,,,,,,,,,,
302.0,TEST-WS-532,LOW,19,Server,Risk,Windows,0.0,Minor-lag,81.0,25.0,0.0,CORP,240.0,DevOps,,,,,,,,,,,
294.0,DEMO-TEST-9851,LOW,15,Workstation,IT,Linux,1.0,Critical-lag,174.0,23.0,0.0,CORP,652.0,IT-OPS,,,,,,,,,,,
417.0,DEMO-TEST-3627,LOW,8,Workstation,Risk,Linux,1.0,Critical-lag,111.0,22.0,0.0,DMZ,309.0,DevOps,,,,,,,,,,,
331.0,ADMIN-PC-394,MEDIUM,41,Laptop,IT,Linux,0.0,Minor-lag,43.0,15.0,0.0,CORP,434.0,SOC,,,,,,,,,,,
213.0,DEV-WS-1045,LOW,9,Workstation,Finance,Windows,0.0,Critical-lag,202.0,19.0,0.0,CORP,490.0,IT-OPS,,,,,,,,,,,
201.0,TRADE-APP-3219,HIGH,77,Server,IT,Windows,1.0,Minor-lag,42.0,6.0,0.0,DMZ,202.0,IT-OPS,,,,,,,,,,,
422.0,CORE-WEB-9587,HIGH,63,Workstation,Trading,Windows,1.0,Minor-lag,30.0,10.0,0.0,DMZ,380.0,SOC,,,,,,,,,,,
44736.0,BANK-SRV-7177,HIGH,69,Workstation,Trading,Windows,0.0,Up-to-date,18.0,2.0,0.0,CORP,276.0,IT-OPS,,,,,,,,,,,
48122.0,CORE-SRV-650,HIGH,76,Workstation,Finance,Windows,0.0,Up-to-date,28.0,2.0,0.0,CORP,64.0,IT-OPS,,,,,,,,,,,
45381.0,ADMIN-WS-9109,MEDIUM,30,Laptop,Trading,Windows,1.0,Minor-lag,80.0,9.0,0.0,CORP,29.0,IT-OPS,,,,,,,,,,,
59839.0,TEST-TEST-2712,LOW,23,Workstation,IT,Windows,1.0,Critical-lag,113.0,27.0,0.0,CORP,75.0,SOC,,,,,,,,,,,
27109.0,PROD-AD-9075,CRITICAL,90,Workstation,Risk,Windows,0.0,Up-to-date,23.0,0.0,0.0,ISOLATED,61.0,IT-OPS,,,,,,,,,,,
10387.0,CORE-WEB-5159,HIGH,65,Workstation,Risk,MacOS,0.0,Up-to-date,21.0,2.0,0.0,CORP,31.0,DevOps,,,,,,,,,,,
48117.0,DEV-GUEST-557,LOW,8,Laptop,Risk,Windows,0.0,Minor-lag,53.0,15.0,0.0,CORP,9.0,Business,,,,,,,,,,,
53792.0,CORE-DC-5077,CRITICAL,98,Server,Risk,Windows,0.0,Up-to-date,19.0,0.0,0.0,ISOLATED,389.0,Business,,,,,,,,,,,
72572.0,VAULT-SQL-047,CRITICAL,93,Workstation,Finance,Linux,0.0,Up-to-date,7.0,2.0,0.0,CORP,88.0,SOC,,,,,,,,,,,
67789.0,PROD-EXCH-186,CRITICAL,92,Laptop,Risk,Windows,0.0,Up-to-date,8.0,7.0,0.0,ISOLATED,72.0,Business,,,,,,,,,,,
14714.0,ADMIN-WS-9334,MEDIUM,37,Workstation,IT,Windows,0.0,Minor-lag,83.0,16.0,0.0,CORP,140.0,DevOps,,,,,,,,,,,
2663.0,VAULT-AD-953,CRITICAL,84,Server,Trading,Windows,0.0,Up-to-date,25.0,0.0,0.0,ISOLATED,319.0,DevOps,,,,,,,,,,,
9352.0,DEPT-PC-4643,MEDIUM,43,Workstation,Risk,Windows,1.0,Minor-lag,75.0,13.0,0.0,CORP,306.0,Business,,,,,,,,,,,
1704.0,DEPT-SRV-4352,MEDIUM,41,Domain Controller,Risk,Windows,1.0,Minor-lag,60.0,10.0,0.0,CORP,335.0,IT-OPS,,,,,,,,,,,
75641.0,OFFICE-SRV-4530,MEDIUM,49,Server,Finance,Windows,0.0,Minor-lag,61.0,12.0,0.0,CORP,42.0,SOC,,,,,,,,,,,
83465.0,TRADE-SQL-1194,HIGH,79,Laptop,Finance,Windows,0.0,Up-to-date,25.0,0.0,0.0,CORP,244.0,Business,,,,,,,,,,,
67476.0,ADMIN-WS-406,MEDIUM,42,Server,IT,Windows,0.0,Up-to-date,9.0,11.0,0.0,CORP,324.0,Business,,,,,,,,,,,
88457.0,DEV-TEST-8393,LOW,21,Workstation,IT,Linux,1.0,Critical-lag,103.0,19.0,0.0,DMZ,231.0,IT-OPS,,,,,,,,,,,
28901.0,DEMO-GUEST-591,LOW,16,Server,IT,Windows,1.0,Critical-lag,138.0,19.0,0.0,DMZ,38.0,IT-OPS,,,,,,,,,,,
22.0,DEV-TEST-3897,LOW,9,Workstation,IT,Windows,0.0,Critical-lag,130.0,26.0,0.0,CORP,342.0,DevOps,,,,,,,,,,,
235.0,VAULT-DC-8030,CRITICAL,91,Laptop,Trading,Windows,0.0,Up-to-date,16.0,3.0,0.0,ISOLATED,347.0,DevOps,,,,,,,,,,,
40433.0,DEPT-WS-4349,MEDIUM,49,Workstation,Trading,Windows,0.0,Minor-lag,70.0,13.0,0.0,CORP,153.0,DevOps,,,,,,,,,,,
36258.0,ADMIN-SRV-9616,MEDIUM,48,Workstation,Risk,Windows,1.0,Minor-lag,53.0,12.0,0.0,DMZ,81.0,IT-OPS,,,,,,,,,,,
13671.0,TRADE-APP-9795,HIGH,67,Workstation,Risk,Windows,0.0,Up-to-date,25.0,3.0,0.0,CORP,64.0,Business,,,,,,,,,,,
1277.0,DEMO-GUEST-5967,LOW,7,Laptop,Risk,Linux,0.0,Critical-lag,138.0,20.0,0.0,CORP,93.0,DevOps,,,,,,,,,,,
17060.0,LAB-GUEST-6718,LOW,15,Server,Risk,MacOS,1.0,Minor-lag,42.0,20.0,0.0,DMZ,130.0,SOC,,,,,,,,,,,
86023.0,DEMO-GUEST-9935,LOW,8,Workstation,Finance,Linux,0.0,Up-to-date,0.0,19.0,0.0,CORP,63.0,SOC,,,,,,,,,,,
91270.0,DEMO-GUEST-3519,LOW,5,Workstation,Risk,Windows,0.0,Minor-lag,76.0,19.0,0.0,CORP,145.0,SOC,,,,,,,,,,,
43920.0,ADMIN-WS-5500,MEDIUM,37,Workstation,Finance,Windows,1.0,Minor-lag,73.0,7.0,0.0,CORP,420.0,IT-OPS,,,,,,,,,,,
85345.0,OFFICE-WS-4491,MEDIUM,34,Server,Risk,MacOS,0.0,Minor-lag,66.0,13.0,0.0,CORP,599.0,IT-OPS,,,,,,,,,,,
57240.0,CORE-SQL-4040,HIGH,76,Laptop,IT,Windows,0.0,Up-to-date,19.0,11.0,0.0,CORP,312.0,SOC,,,,,,,,,,,
76097.0,DEPT-SRV-6449,MEDIUM,38,Domain Controller,Finance,MacOS,0.0,Critical-lag,93.0,13.0,0.0,CORP,193.0,Business,,,,,,,,,,,
76791.0,DEPT-WS-4466,MEDIUM,48,Laptop,IT,Windows,0.0,Minor-lag,39.0,6.0,0.0,CORP,210.0,SOC,,,,,,,,,,,
827.0,BANK-SQL-8215,HIGH,64,Workstation,Risk,Windows,0.0,Up-to-date,22.0,6.0,0.0,CORP,243.0,SOC,,,,,,,,,,,
36980.0,CORE-SQL-9128,HIGH,74,Server,Trading,Linux,0.0,Up-to-date,22.0,4.0,0.0,CORP,663.0,Business,,,,,,,,,,,
97313.0,LAB-TEST-6938,LOW,18,Laptop,IT,Windows,1.0,Critical-lag,124.0,29.0,0.0,DMZ,70.0,DevOps,,,,,,,,,,,
83205.0,OFFICE-SRV-8301,MEDIUM,41,Workstation,Finance,Windows,0.0,Minor-lag,60.0,8.0,0.0,CORP,73.0,DevOps,,,,,,,,,,,
44628.0,DEPT-PC-7604,MEDIUM,32,Workstation,Finance,Windows,0.0,Up-to-date,5.0,9.0,0.0,CORP,450.0,SOC,,,,,,,,,,,
82298.0,TEST-WS-6084,LOW,21,Workstation,IT,Windows,1.0,Critical-lag,125.0,24.0,0.0,DMZ,428.0,IT-OPS,,,,,,,,,,,
89822.0,DEV-VM-1217,LOW,16,Workstation,IT,Linux,0.0,Critical-lag,128.0,22.0,0.0,CORP,542.0,DevOps,,,,,,,,,,,
42639.0,OFFICE-SRV-894,MEDIUM,35,Workstation,Finance,Windows,1.0,Minor-lag,77.0,8.0,0.0,DMZ,568.0,IT-OPS,,,,,,,,,,,
50652.0,VAULT-EXCH-3728,CRITICAL,85,Workstation,IT,Windows,0.0,Up-to-date,17.0,0.0,0.0,ISOLATED,17.0,Business,,,,,,,,,,,
96537.0,ADMIN-PC-3661,MEDIUM,37,Server,Risk,MacOS,1.0,Up-to-date,19.0,10.0,0.0,DMZ,153.0,SOC,,,,,,,,,,,
26365.0,VAULT-SQL-1115,CRITICAL,89,Workstation,IT,Windows,1.0,Up-to-date,0.0,1.0,0.0,CORP,32.0,SOC,,,,,,,,,,,
6050.0,DEPT-PC-6758,MEDIUM,49,Workstation,Trading,Linux,1.0,Minor-lag,67.0,14.0,0.0,DMZ,37.0,IT-OPS,,,,,,,,,,,
66328.0,DEPT-WS-281,MEDIUM,36,Server,Finance,Windows,1.0,Minor-lag,37.0,15.0,0.0,DMZ,15.0,DevOps,,,,,,,,,,,
95619.0,ADMIN-WS-9325,MEDIUM,34,Workstation,Risk,Windows,0.0,Up-to-date,17.0,7.0,0.0,CORP,84.0,IT-OPS,,,,,,,,,,,
37505.0,CORE-SRV-794,HIGH,63,Laptop,Finance,MacOS,0.0,Up-to-date,13.0,3.0,0.0,ISOLATED,66.0,Business,,,,,,,,,,,
72771.0,ADMIN-PC-1555,MEDIUM,36,Workstation,IT,Windows,0.0,Minor-lag,40.0,7.0,0.0,CORP,13.0,Business,,,,,,,,,,,
77684.0,LAB-TEST-1850,LOW,12,Laptop,Finance,Windows,1.0,Critical-lag,121.0,23.0,0.0,DMZ,52.0,DevOps,,,,,,,,,,,
57894.0,PROD-SQL-1077,CRITICAL,95,Workstation,Trading,Windows,0.0,Up-to-date,1.0,3.0,0.0,CORP,51.0,IT-OPS,,,,,,,,,,,
29828.0,ADMIN-PC-403,MEDIUM,39,Server,Trading,MacOS,0.0,Minor-lag,82.0,9.0,0.0,CORP,39.0,IT-OPS,,,,,,,,,,,
64392.0,DEV-GUEST-877,LOW,6,Workstation,IT,Windows,0.0,Critical-lag,135.0,24.0,0.0,CORP,167.0,Business,,,,,,,,,,,
14515.0,DEMO-TEST-5787,LOW,20,Laptop,Finance,Windows,0.0,Critical-lag,105.0,27.0,0.0,CORP,94.0,IT-OPS,,,,,,,,,,,
80036.0,OFFICE-PC-375,MEDIUM,38,Workstation,Finance,Windows,0.0,Minor-lag,61.0,9.0,0.0,CORP,115.0,Business,,,,,,,,,,,
92814.0,OFFICE-SRV-5952,MEDIUM,48,Laptop,Finance,Windows,0.0,Minor-lag,61.0,14.0,0.0,CORP,35.0,Business,,,,,,,,,,,
65001.0,DEPT-SRV-8456,MEDIUM,32,Laptop,Trading,Windows,0.0,Minor-lag,30.0,8.0,0.0,CORP,645.0,Business,,,,,,,,,,,
98210.0,DEMO-GUEST-9823,LOW,21,Domain Controller,Finance,Windows,1.0,Critical-lag,120.0,23.0,0.0,DMZ,45.0,Business,,,,,,,,,,,
65657.0,TRADE-SRV-1116,HIGH,76,Laptop,Finance,Linux,0.0,Minor-lag,30.0,5.0,0.0,CORP,242.0,Business,,,,,,,,,,,
81726.0,ADMIN-SRV-7159,MEDIUM,45,Domain Controller,Risk,MacOS,0.0,Minor-lag,50.0,10.0,0.0,CORP,305.0,SOC,,,,,,,,,,,
87004.0,LAB-GUEST-3758,LOW,9,Server,Risk,Windows,1.0,Critical-lag,115.0,28.0,0.0,DMZ,315.0,IT-OPS,,,,,,,,,,,
15802.0,DEMO-TEST-3755,LOW,22,Workstation,Trading,Windows,1.0,Minor-lag,86.0,21.0,0.0,DMZ,43.0,IT-OPS,,,,,,,,,,,
33759.0,OFFICE-WS-4149,MEDIUM,39,Domain Controller,IT,Windows,0.0,Minor-lag,68.0,9.0,0.0,ISOLATED,54.0,IT-OPS,,,,,,,,,,,
34060.0,CORE-SQL-1006,CRITICAL,87,Laptop,Finance,Linux,0.0,Up-to-date,11.0,3.0,0.0,ISOLATED,311.0,DevOps,,,,,,,,,,,
38730.0,ADMIN-PC-2365,MEDIUM,38,Workstation,Finance,Windows,0.0,Up-to-date,26.0,8.0,0.0,CORP,116.0,Business,,,,,,,,,,,
96480.0,OFFICE-PC-8520,MEDIUM,44,Server,IT,Windows,0.0,Minor-lag,32.0,9.0,0.0,CORP,154.0,SOC,,,,,,,,,,,
24301.0,OFFICE-PC-5649,MEDIUM,32,Laptop,Risk,MacOS,0.0,Minor-lag,56.0,9.0,0.0,CORP,97.0,IT-OPS,,,,,,,,,,,
65212.0,DEPT-SRV-4811,MEDIUM,31,Workstation,Risk,Windows,0.0,Minor-lag,47.0,12.0,0.0,CORP,74.0,IT-OPS,,,,,,,,,,,
26384.0,ADMIN-SRV-9544,MEDIUM,38,Server,IT,Linux,0.0,Minor-lag,37.0,9.0,0.0,CORP,74.0,Business,,,,,,,,,,,
52297.0,DEPT-WS-3656,MEDIUM,33,Workstation,Finance,Windows,0.0,Minor-lag,47.0,13.0,0.0,CORP,52.0,Business,,,,,,,,,,,
57177.0,DEMO-GUEST-2863,LOW,22,Laptop,IT,Windows,1.0,Minor-lag,57.0,23.0,0.0,DMZ,312.0,IT-OPS,,,,,,,,,,,
39731.0,DEMO-WS-5063,LOW,16,Server,Trading,Windows,0.0,Minor-lag,82.0,20.0,0.0,CORP,359.0,IT-OPS,,,,,,,,,,,
75414.0,TEST-WS-8004,LOW,16,Workstation,IT,Windows,1.0,Critical-lag,123.0,20.0,0.0,DMZ,238.0,DevOps,,,,,,,,,,,
32428.0,DEMO-GUEST-703,LOW,19,Laptop,IT,Linux,0.0,Minor-lag,61.0,24.0,0.0,CORP,308.0,Business,,,,,,,,,,,
14869.0,ADMIN-WS-4060,MEDIUM,48,Server,Trading,Linux,1.0,Critical-lag,100.0,16.0,0.0,DMZ,188.0,SOC,,,,,,,,,,,
85126.0,DEPT-SRV-5612,MEDIUM,48,Server,Risk,Windows,0.0,Minor-lag,79.0,12.0,0.0,CORP,202.0,DevOps,,,,,,,,,,,
80332.0,DEV-GUEST-9565,LOW,17,Laptop,Trading,Windows,0.0,Critical-lag,168.0,20.0,0.0,ISOLATED,90.0,SOC,,,,,,,,,,,
96526.0,DEV-GUEST-749,LOW,8,Server,IT,Windows,1.0,Critical-lag,104.0,22.0,0.0,DMZ,353.0,SOC,,,,,,,,,,,
28529.0,TEST-TEST-1912,LOW,23,Laptop,Risk,MacOS,1.0,Critical-lag,124.0,18.0,0.0,DMZ,168.0,DevOps,,,,,,,,,,,
49295.0,BANK-APP-208,HIGH,65,Laptop,Risk,Windows,0.0,Up-to-date,6.0,5.0,0.0,CORP,258.0,SOC,,,,,,,,,,,
26507.0,CORE-AD-784,CRITICAL,84,Server,Risk,MacOS,0.0,Up-to-date,2.0,4.0,0.0,CORP,244.0,SOC,,,,,,,,,,,
13187.0,VAULT-EXCH-080,CRITICAL,90,Server,IT,Windows,0.0,Up-to-date,13.0,4.0,0.0,ISOLATED,243.0,SOC,,,,,,,,,,,
77961.0,CORE-SQL-236,HIGH,68,Laptop,IT,Windows,0.0,Minor-lag,47.0,3.0,0.0,CORP,166.0,IT-OPS,,,,,,,,,,,
68439.0,TRADE-SQL-1290,HIGH,66,Workstation,Trading,Windows,0.0,Minor-lag,30.0,2.0,0.0,ISOLATED,356.0,DevOps,,,,,,,,,,,
40074.0,DEPT-WS-3485,MEDIUM,30,Workstation,Trading,Windows,0.0,Minor-lag,71.0,9.0,0.0,ISOLATED,51.0,Business,,,,,,,,,,,
72765.0,ADMIN-WS-7588,MEDIUM,47,Workstation,Finance,MacOS,1.0,Minor-lag,33.0,15.0,0.0,DMZ,239.0,SOC,,,,,,,,,,,
32268.0,OFFICE-SRV-9678,MEDIUM,33,Laptop,IT,Windows,0.0,Minor-lag,65.0,14.0,0.0,CORP,214.0,DevOps,,,,,,,,,,,
49465.0,ADMIN-SRV-5035,MEDIUM,30,Domain Controller,Finance,Windows,0.0,Critical-lag,103.0,17.0,0.0,CORP,275.0,DevOps,,,,,,,,,,,
77812.0,TEST-WS-9572,LOW,9,Workstation,IT,Windows,1.0,Minor-lag,68.0,22.0,0.0,DMZ,245.0,DevOps,,,,,,,,,,,
56039.0,TRADE-APP-6711,HIGH,69,Workstation,Risk,MacOS,0.0,Up-to-date,4.0,4.0,0.0,CORP,52.0,SOC,,,,,,,,,,,
1207.0,TEST-VM-2912,LOW,15,Workstation,Trading,MacOS,1.0,Critical-lag,148.0,23.0,0.0,DMZ,97.0,Business,,,,,,,,,,,
20803.0,VAULT-SQL-5003,CRITICAL,96,Server,Trading,Windows,0.0,Up-to-date,17.0,0.0,0.0,ISOLATED,52.0,DevOps,,,,,,,,,,,
72393.0,DEPT-SRV-4145,MEDIUM,33,Server,IT,Windows,0.0,Minor-lag,52.0,6.0,0.0,CORP,221.0,Business,,,,,,,,,,,
83355.0,TEST-WS-4660,LOW,8,Server,Risk,Linux,0.0,Critical-lag,92.0,19.0,0.0,CORP,710.0,IT-OPS,,,,,,,,,,,
98539.0,PROD-AD-6411,CRITICAL,91,Laptop,Finance,Windows,0.0,Up-to-date,24.0,1.0,0.0,ISOLATED,227.0,DevOps,,,,,,,,,,,
20682.0,ADMIN-WS-2494,MEDIUM,43,Workstation,IT,Linux,0.0,Up-to-date,7.0,8.0,0.0,CORP,254.0,IT-OPS,,,,,,,,,,,
38566.0,ADMIN-PC-6217,MEDIUM,30,Laptop,Trading,Windows,0.0,Up-to-date,17.0,8.0,0.0,CORP,125.0,SOC,,,,,,,,,,,
92988.0,DEMO-WS-663,LOW,8,Workstation,Finance,Windows,0.0,Critical-lag,127.0,22.0,0.0,CORP,120.0,IT-OPS,,,,,,,,,,,
44146.0,DEPT-PC-7046,MEDIUM,43,Workstation,Trading,Windows,1.0,Minor-lag,79.0,11.0,0.0,CORP,177.0,DevOps,,,,,,,,,,,
80386.0,PROD-DC-7308,CRITICAL,96,Workstation,IT,Windows,0.0,Up-to-date,16.0,6.0,0.0,ISOLATED,286.0,IT-OPS,,,,,,,,,,,
31098.0,TEST-VM-6816,LOW,6,Laptop,Finance,Windows,0.0,Critical-lag,129.0,21.0,0.0,CORP,37.0,Business,,,,,,,,,,,
,,,45,,,,,,,,,,,,271373.0,analyst.security.535,MEDIUM,User,Legal,0.0,18.0,Active,0.0,1.0,0.0
,,,47,,,,,,,,,,,,632.0,admin.security.481,MEDIUM,User,Finance,0.0,10.0,Active,1.0,1.0,0.0
,,,16,,,,,,,,,,,,453297.0,intern.admin.978,LOW,Analyst,Finance,0.0,29.0,Active,0.0,15.0,0.0
,,,70,,,,,,,,,,,,253.0,vp.tech.499,HIGH,Analyst,Legal,1.0,2.0,Active,0.0,12.0,0.0
,,,47,,,,,,,,,,,,14163.0,admin.ops.377,MEDIUM,Analyst,IT,0.0,25.0,Active,0.0,12.0,0.0
,,,92,,,,,,,,,,,,297203.0,head_security.exec.540,CRITICAL,Analyst,Finance,1.0,5.0,Active,1.0,9.0,0.0
,,,75,,,,,,,,,,,,1368.0,manager.tech.227,HIGH,Analyst,IT,1.0,20.0,Active,1.0,9.0,1.0
,,,91,,,,,,,,,,,,752.0,ceo.board.194,CRITICAL,Analyst,Finance,1.0,25.0,Inactive,1.0,8.0,0.0
,,,20,,,,,,,,,,,,747.0,temp.ops.794,LOW,Analyst,Operations,0.0,3.0,Active,1.0,15.0,0.0
,,,71,,,,,,,,,,,,18579.0,vp.tech.904,HIGH,User,Legal,1.0,21.0,Active,0.0,9.0,0.0
,,,22,,,,,,,,,,,,66290.0,intern.ops.868,LOW,User,Finance,0.0,5.0,Inactive,1.0,1.0,0.0
,,,47,,,,,,,,,,,,23057.0,engineer.infra.666,MEDIUM,Analyst,Finance,0.0,7.0,Active,1.0,0.0,0.0
,,,79,,,,,,,,,,,,28889.0,vp.tech.145,HIGH,Analyst,Finance,1.0,10.0,Active,1.0,0.0,0.0
,,,43,,,,,,,,,,,,338206.0,specialist.infra.492,MEDIUM,Analyst,HR,0.0,27.0,Active,1.0,12.0,0.0
,,,74,,,,,,,,,,,,13.0,director.tech.877,HIGH,Analyst,Operations,1.0,26.0,Active,0.0,12.0,0.0
,,,99,,,,,,,,,,,,240499.0,cto.exec.725,CRITICAL,User,Finance,1.0,29.0,Active,1.0,7.0,1.0
,,,78,,,,,,,,,,,,60834.0,vp.trading.461,HIGH,User,Finance,1.0,18.0,Active,1.0,0.0,0.0
,,,74,,,,,,,,,,,,120590.0,vp.risk.502,HIGH,Analyst,IT,1.0,7.0,Active,1.0,2.0,0.0
,,,77,,,,,,,,,,,,108691.0,manager.risk.495,HIGH,Analyst,IT,1.0,9.0,Active,1.0,13.0,0.0
,,,46,,,,,,,,,,,,176606.0,engineer.risk.202,MEDIUM,Analyst,Operations,0.0,16.0,Active,1.0,12.0,0.0
,,,20,,,,,,,,,,,,291900.0,guest.admin.839,LOW,Manager,HR,0.0,25.0,Active,0.0,0.0,0.0
,,,91,,,,,,,,,,,,126946.0,ceo.board.30,CRITICAL,Manager,HR,1.0,27.0,Active,1.0,18.0,1.0
,,,90,,,,,,,,,,,,62939.0,cto.board.578,CRITICAL,Analyst,IT,1.0,2.0,Active,1.0,7.0,0.0
,,,42,,,,,,,,,,,,20343.0,engineer.infra.705,MEDIUM,Analyst,HR,0.0,5.0,Active,1.0,0.0,0.0
,,,47,,,,,,,,,,,,5860.0,analyst.security.781,MEDIUM,Analyst,Legal,0.0,29.0,Active,1.0,9.0,1.0
,,,20,,,,,,,,,,,,108605.0,user.ops.775,LOW,User,IT,0.0,27.0,Active,0.0,2.0,0.0
,,,45,,,,,,,,,,,,385704.0,engineer.infra.591,MEDIUM,Analyst,Operations,0.0,26.0,Active,1.0,0.0,0.0
,,,45,,,,,,,,,,,,262.0,admin.risk.411,MEDIUM,Manager,Legal,0.0,19.0,Active,1.0,10.0,1.0
,,,49,,,,,,,,,,,,127.0,specialist.risk.854,MEDIUM,Analyst,IT,0.0,11.0,Active,0.0,11.0,1.0
,,,71,,,,,,,,,,,,9288.0,manager.tech.249,HIGH,Analyst,HR,1.0,5.0,Active,1.0,2.0,0.0
,,,90,,,,,,,,,,,,2374.0,ceo.board.567,CRITICAL,Analyst,Legal,1.0,11.0,Active,1.0,0.0,0.0
,,,47,,,,,,,,,,,,203148.0,admin.security.663,MEDIUM,User,Legal,0.0,12.0,Active,0.0,1.0,0.0
,,,22,,,,,,,,,,,,970.0,guest.ops.417,LOW,Analyst,Operations,0.0,22.0,Active,1.0,0.0,0.0
,,,75,,,,,,,,,,,,17360.0,director.trading.866,HIGH,User,Finance,1.0,25.0,Active,1.0,0.0,0.0
,,,44,,,,,,,,,,,,7136.0,admin.risk.864,MEDIUM,Manager,IT,0.0,12.0,Active,1.0,3.0,0.0
,,,22,,,,,,,,,,,,166936.0,guest.ops.810,LOW,Manager,IT,0.0,22.0,Suspended,1.0,0.0,0.0
,,,21,,,,,,,,,,,,52515.0,guest.ops.231,LOW,Exec,Operations,0.0,8.0,Active,0.0,0.0,0.0
,,,43,,,,,,,,,,,,98516.0,engineer.security.517,MEDIUM,Analyst,IT,0.0,22.0,Active,1.0,17.0,0.0
,,,72,,,,,,,,,,,,382022.0,manager.security.127,HIGH,User,Legal,1.0,17.0,Active,1.0,2.0,0.0
,,,41,,,,,,,,,,,,38578.0,specialist.infra.581,MEDIUM,Manager,Operations,0.0,8.0,Active,1.0,1.0,0.0
,,,40,,,,,,,,,,,,301999.0,analyst.risk.497,MEDIUM,Manager,IT,0.0,12.0,Suspended,0.0,1.0,0.0
,,,19,,,,,,,,,,,,121807.0,temp.ops.893,LOW,Analyst,IT,0.0,14.0,Active,1.0,5.0,0.0
,,,42,,,,,,,,,,,,122083.0,engineer.security.895,MEDIUM,Analyst,HR,0.0,26.0,Active,1.0,1.0,0.0
,,,99,,,,,,,,,,,,293721.0,head_security.board.919,CRITICAL,User,Finance,1.0,8.0,Active,1.0,4.0,0.0
,,,78,,,,,,,,,,,,172364.0,lead.risk.271,HIGH,User,Finance,1.0,1.0,Active,0.0,9.0,1.0
,,,40,,,,,,,,,,,,159335.0,specialist.risk.354,MEDIUM,User,Finance,0.0,15.0,Active,1.0,9.0,0.0
,,,71,,,,,,,,,,,,156032.0,lead.risk.125,HIGH,User,IT,1.0,19.0,Active,1.0,18.0,0.0
,,,94,,,,,,,,,,,,3545.0,ceo.exec.280,CRITICAL,Analyst,IT,1.0,9.0,Active,1.0,10.0,0.0
,,,75,,,,,,,,,,,,4297.0,lead.risk.290,HIGH,User,Operations,1.0,4.0,Active,1.0,0.0,0.0
,,,92,,,,,,,,,,,,5139.0,ceo.exec.69,CRITICAL,User,Finance,1.0,22.0,Active,1.0,1.0,1.0
,,,23,,,,,,,,,,,,34006.0,user.support.113,LOW,Exec,HR,0.0,10.0,Suspended,1.0,4.0,0.0
,,,43,,,,,,,,,,,,155115.0,analyst.infra.314,MEDIUM,Analyst,Operations,0.0,16.0,Active,1.0,0.0,0.0
,,,95,,,,,,,,,,,,4863.0,ceo.board.582,CRITICAL,Analyst,IT,1.0,16.0,Inactive,1.0,6.0,1.0
,,,16,,,,,,,,,,,,81209.0,user.admin.840,LOW,Analyst,Finance,0.0,16.0,Active,0.0,0.0,0.0
,,,47,,,,,,,,,,,,32604.0,analyst.infra.153,MEDIUM,Manager,Operations,0.0,3.0,Active,1.0,0.0,0.0
,,,70,,,,,,,,,,,,169273.0,lead.trading.34,HIGH,User,Operations,1.0,20.0,Active,0.0,0.0,1.0
,,,79,,,,,,,,,,,,2210.0,vp.risk.173,HIGH,User,HR,1.0,20.0,Active,1.0,0.0,0.0
,,,44,,,,,,,,,,,,319128.0,admin.risk.396,MEDIUM,Analyst,HR,0.0,4.0,Active,1.0,0.0,0.0
,,,78,,,,,,,,,,,,4335.0,manager.trading.465,HIGH,Analyst,Operations,1.0,17.0,Active,1.0,1.0,0.0
,,,24,,,,,,,,,,,,22659.0,temp.ops.779,LOW,User,Finance,0.0,16.0,Active,0.0,0.0,0.0
,,,73,,,,,,,,,,,,185119.0,manager.trading.111,HIGH,Analyst,Finance,1.0,2.0,Active,1.0,0.0,0.0
,,,92,,,,,,,,,,,,9642.0,cfo.board.43,CRITICAL,Analyst,Legal,1.0,10.0,Active,1.0,2.0,0.0
,,,97,,,,,,,,,,,,288530.0,cto.board.151,CRITICAL,Manager,IT,1.0,4.0,Inactive,1.0,5.0,1.0
,,,17,,,,,,,,,,,,71656.0,user.admin.855,LOW,User,IT,0.0,10.0,Active,0.0,2.0,0.0
,,,16,,,,,,,,,,,,63614.0,intern.admin.909,LOW,User,Legal,0.0,1.0,Active,0.0,0.0,0.0
,,,46,,,,,,,,,,,,7564.0,analyst.security.446,MEDIUM,Exec,Operations,0.0,14.0,Suspended,0.0,3.0,0.0
,,,20,,,,,,,,,,,,282576.0,intern.support.764,LOW,User,HR,0.0,28.0,Active,0.0,0.0,1.0
,,,42,,,,,,,,,,,,6335.0,engineer.security.451,MEDIUM,Analyst,Operations,0.0,2.0,Active,1.0,0.0,0.0
,,,18,,,,,,,,,,,,113373.0,user.admin.957,LOW,Analyst,IT,0.0,4.0,Active,1.0,0.0,0.0
,,,40,,,,,,,,,,,,48390.0,specialist.infra.698,MEDIUM,User,HR,0.0,27.0,Active,0.0,9.0,0.0
,,,15,,,,,,,,,,,,386797.0,guest.admin.914,LOW,Analyst,Operations,0.0,28.0,Active,0.0,1.0,1.0
,,,15,,,,,,,,,,,,125642.0,guest.ops.771,LOW,Analyst,Finance,0.0,13.0,Active,1.0,11.0,0.0
,,,46,,,,,,,,,,,,177609.0,engineer.infra.671,MEDIUM,Analyst,HR,0.0,9.0,Active,1.0,16.0,1.0
,,,20,,,,,,,,,,,,32739.0,guest.ops.843,LOW,Exec,IT,0.0,20.0,Active,0.0,0.0,0.0
,,,16,,,,,,,,,,,,267744.0,user.support.425,LOW,Analyst,HR,0.0,22.0,Active,1.0,4.0,0.0
,,,70,,,,,,,,,,,,78899.0,vp.tech.176,HIGH,Exec,HR,1.0,29.0,Active,1.0,2.0,0.0
,,,72,,,,,,,,,,,,12256.0,director.security.195,HIGH,User,Finance,1.0,20.0,Inactive,0.0,3.0,0.0
,,,47,,,,,,,,,,,,302828.0,specialist.infra.437,MEDIUM,Exec,IT,0.0,5.0,Active,1.0,0.0,1.0
,,,48,,,,,,,,,,,,6.0,analyst.security.412,MEDIUM,User,Operations,0.0,23.0,Active,1.0,2.0,0.0
,,,43,,,,,,,,,,,,71023.0,admin.security.528,MEDIUM,User,Legal,0.0,12.0,Active,1.0,0.0,0.0
,,,19,,,,,,,,,,,,0.0,guest.admin.857,LOW,Manager,HR,0.0,0.0,Active,0.0,3.0,0.0
,,,24,,,,,,,,,,,,210534.0,temp.ops.62,LOW,Analyst,Operations,0.0,24.0,Active,0.0,0.0,0.0
,,,45,,,,,,,,,,,,68500.0,admin.ops.528,MEDIUM,User,Legal,0.0,24.0,Suspended,1.0,1.0,0.0
,,,71,,,,,,,,,,,,4678.0,lead.risk.685,HIGH,Analyst,IT,1.0,12.0,Active,1.0,4.0,0.0
,,,48,,,,,,,,,,,,109.0,engineer.security.474,MEDIUM,User,HR,0.0,26.0,Active,1.0,15.0,0.0
,,,43,,,,,,,,,,,,59153.0,admin.security.512,MEDIUM,User,Operations,0.0,5.0,Active,1.0,4.0,0.0
,,,18,,,,,,,,,,,,442257.0,user.admin.894,LOW,User,Operations,0.0,21.0,Active,0.0,3.0,0.0
,,,18,,,,,,,,,,,,2070.0,user.admin.189,LOW,Analyst,Legal,0.0,22.0,Active,0.0,2.0,0.0
,,,43,,,,,,,,,,,,28954.0,specialist.security.649,MEDIUM,Analyst,IT,0.0,25.0,Active,0.0,4.0,0.0
,,,21,,,,,,,,,,,,317818.0,intern.support.335,LOW,Analyst,IT,0.0,2.0,Active,0.0,0.0,0.0
,,,73,,,,,,,,,,,,865.0,manager.risk.622,HIGH,Analyst,IT,1.0,17.0,Active,1.0,0.0,0.0
,,,20,,,,,,,,,,,,81440.0,temp.admin.868,LOW,Manager,HR,0.0,25.0,Active,0.0,0.0,0.0
,,,16,,,,,,,,,,,,438618.0,temp.admin.769,LOW,Analyst,Legal,0.0,7.0,Active,0.0,19.0,0.0
,,,16,,,,,,,,,,,,38646.0,intern.ops.811,LOW,User,Finance,0.0,4.0,Active,0.0,4.0,0.0
,,,70,,,,,,,,,,,,129619.0,vp.risk.58,HIGH,User,Operations,1.0,11.0,Active,0.0,0.0,0.0
,,,45,,,,,,,,,,,,3421.0,admin.ops.327,MEDIUM,User,Finance,0.0,19.0,Active,0.0,2.0,0.0
,,,18,,,,,,,,,,,,163378.0,user.admin.570,LOW,User,Finance,0.0,15.0,Active,1.0,4.0,0.0
,,,96,,,,,,,,,,,,37875.0,cfo.exec.202,CRITICAL,Manager,Operations,1.0,12.0,Active,1.0,14.0,0.0
,,,48,,,,,,,,,,,,360.0,specialist.security.397,MEDIUM,Analyst,HR,0.0,0.0,Active,1.0,10.0,0.0
,,,15,,,,,,,,,,,,166170.0,user.ops.913,LOW,User,HR,0.0,15.0,Active,1.0,14.0,1.0
,,,48,,,,,,,,,,,,42117.0,analyst.risk.513,MEDIUM,User,Finance,0.0,10.0,Active,0.0,4.0,0.0
,,,15,,,,,,,,,,,,48476.0,guest.admin.230,LOW,User,Finance,0.0,21.0,Active,0.0,0.0,0.0
,,,20,,,,,,,,,,,,90077.0,guest.ops.723,LOW,Analyst,Operations,0.0,20.0,Inactive,0.0,18.0,0.0
,,,75,,,,,,,,,,,,1906.0,director.risk.228,HIGH,Analyst,Operations,1.0,28.0,Active,1.0,0.0,1.0
,,,17,,,,,,,,,,,,7809.0,guest.support.619,LOW,Exec,Operations,0.0,26.0,Active,0.0,1.0,0.0
,,,20,,,,,,,,,,,,26310.0,user.admin.840,LOW,Manager,Finance,0.0,4.0,Active,0.0,1.0,0.0
,,,17,,,,,,,,,,,,4303.0,user.support.647,LOW,Analyst,Legal,0.0,20.0,Active,0.0,0.0,0.0
,,,92,,,,,,,,,,,,82277.0,head_security.exec.779,CRITICAL,User,HR,1.0,29.0,Active,1.0,5.0,0.0
,,,43,,,,,,,,,,,,69446.0,specialist.risk.751,MEDIUM,Analyst,Finance,0.0,29.0,Active,1.0,0.0,0.0
,,,20,,,,,,,,,,,,287664.0,guest.support.991,LOW,Manager,Finance,0.0,21.0,Active,1.0,0.0,0.0
,,,94,,,,,,,,,,,,238128.0,ceo.exec.49,CRITICAL,Analyst,IT,1.0,0.0,Active,1.0,0.0,1.0
,,,21,,,,,,,,,,,,255.0,guest.ops.762,LOW,Manager,Legal,0.0,20.0,Suspended,0.0,3.0,0.0
,,,23,,,,,,,,,,,,170302.0,temp.support.381,LOW,User,Finance,0.0,24.0,Active,0.0,1.0,0.0
,,,43,,,,,,,,,,,,10111.0,admin.risk.18,MEDIUM,User,IT,0.0,19.0,Active,1.0,3.0,0.0
,,,20,,,,,,,,,,,,123646.0,temp.admin.490,LOW,Analyst,Finance,0.0,13.0,Active,1.0,0.0,0.0
,,,22,,,,,,,,,,,,53866.0,user.admin.987,LOW,Analyst,IT,0.0,11.0,Active,1.0,2.0,0.0
,,,19,,,,,,,,,,,,223638.0,temp.ops.950,LOW,Analyst,Operations,0.0,19.0,Active,1.0,0.0,0.0
,,,20,,,,,,,,,,,,174050.0,guest.ops.942,LOW,Analyst,Finance,0.0,3.0,Active,0.0,10.0,1.0
,,,77,,,,,,,,,,,,22403.0,vp.tech.279,HIGH,Analyst,Finance,1.0,18.0,Active,1.0,0.0,0.0
,,,41,,,,,,,,,,,,279434.0,admin.security.655,MEDIUM,Analyst,Finance,0.0,12.0,Active,1.0,0.0,0.0
,,,19,,,,,,,,,,,,6901.0,guest.ops.915,LOW,Analyst,Finance,0.0,16.0,Inactive,1.0,15.0,1.0
,,,23,,,,,,,,,,,,6793.0,temp.ops.542,LOW,User,HR,0.0,29.0,Suspended,1.0,2.0,0.0
,,,78,,,,,,,,,,,,25188.0,lead.trading.532,HIGH,Analyst,IT,1.0,18.0,Inactive,1.0,3.0,0.0
,,,76,,,,,,,,,,,,22568.0,director.trading.512,HIGH,User,Finance,1.0,19.0,Inactive,1.0,4.0,0.0
,,,95,,,,,,,,,,,,54496.0,cto.board.16,CRITICAL,User,IT,1.0,16.0,Active,1.0,0.0,0.0
,,,17,,,,,,,,,,,,86996.0,user.ops.820,LOW,User,Finance,0.0,21.0,Active,1.0,2.0,0.0
,,,17,,,,,,,,,,,,7153.0,user.support.719,LOW,Analyst,IT,0.0,20.0,Active,0.0,7.0,0.0
,,,47,,,,,,,,,,,,167919.0,engineer.infra.370,MEDIUM,User,IT,0.0,26.0,Active,0.0,1.0,0.0
,,,41,,,,,,,,,,,,248215.0,specialist.risk.328,MEDIUM,Analyst,Operations,0.0,29.0,Active,1.0,2.0,1.0
,,,45,,,,,,,,,,,,71570.0,admin.infra.611,MEDIUM,User,Legal,0.0,23.0,Active,1.0,1.0,0.0
,,,47,,,,,,,,,,,,165.0,specialist.security.128,MEDIUM,Analyst,Finance,0.0,15.0,Active,0.0,12.0,0.0
,,,46,,,,,,,,,,,,5128.0,engineer.security.620,MEDIUM,Manager,HR,0.0,29.0,Active,1.0,8.0,0.0
,,,71,,,,,,,,,,,,7079.0,manager.risk.862,HIGH,Manager,IT,1.0,17.0,Active,1.0,3.0,0.0
,,,19,,,,,,,,,,,,296236.0,user.admin.177,LOW,User,Operations,0.0,24.0,Active,1.0,4.0,0.0
,,,97,,,,,,,,,,,,2990.0,cfo.board.290,CRITICAL,User,Finance,1.0,2.0,Active,1.0,0.0,1.0
,,,72,,,,,,,,,,,,14715.0,manager.security.342,HIGH,User,Operations,1.0,18.0,Active,1.0,0.0,0.0
,,,48,,,,,,,,,,,,1.0,admin.infra.419,MEDIUM,Analyst,Legal,0.0,19.0,Active,1.0,1.0,0.0
,,,17,,,,,,,,,,,,425412.0,temp.admin.907,LOW,Manager,Operations,0.0,22.0,Active,0.0,0.0,0.0
,,,92,,,,,,,,,,,,9937.0,cto.board.733,CRITICAL,User,Operations,1.0,8.0,Active,1.0,18.0,0.0
,,,42,,,,,,,,,,,,115181.0,analyst.ops.657,MEDIUM,Analyst,Finance,0.0,2.0,Active,1.0,3.0,0.0
,,,16,,,,,,,,,,,,105301.0,temp.admin.40,LOW,Manager,IT,0.0,9.0,Active,0.0,0.0,0.0
,,,43,,,,,,,,,,,,102165.0,specialist.infra.670,MEDIUM,Analyst,Finance,0.0,1.0,Suspended,0.0,1.0,0.0
,,,18,,,,,,,,,,,,226012.0,guest.support.229,LOW,User,IT,0.0,5.0,Inactive,0.0,3.0,1.0
,,,72,,,,,,,,,,,,23184.0,vp.trading.399,HIGH,Analyst,HR,1.0,29.0,Inactive,0.0,2.0,0.0
,,,98,,,,,,,,,,,,17097.0,cfo.board.23,CRITICAL,User,HR,1.0,19.0,Active,1.0,11.0,1.0
,,,45,,,,,,,,,,,,10407.0,analyst.infra.608,MEDIUM,Analyst,IT,0.0,8.0,Active,0.0,2.0,0.0
,,,79,,,,,,,,,,,,295624.0,vp.security.308,HIGH,Manager,Operations,1.0,12.0,Active,0.0,23.0,0.0
,,,75,,,,,,,,,,,,408093.0,director.risk.221,HIGH,User,Legal,1.0,21.0,Active,1.0,4.0,0.0
,,,17,,,,,,,,,,,,54067.0,guest.admin.350,LOW,Manager,Operations,0.0,6.0,Active,0.0,4.0,0.0
,,,44,,,,,,,,,,,,1475.0,analyst.ops.746,MEDIUM,Analyst,Legal,0.0,13.0,Active,0.0,1.0,0.0
,,,91,,,,,,,,,,,,125177.0,cto.exec.273,CRITICAL,Exec,Finance,1.0,13.0,Active,0.0,1.0,0.0
,,,17,,,,,,,,,,,,8731.0,guest.admin.908,LOW,User,Operations,0.0,5.0,Active,1.0,9.0,0.0
,,,19,,,,,,,,,,,,5669.0,temp.ops.17,LOW,User,IT,0.0,5.0,Active,0.0,0.0,0.0
,,,44,,,,,,,,,,,,130538.0,specialist.security.452,MEDIUM,Manager,Operations,0.0,18.0,Active,0.0,11.0,0.0
,,,98,,,,,,,,,,,,318240.0,cfo.board.467,CRITICAL,Analyst,Finance,1.0,9.0,Active,1.0,2.0,0.0
,,,47,,,,,,,,,,,,26777.0,engineer.security.556,MEDIUM,Analyst,Legal,0.0,28.0,Active,1.0,11.0,0.0
,,,45,,,,,,,,,,,,241667.0,admin.ops.530,MEDIUM,Manager,Operations,0.0,25.0,Active,1.0,2.0,0.0
,,,70,,,,,,,,,,,,1843.0,manager.risk.177,HIGH,User,HR,1.0,1.0,Active,1.0,2.0,0.0
,,,43,,,,,,,,,,,,19040.0,specialist.risk.547,MEDIUM,Analyst,IT,0.0,0.0,Active,0.0,4.0,0.0
,,,23,,,,,,,,,,,,13033.0,intern.support.947,LOW,User,IT,0.0,1.0,Suspended,1.0,0.0,1.0
,,,15,,,,,,,,,,,,94853.0,intern.ops.946,LOW,User,Finance,0.0,18.0,Active,0.0,2.0,0.0
,,,76,,,,,,,,,,,,293600.0,vp.security.125,HIGH,User,Legal,1.0,20.0,Active,1.0,0.0,0.0
,,,21,,,,,,,,,,,,38039.0,intern.support.944,LOW,Analyst,Legal,0.0,0.0,Active,1.0,1.0,0.0
,,,99,,,,,,,,,,,,6904.0,ceo.exec.744,CRITICAL,User,Legal,1.0,2.0,Active,1.0,7.0,1.0
,,,17,,,,,,,,,,,,100075.0,temp.ops.770,LOW,User,HR,0.0,16.0,Active,1.0,8.0,1.0
,,,75,,,,,,,,,,,,102221.0,vp.tech.597,HIGH,User,Legal,1.0,27.0,Inactive,1.0,3.0,0.0
,,,40,,,,,,,,,,,,51.0,analyst.infra.19,MEDIUM,Manager,Finance,0.0,0.0,Active,0.0,15.0,0.0
,,,49,,,,,,,,,,,,11309.0,specialist.ops.415,MEDIUM,Manager,Operations,0.0,17.0,Active,1.0,17.0,0.0
,,,48,,,,,,,,,,,,98898.0,specialist.security.91,MEDIUM,User,Operations,0.0,8.0,Active,1.0,1.0,0.0
,,,44,,,,,,,,,,,,3653.0,admin.ops.567,MEDIUM,User,IT,0.0,5.0,Active,1.0,13.0,0.0
,,,20,,,,,,,,,,,,409153.0,user.support.866,LOW,Manager,Legal,0.0,4.0,Active,1.0,0.0,0.0
,,,49,,,,,,,,,,,,326562.0,admin.ops.795,MEDIUM,User,IT,0.0,16.0,Active,1.0,0.0,0.0
,,,46,,,,,,,,,,,,50.0,specialist.infra.515,MEDIUM,Analyst,Legal,0.0,26.0,Active,0.0,15.0,0.0
,,,72,,,,,,,,,,,,16605.0,vp.security.923,HIGH,Manager,IT,1.0,24.0,Active,1.0,15.0,1.0
,,,42,,,,,,,,,,,,11.0,specialist.infra.652,MEDIUM,Analyst,IT,0.0,2.0,Active,1.0,0.0,0.0
,,,18,,,,,,,,,,,,15979.0,temp.support.540,LOW,User,HR,0.0,4.0,Active,1.0,2.0,0.0
,,,41,,,,,,,,,,,,9942.0,admin.risk.471,MEDIUM,Analyst,IT,0.0,14.0,Active,0.0,1.0,0.0
,,,41,,,,,,,,,,,,14475.0,analyst.infra.140,MEDIUM,Manager,HR,0.0,2.0,Active,0.0,2.0,0.0
,,,44,,,,,,,,,,,,82370.0,specialist.ops.38,MEDIUM,User,HR,0.0,10.0,Active,1.0,0.0,0.0
,,,49,,,,,,,,,,,,263605.0,engineer.infra.530,MEDIUM,Analyst,Finance,0.0,14.0,Inactive,1.0,19.0,0.0
,,,70,,,,,,,,,,,,41547.0,lead.tech.125,HIGH,Exec,Finance,1.0,21.0,Active,1.0,11.0,0.0
,,,48,,,,,,,,,,,,85344.0,specialist.risk.438,MEDIUM,Analyst,HR,0.0,28.0,Active,0.0,0.0,0.0
,,,40,,,,,,,,,,,,7409.0,admin.ops.280,MEDIUM,Analyst,Finance,0.0,2.0,Active,1.0,6.0,1.0
,,,72,,,,,,,,,,,,114770.0,vp.tech.282,HIGH,Analyst,Operations,1.0,25.0,Active,1.0,0.0,0.0
,,,46,,,,,,,,,,,,146.0,admin.infra.534,MEDIUM,Analyst,IT,0.0,0.0,Active,1.0,16.0,1.0
,,,49,,,,,,,,,,,,13988.0,analyst.infra.920,MEDIUM,Analyst,Operations,0.0,15.0,Active,1.0,12.0,1.0
,,,48,,,,,,,,,,,,94837.0,analyst.ops.598,MEDIUM,Analyst,Operations,0.0,23.0,Active,1.0,0.0,0.0
,,,40,,,,,,,,,,,,33929.0,analyst.risk.658,MEDIUM,Analyst,IT,0.0,9.0,Active,1.0,0.0,1.0
,,,98,,,,,,,,,,,,28439.0,cto.board.150,CRITICAL,Analyst,HR,1.0,9.0,Active,1.0,15.0,0.0
,,,43,,,,,,,,,,,,138307.0,engineer.infra.340,MEDIUM,Manager,IT,0.0,19.0,Active,1.0,1.0,0.0
,,,73,,,,,,,,,,,,187556.0,director.security.728,HIGH,Analyst,Finance,1.0,15.0,Inactive,1.0,1.0,0.0
,,,41,,,,,,,,,,,,170484.0,engineer.ops.585,MEDIUM,User,HR,0.0,25.0,Active,1.0,1.0,0.0
,,,75,,,,,,,,,,,,328812.0,lead.trading.197,HIGH,Analyst,Finance,1.0,13.0,Active,1.0,1.0,0.0
,,,78,,,,,,,,,,,,217214.0,lead.trading.604,HIGH,Manager,Finance,1.0,27.0,Active,0.0,11.0,0.0
,,,44,,,,,,,,,,,,155998.0,specialist.ops.486,MEDIUM,User,Legal,0.0,15.0,Active,0.0,3.0,0.0
,,,77,,,,,,,,,,,,175872.0,director.trading.929,HIGH,User,Finance,1.0,3.0,Active,1.0,1.0,0.0
,,,44,,,,,,,,,,,,2618.0,analyst.ops.344,MEDIUM,User,Finance,0.0,18.0,Active,1.0,2.0,0.0
,,,71,,,,,,,,,,,,3566.0,vp.risk.133,HIGH,Manager,HR,1.0,12.0,Active,0.0,4.0,0.0
,,,97,,,,,,,,,,,,57896.0,ceo.board.458,CRITICAL,Analyst,Legal,1.0,16.0,Active,1.0,14.0,0.0
,,,44,,,,,,,,,,,,28339.0,specialist.risk.651,MEDIUM,Exec,HR,0.0,9.0,Active,1.0,0.0,0.0
,,,91,,,,,,,,,,,,11296.0,cto.exec.493,CRITICAL,Analyst,Operations,1.0,26.0,Active,1.0,14.0,0.0
,,,78,,,,,,,,,,,,1016.0,director.security.156,HIGH,Exec,Finance,1.0,16.0,Suspended,1.0,4.0,0.0
,,,40,,,,,,,,,,,,15114.0,admin.ops.224,MEDIUM,User,IT,0.0,0.0,Active,0.0,0.0,0.0
,,,15,,,,,,,,,,,,2790.0,temp.support.849,LOW,User,IT,0.0,23.0,Active,1.0,14.0,0.0
,,,77,,,,,,,,,,,,72066.0,manager.trading.200,HIGH,Analyst,HR,1.0,16.0,Active,0.0,0.0,0.0
,,,72,,,,,,,,,,,,55307.0,lead.trading.603,HIGH,Analyst,Operations,1.0,16.0,Active,0.0,1.0,0.0
,,,17,,,,,,,,,,,,246323.0,guest.support.238,LOW,User,Finance,0.0,20.0,Active,0.0,3.0,0.0
,,,45,,,,,,,,,,,,98355.0,engineer.security.597,MEDIUM,Manager,Operations,0.0,18.0,Active,0.0,1.0,0.0
,,,24,,,,,,,,,,,,152900.0,guest.admin.710,LOW,Analyst,Finance,0.0,12.0,Active,0.0,2.0,0.0
,,,19,,,,,,,,,,,,359.0,user.support.521,LOW,User,IT,0.0,24.0,Suspended,0.0,0.0,0.0
,,,44,,,,,,,,,,,,2284.0,admin.security.485,MEDIUM,User,HR,0.0,27.0,Active,0.0,3.0,0.0
,,,21,,,,,,,,,,,,57560.0,intern.ops.931,LOW,Manager,IT,0.0,26.0,Active,0.0,2.0,0.0
,,,93,,,,,,,,,,,,3729.0,ceo.board.978,CRITICAL,Analyst,Finance,1.0,25.0,Active,1.0,17.0,1.0
,,,72,,,,,,,,,,,,69123.0,manager.risk.561,HIGH,Analyst,HR,1.0,23.0,Active,1.0,15.0,0.0
,,,95,,,,,,,,,,,,10185.0,head_security.board.239,CRITICAL,Analyst,IT,1.0,26.0,Active,1.0,1.0,0.0
,,,72,,,,,,,,,,,,8050.0,manager.trading.162,HIGH,User,HR,1.0,25.0,Active,1.0,6.0,0.0
,,,79,,,,,,,,,,,,49.0,vp.trading.120,HIGH,User,HR,1.0,14.0,Active,1.0,4.0,0.0
,,,98,,,,,,,,,,,,61663.0,cfo.board.924,CRITICAL,User,Operations,1.0,5.0,Active,1.0,12.0,0.0
,,,41,,,,,,,,,,,,117123.0,engineer.security.869,MEDIUM,Manager,IT,0.0,22.0,Active,1.0,1.0,0.0
,,,44,,,,,,,,,,,,397839.0,specialist.ops.518,MEDIUM,User,Finance,0.0,7.0,Active,1.0,1.0,0.0
,,,18,,,,,,,,,,,,354164.0,temp.admin.922,LOW,User,IT,0.0,27.0,Active,0.0,1.0,0.0
,,,90,,,,,,,,,,,,10922.0,cfo.exec.722,CRITICAL,User,Finance,1.0,9.0,Active,1.0,2.0,0.0
,,,46,,,,,,,,,,,,335.0,admin.security.881,MEDIUM,Manager,HR,0.0,8.0,Active,0.0,13.0,0.0
,,,92,,,,,,,,,,,,55.0,cto.exec.33,CRITICAL,Manager,Finance,1.0,7.0,Active,0.0,12.0,1.0
,,,24,,,,,,,,,,,,28438.0,intern.ops.748,LOW,User,IT,0.0,18.0,Active,1.0,0.0,0.0
,,,42,,,,,,,,,,,,3637.0,admin.infra.495,MEDIUM,Analyst,Operations,0.0,8.0,Active,1.0,0.0,0.0
,,,49,,,,,,,,,,,,165051.0,specialist.infra.110,MEDIUM,Manager,Finance,0.0,19.0,Suspended,0.0,0.0,0.0
,,,93,,,,,,,,,,,,21578.0,cfo.exec.55,CRITICAL,User,Finance,1.0,1.0,Active,1.0,3.0,0.0
,,,91,,,,,,,,,,,,327816.0,ceo.board.659,CRITICAL,Manager,Finance,1.0,24.0,Active,1.0,10.0,1.0
,,,44,,,,,,,,,,,,9879.0,analyst.infra.428,MEDIUM,Analyst,Finance,0.0,25.0,Active,1.0,1.0,0.0
,,,45,,,,,,,,,,,,24840.0,admin.security.423,MEDIUM,Analyst,Legal,0.0,4.0,Active,1.0,15.0,1.0
,,,42,,,,,,,,,,,,125232.0,admin.risk.188,MEDIUM,Analyst,IT,0.0,20.0,Active,1.0,13.0,0.0
,,,78,,,,,,,,,,,,6545.0,director.tech.797,HIGH,User,IT,1.0,10.0,Active,1.0,11.0,0.0
,,,24,,,,,,,,,,,,477.0,temp.admin.946,LOW,Analyst,Finance,0.0,17.0,Active,0.0,1.0,0.0
,,,90,,,,,,,,,,,,5440.0,ceo.board.705,CRITICAL,Manager,IT,1.0,5.0,Suspended,1.0,9.0,0.0
,,,17,,,,,,,,,,,,143594.0,user.admin.708,LOW,Manager,HR,0.0,18.0,Active,0.0,2.0,1.0
,,,74,,,,,,,,,,,,12258.0,director.trading.286,HIGH,Analyst,Legal,1.0,0.0,Active,1.0,0.0,0.0
,,,70,,,,,,,,,,,,96845.0,lead.tech.269,HIGH,Analyst,Operations,1.0,4.0,Active,1.0,17.0,1.0
,,,99,,,,,,,,,,,,26065.0,ceo.board.511,CRITICAL,User,Legal,1.0,29.0,Active,1.0,4.0,0.0
,,,20,,,,,,,,,,,,7468.0,user.admin.411,LOW,User,HR,0.0,14.0,Active,0.0,3.0,0.0
,,,48,,,,,,,,,,,,68355.0,specialist.infra.679,MEDIUM,Analyst,Operations,0.0,28.0,Active,1.0,4.0,0.0
,,,21,,,,,,,,,,,,8624.0,temp.ops.989,LOW,Manager,Legal,0.0,17.0,Active,0.0,0.0,0.0
,,,21,,,,,,,,,,,,10660.0,temp.ops.470,LOW,Manager,Legal,0.0,6.0,Active,0.0,1.0,0.0
,,,48,,,,,,,,,,,,111478.0,admin.infra.374,MEDIUM,Analyst,Finance,0.0,26.0,Active,1.0,0.0,0.0
,,,21,,,,,,,,,,,,350802.0,guest.admin.863,LOW,Analyst,IT,0.0,13.0,Active,0.0,0.0,0.0
,,,74,,,,,,,,,,,,174.0,lead.security.625,HIGH,Manager,Finance,1.0,9.0,Active,0.0,14.0,0.0
,,,17,,,,,,,,,,,,110.0,guest.support.814,LOW,User,Legal,0.0,19.0,Suspended,0.0,12.0,1.0
,,,18,,,,,,,,,,,,351730.0,guest.admin.938,LOW,User,Finance,0.0,14.0,Active,0.0,0.0,0.0
,,,42,,,,,,,,,,,,336958.0,analyst.risk.223,MEDIUM,Analyst,HR,0.0,27.0,Inactive,0.0,0.0,0.0
,,,21,,,,,,,,,,,,60219.0,guest.support.253,LOW,Analyst,IT,0.0,20.0,Active,0.0,1.0,0.0
,,,45,,,,,,,,,,,,26003.0,analyst.ops.495,MEDIUM,User,IT,0.0,19.0,Active,1.0,3.0,0.0
,,,45,,,,,,,,,,,,17.0,admin.infra.755,MEDIUM,Exec,Finance,0.0,5.0,Active,1.0,8.0,1.0
,,,24,,,,,,,,,,,,7433.0,intern.admin.312,LOW,Manager,HR,0.0,17.0,Active,0.0,1.0,0.0
,,,40,,,,,,,,,,,,94162.0,analyst.ops.805,MEDIUM,User,Operations,0.0,8.0,Active,1.0,2.0,0.0
,,,45,,,,,,,,,,,,355.0,specialist.ops.545,MEDIUM,Analyst,IT,0.0,21.0,Active,0.0,0.0,0.0
,,,19,,,,,,,,,,,,14882.0,guest.support.289,LOW,Analyst,IT,0.0,18.0,Active,0.0,0.0,0.0
,,,47,,,,,,,,,,,,105142.0,analyst.security.21,MEDIUM,Analyst,Operations,0.0,23.0,Active,1.0,2.0,0.0
,,,96,,,,,,,,,,,,61804.0,cfo.board.973,CRITICAL,Analyst,IT,1.0,21.0,Active,1.0,0.0,0.0
,,,74,,,,,,,,,,,,137973.0,lead.trading.850,HIGH,Analyst,Operations,1.0,18.0,Active,1.0,3.0,0.0
,,,78,,,,,,,,,,,,10180.0,vp.security.192,HIGH,User,IT,1.0,0.0,Inactive,1.0,1.0,0.0
,,,41,,,,,,,,,,,,70.0,engineer.ops.38,MEDIUM,Analyst,IT,0.0,18.0,Active,1.0,14.0,1.0
,,,76,,,,,,,,,,,,7.0,lead.trading.560,HIGH,Exec,Legal,1.0,12.0,Active,1.0,21.0,0.0
,,,44,,,,,,,,,,,,5.0,engineer.ops.693,MEDIUM,Analyst,Legal,0.0,21.0,Active,1.0,2.0,0.0
,,,19,,,,,,,,,,,,8991.0,temp.ops.869,LOW,Manager,Operations,0.0,7.0,Active,0.0,0.0,0.0
,,,47,,,,,,,,,,,,29428.0,engineer.security.454,MEDIUM,Analyst,Finance,0.0,9.0,Active,1.0,3.0,0.0
,,,92,,,,,,,,,,,,165694.0,cto.exec.09,CRITICAL,Analyst,Operations,1.0,15.0,Active,1.0,10.0,0.0
,,,16,,,,,,,,,,,,155774.0,user.support.986,LOW,Analyst,Legal,0.0,15.0,Active,0.0,12.0,0.0
,,,24,,,,,,,,,,,,310.0,user.support.896,LOW,User,IT,0.0,16.0,Active,0.0,1.0,0.0
,,,15,,,,,,,,,,,,36904.0,guest.admin.728,LOW,Analyst,HR,0.0,6.0,Active,0.0,3.0,0.0
,,,77,,,,,,,,,,,,38990.0,lead.trading.259,HIGH,Analyst,Finance,1.0,17.0,Active,1.0,10.0,0.0
,,,44,,,,,,,,,,,,11768.0,specialist.infra.43,MEDIUM,Manager,Finance,0.0,14.0,Active,1.0,0.0,0.0
,,,17,,,,,,,,,,,,76918.0,guest.admin.986,LOW,Analyst,Finance,0.0,26.0,Active,1.0,0.0,0.0
,,,96,,,,,,,,,,,,47309.0,head_security.exec.477,CRITICAL,User,Finance,1.0,28.0,Active,1.0,13.0,0.0
,,,40,,,,,,,,,,,,142844.0,admin.ops.550,MEDIUM,Analyst,Finance,0.0,11.0,Active,0.0,2.0,0.0
,,,94,,,,,,,,,,,,49767.0,head_security.board.22,CRITICAL,Manager,IT,1.0,14.0,Active,1.0,5.0,1.0
,,,22,,,,,,,,,,,,336261.0,temp.admin.409,LOW,Manager,Finance,0.0,5.0,Active,0.0,2.0,0.0
,,,73,,,,,,,,,,,,223011.0,lead.security.195,HIGH,Analyst,HR,1.0,2.0,Active,1.0,0.0,0.0
,,,41,,,,,,,,,,,,87130.0,analyst.infra.432,MEDIUM,User,Legal,0.0,14.0,Suspended,1.0,0.0,0.0
,,,40,,,,,,,,,,,,30808.0,specialist.security.916,MEDIUM,Exec,Finance,0.0,7.0,Active,1.0,15.0,1.0
,,,92,,,,,,,,,,,,154220.0,cfo.board.18,CRITICAL,User,Finance,1.0,10.0,Active,1.0,0.0,0.0
,,,19,,,,,,,,,,,,131543.0,guest.ops.792,LOW,User,IT,0.0,4.0,Active,1.0,0.0,1.0
,,,72,,,,,,,,,,,,2053.0,vp.tech.213,HIGH,Analyst,IT,1.0,16.0,Active,0.0,10.0,0.0
,,,44,,,,,,,,,,,,12376.0,analyst.ops.373,MEDIUM,User,Operations,0.0,9.0,Inactive,0.0,0.0,0.0
,,,76,,,,,,,,,,,,29716.0,vp.tech.44,HIGH,Analyst,IT,1.0,27.0,Active,1.0,2.0,0.0
,,,23,,,,,,,,,,,,545.0,temp.ops.338,LOW,Analyst,Operations,0.0,25.0,Active,0.0,0.0,0.0
,,,47,,,,,,,,,,,,85621.0,specialist.infra.394,MEDIUM,Analyst,Finance,0.0,14.0,Active,0.0,1.0,0.0
,,,41,,,,,,,,,,,,53139.0,admin.ops.383,MEDIUM,Analyst,IT,0.0,20.0,Active,1.0,0.0,0.0
,,,41,,,,,,,,,,,,54978.0,analyst.ops.534,MEDIUM,User,Legal,0.0,11.0,Active,0.0,1.0,0.0
,,,71,,,,,,,,,,,,42315.0,manager.trading.827,HIGH,Analyst,Operations,1.0,23.0,Inactive,1.0,0.0,0.0
,,,76,,,,,,,,,,,,30825.0,lead.tech.269,HIGH,Manager,Finance,1.0,12.0,Active,1.0,2.0,0.0
,,,24,,,,,,,,,,,,57776.0,user.admin.705,LOW,Analyst,IT,0.0,13.0,Active,0.0,0.0,0.0
,,,42,,,,,,,,,,,,133474.0,engineer.ops.635,MEDIUM,User,Finance,0.0,16.0,Active,1.0,1.0,0.0
,,,19,,,,,,,,,,,,10162.0,user.ops.553,LOW,Analyst,IT,0.0,5.0,Active,1.0,0.0,0.0
,,,94,,,,,,,,,,,,162130.0,cfo.exec.787,CRITICAL,User,HR,1.0,8.0,Active,1.0,19.0,0.0
,,,40,,,,,,,,,,,,324032.0,engineer.security.314,MEDIUM,User,HR,0.0,21.0,Active,0.0,2.0,0.0
,,,73,,,,,,,,,,,,13064.0,lead.trading.130,HIGH,Analyst,HR,1.0,23.0,Active,0.0,10.0,0.0
,,,75,,,,,,,,,,,,23920.0,director.risk.165,HIGH,User,IT,1.0,23.0,Suspended,1.0,0.0,0.0
,,,20,,,,,,,,,,,,136501.0,guest.admin.863,LOW,User,Operations,0.0,23.0,Active,1.0,14.0,0.0
,,,43,,,,,,,,,,,,102964.0,admin.infra.748,MEDIUM,Analyst,Legal,0.0,0.0,Active,1.0,1.0,0.0
,,,22,,,,,,,,,,,,4438.0,user.support.842,LOW,Analyst,IT,0.0,1.0,Active,0.0,1.0,0.0
,,,15,,,,,,,,,,,,211088.0,temp.ops.521,LOW,Analyst,HR,0.0,12.0,Active,1.0,0.0,0.0
,,,74,,,,,,,,,,,,13017.0,manager.tech.140,HIGH,Manager,IT,1.0,27.0,Active,1.0,3.0,1.0
,,,73,,,,,,,,,,,,6182.0,manager.trading.189,HIGH,User,Finance,1.0,11.0,Active,1.0,2.0,0.0
,,,23,,,,,,,,,,,,3467.0,guest.ops.717,LOW,User,Legal,0.0,28.0,Active,0.0,11.0,0.0
,,,45,,,,,,,,,,,,186875.0,analyst.security.601,MEDIUM,User,Legal,0.0,29.0,Active,0.0,0.0,0.0
,,,19,,,,,,,,,,,,102235.0,guest.admin.374,LOW,User,Finance,0.0,27.0,Active,1.0,0.0,0.0
,,,19,,,,,,,,,,,,167852.0,guest.support.697,LOW,Analyst,Operations,0.0,21.0,Active,1.0,0.0,0.0
,,,21,,,,,,,,,,,,79520.0,user.admin.759,LOW,Manager,Finance,0.0,5.0,Active,0.0,1.0,0.0
,,,49,,,,,,,,,,,,84809.0,engineer.ops.411,MEDIUM,Manager,Finance,0.0,22.0,Active,1.0,2.0,0.0
,,,40,,,,,,,,,,,,55907.0,specialist.ops.645,MEDIUM,Manager,HR,0.0,13.0,Active,1.0,0.0,0.0
,,,42,,,,,,,,,,,,260979.0,analyst.risk.578,MEDIUM,Manager,Finance,0.0,20.0,Active,0.0,1.0,0.0
,,,47,,,,,,,,,,,,104.0,analyst.ops.533,MEDIUM,Manager,HR,0.0,18.0,Active,1.0,1.0,0.0
,,,73,,,,,,,,,,,,11484.0,vp.trading.242,HIGH,Manager,Finance,1.0,23.0,Active,0.0,8.0,0.0
,,,21,,,,,,,,,,,,80794.0,guest.admin.575,LOW,User,IT,0.0,23.0,Active,0.0,0.0,0.0
,,,43,,,,,,,,,,,,19816.0,analyst.risk.321,MEDIUM,Manager,Operations,0.0,0.0,Active,0.0,11.0,0.0
,,,40,,,,,,,,,,,,32954.0,specialist.infra.620,MEDIUM,Manager,Finance,0.0,25.0,Active,1.0,0.0,0.0
,,,22,,,,,,,,,,,,34189.0,temp.support.225,LOW,Analyst,Operations,0.0,26.0,Active,0.0,3.0,0.0
,,,45,,,,,,,,,,,,186722.0,admin.infra.548,MEDIUM,User,Legal,0.0,23.0,Active,1.0,3.0,0.0
,,,48,,,,,,,,,,,,23236.0,engineer.risk.496,MEDIUM,Analyst,Legal,0.0,1.0,Active,0.0,0.0,0.0
,,,41,,,,,,,,,,,,31460.0,admin.security.584,MEDIUM,Manager,Legal,0.0,18.0,Active,0.0,12.0,0.0
,,,49,,,,,,,,,,,,101019.0,analyst.security.704,MEDIUM,Manager,Finance,0.0,18.0,Active,0.0,0.0,0.0
,,,72,,,,,,,,,,,,35755.0,lead.security.193,HIGH,Analyst,HR,1.0,13.0,Active,1.0,0.0,0.0
,,,73,,,,,,,,,,,,138537.0,manager.trading.303,HIGH,Exec,Finance,1.0,10.0,Active,1.0,3.0,0.0
,,,70,,,,,,,,,,,,7110.0,director.trading.273,HIGH,User,IT,1.0,15.0,Active,1.0,0.0,0.0
,,,78,,,,,,,,,,,,36001.0,director.trading.306,HIGH,User,IT,1.0,23.0,Active,1.0,2.0,0.0
,,,98,,,,,,,,,,,,63783.0,head_security.exec.468,CRITICAL,Analyst,Finance,1.0,6.0,Active,1.0,4.0,0.0
,,,96,,,,,,,,,,,,58171.0,head_security.exec.91,CRITICAL,Manager,IT,1.0,28.0,Active,1.0,3.0,0.0
,,,47,,,,,,,,,,,,48656.0,admin.security.295,MEDIUM,User,Finance,0.0,15.0,Active,1.0,2.0,1.0
,,,43,,,,,,,,,,,,272011.0,analyst.ops.373,MEDIUM,User,Legal,0.0,28.0,Active,0.0,0.0,0.0
,,,21,,,,,,,,,,,,6053.0,guest.support.898,LOW,Manager,Legal,0.0,19.0,Active,0.0,0.0,1.0
,,,21,,,,,,,,,,,,2714.0,user.admin.180,LOW,Analyst,HR,0.0,22.0,Active,0.0,3.0,0.0
,,,22,,,,,,,,,,,,44131.0,temp.ops.614,LOW,Manager,IT,0.0,17.0,Active,0.0,1.0,0.0
,,,49,,,,,,,,,,,,1303.0,specialist.security.398,MEDIUM,Manager,Operations,0.0,17.0,Active,1.0,1.0,0.0
,,,22,,,,,,,,,,,,336363.0,user.admin.756,LOW,Analyst,IT,0.0,9.0,Active,0.0,1.0,0.0
,,,78,,,,,,,,,,,,408566.0,vp.security.162,HIGH,Analyst,Finance,1.0,21.0,Active,0.0,0.0,0.0
,,,45,,,,,,,,,,,,174973.0,specialist.risk.520,MEDIUM,Manager,Operations,0.0,13.0,Active,1.0,1.0,0.0
,,,45,,,,,,,,,,,,4028.0,engineer.ops.646,MEDIUM,Analyst,IT,0.0,0.0,Active,0.0,0.0,0.0
,,,77,,,,,,,,,,,,225418.0,vp.tech.791,HIGH,Analyst,Finance,1.0,4.0,Active,0.0,2.0,0.0
,,,99,,,,,,,,,,,,336626.0,cto.board.905,CRITICAL,Exec,Finance,1.0,16.0,Active,1.0,12.0,0.0
,,,72,,,,,,,,,,,,49177.0,vp.risk.125,HIGH,Analyst,IT,1.0,6.0,Active,1.0,0.0,0.0
,,,79,,,,,,,,,,,,24758.0,lead.trading.402,HIGH,User,Operations,1.0,9.0,Active,1.0,0.0,1.0
,,,18,,,,,,,,,,,,29359.0,user.admin.813,LOW,Analyst,IT,0.0,7.0,Active,0.0,0.0,0.0
,,,45,,,,,,,,,,,,359464.0,engineer.security.97,MEDIUM,Analyst,IT,0.0,3.0,Active,1.0,12.0,0.0
,,,45,,,,,,,,,,,,4121.0,analyst.ops.300,MEDIUM,User,Operations,0.0,29.0,Active,0.0,2.0,0.0
,,,73,,,,,,,,,,,,1572.0,manager.security.498,HIGH,User,IT,1.0,1.0,Active,1.0,2.0,0.0
,,,78,,,,,,,,,,,,166843.0,vp.risk.337,HIGH,Manager,Operations,1.0,4.0,Suspended,1.0,21.0,1.0
,,,40,,,,,,,,,,,,269238.0,specialist.ops.504,MEDIUM,Exec,IT,0.0,19.0,Active,1.0,14.0,1.0
,,,44,,,,,,,,,,,,64938.0,specialist.infra.702,MEDIUM,Analyst,HR,0.0,29.0,Active,1.0,5.0,0.0
,,,18,,,,,,,,,,,,71887.0,intern.ops.520,LOW,Manager,IT,0.0,23.0,Active,1.0,2.0,0.0
,,,47,,,,,,,,,,,,7118.0,analyst.security.519,MEDIUM,Analyst,IT,0.0,3.0,Active,1.0,3.0,0.0
,,,74,,,,,,,,,,,,2033.0,manager.tech.295,HIGH,Analyst,HR,1.0,0.0,Active,1.0,6.0,0.0
,,,48,,,,,,,,,,,,176630.0,analyst.risk.964,MEDIUM,User,IT,0.0,5.0,Active,1.0,1.0,0.0
,,,45,,,,,,,,,,,,2894.0,admin.infra.365,MEDIUM,Analyst,IT,0.0,3.0,Active,1.0,0.0,0.0
,,,20,,,,,,,,,,,,280258.0,temp.support.972,LOW,User,Legal,0.0,12.0,Active,0.0,0.0,0.0
,,,48,,,,,,,,,,,,35384.0,analyst.infra.389,MEDIUM,Analyst,Operations,0.0,7.0,Active,0.0,0.0,0.0
,,,41,,,,,,,,,,,,4977.0,specialist.risk.701,MEDIUM,User,Legal,0.0,2.0,Active,0.0,0.0,0.0
,,,74,,,,,,,,,,,,501.0,manager.security.132,HIGH,Analyst,IT,1.0,29.0,Active,1.0,3.0,1.0
,,,19,,,,,,,,,,,,373490.0,temp.ops.971,LOW,Manager,Operations,0.0,8.0,Active,0.0,1.0,0.0
,,,23,,,,,,,,,,,,295768.0,user.admin.993,LOW,User,Finance,0.0,23.0,Active,0.0,1.0,0.0
,,,48,,,,,,,,,,,,41379.0,engineer.infra.520,MEDIUM,Manager,Operations,0.0,24.0,Active,0.0,0.0,0.0
,,,95,,,,,,,,,,,,56003.0,cfo.board.08,CRITICAL,User,Finance,1.0,9.0,Active,1.0,0.0,0.0
,,,99,,,,,,,,,,,,3462.0,head_security.exec.27,CRITICAL,Analyst,Finance,1.0,2.0,Active,1.0,13.0,0.0
,,,46,,,,,,,,,,,,48748.0,admin.security.431,MEDIUM,User,HR,0.0,20.0,Inactive,0.0,9.0,0.0
,,,23,,,,,,,,,,,,416278.0,intern.admin.939,LOW,User,Finance,0.0,14.0,Active,0.0,1.0,0.0
,,,49,,,,,,,,,,,,14547.0,specialist.infra.633,MEDIUM,Analyst,HR,0.0,9.0,Inactive,0.0,0.0,0.0
,,,97,,,,,,,,,,,,77999.0,ceo.board.596,CRITICAL,User,Finance,1.0,9.0,Active,0.0,2.0,0.0
,,,70,,,,,,,,,,,,25534.0,lead.security.163,HIGH,Analyst,IT,1.0,20.0,Active,0.0,20.0,1.0
,,,46,,,,,,,,,,,,23046.0,analyst.ops.500,MEDIUM,Analyst,Legal,0.0,15.0,Active,1.0,4.0,0.0
,,,42,,,,,,,,,,,,246744.0,admin.infra.283,MEDIUM,Analyst,Finance,0.0,25.0,Active,0.0,3.0,0.0
,,,20,,,,,,,,,,,,21645.0,temp.support.480,LOW,User,Finance,0.0,8.0,Active,1.0,4.0,0.0
,,,20,,,,,,,,,,,,325379.0,temp.ops.665,LOW,Exec,IT,0.0,6.0,Active,0.0,2.0,0.0
,,,16,,,,,,,,,,,,259680.0,user.ops.925,LOW,Analyst,IT,0.0,6.0,Active,1.0,0.0,0.0
,,,76,,,,,,,,,,,,20991.0,manager.trading.531,HIGH,User,Legal,1.0,12.0,Active,0.0,1.0,0.0
,,,78,,,,,,,,,,,,7877.0,lead.security.881,HIGH,Analyst,Finance,1.0,27.0,Active,1.0,0.0,0.0
,,,18,,,,,,,,,,,,174602.0,temp.ops.815,LOW,Analyst,Finance,0.0,26.0,Active,0.0,3.0,0.0
,,,21,,,,,,,,,,,,138783.0,intern.admin.603,LOW,Manager,Finance,0.0,4.0,Active,1.0,0.0,0.0
,,,18,,,,,,,,,,,,94214.0,intern.support.725,LOW,User,Legal,0.0,22.0,Active,0.0,0.0,1.0
,,,47,,,,,,,,,,,,95751.0,admin.risk.331,MEDIUM,Analyst,Finance,0.0,21.0,Active,1.0,2.0,0.0
,,,74,,,,,,,,,,,,248622.0,manager.trading.351,HIGH,Analyst,HR,1.0,12.0,Active,0.0,1.0,0.0
,,,78,,,,,,,,,,,,1521.0,lead.trading.213,HIGH,Manager,IT,1.0,11.0,Active,0.0,19.0,1.0
,,,94,,,,,,,,,,,,31.0,cto.board.901,CRITICAL,Analyst,HR,1.0,23.0,Inactive,1.0,10.0,1.0
,,,44,,,,,,,,,,,,32693.0,admin.infra.780,MEDIUM,Analyst,Finance,0.0,17.0,Active,0.0,2.0,0.0
,,,97,,,,,,,,,,,,243273.0,cfo.exec.762,CRITICAL,Analyst,Operations,1.0,2.0,Active,1.0,2.0,0.0
,,,74,,,,,,,,,,,,20032.0,vp.trading.130,HIGH,Analyst,Finance,1.0,27.0,Inactive,1.0,1.0,0.0
,,,93,,,,,,,,,,,,156980.0,cfo.exec.389,CRITICAL,User,Finance,1.0,3.0,Active,1.0,3.0,1.0
,,,42,,,,,,,,,,,,29525.0,analyst.ops.372,MEDIUM,Analyst,HR,0.0,1.0,Active,0.0,0.0,1.0
,,,40,,,,,,,,,,,,54487.0,specialist.ops.134,MEDIUM,Analyst,Legal,0.0,10.0,Active,1.0,0.0,0.0
,,,49,,,,,,,,,,,,43754.0,analyst.infra.629,MEDIUM,Analyst,HR,0.0,27.0,Inactive,1.0,5.0,1.0
,,,20,,,,,,,,,,,,165432.0,intern.admin.864,LOW,Analyst,Finance,0.0,19.0,Active,0.0,0.0,0.0
,,,40,,,,,,,,,,,,79953.0,engineer.security.878,MEDIUM,Exec,Finance,0.0,13.0,Active,0.0,2.0,1.0
,,,20,,,,,,,,,,,,266227.0,guest.admin.458,LOW,User,Legal,0.0,9.0,Active,1.0,0.0,0.0
,,,97,,,,,,,,,,,,8860.0,head_security.exec.75,CRITICAL,Manager,Operations,1.0,22.0,Active,0.0,21.0,1.0
,,,45,,,,,,,,,,,,23328.0,engineer.infra.244,MEDIUM,Manager,Finance,0.0,9.0,Active,1.0,2.0,0.0
,,,41,,,,,,,,,,,,8265.0,specialist.ops.54,MEDIUM,Exec,IT,0.0,6.0,Active,0.0,2.0,0.0
,,,19,,,,,,,,,,,,28377.0,guest.admin.833,LOW,Analyst,HR,0.0,13.0,Active,0.0,1.0,0.0
,,,90,,,,,,,,,,,,46478.0,cto.board.17,CRITICAL,Analyst,HR,1.0,0.0,Active,1.0,13.0,0.0
,,,74,,,,,,,,,,,,190912.0,manager.tech.299,HIGH,User,IT,1.0,19.0,Active,1.0,0.0,0.0
,,,22,,,,,,,,,,,,132775.0,intern.support.947,LOW,Analyst,IT,0.0,27.0,Active,1.0,14.0,0.0
,,,98,,,,,,,,,,,,36138.0,cto.board.934,CRITICAL,Exec,Finance,1.0,2.0,Active,1.0,16.0,0.0
,,,21,,,,,,,,,,,,282660.0,intern.ops.61,LOW,Analyst,IT,0.0,12.0,Active,0.0,10.0,1.0
,,,90,,,,,,,,,,,,275386.0,cto.board.61,CRITICAL,User,Operations,1.0,6.0,Active,1.0,1.0,0.0
,,,76,,,,,,,,,,,,126006.0,director.trading.259,HIGH,Exec,IT,1.0,18.0,Active,1.0,1.0,0.0
,,,48,,,,,,,,,,,,21309.0,specialist.risk.123,MEDIUM,Manager,IT,0.0,19.0,Active,0.0,1.0,0.0
,,,45,,,,,,,,,,,,5785.0,analyst.ops.161,MEDIUM,User,HR,0.0,7.0,Active,1.0,2.0,0.0
,,,73,,,,,,,,,,,,357269.0,vp.security.261,HIGH,Analyst,Finance,1.0,11.0,Active,1.0,0.0,0.0
,,,16,,,,,,,,,,,,91395.0,guest.support.796,LOW,Manager,Operations,0.0,25.0,Active,0.0,2.0,0.0
,,,44,,,,,,,,,,,,51002.0,analyst.infra.680,MEDIUM,Analyst,Operations,0.0,13.0,Active,0.0,21.0,1.0
,,,77,,,,,,,,,,,,38131.0,lead.trading.66,HIGH,Analyst,IT,1.0,23.0,Active,1.0,11.0,0.0
,,,73,,,,,,,,,,,,85288.0,vp.tech.981,HIGH,Manager,Operations,1.0,26.0,Active,0.0,0.0,0.0
,,,24,,,,,,,,,,,,4912.0,guest.admin.431,LOW,Analyst,Operations,0.0,28.0,Active,1.0,1.0,0.0
,,,79,,,,,,,,,,,,323493.0,manager.trading.744,HIGH,Manager,IT,1.0,11.0,Active,1.0,0.0,0.0
,,,76,,,,,,,,,,,,165852.0,lead.risk.187,HIGH,User,IT,1.0,14.0,Active,1.0,1.0,0.0
,,,44,,,,,,,,,,,,12883.0,admin.risk.695,MEDIUM,Manager,IT,0.0,18.0,Active,0.0,0.0,0.0
,,,73,,,,,,,,,,,,432200.0,vp.risk.277,HIGH,Analyst,Legal,1.0,1.0,Active,1.0,1.0,0.0
,,,23,,,,,,,,,,,,422880.0,guest.admin.785,LOW,User,Finance,0.0,19.0,Active,0.0,8.0,0.0
,,,49,,,,,,,,,,,,98.0,specialist.infra.743,MEDIUM,User,Finance,0.0,7.0,Active,1.0,6.0,1.0
,,,70,,,,,,,,,,,,67225.0,manager.trading.218,HIGH,Analyst,Finance,1.0,14.0,Active,1.0,2.0,0.0
,,,21,,,,,,,,,,,,97458.0,intern.admin.900,LOW,User,Finance,0.0,18.0,Active,0.0,1.0,0.0
,,,40,,,,,,,,,,,,108.0,admin.infra.611,MEDIUM,Analyst,Operations,0.0,13.0,Inactive,0.0,0.0,0.0
,,,77,,,,,,,,,,,,28873.0,director.risk.64,HIGH,Analyst,IT,1.0,4.0,Active,0.0,0.0,0.0
,,,44,,,,,,,,,,,,95641.0,analyst.ops.548,MEDIUM,User,Operations,0.0,0.0,Active,1.0,1.0,0.0
,,,24,,,,,,,,,,,,54370.0,temp.support.921,LOW,Analyst,HR,0.0,14.0,Active,0.0,6.0,1.0
,,,24,,,,,,,,,,,,116392.0,user.support.728,LOW,Analyst,Operations,0.0,1.0,Active,0.0,2.0,0.0
,,,21,,,,,,,,,,,,151153.0,user.ops.160,LOW,Analyst,Operations,0.0,15.0,Active,0.0,1.0,0.0
,,,44,,,,,,,,,,,,84360.0,engineer.security.211,MEDIUM,Analyst,Legal,0.0,18.0,Active,1.0,11.0,0.0
,,,43,,,,,,,,,,,,5350.0,engineer.infra.635,MEDIUM,Analyst,IT,0.0,18.0,Active,0.0,2.0,0.0
,,,40,,,,,,,,,,,,90115.0,analyst.security.341,MEDIUM,Analyst,HR,0.0,1.0,Active,1.0,1.0,0.0
,,,79,,,,,,,,,,,,31313.0,lead.risk.237,HIGH,Analyst,Finance,1.0,22.0,Active,0.0,0.0,0.0
,,,45,,,,,,,,,,,,14813.0,analyst.security.990,MEDIUM,User,Finance,0.0,6.0,Suspended,1.0,5.0,0.0
,,,97,,,,,,,,,,,,74652.0,ceo.board.318,CRITICAL,User,IT,1.0,3.0,Active,1.0,15.0,0.0
,,,20,,,,,,,,,,,,40063.0,temp.support.186,LOW,Manager,IT,0.0,5.0,Active,0.0,0.0,0.0
,,,15,,,,,,,,,,,,150087.0,temp.ops.737,LOW,Analyst,HR,0.0,10.0,Active,0.0,1.0,0.0
,,,95,,,,,,,,,,,,42072.0,ceo.exec.110,CRITICAL,Analyst,IT,1.0,29.0,Active,1.0,0.0,0.0
,,,74,,,,,,,,,,,,42129.0,director.risk.25,HIGH,Analyst,Finance,1.0,17.0,Inactive,1.0,3.0,0.0
,,,47,,,,,,,,,,,,36289.0,engineer.ops.448,MEDIUM,Analyst,IT,0.0,28.0,Active,1.0,12.0,0.0
,,,40,,,,,,,,,,,,50221.0,engineer.infra.525,MEDIUM,User,HR,0.0,16.0,Active,1.0,1.0,0.0
,,,46,,,,,,,,,,,,14242.0,specialist.ops.887,MEDIUM,User,Operations,0.0,0.0,Active,0.0,8.0,1.0
,,,46,,,,,,,,,,,,11315.0,admin.infra.363,MEDIUM,Manager,HR,0.0,25.0,Active,1.0,1.0,0.0
,,,41,,,,,,,,,,,,141643.0,admin.infra.163,MEDIUM,User,Finance,0.0,18.0,Active,0.0,0.0,0.0
,,,72,,,,,,,,,,,,76.0,vp.risk.21,HIGH,Analyst,Finance,1.0,16.0,Active,1.0,10.0,0.0
,,,71,,,,,,,,,,,,4405.0,vp.security.388,HIGH,Manager,Finance,1.0,8.0,Active,1.0,14.0,0.0
,,,42,,,,,,,,,,,,33176.0,admin.ops.468,MEDIUM,Analyst,Operations,0.0,1.0,Active,0.0,1.0,1.0
,,,17,,,,,,,,,,,,238413.0,temp.ops.503,LOW,User,Legal,0.0,9.0,Active,0.0,0.0,0.0
,,,71,,,,,,,,,,,,3085.0,lead.tech.164,HIGH,Analyst,Finance,1.0,2.0,Active,0.0,11.0,0.0
,,,73,,,,,,,,,,,,20469.0,lead.tech.379,HIGH,Analyst,Legal,1.0,13.0,Inactive,1.0,17.0,0.0
,,,43,,,,,,,,,,,,350259.0,engineer.infra.324,MEDIUM,Analyst,Operations,0.0,22.0,Active,1.0,0.0,0.0
,,,22,,,,,,,,,,,,13942.0,intern.admin.579,LOW,Exec,Finance,0.0,25.0,Active,1.0,0.0,0.0
,,,24,,,,,,,,,,,,324344.0,intern.ops.943,LOW,User,IT,0.0,15.0,Active,1.0,1.0,0.0
,,,93,,,,,,,,,,,,18288.0,head_security.exec.44,CRITICAL,Analyst,Legal,1.0,0.0,Active,1.0,3.0,0.0
,,,41,,,,,,,,,,,,116042.0,engineer.ops.688,MEDIUM,User,Legal,0.0,20.0,Active,0.0,0.0,0.0
,,,99,,,,,,,,,,,,79679.0,cfo.exec.666,CRITICAL,Manager,Finance,1.0,7.0,Active,1.0,2.0,0.0
,,,18,,,,,,,,,,,,243.0,user.ops.901,LOW,Manager,Finance,0.0,27.0,Active,1.0,12.0,1.0
,,,93,,,,,,,,,,,,141.0,ceo.board.676,CRITICAL,Analyst,IT,1.0,12.0,Active,1.0,22.0,0.0
,,,43,,,,,,,,,,,,78696.0,admin.ops.447,MEDIUM,Manager,Finance,0.0,16.0,Active,1.0,4.0,0.0
,,,73,,,,,,,,,,,,30959.0,vp.trading.955,HIGH,Analyst,Operations,1.0,5.0,Inactive,1.0,1.0,1.0
,,,95,,,,,,,,,,,,141131.0,ceo.exec.785,CRITICAL,Manager,Finance,1.0,18.0,Active,1.0,11.0,0.0
,,,16,,,,,,,,,,,,46750.0,guest.support.172,LOW,Analyst,IT,0.0,9.0,Active,0.0,11.0,1.0
,,,46,,,,,,,,,,,,41343.0,specialist.infra.677,MEDIUM,Analyst,Finance,0.0,24.0,Active,1.0,0.0,0.0
,,,79,,,,,,,,,,,,12707.0,manager.trading.134,HIGH,Analyst,IT,1.0,18.0,Active,0.0,2.0,0.0
,,,48,,,,,,,,,,,,25861.0,analyst.security.368,MEDIUM,Analyst,Finance,0.0,26.0,Active,0.0,0.0,0.0
,,,44,,,,,,,,,,,,354842.0,specialist.infra.633,MEDIUM,User,Operations,0.0,28.0,Active,0.0,2.0,0.0
,,,49,,,,,,,,,,,,242834.0,specialist.risk.289,MEDIUM,Manager,Operations,0.0,21.0,Suspended,1.0,2.0,0.0
,,,49,,,,,,,,,,,,16546.0,admin.ops.697,MEDIUM,Manager,Operations,0.0,5.0,Active,1.0,0.0,0.0
,,,21,,,,,,,,,,,,96213.0,guest.support.262,LOW,User,Operations,0.0,13.0,Active,1.0,0.0,0.0
,,,18,,,,,,,,,,,,382112.0,temp.ops.497,LOW,Manager,HR,0.0,7.0,Active,0.0,0.0,0.0
,,,18,,,,,,,,,,,,54336.0,guest.admin.35,LOW,User,IT,0.0,18.0,Active,0.0,0.0,1.0
,,,99,,,,,,,,,,,,29034.0,cfo.board.356,CRITICAL,User,IT,1.0,10.0,Active,1.0,15.0,1.0
,,,47,,,,,,,,,,,,200022.0,engineer.security.609,MEDIUM,Manager,HR,0.0,9.0,Active,1.0,1.0,0.0
,,,49,,,,,,,,,,,,319836.0,engineer.ops.11,MEDIUM,User,IT,0.0,18.0,Active,1.0,1.0,0.0
,,,74,,,,,,,,,,,,423430.0,lead.risk.671,HIGH,Analyst,Operations,1.0,4.0,Active,0.0,0.0,0.0
,,,78,,,,,,,,,,,,15332.0,vp.security.254,HIGH,Exec,Legal,1.0,10.0,Active,1.0,1.0,0.0
,,,97,,,,,,,,,,,,37616.0,head_security.board.540,CRITICAL,User,Finance,1.0,22.0,Inactive,1.0,16.0,0.0
,,,22,,,,,,,,,,,,26967.0,temp.support.147,LOW,User,HR,0.0,27.0,Active,0.0,1.0,0.0
,,,40,,,,,,,,,,,,50977.0,analyst.infra.640,MEDIUM,Manager,Legal,0.0,2.0,Active,1.0,8.0,0.0
,,,40,,,,,,,,,,,,56793.0,admin.infra.508,MEDIUM,Analyst,Finance,0.0,24.0,Suspended,0.0,0.0,0.0
,,,45,,,,,,,,,,,,64333.0,engineer.risk.706,MEDIUM,Analyst,Operations,0.0,20.0,Active,1.0,17.0,0.0
,,,79,,,,,,,,,,,,35457.0,lead.risk.207,HIGH,Manager,Finance,1.0,23.0,Active,0.0,3.0,0.0
,,,17,,,,,,,,,,,,4188.0,user.support.863,LOW,Analyst,IT,0.0,27.0,Suspended,1.0,1.0,0.0
,,,73,,,,,,,,,,,,43399.0,manager.risk.394,HIGH,Analyst,Operations,1.0,9.0,Active,1.0,3.0,0.0
,,,97,,,,,,,,,,,,12711.0,cfo.board.16,CRITICAL,Analyst,Operations,1.0,4.0,Active,1.0,2.0,0.0
,,,48,,,,,,,,,,,,236380.0,specialist.security.75,MEDIUM,User,IT,0.0,8.0,Active,1.0,0.0,0.0
,,,16,,,,,,,,,,,,415503.0,guest.admin.839,LOW,Manager,IT,0.0,28.0,Active,0.0,5.0,1.0
,,,24,,,,,,,,,,,,67630.0,user.support.773,LOW,User,Legal,0.0,27.0,Active,0.0,0.0,1.0
,,,40,,,,,,,,,,,,53428.0,specialist.security.525,MEDIUM,User,IT,0.0,13.0,Active,0.0,2.0,0.0
,,,70,,,,,,,,,,,,20501.0,director.trading.826,HIGH,Manager,Finance,1.0,28.0,Active,1.0,0.0,0.0
,,,44,,,,,,,,,,,,21089.0,analyst.ops.349,MEDIUM,User,IT,0.0,8.0,Active,0.0,4.0,0.0
,,,75,,,,,,,,,,,,37659.0,manager.tech.284,HIGH,Manager,Legal,1.0,22.0,Active,1.0,2.0,0.0
,,,71,,,,,,,,,,,,192250.0,vp.risk.237,HIGH,User,Finance,1.0,1.0,Active,1.0,2.0,0.0
,,,91,,,,,,,,,,,,1620.0,ceo.exec.437,CRITICAL,Manager,HR,1.0,23.0,Active,1.0,2.0,0.0
,,,47,,,,,,,,,,,,8618.0,specialist.security.527,MEDIUM,User,Finance,0.0,6.0,Active,0.0,0.0,0.0
,,,47,,,,,,,,,,,,33787.0,analyst.risk.431,MEDIUM,Exec,IT,0.0,0.0,Active,1.0,3.0,0.0
,,,23,,,,,,,,,,,,337606.0,temp.admin.952,LOW,Analyst,Operations,0.0,4.0,Active,0.0,1.0,0.0
,,,44,,,,,,,,,,,,95171.0,analyst.infra.592,MEDIUM,Analyst,Legal,0.0,25.0,Active,0.0,5.0,0.0
,,,46,,,,,,,,,,,,85728.0,admin.infra.506,MEDIUM,Manager,HR,0.0,15.0,Active,1.0,1.0,0.0
,,,78,,,,,,,,,,,,57159.0,lead.security.127,HIGH,Analyst,Finance,1.0,23.0,Active,1.0,10.0,0.0
,,,42,,,,,,,,,,,,57796.0,engineer.risk.668,MEDIUM,Manager,Finance,0.0,29.0,Active,1.0,2.0,0.0
,,,17,,,,,,,,,,,,110032.0,temp.ops.608,LOW,User,IT,0.0,12.0,Inactive,0.0,0.0,0.0
,,,74,,,,,,,,,,,,2891.0,vp.tech.58,HIGH,Analyst,IT,1.0,25.0,Active,1.0,17.0,1.0
,,,19,,,,,,,,,,,,19196.0,temp.ops.719,LOW,Exec,Legal,0.0,11.0,Active,0.0,2.0,0.0
,,,20,,,,,,,,,,,,12095.0,guest.support.751,LOW,User,HR,0.0,8.0,Active,0.0,4.0,0.0
,,,18,,,,,,,,,,,,153796.0,user.support.704,LOW,Manager,Operations,0.0,10.0,Active,0.0,10.0,1.0
,,,17,,,,,,,,,,,,32690.0,temp.ops.746,LOW,User,IT,0.0,4.0,Active,1.0,0.0,0.0
,,,46,,,,,,,,,,,,217103.0,analyst.risk.210,MEDIUM,Manager,Finance,0.0,19.0,Active,1.0,0.0,0.0
,,,18,,,,,,,,,,,,84191.0,temp.support.801,LOW,Analyst,Finance,0.0,25.0,Suspended,1.0,2.0,0.0
,,,74,,,,,,,,,,,,85437.0,lead.security.679,HIGH,Analyst,IT,1.0,20.0,Active,1.0,0.0,0.0
,,,40,,,,,,,,,,,,119029.0,specialist.security.846,MEDIUM,Analyst,HR,0.0,8.0,Active,0.0,0.0,0.0
,,,99,,,,,,,,,,,,4107.0,ceo.exec.09,CRITICAL,User,Legal,1.0,17.0,Active,1.0,14.0,1.0
,,,74,,,,,,,,,,,,20581.0,manager.trading.730,HIGH,User,Legal,1.0,2.0,Active,1.0,19.0,0.0
,,,75,,,,,,,,,,,,67341.0,director.risk.189,HIGH,User,Finance,1.0,12.0,Active,1.0,13.0,0.0
,,,48,,,,,,,,,,,,49938.0,analyst.security.343,MEDIUM,Analyst,Operations,0.0,6.0,Active,1.0,9.0,0.0
,,,20,,,,,,,,,,,,316881.0,user.support.539,LOW,User,Finance,0.0,19.0,Active,1.0,0.0,0.0
,,,76,,,,,,,,,,,,16098.0,lead.security.215,HIGH,Analyst,Finance,1.0,9.0,Active,1.0,13.0,1.0
,,,75,,,,,,,,,,,,19309.0,manager.trading.721,HIGH,User,Finance,1.0,7.0,Active,1.0,0.0,0.0
,,,40,,,,,,,,,,,,107581.0,specialist.security.217,MEDIUM,User,Finance,0.0,11.0,Active,1.0,14.0,0.0
,,,49,,,,,,,,,,,,49803.0,admin.infra.86,MEDIUM,Analyst,HR,0.0,26.0,Active,1.0,1.0,0.0
,,,22,,,,,,,,,,,,46234.0,temp.admin.241,LOW,Manager,Operations,0.0,23.0,Active,1.0,1.0,0.0
,,,15,,,,,,,,,,,,291673.0,user.support.995,LOW,User,IT,0.0,6.0,Active,1.0,1.0,0.0
,,,20,,,,,,,,,,,,168761.0,temp.admin.574,LOW,Analyst,HR,0.0,26.0,Active,0.0,6.0,0.0
,,,17,,,,,,,,,,,,386105.0,guest.admin.791,LOW,Analyst,Legal,0.0,22.0,Active,0.0,1.0,0.0
,,,23,,,,,,,,,,,,36692.0,user.support.857,LOW,Manager,Finance,0.0,0.0,Active,1.0,6.0,0.0
,,,42,,,,,,,,,,,,320.0,specialist.risk.595,MEDIUM,User,Operations,0.0,16.0,Active,0.0,13.0,1.0
,,,20,,,,,,,,,,,,10092.0,intern.support.983,LOW,User,Finance,0.0,1.0,Active,1.0,1.0,0.0
,,,48,,,,,,,,,,,,77482.0,specialist.infra.871,MEDIUM,User,Finance,0.0,27.0,Active,0.0,2.0,0.0
,,,49,,,,,,,,,,,,19486.0,admin.security.273,MEDIUM,Manager,Finance,0.0,20.0,Active,0.0,14.0,0.0
,,,22,,,,,,,,,,,,81548.0,guest.admin.785,LOW,Manager,Finance,0.0,22.0,Active,0.0,0.0,0.0
,,,79,,,,,,,,,,,,29796.0,manager.tech.108,HIGH,User,IT,1.0,9.0,Active,0.0,2.0,0.0
,,,97,,,,,,,,,,,,356820.0,head_security.board.56,CRITICAL,User,HR,1.0,4.0,Active,1.0,0.0,0.0
,,,90,,,,,,,,,,,,432313.0,cfo.board.269,CRITICAL,User,Legal,1.0,19.0,Active,0.0,0.0,0.0
,,,94,,,,,,,,,,,,59498.0,cfo.board.507,CRITICAL,User,Finance,1.0,29.0,Active,1.0,8.0,0.0
,,,73,,,,,,,,,,,,5190.0,manager.trading.932,HIGH,Manager,IT,1.0,18.0,Active,0.0,2.0,0.0
,,,18,,,,,,,,,,,,14346.0,temp.ops.797,LOW,User,IT,0.0,22.0,Active,1.0,18.0,0.0
,,,48,,,,,,,,,,,,69365.0,admin.infra.515,MEDIUM,User,Legal,0.0,22.0,Active,1.0,0.0,0.0
,,,21,,,,,,,,,,,,12276.0,guest.admin.815,LOW,Analyst,Operations,0.0,21.0,Active,0.0,2.0,0.0
,,,91,,,,,,,,,,,,210568.0,ceo.board.49,CRITICAL,Analyst,Operations,1.0,25.0,Active,0.0,17.0,0.0
,,,97,,,,,,,,,,,,163233.0,cfo.exec.738,CRITICAL,User,Finance,1.0,24.0,Active,1.0,4.0,0.0
,,,96,,,,,,,,,,,,167182.0,head_security.board.102,CRITICAL,User,IT,1.0,27.0,Active,1.0,2.0,0.0
,,,21,,,,,,,,,,,,8511.0,intern.ops.994,LOW,User,Operations,0.0,15.0,Active,0.0,1.0,0.0
,,,22,,,,,,,,,,,,652.0,guest.ops.819,LOW,User,Operations,0.0,2.0,Active,1.0,2.0,0.0
,,,18,,,,,,,,,,,,88256.0,intern.admin.558,LOW,Analyst,Operations,0.0,10.0,Active,0.0,1.0,0.0
,,,44,,,,,,,,,,,,15805.0,analyst.security.37,MEDIUM,User,Finance,0.0,4.0,Active,0.0,19.0,0.0
,,,78,,,,,,,,,,,,21901.0,manager.trading.154,HIGH,User,HR,1.0,9.0,Active,0.0,2.0,0.0
,,,15,,,,,,,,,,,,187306.0,temp.admin.529,LOW,Analyst,IT,0.0,5.0,Active,0.0,1.0,0.0
,,,22,,,,,,,,,,,,268344.0,user.admin.969,LOW,Analyst,Finance,0.0,28.0,Active,0.0,2.0,0.0
,,,49,,,,,,,,,,,,32231.0,specialist.ops.855,MEDIUM,Exec,Operations,0.0,7.0,Active,0.0,4.0,1.0
,,,74,,,,,,,,,,,,90971.0,director.security.685,HIGH,Exec,HR,1.0,18.0,Active,1.0,15.0,1.0
,,,44,,,,,,,,,,,,133594.0,admin.infra.337,MEDIUM,Manager,Finance,0.0,21.0,Active,0.0,4.0,0.0
,,,70,,,,,,,,,,,,2064.0,lead.security.44,HIGH,Analyst,HR,1.0,4.0,Active,1.0,2.0,1.0
,,,42,,,,,,,,,,,,4384.0,specialist.risk.335,MEDIUM,User,Legal,0.0,6.0,Active,0.0,3.0,0.0
,,,22,,,,,,,,,,,,20486.0,intern.support.935,LOW,Manager,Legal,0.0,25.0,Active,1.0,0.0,0.0
,,,46,,,,,,,,,,,,18297.0,specialist.infra.304,MEDIUM,Manager,Operations,0.0,23.0,Active,1.0,0.0,1.0
,,,77,,,,,,,,,,,,1932.0,vp.tech.302,HIGH,User,IT,1.0,4.0,Active,1.0,2.0,1.0
,,,47,,,,,,,,,,,,98723.0,engineer.security.206,MEDIUM,User,Finance,0.0,4.0,Active,0.0,2.0,0.0
,,,46,,,,,,,,,,,,123481.0,analyst.security.244,MEDIUM,User,Legal,0.0,23.0,Active,1.0,1.0,0.0
,,,48,,,,,,,,,,,,184341.0,analyst.infra.00,MEDIUM,Analyst,Finance,0.0,9.0,Active,1.0,1.0,0.0
,,,16,,,,,,,,,,,,230356.0,guest.admin.854,LOW,Analyst,IT,0.0,29.0,Active,0.0,1.0,0.0
,,,75,,,,,,,,,,,,60018.0,lead.risk.806,HIGH,User,Operations,1.0,11.0,Active,1.0,13.0,1.0
,,,78,,,,,,,,,,,,429201.0,manager.security.116,HIGH,Analyst,Finance,1.0,1.0,Active,1.0,1.0,0.0
,,,92,,,,,,,,,,,,13389.0,cfo.board.63,CRITICAL,Analyst,Finance,1.0,13.0,Active,1.0,14.0,1.0
,,,74,,,,,,,,,,,,2478.0,vp.tech.808,HIGH,Analyst,Finance,1.0,20.0,Active,1.0,2.0,1.0
,,,42,,,,,,,,,,,,27778.0,engineer.ops.09,MEDIUM,User,IT,0.0,7.0,Active,1.0,14.0,0.0
,,,47,,,,,,,,,,,,10983.0,specialist.infra.523,MEDIUM,User,Legal,0.0,16.0,Active,0.0,1.0,0.0
,,,40,,,,,,,,,,,,27780.0,analyst.infra.179,MEDIUM,Analyst,HR,0.0,19.0,Active,0.0,4.0,1.0
,,,75,,,,,,,,,,,,71741.0,manager.tech.695,HIGH,Analyst,Legal,1.0,1.0,Active,1.0,3.0,0.0
,,,74,,,,,,,,,,,,60847.0,vp.security.173,HIGH,Analyst,IT,1.0,27.0,Active,1.0,0.0,0.0
,,,75,,,,,,,,,,,,35833.0,lead.security.956,HIGH,Manager,HR,1.0,13.0,Active,0.0,17.0,0.0
,,,49,,,,,,,,,,,,108840.0,analyst.risk.402,MEDIUM,User,Legal,0.0,25.0,Active,1.0,0.0,0.0
,,,75,,,,,,,,,,,,4772.0,vp.risk.145,HIGH,Manager,Finance,1.0,3.0,Active,1.0,1.0,0.0
,,,75,,,,,,,,,,,,376719.0,lead.security.581,HIGH,Manager,Legal,1.0,26.0,Active,1.0,2.0,0.0
,,,20,,,,,,,,,,,,108720.0,temp.admin.268,LOW,Manager,IT,0.0,27.0,Active,0.0,13.0,1.0
,,,18,,,,,,,,,,,,37568.0,guest.ops.711,LOW,User,IT,0.0,26.0,Active,1.0,1.0,0.0
,,,47,,,,,,,,,,,,10672.0,specialist.risk.658,MEDIUM,User,HR,0.0,23.0,Active,1.0,2.0,1.0
,,,19,,,,,,,,,,,,2026.0,guest.admin.38,LOW,Analyst,HR,0.0,15.0,Active,0.0,2.0,0.0
,,,49,,,,,,,,,,,,55325.0,admin.ops.649,MEDIUM,Analyst,Operations,0.0,4.0,Active,1.0,1.0,0.0
,,,24,,,,,,,,,,,,12705.0,intern.support.935,LOW,Analyst,Legal,0.0,12.0,Active,0.0,1.0,0.0
,,,43,,,,,,,,,,,,42869.0,specialist.infra.332,MEDIUM,Manager,Finance,0.0,27.0,Active,1.0,0.0,0.0
,,,46,,,,,,,,,,,,101062.0,analyst.infra.693,MEDIUM,Manager,Legal,0.0,10.0,Active,0.0,0.0,0.0
,,,79,,,,,,,,,,,,86.0,director.tech.374,HIGH,User,IT,1.0,2.0,Active,1.0,1.0,0.0
,,,40,,,,,,,,,,,,3195.0,specialist.risk.531,MEDIUM,User,HR,0.0,3.0,Suspended,1.0,16.0,1.0
,,,40,,,,,,,,,,,,155058.0,admin.ops.626,MEDIUM,Manager,HR,0.0,19.0,Active,1.0,0.0,0.0
,,,48,,,,,,,,,,,,12981.0,admin.risk.604,MEDIUM,User,Finance,0.0,29.0,Active,0.0,4.0,0.0
,,,19,,,,,,,,,,,,151191.0,guest.admin.995,LOW,User,IT,0.0,7.0,Active,0.0,8.0,0.0
,,,74,,,,,,,,,,,,15919.0,manager.risk.122,HIGH,Manager,IT,1.0,0.0,Active,1.0,0.0,0.0
,,,75,,,,,,,,,,,,76419.0,director.tech.552,HIGH,Exec,HR,1.0,7.0,Active,1.0,8.0,1.0
,,,42,,,,,,,,,,,,162839.0,specialist.risk.59,MEDIUM,Analyst,Finance,0.0,7.0,Suspended,1.0,1.0,0.0
,,,21,,,,,,,,,,,,78935.0,temp.support.900,LOW,Manager,Finance,0.0,5.0,Active,1.0,10.0,0.0
,,,77,,,,,,,,,,,,172551.0,manager.tech.258,HIGH,User,Operations,1.0,9.0,Active,1.0,2.0,0.0
,,,48,,,,,,,,,,,,14157.0,admin.infra.652,MEDIUM,Manager,IT,0.0,12.0,Active,0.0,0.0,0.0
,,,40,,,,,,,,,,,,123459.0,specialist.ops.86,MEDIUM,Analyst,HR,0.0,16.0,Active,1.0,0.0,0.0
,,,99,,,,,,,,,,,,16128.0,head_security.exec.83,CRITICAL,User,Legal,1.0,10.0,Active,1.0,0.0,0.0
,,,17,,,,,,,,,,,,369413.0,guest.admin.230,LOW,User,IT,0.0,29.0,Active,0.0,0.0,0.0
,,,93,,,,,,,,,,,,2107.0,head_security.exec.64,CRITICAL,User,Finance,1.0,24.0,Active,1.0,0.0,0.0
,,,97,,,,,,,,,,,,41690.0,cto.board.181,CRITICAL,User,Finance,1.0,18.0,Active,1.0,11.0,0.0
,,,44,,,,,,,,,,,,171715.0,analyst.security.439,MEDIUM,Manager,IT,0.0,23.0,Suspended,1.0,16.0,0.0
,,,78,,,,,,,,,,,,62844.0,lead.security.965,HIGH,Analyst,IT,1.0,20.0,Active,1.0,1.0,0.0
,,,73,,,,,,,,,,,,20320.0,vp.tech.218,HIGH,Analyst,Finance,1.0,11.0,Active,0.0,12.0,0.0
,,,75,,,,,,,,,,,,4150.0,vp.tech.120,HIGH,Analyst,Finance,1.0,13.0,Active,1.0,3.0,0.0
,,,23,,,,,,,,,,,,97175.0,guest.support.517,LOW,Analyst,IT,0.0,14.0,Active,1.0,2.0,0.0
,,,48,,,,,,,,,,,,3509.0,specialist.security.695,MEDIUM,Analyst,Finance,0.0,6.0,Active,0.0,0.0,0.0
,,,24,,,,,,,,,,,,48845.0,temp.admin.523,LOW,Manager,Finance,0.0,19.0,Active,0.0,5.0,0.0
,,,46,,,,,,,,,,,,25756.0,specialist.security.322,MEDIUM,User,IT,0.0,28.0,Active,1.0,2.0,0.0
,,,17,,,,,,,,,,,,383521.0,guest.support.433,LOW,User,Operations,0.0,27.0,Active,1.0,0.0,0.0
,,,44,,,,,,,,,,,,4797.0,specialist.infra.43,MEDIUM,Manager,Operations,0.0,4.0,Active,1.0,0.0,0.0
,,,19,,,,,,,,,,,,50462.0,intern.admin.840,LOW,Exec,IT,0.0,1.0,Active,0.0,5.0,0.0
,,,18,,,,,,,,,,,,102887.0,guest.admin.491,LOW,Analyst,Operations,0.0,21.0,Active,0.0,0.0,0.0
,,,47,,,,,,,,,,,,113819.0,analyst.ops.895,MEDIUM,Manager,Operations,0.0,11.0,Active,1.0,10.0,1.0
,,,93,,,,,,,,,,,,87121.0,cto.exec.81,CRITICAL,User,Legal,1.0,26.0,Inactive,1.0,6.0,1.0
,,,93,,,,,,,,,,,,19994.0,cto.board.418,CRITICAL,User,IT,1.0,24.0,Suspended,0.0,1.0,0.0
,,,23,,,,,,,,,,,,109909.0,guest.admin.362,LOW,User,Operations,0.0,2.0,Active,1.0,0.0,0.0
,,,40,,,,,,,,,,,,11582.0,engineer.infra.793,MEDIUM,Manager,Operations,0.0,28.0,Active,0.0,1.0,0.0
,,,76,,,,,,,,,,,,93417.0,vp.risk.262,HIGH,Analyst,IT,1.0,18.0,Active,1.0,2.0,0.0
,,,23,,,,,,,,,,,,4466.0,guest.ops.945,LOW,Analyst,IT,0.0,25.0,Active,1.0,0.0,0.0
,,,44,,,,,,,,,,,,58798.0,admin.risk.389,MEDIUM,User,IT,0.0,14.0,Active,1.0,0.0,0.0
,,,95,,,,,,,,,,,,7978.0,ceo.exec.64,CRITICAL,User,Legal,1.0,26.0,Active,1.0,10.0,0.0
,,,74,,,,,,,,,,,,1713.0,lead.security.87,HIGH,Analyst,Operations,1.0,21.0,Active,1.0,1.0,0.0
,,,22,,,,,,,,,,,,79790.0,intern.support.359,LOW,Analyst,IT,0.0,8.0,Inactive,0.0,0.0,0.0
,,,16,,,,,,,,,,,,68214.0,intern.ops.883,LOW,Analyst,Finance,0.0,19.0,Active,0.0,4.0,0.0
,,,43,,,,,,,,,,,,283475.0,engineer.infra.500,MEDIUM,User,Legal,0.0,16.0,Active,1.0,8.0,1.0
,,,21,,,,,,,,,,,,6292.0,user.ops.934,LOW,Analyst,Legal,0.0,6.0,Active,0.0,16.0,1.0
,,,43,,,,,,,,,,,,13076.0,admin.infra.559,MEDIUM,User,Finance,0.0,19.0,Active,1.0,0.0,0.0
,,,43,,,,,,,,,,,,145497.0,admin.ops.25,MEDIUM,Manager,HR,0.0,6.0,Active,1.0,1.0,0.0
,,,74,,,,,,,,,,,,122806.0,lead.tech.239,HIGH,Manager,HR,1.0,23.0,Active,1.0,21.0,0.0
,,,15,,,,,,,,,,,,196999.0,user.admin.426,LOW,Manager,Operations,0.0,15.0,Suspended,1.0,2.0,1.0
,,,19,,,,,,,,,,,,16126.0,user.support.872,LOW,User,IT,0.0,0.0,Inactive,1.0,9.0,1.0
,,,18,,,,,,,,,,,,426.0,temp.admin.766,LOW,User,Operations,0.0,6.0,Active,0.0,2.0,0.0
,,,72,,,,,,,,,,,,303150.0,lead.tech.931,HIGH,Exec,Finance,1.0,2.0,Active,1.0,14.0,0.0
,,,45,,,,,,,,,,,,71724.0,admin.risk.87,MEDIUM,Manager,Legal,0.0,13.0,Active,1.0,1.0,0.0
,,,23,,,,,,,,,,,,205237.0,temp.admin.151,LOW,Analyst,IT,0.0,25.0,Inactive,0.0,1.0,0.0
,,,40,,,,,,,,,,,,63293.0,specialist.security.425,MEDIUM,User,IT,0.0,4.0,Active,0.0,1.0,0.0
,,,24,,,,,,,,,,,,161.0,intern.ops.412,LOW,Analyst,Operations,0.0,14.0,Active,0.0,0.0,0.0
,,,70,,,,,,,,,,,,317067.0,vp.security.917,HIGH,Analyst,Operations,1.0,21.0,Active,1.0,0.0,0.0
,,,73,,,,,,,,,,,,73873.0,manager.security.585,HIGH,User,Legal,1.0,7.0,Active,1.0,6.0,0.0
,,,46,,,,,,,,,,,,83477.0,admin.ops.96,MEDIUM,Manager,Finance,0.0,17.0,Active,1.0,2.0,0.0
,,,76,,,,,,,,,,,,293170.0,lead.tech.399,HIGH,Analyst,Legal,1.0,22.0,Active,1.0,20.0,1.0
,,,70,,,,,,,,,,,,26637.0,lead.tech.744,HIGH,Exec,Legal,1.0,19.0,Active,0.0,1.0,0.0
,,,43,,,,,,,,,,,,5572.0,specialist.infra.12,MEDIUM,Exec,IT,0.0,25.0,Active,0.0,4.0,0.0
,,,40,,,,,,,,,,,,63224.0,engineer.ops.85,MEDIUM,Analyst,Legal,0.0,9.0,Active,1.0,0.0,0.0
,,,21,,,,,,,,,,,,30008.0,guest.ops.801,LOW,Analyst,Operations,0.0,17.0,Active,1.0,3.0,1.0
,,,15,,,,,,,,,,,,23162.0,guest.support.382,LOW,User,Operations,0.0,14.0,Active,1.0,2.0,0.0
,,,18,,,,,,,,,,,,12624.0,guest.ops.966,LOW,Analyst,IT,0.0,1.0,Suspended,1.0,1.0,0.0
,,,42,,,,,,,,,,,,68151.0,admin.infra.707,MEDIUM,Analyst,Legal,0.0,2.0,Active,1.0,0.0,0.0
,,,94,,,,,,,,,,,,4471.0,cfo.board.925,CRITICAL,Analyst,HR,1.0,3.0,Active,1.0,2.0,0.0
,,,77,,,,,,,,,,,,45784.0,manager.tech.962,HIGH,Analyst,Operations,1.0,15.0,Active,0.0,3.0,0.0
,,,42,,,,,,,,,,,,11254.0,analyst.security.20,MEDIUM,Analyst,Operations,0.0,25.0,Active,0.0,0.0,0.0
,,,46,,,,,,,,,,,,17780.0,specialist.infra.810,MEDIUM,User,Finance,0.0,4.0,Active,1.0,1.0,0.0
,,,20,,,,,,,,,,,,35631.0,intern.support.143,LOW,User,HR,0.0,13.0,Active,0.0,0.0,0.0
,,,15,,,,,,,,,,,,22281.0,user.support.821,LOW,User,HR,0.0,15.0,Active,0.0,1.0,0.0
,,,74,,,,,,,,,,,,2098.0,vp.security.272,HIGH,User,Operations,1.0,29.0,Active,1.0,3.0,0.0
,,,47,,,,,,,,,,,,7461.0,analyst.security.837,MEDIUM,Exec,Legal,0.0,7.0,Active,0.0,1.0,0.0
,,,44,,,,,,,,,,,,38.0,specialist.infra.560,MEDIUM,User,Legal,0.0,13.0,Active,1.0,1.0,0.0
,,,15,,,,,,,,,,,,27523.0,guest.admin.590,LOW,Exec,Finance,0.0,11.0,Active,1.0,1.0,0.0
,,,46,,,,,,,,,,,,289259.0,analyst.ops.495,MEDIUM,Analyst,Finance,0.0,25.0,Active,1.0,1.0,0.0
,,,71,,,,,,,,,,,,11393.0,vp.trading.237,HIGH,User,Finance,1.0,3.0,Active,1.0,11.0,0.0
,,,45,,,,,,,,,,,,411666.0,analyst.risk.422,MEDIUM,Analyst,Finance,0.0,24.0,Active,0.0,1.0,0.0
,,,45,,,,,,,,,,,,26146.0,engineer.security.65,MEDIUM,Analyst,Operations,0.0,17.0,Active,1.0,2.0,0.0
,,,72,,,,,,,,,,,,67437.0,manager.trading.650,HIGH,Analyst,Finance,1.0,23.0,Active,1.0,2.0,0.0
,,,22,,,,,,,,,,,,7793.0,user.ops.952,LOW,Analyst,IT,0.0,24.0,Active,0.0,2.0,1.0
,,,24,,,,,,,,,,,,47908.0,temp.admin.634,LOW,Analyst,Operations,0.0,27.0,Suspended,1.0,0.0,1.0
,,,24,,,,,,,,,,,,110551.0,intern.admin.717,LOW,Analyst,Legal,0.0,11.0,Active,0.0,9.0,0.0
,,,43,,,,,,,,,,,,81403.0,admin.security.314,MEDIUM,User,IT,0.0,4.0,Active,1.0,0.0,0.0
,,,48,,,,,,,,,,,,6687.0,engineer.infra.569,MEDIUM,Analyst,IT,0.0,25.0,Active,0.0,6.0,0.0
,,,43,,,,,,,,,,,,50036.0,engineer.security.321,MEDIUM,User,Finance,0.0,13.0,Active,1.0,0.0,0.0
,,,40,,,,,,,,,,,,8201.0,admin.security.479,MEDIUM,Analyst,IT,0.0,24.0,Inactive,0.0,1.0,0.0
,,,20,,,,,,,,,,,,62934.0,user.admin.942,LOW,Manager,Legal,0.0,13.0,Active,0.0,2.0,0.0
,,,74,,,,,,,,,,,,28843.0,vp.security.189,HIGH,User,HR,1.0,3.0,Active,1.0,1.0,0.0
,,,73,,,,,,,,,,,,166683.0,vp.risk.294,HIGH,Analyst,Finance,1.0,13.0,Active,1.0,0.0,0.0
,,,21,,,,,,,,,,,,96097.0,temp.ops.482,LOW,Analyst,HR,0.0,25.0,Active,0.0,3.0,0.0
,,,20,,,,,,,,,,,,249847.0,user.support.560,LOW,Analyst,IT,0.0,18.0,Active,0.0,0.0,0.0
,,,70,,,,,,,,,,,,13820.0,manager.tech.240,HIGH,Exec,IT,1.0,11.0,Active,1.0,2.0,0.0
,,,77,,,,,,,,,,,,152309.0,manager.security.105,HIGH,User,Finance,1.0,25.0,Suspended,1.0,2.0,0.0
,,,73,,,,,,,,,,,,329317.0,lead.risk.863,HIGH,Analyst,IT,1.0,9.0,Active,1.0,0.0,0.0
,,,18,,,,,,,,,,,,8801.0,guest.admin.821,LOW,Analyst,IT,0.0,18.0,Active,1.0,3.0,0.0
,,,45,,,,,,,,,,,,148614.0,specialist.risk.643,MEDIUM,Analyst,Finance,0.0,27.0,Active,1.0,14.0,0.0
,,,24,,,,,,,,,,,,36298.0,user.admin.753,LOW,Analyst,Legal,0.0,1.0,Active,0.0,2.0,0.0
,,,18,,,,,,,,,,,,162691.0,user.admin.699,LOW,User,IT,0.0,14.0,Active,1.0,1.0,0.0
,,,15,,,,,,,,,,,,121370.0,intern.ops.883,LOW,Analyst,IT,0.0,15.0,Active,0.0,1.0,0.0
,,,90,,,,,,,,,,,,1151.0,cto.board.587,CRITICAL,User,Finance,1.0,11.0,Active,1.0,6.0,0.0
,,,77,,,,,,,,,,,,94680.0,vp.trading.930,HIGH,User,IT,1.0,22.0,Active,1.0,17.0,0.0
,,,91,,,,,,,,,,,,11914.0,cto.board.518,CRITICAL,User,Finance,1.0,16.0,Active,1.0,8.0,0.0
,,,17,,,,,,,,,,,,2220.0,temp.support.759,LOW,Analyst,Legal,0.0,14.0,Active,1.0,10.0,0.0
,,,23,,,,,,,,,,,,62613.0,intern.support.731,LOW,Manager,IT,0.0,23.0,Active,0.0,15.0,0.0
,,,47,,,,,,,,,,,,22159.0,admin.risk.311,MEDIUM,Manager,Finance,0.0,19.0,Suspended,1.0,2.0,0.0
,,,74,,,,,,,,,,,,69334.0,lead.tech.705,HIGH,Analyst,HR,1.0,1.0,Active,1.0,0.0,0.0
,,,97,,,,,,,,,,,,9012.0,cfo.exec.82,CRITICAL,User,IT,1.0,14.0,Suspended,1.0,0.0,0.0
,,,42,,,,,,,,,,,,284787.0,engineer.infra.187,MEDIUM,User,Legal,0.0,19.0,Active,1.0,9.0,1.0
,,,42,,,,,,,,,,,,49434.0,analyst.risk.833,MEDIUM,Manager,Finance,0.0,18.0,Active,0.0,0.0,0.0
,,,23,,,,,,,,,,,,23621.0,user.admin.768,LOW,User,IT,0.0,11.0,Active,1.0,5.0,0.0
,,,45,,,,,,,,,,,,64809.0,engineer.infra.374,MEDIUM,Manager,Finance,0.0,6.0,Inactive,1.0,1.0,0.0
,,,73,,,,,,,,,,,,71195.0,vp.trading.219,HIGH,Analyst,Finance,1.0,10.0,Active,1.0,3.0,0.0
,,,18,,,,,,,,,,,,3100.0,temp.admin.166,LOW,Analyst,Finance,0.0,13.0,Active,0.0,0.0,0.0
,,,79,,,,,,,,,,,,66570.0,lead.tech.971,HIGH,Manager,Operations,1.0,3.0,Active,1.0,10.0,0.0
,,,48,,,,,,,,,,,,77816.0,analyst.ops.367,MEDIUM,Analyst,HR,0.0,12.0,Active,0.0,0.0,0.0
,,,22,,,,,,,,,,,,83.0,intern.admin.204,LOW,Manager,Finance,0.0,6.0,Inactive,0.0,2.0,0.0
,,,94,,,,,,,,,,,,317212.0,head_security.exec.411,CRITICAL,Analyst,Operations,1.0,10.0,Active,1.0,5.0,0.0
,,,48,,,,,,,,,,,,22380.0,analyst.infra.602,MEDIUM,User,IT,0.0,24.0,Active,1.0,3.0,0.0
,,,70,,,,,,,,,,,,1641.0,lead.security.195,HIGH,User,IT,1.0,22.0,Active,1.0,8.0,0.0
,,,91,,,,,,,,,,,,82635.0,head_security.exec.64,CRITICAL,Analyst,HR,1.0,23.0,Active,1.0,15.0,0.0
,,,41,,,,,,,,,,,,115340.0,specialist.risk.346,MEDIUM,User,Finance,0.0,9.0,Active,1.0,11.0,0.0
,,,15,,,,,,,,,,,,26006.0,guest.support.349,LOW,User,HR,0.0,21.0,Active,0.0,1.0,0.0
,,,45,,,,,,,,,,,,201162.0,engineer.ops.32,MEDIUM,Analyst,IT,0.0,16.0,Active,1.0,2.0,0.0
,,,78,,,,,,,,,,,,48127.0,vp.tech.108,HIGH,Analyst,Legal,1.0,26.0,Active,1.0,4.0,0.0
,,,42,,,,,,,,,,,,379192.0,analyst.infra.357,MEDIUM,Analyst,IT,0.0,8.0,Inactive,0.0,0.0,0.0
,,,44,,,,,,,,,,,,277160.0,engineer.security.620,MEDIUM,Manager,HR,0.0,11.0,Active,1.0,0.0,0.0
,,,22,,,,,,,,,,,,760.0,temp.admin.277,LOW,Analyst,Finance,0.0,23.0,Suspended,1.0,5.0,0.0
,,,48,,,,,,,,,,,,23572.0,engineer.infra.794,MEDIUM,User,Operations,0.0,5.0,Suspended,0.0,1.0,0.0
,,,24,,,,,,,,,,,,4868.0,intern.support.887,LOW,User,HR,0.0,9.0,Active,0.0,1.0,0.0
,,,40,,,,,,,,,,,,75049.0,admin.risk.354,MEDIUM,User,HR,0.0,7.0,Active,1.0,0.0,0.0
,,,23,,,,,,,,,,,,8649.0,user.admin.582,LOW,User,Operations,0.0,25.0,Inactive,0.0,4.0,0.0
,,,47,,,,,,,,,,,,69141.0,specialist.infra.483,MEDIUM,User,Finance,0.0,13.0,Active,0.0,1.0,0.0
,,,20,,,,,,,,,,,,47220.0,guest.admin.863,LOW,User,Finance,0.0,0.0,Suspended,0.0,9.0,0.0
,,,40,,,,,,,,,,,,2964.0,engineer.security.390,MEDIUM,User,Legal,0.0,16.0,Active,1.0,10.0,1.0
,,,21,,,,,,,,,,,,4171.0,guest.admin.902,LOW,User,Finance,0.0,18.0,Active,0.0,2.0,0.0
,,,95,,,,,,,,,,,,85855.0,cto.exec.476,CRITICAL,Manager,Operations,1.0,18.0,Active,1.0,3.0,0.0
,,,44,,,,,,,,,,,,49206.0,analyst.risk.457,MEDIUM,Analyst,Legal,0.0,2.0,Suspended,0.0,2.0,0.0
,,,19,,,,,,,,,,,,22412.0,user.ops.484,LOW,User,Finance,0.0,8.0,Active,0.0,17.0,0.0
,,,18,,,,,,,,,,,,76168.0,user.admin.711,LOW,Manager,HR,0.0,25.0,Active,0.0,2.0,0.0
,,,71,,,,,,,,,,,,4485.0,lead.tech.264,HIGH,Analyst,Operations,1.0,1.0,Active,1.0,2.0,0.0
,,,70,,,,,,,,,,,,84439.0,manager.trading.193,HIGH,Analyst,IT,1.0,19.0,Active,0.0,5.0,0.0
,,,44,,,,,,,,,,,,65193.0,engineer.ops.901,MEDIUM,Manager,Legal,0.0,29.0,Active,0.0,0.0,0.0
,,,49,,,,,,,,,,,,10460.0,analyst.infra.208,MEDIUM,User,Operations,0.0,18.0,Active,0.0,3.0,0.0
,,,22,,,,,,,,,,,,9347.0,user.ops.460,LOW,User,Operations,0.0,17.0,Active,1.0,1.0,0.0
,,,40,,,,,,,,,,,,80773.0,analyst.infra.393,MEDIUM,Exec,IT,0.0,7.0,Active,1.0,0.0,0.0
,,,18,,,,,,,,,,,,75310.0,guest.support.841,LOW,User,HR,0.0,1.0,Active,0.0,0.0,0.0
,,,47,,,,,,,,,,,,64147.0,engineer.security.76,MEDIUM,Analyst,Operations,0.0,20.0,Active,1.0,12.0,0.0
,,,42,,,,,,,,,,,,27299.0,admin.ops.968,MEDIUM,Analyst,Finance,0.0,19.0,Suspended,1.0,7.0,1.0
,,,78,,,,,,,,,,,,15028.0,manager.security.217,HIGH,Analyst,Legal,1.0,9.0,Active,0.0,1.0,0.0
,,,99,,,,,,,,,,,,34093.0,ceo.exec.101,CRITICAL,Analyst,Operations,1.0,12.0,Active,1.0,10.0,1.0
,,,96,,,,,,,,,,,,221758.0,ceo.exec.129,CRITICAL,User,Operations,1.0,12.0,Active,1.0,5.0,0.0
,,,73,,,,,,,,,,,,20673.0,vp.tech.154,HIGH,User,HR,1.0,22.0,Active,0.0,23.0,1.0
,,,79,,,,,,,,,,,,65265.0,lead.trading.795,HIGH,User,Legal,1.0,24.0,Suspended,1.0,0.0,0.0
,,,43,,,,,,,,,,,,64097.0,engineer.risk.702,MEDIUM,Analyst,Operations,0.0,13.0,Inactive,1.0,0.0,0.0
,,,44,,,,,,,,,,,,56698.0,specialist.risk.591,MEDIUM,Exec,HR,0.0,16.0,Active,1.0,0.0,0.0
,,,91,,,,,,,,,,,,37612.0,cfo.exec.96,CRITICAL,Manager,Legal,1.0,0.0,Inactive,1.0,1.0,0.0
,,,18,,,,,,,,,,,,49780.0,intern.admin.39,LOW,Analyst,Finance,0.0,20.0,Active,1.0,10.0,0.0
,,,95,,,,,,,,,,,,451520.0,head_security.board.223,CRITICAL,Analyst,IT,1.0,19.0,Active,1.0,0.0,0.0
,,,21,,,,,,,,,,,,19414.0,user.admin.687,LOW,User,Operations,0.0,3.0,Active,0.0,2.0,0.0
,,,75,,,,,,,,,,,,289840.0,manager.tech.249,HIGH,User,IT,1.0,29.0,Active,1.0,4.0,1.0
,,,45,,,,,,,,,,,,3794.0,analyst.risk.609,MEDIUM,User,Operations,0.0,15.0,Active,1.0,1.0,0.0
,,,48,,,,,,,,,,,,18736.0,engineer.ops.503,MEDIUM,Analyst,Finance,0.0,21.0,Active,0.0,0.0,0.0
,,,45,,,,,,,,,,,,34914.0,engineer.risk.49,MEDIUM,Manager,Finance,0.0,19.0,Active,1.0,9.0,1.0
,,,15,,,,,,,,,,,,6822.0,guest.ops.765,LOW,Manager,IT,0.0,6.0,Active,1.0,5.0,0.0
,,,48,,,,,,,,,,,,40578.0,specialist.infra.453,MEDIUM,User,HR,0.0,14.0,Active,0.0,2.0,0.0
,,,47,,,,,,,,,,,,34746.0,admin.ops.471,MEDIUM,User,Finance,0.0,29.0,Active,0.0,2.0,0.0
,,,42,,,,,,,,,,,,71427.0,engineer.infra.708,MEDIUM,User,HR,0.0,25.0,Active,0.0,10.0,0.0
,,,93,,,,,,,,,,,,25338.0,head_security.board.97,CRITICAL,User,Operations,1.0,1.0,Active,1.0,2.0,0.0
,,,79,,,,,,,,,,,,9883.0,manager.risk.271,HIGH,User,Legal,1.0,9.0,Active,1.0,0.0,0.0
,,,23,,,,,,,,,,,,334199.0,guest.support.439,LOW,User,Operations,0.0,7.0,Active,0.0,0.0,1.0
,,,16,,,,,,,,,,,,98838.0,temp.support.729,LOW,Manager,Finance,0.0,21.0,Active,0.0,4.0,0.0
,,,49,,,,,,,,,,,,20211.0,engineer.infra.202,MEDIUM,Analyst,Finance,0.0,3.0,Active,0.0,13.0,0.0
,,,45,,,,,,,,,,,,81544.0,admin.ops.701,MEDIUM,User,Operations,0.0,19.0,Active,1.0,4.0,1.0
,,,47,,,,,,,,,,,,751.0,analyst.security.389,MEDIUM,User,IT,0.0,19.0,Active,0.0,12.0,0.0
,,,47,,,,,,,,,,,,26476.0,engineer.risk.501,MEDIUM,Analyst,IT,0.0,3.0,Active,1.0,0.0,0.0
,,,20,,,,,,,,,,,,35171.0,guest.ops.822,LOW,User,Legal,0.0,5.0,Active,0.0,7.0,0.0
,,,19,,,,,,,,,,,,127373.0,user.support.440,LOW,User,Operations,0.0,11.0,Active,1.0,0.0,0.0
,,,76,,,,,,,,,,,,20525.0,lead.risk.210,HIGH,Analyst,Legal,1.0,12.0,Active,0.0,1.0,0.0
,,,91,,,,,,,,,,,,104828.0,cfo.exec.82,CRITICAL,Analyst,Finance,1.0,19.0,Inactive,1.0,2.0,0.0
,,,17,,,,,,,,,,,,38632.0,temp.ops.968,LOW,Analyst,HR,0.0,1.0,Active,0.0,1.0,0.0
,,,40,,,,,,,,,,,,333118.0,analyst.infra.359,MEDIUM,Manager,Legal,0.0,1.0,Active,1.0,0.0,0.0
,,,42,,,,,,,,,,,,8753.0,admin.ops.507,MEDIUM,Analyst,Operations,0.0,4.0,Active,1.0,1.0,0.0
,,,44,,,,,,,,,,,,370191.0,analyst.ops.678,MEDIUM,Manager,Finance,0.0,5.0,Active,0.0,2.0,0.0
,,,70,,,,,,,,,,,,12631.0,director.trading.224,HIGH,Analyst,Operations,1.0,25.0,Active,0.0,6.0,1.0
,,,94,,,,,,,,,,,,22011.0,cfo.board.12,CRITICAL,Analyst,IT,1.0,12.0,Active,1.0,6.0,0.0
,,,72,,,,,,,,,,,,12441.0,lead.security.179,HIGH,Analyst,Finance,1.0,23.0,Active,0.0,0.0,0.0
,,,41,,,,,,,,,,,,9776.0,analyst.ops.940,MEDIUM,User,Legal,0.0,6.0,Active,1.0,2.0,1.0
,,,71,,,,,,,,,,,,19384.0,director.trading.257,HIGH,Analyst,IT,1.0,23.0,Active,1.0,0.0,0.0
,,,70,,,,,,,,,,,,437268.0,lead.tech.148,HIGH,Analyst,HR,1.0,28.0,Active,1.0,0.0,1.0
,,,16,,,,,,,,,,,,8360.0,temp.ops.938,LOW,User,Operations,0.0,17.0,Active,0.0,4.0,0.0
,,,41,,,,,,,,,,,,37575.0,admin.risk.684,MEDIUM,Manager,IT,0.0,3.0,Active,0.0,2.0,0.0
,,,45,,,,,,,,,,,,63910.0,analyst.risk.619,MEDIUM,Analyst,Legal,0.0,4.0,Active,0.0,14.0,0.0
,,,23,,,,,,,,,,,,11795.0,temp.admin.838,LOW,Analyst,Finance,0.0,0.0,Active,0.0,0.0,0.0
,,,22,,,,,,,,,,,,79892.0,temp.support.936,LOW,User,Finance,0.0,24.0,Active,1.0,0.0,0.0
,,,20,,,,,,,,,,,,143313.0,user.ops.916,LOW,Analyst,Finance,0.0,14.0,Active,0.0,9.0,0.0
,,,42,,,,,,,,,,,,4250.0,specialist.ops.325,MEDIUM,User,Operations,0.0,16.0,Active,1.0,3.0,0.0
,,,22,,,,,,,,,,,,157507.0,user.support.830,LOW,User,Legal,0.0,1.0,Active,0.0,0.0,0.0
,,,17,,,,,,,,,,,,355538.0,intern.support.614,LOW,Manager,Operations,0.0,17.0,Active,1.0,3.0,0.0
,,,15,,,,,,,,,,,,5014.0,guest.admin.887,LOW,Analyst,IT,0.0,14.0,Inactive,0.0,11.0,0.0
,,,43,,,,,,,,,,,,270877.0,engineer.infra.662,MEDIUM,User,IT,0.0,8.0,Active,1.0,1.0,0.0
,,,19,,,,,,,,,,,,165785.0,temp.admin.757,LOW,User,Finance,0.0,29.0,Active,1.0,13.0,0.0
,,,45,,,,,,,,,,,,15454.0,engineer.ops.98,MEDIUM,Exec,HR,0.0,19.0,Active,0.0,5.0,0.0
,,,21,,,,,,,,,,,,15999.0,guest.ops.825,LOW,User,Operations,0.0,22.0,Active,1.0,0.0,0.0
,,,43,,,,,,,,,,,,384174.0,specialist.security.893,MEDIUM,User,Operations,0.0,1.0,Active,0.0,2.0,0.0
,,,21,,,,,,,,,,,,23744.0,intern.ops.19,LOW,Manager,IT,0.0,0.0,Active,0.0,1.0,0.0
,,,75,,,,,,,,,,,,34602.0,manager.trading.630,HIGH,User,IT,1.0,23.0,Active,1.0,6.0,1.0
,,,21,,,,,,,,,,,,343809.0,user.support.818,LOW,Analyst,Legal,0.0,1.0,Active,1.0,4.0,0.0
,,,19,,,,,,,,,,,,17055.0,intern.ops.667,LOW,Analyst,HR,0.0,28.0,Suspended,0.0,1.0,0.0
,,,17,,,,,,,,,,,,105326.0,guest.admin.734,LOW,Manager,Finance,0.0,1.0,Active,0.0,0.0,0.0
,,,21,,,,,,,,,,,,218917.0,user.support.989,LOW,User,IT,0.0,20.0,Active,0.0,1.0,0.0
,,,40,,,,,,,,,,,,19986.0,specialist.infra.642,MEDIUM,Manager,IT,0.0,8.0,Active,0.0,1.0,0.0
,,,41,,,,,,,,,,,,142981.0,analyst.ops.728,MEDIUM,User,Operations,0.0,27.0,Inactive,0.0,0.0,0.0
,,,49,,,,,,,,,,,,26537.0,analyst.security.926,MEDIUM,User,Finance,0.0,29.0,Active,1.0,0.0,1.0
,,,79,,,,,,,,,,,,162113.0,director.trading.185,HIGH,Analyst,IT,1.0,23.0,Active,1.0,12.0,1.0
,,,15,,,,,,,,,,,,322343.0,intern.ops.436,LOW,User,Operations,0.0,11.0,Active,0.0,0.0,0.0
,,,20,,,,,,,,,,,,73484.0,user.support.188,LOW,Analyst,HR,0.0,21.0,Suspended,0.0,2.0,0.0
,,,19,,,,,,,,,,,,323127.0,intern.ops.853,LOW,User,Operations,0.0,26.0,Active,0.0,0.0,0.0
,,,40,,,,,,,,,,,,101621.0,specialist.security.814,MEDIUM,User,IT,0.0,22.0,Active,1.0,2.0,0.0
,,,16,,,,,,,,,,,,7094.0,user.admin.852,LOW,User,IT,0.0,21.0,Active,0.0,8.0,0.0
,,,43,,,,,,,,,,,,806.0,specialist.security.363,MEDIUM,User,Legal,0.0,1.0,Active,1.0,2.0,0.0
,,,99,,,,,,,,,,,,50432.0,cfo.exec.111,CRITICAL,Analyst,Finance,1.0,26.0,Active,1.0,11.0,0.0
,,,94,,,,,,,,,,,,5677.0,head_security.board.563,CRITICAL,Exec,Legal,1.0,11.0,Active,1.0,0.0,0.0
,,,94,,,,,,,,,,,,8055.0,cto.board.440,CRITICAL,Analyst,IT,1.0,1.0,Active,1.0,8.0,1.0
,,,49,,,,,,,,,,,,34763.0,engineer.infra.667,MEDIUM,Analyst,Operations,0.0,1.0,Active,0.0,4.0,0.0
,,,47,,,,,,,,,,,,67674.0,admin.ops.600,MEDIUM,User,Operations,0.0,12.0,Inactive,0.0,2.0,0.0
,,,19,,,,,,,,,,,,45528.0,guest.support.46,LOW,User,HR,0.0,11.0,Suspended,1.0,0.0,0.0
,,,43,,,,,,,,,,,,37370.0,analyst.infra.547,MEDIUM,Analyst,IT,0.0,14.0,Suspended,1.0,2.0,0.0
,,,21,,,,,,,,,,,,15837.0,intern.support.932,LOW,Analyst,Legal,0.0,20.0,Active,0.0,0.0,0.0
,,,96,,,,,,,,,,,,18347.0,head_security.exec.19,CRITICAL,Analyst,Finance,1.0,11.0,Active,1.0,0.0,0.0
,,,42,,,,,,,,,,,,405797.0,admin.infra.188,MEDIUM,Analyst,Operations,0.0,17.0,Active,1.0,0.0,0.0
,,,24,,,,,,,,,,,,18701.0,intern.support.125,LOW,User,IT,0.0,16.0,Active,0.0,2.0,0.0
,,,73,,,,,,,,,,,,323758.0,manager.trading.991,HIGH,Analyst,Operations,1.0,19.0,Active,1.0,0.0,0.0
,,,40,,,,,,,,,,,,3853.0,admin.risk.492,MEDIUM,User,Operations,0.0,16.0,Active,1.0,0.0,0.0
,,,45,,,,,,,,,,,,448474.0,analyst.security.958,MEDIUM,User,IT,0.0,11.0,Active,1.0,5.0,1.0
,,,97,,,,,,,,,,,,398172.0,cto.exec.75,CRITICAL,Analyst,IT,1.0,19.0,Active,1.0,0.0,0.0
,,,15,,,,,,,,,,,,84800.0,user.support.53,LOW,Manager,IT,0.0,13.0,Active,0.0,1.0,0.0
,,,17,,,,,,,,,,,,269.0,temp.support.06,LOW,Analyst,HR,0.0,23.0,Active,0.0,3.0,0.0
,,,22,,,,,,,,,,,,203535.0,guest.ops.888,LOW,User,Operations,0.0,8.0,Active,1.0,0.0,0.0
,,,42,,,,,,,,,,,,220699.0,analyst.ops.230,MEDIUM,Analyst,IT,0.0,10.0,Inactive,0.0,18.0,1.0
,,,42,,,,,,,,,,,,11516.0,analyst.security.73,MEDIUM,User,IT,0.0,0.0,Suspended,1.0,1.0,0.0
,,,47,,,,,,,,,,,,190482.0,engineer.risk.508,MEDIUM,User,Operations,0.0,2.0,Active,0.0,1.0,0.0
,,,20,,,,,,,,,,,,8116.0,temp.admin.232,LOW,User,IT,0.0,21.0,Active,1.0,2.0,0.0
,,,19,,,,,,,,,,,,55662.0,guest.admin.812,LOW,User,HR,0.0,20.0,Active,1.0,0.0,0.0
,,,48,,,,,,,,,,,,88715.0,engineer.security.170,MEDIUM,User,Operations,0.0,12.0,Active,0.0,1.0,0.0
,,,79,,,,,,,,,,,,8844.0,lead.tech.285,HIGH,User,IT,1.0,5.0,Active,0.0,1.0,0.0
,,,76,,,,,,,,,,,,375877.0,lead.security.209,HIGH,User,Finance,1.0,10.0,Active,1.0,1.0,0.0
,,,23,,,,,,,,,,,,50673.0,intern.support.251,LOW,Analyst,HR,0.0,16.0,Active,0.0,0.0,0.0
,,,46,,,,,,,,,,,,1251.0,admin.risk.421,MEDIUM,Analyst,IT,0.0,17.0,Suspended,0.0,0.0,0.0
,,,44,,,,,,,,,,,,10351.0,engineer.infra.609,MEDIUM,Manager,Legal,0.0,24.0,Active,1.0,9.0,1.0
,,,94,,,,,,,,,,,,2470.0,head_security.board.41,CRITICAL,Analyst,Operations,1.0,10.0,Active,1.0,4.0,0.0
,,,77,,,,,,,,,,,,115818.0,lead.tech.593,HIGH,Analyst,Finance,1.0,2.0,Active,1.0,11.0,1.0
,,,15,,,,,,,,,,,,160787.0,guest.support.766,LOW,Analyst,Operations,0.0,21.0,Active,0.0,1.0,0.0
,,,73,,,,,,,,,,,,36919.0,director.trading.236,HIGH,Analyst,Operations,1.0,5.0,Active,1.0,11.0,0.0
,,,48,,,,,,,,,,,,81033.0,specialist.ops.270,MEDIUM,User,IT,0.0,14.0,Active,0.0,0.0,0.0
,,,78,,,,,,,,,,,,94988.0,manager.trading.262,HIGH,Exec,IT,1.0,1.0,Active,1.0,1.0,0.0
,,,15,,,,,,,,,,,,6729.0,guest.support.826,LOW,User,Legal,0.0,23.0,Active,0.0,4.0,0.0
,,,90,,,,,,,,,,,,37183.0,cfo.board.711,CRITICAL,Analyst,IT,1.0,1.0,Active,1.0,0.0,0.0
,,,44,,,,,,,,,,,,44926.0,admin.ops.392,MEDIUM,Manager,Finance,0.0,27.0,Active,0.0,3.0,0.0
,,,47,,,,,,,,,,,,34698.0,specialist.risk.134,MEDIUM,Analyst,IT,0.0,28.0,Active,0.0,5.0,1.0
,,,93,,,,,,,,,,,,106297.0,ceo.board.845,CRITICAL,User,Operations,1.0,5.0,Active,0.0,8.0,0.0
,,,21,,,,,,,,,,,,55184.0,user.ops.481,LOW,User,Legal,0.0,12.0,Suspended,0.0,0.0,0.0
,,,43,,,,,,,,,,,,132238.0,admin.security.112,MEDIUM,User,IT,0.0,12.0,Active,0.0,4.0,0.0
,,,72,,,,,,,,,,,,2666.0,director.tech.216,HIGH,Analyst,Finance,1.0,5.0,Active,1.0,2.0,0.0
,,,97,,,,,,,,,,,,1772.0,head_security.exec.924,CRITICAL,User,IT,1.0,5.0,Active,1.0,1.0,0.0
,,,49,,,,,,,,,,,,31835.0,engineer.ops.198,MEDIUM,Analyst,Operations,0.0,5.0,Active,1.0,0.0,0.0
,,,40,,,,,,,,,,,,24702.0,analyst.risk.345,MEDIUM,Analyst,Legal,0.0,12.0,Active,0.0,1.0,0.0
,,,21,,,,,,,,,,,,29734.0,intern.admin.279,LOW,User,IT,0.0,25.0,Active,0.0,2.0,1.0
,,,42,,,,,,,,,,,,1011.0,admin.ops.40,MEDIUM,User,Operations,0.0,7.0,Active,1.0,4.0,1.0
,,,23,,,,,,,,,,,,373984.0,guest.admin.623,LOW,Exec,HR,0.0,2.0,Active,0.0,0.0,0.0
,,,76,,,,,,,,,,,,5209.0,lead.security.606,HIGH,User,Legal,1.0,26.0,Inactive,1.0,11.0,0.0
,,,94,,,,,,,,,,,,4476.0,ceo.board.757,CRITICAL,User,Operations,1.0,27.0,Active,1.0,10.0,0.0
,,,94,,,,,,,,,,,,12184.0,cfo.exec.953,CRITICAL,Analyst,Legal,1.0,25.0,Active,0.0,0.0,0.0
,,,73,,,,,,,,,,,,12225.0,lead.tech.271,HIGH,Analyst,Finance,1.0,4.0,Suspended,0.0,14.0,1.0
,,,74,,,,,,,,,,,,411528.0,manager.trading.109,HIGH,User,Operations,1.0,0.0,Active,1.0,1.0,0.0
,,,18,,,,,,,,,,,,27386.0,intern.admin.861,LOW,User,Operations,0.0,28.0,Active,0.0,8.0,0.0
,,,41,,,,,,,,,,,,20997.0,engineer.risk.604,MEDIUM,Analyst,HR,0.0,21.0,Active,1.0,3.0,0.0
,,,44,,,,,,,,,,,,330743.0,admin.infra.547,MEDIUM,Analyst,IT,0.0,7.0,Active,1.0,17.0,0.0
,,,76,,,,,,,,,,,,443746.0,lead.trading.949,HIGH,Analyst,IT,1.0,10.0,Active,0.0,0.0,0.0
,,,79,,,,,,,,,,,,86515.0,manager.risk.197,HIGH,User,Finance,1.0,2.0,Active,0.0,1.0,0.0
,,,97,,,,,,,,,,,,64356.0,cto.board.320,CRITICAL,User,Legal,1.0,6.0,Active,1.0,14.0,0.0
,,,49,,,,,,,,,,,,3769.0,analyst.security.169,MEDIUM,User,Legal,0.0,27.0,Active,0.0,1.0,0.0
,,,75,,,,,,,,,,,,3960.0,vp.security.349,HIGH,User,Finance,1.0,26.0,Active,1.0,0.0,0.0
,,,40,,,,,,,,,,,,25236.0,analyst.infra.632,MEDIUM,Analyst,Finance,0.0,3.0,Suspended,0.0,17.0,1.0
,,,73,,,,,,,,,,,,145515.0,lead.trading.183,HIGH,User,IT,1.0,13.0,Active,1.0,3.0,0.0
,,,21,,,,,,,,,,,,242033.0,guest.support.961,LOW,User,Finance,0.0,6.0,Active,1.0,0.0,0.0
,,,17,,,,,,,,,,,,68118.0,temp.support.282,LOW,Analyst,Finance,0.0,5.0,Active,1.0,0.0,0.0
,,,44,,,,,,,,,,,,26113.0,engineer.security.385,MEDIUM,User,Finance,0.0,1.0,Active,1.0,1.0,0.0
,,,47,,,,,,,,,,,,390705.0,analyst.infra.222,MEDIUM,User,Operations,0.0,5.0,Active,1.0,1.0,0.0
,,,16,,,,,,,,,,,,112572.0,user.admin.990,LOW,User,IT,0.0,18.0,Active,1.0,1.0,0.0
,,,77,,,,,,,,,,,,351020.0,lead.tech.239,HIGH,Analyst,IT,1.0,28.0,Active,0.0,6.0,0.0
,,,79,,,,,,,,,,,,118025.0,director.security.271,HIGH,Manager,Legal,1.0,21.0,Active,1.0,12.0,0.0
,,,24,,,,,,,,,,,,173465.0,user.ops.913,LOW,User,Legal,0.0,13.0,Active,0.0,0.0,0.0
,,,93,,,,,,,,,,,,75719.0,cfo.board.511,CRITICAL,Exec,Operations,1.0,16.0,Active,1.0,11.0,0.0
,,,21,,,,,,,,,,,,83423.0,user.admin.288,LOW,User,HR,0.0,10.0,Active,1.0,2.0,0.0
,,,45,,,,,,,,,,,,110798.0,specialist.infra.666,MEDIUM,Analyst,HR,0.0,15.0,Active,1.0,1.0,0.0
,,,76,,,,,,,,,,,,57978.0,director.security.478,HIGH,Analyst,IT,1.0,6.0,Active,1.0,0.0,0.0
,,,79,,,,,,,,,,,,3132.0,lead.tech.728,HIGH,User,Operations,1.0,11.0,Suspended,1.0,0.0,0.0
,,,77,,,,,,,,,,,,343333.0,manager.tech.976,HIGH,Analyst,HR,1.0,20.0,Active,1.0,0.0,0.0
,,,22,,,,,,,,,,,,3.0,intern.ops.883,LOW,Analyst,IT,0.0,16.0,Active,0.0,1.0,0.0
,,,41,,,,,,,,,,,,170759.0,analyst.ops.925,MEDIUM,Analyst,IT,0.0,27.0,Active,1.0,1.0,0.0
,,,40,,,,,,,,,,,,82724.0,specialist.risk.563,MEDIUM,User,Legal,0.0,3.0,Active,0.0,9.0,0.0
,,,49,,,,,,,,,,,,95567.0,analyst.security.557,MEDIUM,Exec,Legal,0.0,6.0,Active,0.0,1.0,0.0
,,,47,,,,,,,,,,,,21246.0,analyst.risk.827,MEDIUM,Analyst,HR,0.0,11.0,Suspended,0.0,1.0,0.0
,,,23,,,,,,,,,,,,5876.0,temp.admin.994,LOW,Analyst,Finance,0.0,18.0,Active,0.0,4.0,0.0
,,,49,,,,,,,,,,,,46753.0,analyst.risk.688,MEDIUM,User,IT,0.0,9.0,Inactive,0.0,15.0,0.0
,,,16,,,,,,,,,,,,1208.0,intern.ops.745,LOW,User,Operations,0.0,4.0,Active,1.0,12.0,0.0
,,,49,,,,,,,,,,,,10658.0,engineer.infra.987,MEDIUM,Manager,Legal,0.0,26.0,Active,1.0,11.0,0.0
,,,70,,,,,,,,,,,,180.0,lead.security.286,HIGH,User,IT,1.0,28.0,Inactive,1.0,0.0,0.0
,,,19,,,,,,,,,,,,29191.0,intern.ops.892,LOW,Manager,IT,0.0,11.0,Active,1.0,1.0,0.0
,,,77,,,,,,,,,,,,28795.0,manager.tech.503,HIGH,User,Finance,1.0,6.0,Active,1.0,4.0,0.0
,,,22,,,,,,,,,,,,271026.0,guest.ops.711,LOW,User,Operations,0.0,24.0,Suspended,0.0,2.0,0.0
,,,48,,,,,,,,,,,,83727.0,engineer.infra.484,MEDIUM,Analyst,Finance,0.0,10.0,Suspended,0.0,4.0,0.0
,,,48,,,,,,,,,,,,82.0,analyst.security.551,MEDIUM,User,Legal,0.0,12.0,Active,0.0,11.0,0.0
,,,16,,,,,,,,,,,,20915.0,guest.support.775,LOW,Manager,Finance,0.0,15.0,Active,0.0,0.0,0.0
,,,49,,,,,,,,,,,,72149.0,engineer.infra.337,MEDIUM,User,IT,0.0,22.0,Active,0.0,18.0,1.0
,,,15,,,,,,,,,,,,312394.0,intern.admin.858,LOW,Exec,IT,0.0,8.0,Active,0.0,0.0,0.0
,,,47,,,,,,,,,,,,13061.0,engineer.ops.781,MEDIUM,Manager,Operations,0.0,22.0,Active,1.0,5.0,0.0
,,,17,,,,,,,,,,,,37613.0,guest.admin.887,LOW,Exec,IT,0.0,9.0,Active,0.0,0.0,0.0
,,,22,,,,,,,,,,,,188286.0,intern.admin.672,LOW,Analyst,Finance,0.0,9.0,Active,0.0,1.0,0.0
,,,47,,,,,,,,,,,,3773.0,engineer.infra.943,MEDIUM,User,HR,0.0,6.0,Active,1.0,0.0,0.0
,,,79,,,,,,,,,,,,2212.0,lead.security.160,HIGH,Analyst,Finance,1.0,2.0,Active,1.0,7.0,0.0
,,,94,,,,,,,,,,,,17433.0,cto.board.85,CRITICAL,Manager,HR,1.0,22.0,Active,1.0,3.0,0.0
,,,43,,,,,,,,,,,,44208.0,engineer.security.920,MEDIUM,Manager,Finance,0.0,18.0,Active,1.0,0.0,0.0
,,,22,,,,,,,,,,,,299415.0,guest.admin.122,LOW,Analyst,Operations,0.0,5.0,Active,0.0,1.0,0.0
,,,97,,,,,,,,,,,,100323.0,head_security.board.256,CRITICAL,Analyst,IT,1.0,27.0,Active,1.0,2.0,0.0
,,,75,,,,,,,,,,,,20334.0,vp.tech.297,HIGH,Manager,IT,1.0,10.0,Active,0.0,2.0,0.0
,,,45,,,,,,,,,,,,152670.0,admin.risk.514,MEDIUM,User,Operations,0.0,17.0,Active,1.0,0.0,0.0
,,,17,,,,,,,,,,,,364712.0,guest.support.451,LOW,Analyst,Finance,0.0,3.0,Active,0.0,2.0,0.0
,,,95,,,,,,,,,,,,38207.0,ceo.board.29,CRITICAL,User,IT,1.0,16.0,Active,0.0,5.0,0.0
,,,76,,,,,,,,,,,,372869.0,lead.risk.248,HIGH,User,Legal,1.0,16.0,Active,1.0,0.0,0.0
,,,75,,,,,,,,,,,,201945.0,lead.risk.169,HIGH,User,Operations,1.0,25.0,Active,1.0,1.0,0.0
,,,24,,,,,,,,,,,,1024.0,intern.support.776,LOW,Analyst,HR,0.0,20.0,Active,0.0,2.0,0.0
,,,99,,,,,,,,,,,,18149.0,cfo.board.482,CRITICAL,Analyst,Finance,1.0,25.0,Active,1.0,5.0,0.0
,,,16,,,,,,,,,,,,209857.0,guest.admin.959,LOW,Analyst,Operations,0.0,10.0,Active,0.0,0.0,0.0
,,,17,,,,,,,,,,,,6277.0,guest.support.805,LOW,User,HR,0.0,0.0,Active,0.0,8.0,1.0
,,,44,,,,,,,,,,,,332962.0,analyst.security.965,MEDIUM,Manager,Operations,0.0,28.0,Active,0.0,1.0,0.0
,,,77,,,,,,,,,,,,25723.0,director.tech.673,HIGH,Analyst,Operations,1.0,0.0,Active,1.0,2.0,0.0
,,,49,,,,,,,,,,,,163373.0,analyst.infra.801,MEDIUM,User,Finance,0.0,4.0,Active,0.0,0.0,0.0
,,,22,,,,,,,,,,,,13679.0,guest.admin.962,LOW,User,Operations,0.0,16.0,Active,0.0,1.0,0.0
,,,40,,,,,,,,,,,,67156.0,engineer.ops.128,MEDIUM,Analyst,HR,0.0,11.0,Active,0.0,1.0,0.0
,,,22,,,,,,,,,,,,171534.0,user.ops.808,LOW,Analyst,Finance,0.0,0.0,Active,0.0,0.0,0.0
,,,71,,,,,,,,,,,,284823.0,manager.tech.906,HIGH,Manager,Operations,1.0,0.0,Active,1.0,1.0,0.0
,,,77,,,,,,,,,,,,186479.0,vp.security.208,HIGH,User,Operations,1.0,1.0,Active,0.0,10.0,0.0
,,,98,,,,,,,,,,,,39055.0,ceo.board.08,CRITICAL,Analyst,Finance,1.0,18.0,Inactive,0.0,14.0,0.0
,,,48,,,,,,,,,,,,2877.0,analyst.risk.893,MEDIUM,Manager,HR,0.0,23.0,Active,0.0,1.0,1.0
,,,17,,,,,,,,,,,,9247.0,guest.support.559,LOW,User,IT,0.0,28.0,Active,1.0,2.0,0.0
,,,40,,,,,,,,,,,,206947.0,specialist.risk.691,MEDIUM,User,Finance,0.0,16.0,Active,1.0,0.0,0.0
,,,22,,,,,,,,,,,,33230.0,intern.support.908,LOW,Analyst,Finance,0.0,29.0,Active,1.0,0.0,0.0
,,,47,,,,,,,,,,,,261739.0,analyst.security.101,MEDIUM,User,Finance,0.0,7.0,Active,0.0,0.0,0.0
,,,98,,,,,,,,,,,,153867.0,cto.exec.678,CRITICAL,User,Finance,1.0,3.0,Active,0.0,0.0,0.0
,,,49,,,,,,,,,,,,107761.0,engineer.risk.377,MEDIUM,Analyst,HR,0.0,29.0,Active,1.0,11.0,1.0
,,,93,,,,,,,,,,,,331078.0,head_security.board.913,CRITICAL,User,Operations,1.0,18.0,Active,1.0,2.0,0.0
,,,78,,,,,,,,,,,,32113.0,lead.security.151,HIGH,Analyst,Legal,1.0,22.0,Active,0.0,1.0,0.0
,,,45,,,,,,,,,,,,463.0,specialist.security.564,MEDIUM,Analyst,Legal,0.0,12.0,Active,1.0,20.0,1.0
,,,77,,,,,,,,,,,,4413.0,vp.security.816,HIGH,User,IT,1.0,28.0,Suspended,1.0,13.0,0.0
,,,72,,,,,,,,,,,,184.0,manager.trading.141,HIGH,Manager,HR,1.0,18.0,Active,1.0,9.0,1.0
,,,45,,,,,,,,,,,,158394.0,analyst.infra.416,MEDIUM,Manager,IT,0.0,10.0,Active,1.0,12.0,0.0
,,,73,,,,,,,,,,,,52419.0,director.risk.793,HIGH,Analyst,Finance,1.0,26.0,Active,1.0,2.0,1.0
,,,40,,,,,,,,,,,,11412.0,engineer.risk.482,MEDIUM,Analyst,Finance,0.0,12.0,Active,0.0,1.0,0.0
,,,79,,,,,,,,,,,,36703.0,director.security.328,HIGH,User,IT,1.0,6.0,Active,0.0,3.0,0.0
,,,78,,,,,,,,,,,,263469.0,lead.risk.647,HIGH,Manager,HR,1.0,2.0,Active,1.0,1.0,0.0
,,,40,,,,,,,,,,,,12773.0,admin.security.620,MEDIUM,User,Finance,0.0,28.0,Active,0.0,0.0,0.0
,,,96,,,,,,,,,,,,208924.0,cfo.exec.811,CRITICAL,Analyst,Legal,1.0,27.0,Active,1.0,2.0,0.0
,,,19,,,,,,,,,,,,64.0,temp.support.789,LOW,Analyst,IT,0.0,3.0,Active,0.0,2.0,0.0
,,,75,,,,,,,,,,,,183490.0,manager.trading.125,HIGH,Manager,IT,1.0,29.0,Active,1.0,1.0,0.0
,,,19,,,,,,,,,,,,11113.0,intern.admin.834,LOW,User,IT,0.0,13.0,Inactive,0.0,0.0,0.0
,,,18,,,,,,,,,,,,39491.0,temp.ops.302,LOW,Manager,IT,0.0,6.0,Active,0.0,3.0,0.0
,,,79,,,,,,,,,,,,219518.0,vp.risk.253,HIGH,User,Finance,1.0,29.0,Active,1.0,1.0,0.0
,,,17,,,,,,,,,,,,297.0,temp.ops.407,LOW,Manager,IT,0.0,26.0,Suspended,0.0,2.0,0.0
,,,90,,,,,,,,,,,,21847.0,ceo.board.856,CRITICAL,User,Operations,1.0,23.0,Active,1.0,12.0,0.0
,,,43,,,,,,,,,,,,30532.0,analyst.infra.380,MEDIUM,Analyst,Finance,0.0,25.0,Active,1.0,0.0,0.0
,,,47,,,,,,,,,,,,18359.0,specialist.ops.289,MEDIUM,Analyst,Finance,0.0,15.0,Active,1.0,1.0,0.0
,,,19,,,,,,,,,,,,242452.0,temp.ops.995,LOW,Manager,Finance,0.0,10.0,Active,0.0,0.0,0.0
,,,73,,,,,,,,,,,,4082.0,manager.tech.167,HIGH,Analyst,Finance,1.0,14.0,Active,1.0,3.0,0.0
,,,74,,,,,,,,,,,,32167.0,director.trading.275,HIGH,User,Operations,1.0,3.0,Active,1.0,0.0,0.0
,,,15,,,,,,,,,,,,72020.0,user.support.995,LOW,Exec,Operations,0.0,15.0,Active,1.0,0.0,1.0
,,,19,,,,,,,,,,,,346128.0,temp.support.834,LOW,User,IT,0.0,27.0,Active,0.0,2.0,0.0
,,,45,,,,,,,,,,,,5579.0,analyst.risk.294,MEDIUM,Analyst,Operations,0.0,11.0,Active,1.0,5.0,0.0
,,,47,,,,,,,,,,,,21160.0,analyst.risk.847,MEDIUM,Exec,Operations,0.0,19.0,Active,1.0,1.0,0.0
,,,21,,,,,,,,,,,,389087.0,user.support.521,LOW,User,Operations,0.0,20.0,Active,0.0,2.0,0.0
,,,17,,,,,,,,,,,,51504.0,intern.ops.961,LOW,Manager,Finance,0.0,24.0,Active,0.0,0.0,0.0
,,,49,,,,,,,,,,,,212464.0,analyst.risk.896,MEDIUM,Manager,IT,0.0,17.0,Active,1.0,0.0,0.0
,,,79,,,,,,,,,,,,10124.0,manager.tech.224,HIGH,Analyst,Finance,1.0,29.0,Active,1.0,9.0,0.0
,,,70,,,,,,,,,,,,23624.0,director.security.723,HIGH,Manager,IT,1.0,20.0,Active,0.0,2.0,0.0
,,,19,,,,,,,,,,,,2.0,user.support.221,LOW,User,IT,0.0,4.0,Active,0.0,0.0,0.0
,,,44,,,,,,,,,,,,2727.0,analyst.infra.739,MEDIUM,User,Legal,0.0,9.0,Active,1.0,0.0,0.0
,,,18,,,,,,,,,,,,39502.0,intern.support.296,LOW,Analyst,HR,0.0,17.0,Active,1.0,0.0,0.0
,,,47,,,,,,,,,,,,6114.0,engineer.security.849,MEDIUM,Analyst,Operations,0.0,3.0,Active,1.0,1.0,0.0
,,,99,,,,,,,,,,,,272085.0,cfo.board.866,CRITICAL,User,Legal,1.0,26.0,Active,1.0,16.0,0.0
,,,45,,,,,,,,,,,,62765.0,engineer.ops.549,MEDIUM,User,Operations,0.0,25.0,Active,0.0,1.0,0.0
,,,22,,,,,,,,,,,,85879.0,guest.admin.974,LOW,User,Legal,0.0,22.0,Active,0.0,0.0,0.0
,,,70,,,,,,,,,,,,746.0,manager.security.898,HIGH,Analyst,Finance,1.0,1.0,Active,0.0,11.0,0.0
,,,17,,,,,,,,,,,,49123.0,temp.support.42,LOW,Manager,Operations,0.0,21.0,Active,0.0,4.0,0.0
,,,93,,,,,,,,,,,,138694.0,cfo.board.895,CRITICAL,Analyst,Operations,1.0,23.0,Active,1.0,2.0,0.0
,,,91,,,,,,,,,,,,113138.0,head_security.board.766,CRITICAL,Manager,HR,1.0,4.0,Active,1.0,0.0,0.0
,,,49,,,,,,,,,,,,56719.0,admin.infra.332,MEDIUM,Analyst,Finance,0.0,7.0,Active,1.0,1.0,0.0
,,,20,,,,,,,,,,,,11281.0,guest.support.418,LOW,Manager,IT,0.0,14.0,Active,0.0,0.0,0.0
,,,42,,,,,,,,,,,,1219.0,admin.risk.683,MEDIUM,User,Finance,0.0,0.0,Active,0.0,3.0,0.0
,,,93,,,,,,,,,,,,616.0,cfo.board.447,CRITICAL,User,Legal,1.0,14.0,Active,1.0,3.0,0.0
,,,92,,,,,,,,,,,,169.0,head_security.exec.100,CRITICAL,User,Finance,1.0,17.0,Active,1.0,0.0,1.0
,,,16,,,,,,,,,,,,9396.0,guest.ops.555,LOW,Manager,Finance,0.0,11.0,Active,0.0,11.0,1.0
,,,44,,,,,,,,,,,,135759.0,analyst.risk.646,MEDIUM,User,IT,0.0,27.0,Inactive,1.0,0.0,0.0
,,,78,,,,,,,,,,,,23599.0,vp.risk.285,HIGH,Analyst,IT,1.0,13.0,Active,1.0,1.0,0.0
,,,49,,,,,,,,,,,,266836.0,engineer.infra.280,MEDIUM,Analyst,Finance,0.0,7.0,Active,0.0,0.0,0.0
,,,42,,,,,,,,,,,,226175.0,engineer.infra.118,MEDIUM,Analyst,IT,0.0,0.0,Active,0.0,0.0,0.0
,,,97,,,,,,,,,,,,3496.0,cfo.board.243,CRITICAL,User,IT,1.0,10.0,Active,1.0,4.0,0.0
,,,24,,,,,,,,,,,,6723.0,user.support.905,LOW,Exec,IT,0.0,6.0,Inactive,0.0,1.0,0.0
,,,72,,,,,,,,,,,,50256.0,director.trading.545,HIGH,User,Operations,1.0,22.0,Active,1.0,1.0,0.0
,,,17,,,,,,,,,,,,430167.0,user.support.791,LOW,Analyst,IT,0.0,8.0,Suspended,0.0,9.0,1.0
,,,47,,,,,,,,,,,,29789.0,specialist.infra.515,MEDIUM,Exec,HR,0.0,19.0,Active,1.0,1.0,0.0
,,,46,,,,,,,,,,,,426339.0,engineer.ops.834,MEDIUM,Manager,HR,0.0,11.0,Active,1.0,2.0,0.0
,,,78,,,,,,,,,,,,444141.0,director.tech.393,HIGH,User,Finance,1.0,11.0,Active,0.0,0.0,0.0
,,,47,,,,,,,,,,,,26210.0,specialist.risk.91,MEDIUM,User,HR,0.0,21.0,Active,1.0,1.0,0.0
,,,49,,,,,,,,,,,,18561.0,engineer.ops.861,MEDIUM,Analyst,Legal,0.0,22.0,Active,0.0,0.0,0.0
,,,78,,,,,,,,,,,,107082.0,lead.security.286,HIGH,Analyst,IT,1.0,4.0,Inactive,1.0,1.0,0.0
,,,77,,,,,,,,,,,,47114.0,lead.tech.203,HIGH,User,Finance,1.0,19.0,Active,0.0,5.0,0.0
,,,48,,,,,,,,,,,,113516.0,specialist.ops.220,MEDIUM,Analyst,Operations,0.0,3.0,Active,1.0,1.0,0.0
,,,40,,,,,,,,,,,,31106.0,admin.infra.522,MEDIUM,User,Operations,0.0,8.0,Active,1.0,1.0,0.0
,,,45,,,,,,,,,,,,21633.0,specialist.ops.392,MEDIUM,User,Legal,0.0,9.0,Active,1.0,1.0,0.0
,,,15,,,,,,,,,,,,281698.0,guest.support.397,LOW,Exec,Finance,0.0,24.0,Active,0.0,0.0,0.0
,,,18,,,,,,,,,,,,25974.0,intern.support.164,LOW,Analyst,Legal,0.0,13.0,Active,0.0,1.0,0.0
,,,17,,,,,,,,,,,,204518.0,user.admin.867,LOW,Analyst,HR,0.0,4.0,Active,0.0,3.0,0.0
,,,74,,,,,,,,,,,,48906.0,director.tech.122,HIGH,Analyst,Finance,1.0,29.0,Active,1.0,12.0,0.0
,,,43,,,,,,,,,,,,96074.0,specialist.security.919,MEDIUM,User,Legal,0.0,27.0,Active,0.0,1.0,0.0
,,,19,,,,,,,,,,,,203579.0,temp.ops.395,LOW,User,Finance,0.0,14.0,Active,0.0,18.0,0.0
,,,16,,,,,,,,,,,,18743.0,user.support.953,LOW,Analyst,IT,0.0,10.0,Active,0.0,16.0,0.0
,,,73,,,,,,,,,,,,20883.0,director.risk.322,HIGH,User,Finance,1.0,24.0,Active,1.0,3.0,0.0
,,,23,,,,,,,,,,,,74122.0,user.ops.553,LOW,Exec,Finance,0.0,6.0,Active,0.0,2.0,0.0
,,,79,,,,,,,,,,,,113334.0,lead.security.223,HIGH,Analyst,Finance,1.0,19.0,Active,0.0,9.0,0.0
,,,41,,,,,,,,,,,,102.0,specialist.security.452,MEDIUM,Analyst,Legal,0.0,11.0,Active,1.0,14.0,0.0
,,,20,,,,,,,,,,,,12316.0,user.ops.415,LOW,User,Finance,0.0,21.0,Active,0.0,1.0,0.0
,,,40,,,,,,,,,,,,111101.0,analyst.security.57,MEDIUM,Analyst,IT,0.0,10.0,Active,0.0,0.0,0.0
,,,79,,,,,,,,,,,,2998.0,lead.security.191,HIGH,User,HR,1.0,18.0,Suspended,0.0,2.0,0.0
,,,74,,,,,,,,,,,,8772.0,lead.security.239,HIGH,Analyst,HR,1.0,28.0,Active,0.0,0.0,0.0
,,,40,,,,,,,,,,,,47465.0,engineer.security.333,MEDIUM,Analyst,Finance,0.0,12.0,Active,0.0,0.0,0.0
,,,79,,,,,,,,,,,,198973.0,director.risk.741,HIGH,Analyst,Legal,1.0,4.0,Active,1.0,11.0,1.0
,,,19,,,,,,,,,,,,119982.0,temp.support.195,LOW,Analyst,IT,0.0,7.0,Active,0.0,0.0,0.0
,,,41,,,,,,,,,,,,299440.0,specialist.risk.637,MEDIUM,Analyst,Legal,0.0,29.0,Active,1.0,0.0,0.0
,,,40,,,,,,,,,,,,8708.0,specialist.security.925,MEDIUM,User,Operations,0.0,9.0,Active,1.0,0.0,0.0
,,,44,,,,,,,,,,,,50666.0,engineer.security.334,MEDIUM,Manager,IT,0.0,3.0,Active,1.0,1.0,0.0
,,,19,,,,,,,,,,,,32588.0,intern.admin.753,LOW,User,IT,0.0,27.0,Active,0.0,1.0,0.0
,,,46,,,,,,,,,,,,24344.0,analyst.infra.659,MEDIUM,Analyst,Legal,0.0,2.0,Active,0.0,0.0,0.0
,,,43,,,,,,,,,,,,73176.0,specialist.ops.518,MEDIUM,User,IT,0.0,22.0,Active,0.0,0.0,0.0
,,,42,,,,,,,,,,,,197157.0,analyst.risk.477,MEDIUM,Analyst,Finance,0.0,4.0,Active,1.0,2.0,0.0
,,,97,,,,,,,,,,,,22141.0,head_security.board.598,CRITICAL,Analyst,Finance,1.0,13.0,Active,1.0,7.0,0.0
,,,17,,,,,,,,,,,,859.0,guest.support.958,LOW,User,IT,0.0,22.0,Active,0.0,3.0,0.0
,,,23,,,,,,,,,,,,221289.0,user.ops.769,LOW,User,Operations,0.0,29.0,Active,1.0,1.0,0.0
,,,40,,,,,,,,,,,,64526.0,engineer.ops.413,MEDIUM,Exec,Operations,0.0,20.0,Suspended,0.0,0.0,0.0
,,,24,,,,,,,,,,,,109234.0,temp.ops.764,LOW,User,HR,0.0,1.0,Inactive,0.0,1.0,0.0
,,,42,,,,,,,,,,,,28685.0,engineer.ops.374,MEDIUM,User,Legal,0.0,20.0,Active,1.0,2.0,0.0
,,,41,,,,,,,,,,,,17973.0,specialist.ops.53,MEDIUM,Analyst,IT,0.0,17.0,Active,1.0,2.0,0.0
,,,20,,,,,,,,,,,,41946.0,temp.ops.998,LOW,User,Operations,0.0,21.0,Active,0.0,4.0,0.0
,,,96,,,,,,,,,,,,6595.0,head_security.board.917,CRITICAL,User,Finance,1.0,12.0,Active,1.0,12.0,0.0
,,,17,,,,,,,,,,,,17109.0,intern.ops.985,LOW,User,Legal,0.0,14.0,Active,0.0,10.0,0.0
,,,71,,,,,,,,,,,,143787.0,director.trading.366,HIGH,User,Finance,1.0,18.0,Active,1.0,11.0,0.0
,,,20,,,,,,,,,,,,67610.0,user.admin.627,LOW,User,IT,0.0,28.0,Active,1.0,1.0,0.0
,,,15,,,,,,,,,,,,65270.0,guest.admin.386,LOW,Analyst,Finance,0.0,16.0,Active,0.0,2.0,0.0
,,,72,,,,,,,,,,,,5895.0,manager.risk.241,HIGH,Analyst,Finance,1.0,4.0,Inactive,0.0,0.0,0.0
,,,48,,,,,,,,,,,,16518.0,specialist.infra.622,MEDIUM,Analyst,HR,0.0,11.0,Active,0.0,0.0,0.0
,,,95,,,,,,,,,,,,40827.0,cfo.board.471,CRITICAL,User,Finance,1.0,10.0,Active,1.0,0.0,0.0
,,,17,,,,,,,,,,,,174422.0,user.ops.949,LOW,User,IT,0.0,28.0,Active,1.0,19.0,1.0
,,,19,,,,,,,,,,,,6199.0,user.ops.745,LOW,User,IT,0.0,4.0,Active,1.0,0.0,0.0
,,,48,,,,,,,,,,,,26343.0,admin.risk.44,MEDIUM,User,Finance,0.0,18.0,Active,1.0,1.0,0.0
,,,44,,,,,,,,,,,,250661.0,admin.security.71,MEDIUM,Analyst,HR,0.0,12.0,Active,0.0,2.0,0.0
,,,73,,,,,,,,,,,,10649.0,lead.tech.872,HIGH,User,HR,1.0,6.0,Active,1.0,1.0,0.0
,,,90,,,,,,,,,,,,253631.0,head_security.exec.356,CRITICAL,Analyst,IT,1.0,23.0,Active,1.0,6.0,1.0
,,,15,,,,,,,,,,,,62754.0,temp.support.396,LOW,User,Finance,0.0,19.0,Active,0.0,1.0,0.0
,,,40,,,,,,,,,,,,21625.0,engineer.ops.313,MEDIUM,Analyst,Operations,0.0,22.0,Active,1.0,2.0,0.0
,,,24,,,,,,,,,,,,93.0,intern.admin.408,LOW,User,Legal,0.0,2.0,Active,0.0,2.0,0.0
,,,71,,,,,,,,,,,,209750.0,vp.risk.202,HIGH,Manager,IT,1.0,10.0,Active,1.0,18.0,1.0
,,,22,,,,,,,,,,,,88225.0,user.ops.730,LOW,User,Operations,0.0,15.0,Active,0.0,16.0,0.0
,,,72,,,,,,,,,,,,55884.0,lead.risk.797,HIGH,Analyst,Operations,1.0,16.0,Active,1.0,1.0,0.0
,,,24,,,,,,,,,,,,289452.0,user.ops.748,LOW,User,Operations,0.0,20.0,Active,0.0,2.0,0.0
,,,77,,,,,,,,,,,,78011.0,lead.risk.98,HIGH,Manager,Operations,1.0,14.0,Active,1.0,9.0,0.0
,,,21,,,,,,,,,,,,21853.0,intern.admin.855,LOW,User,HR,0.0,28.0,Active,1.0,2.0,0.0
,,,40,,,,,,,,,,,,8448.0,specialist.risk.321,MEDIUM,Exec,HR,0.0,1.0,Active,0.0,1.0,0.0
,,,92,,,,,,,,,,,,13420.0,cto.exec.302,CRITICAL,User,Operations,1.0,13.0,Active,1.0,9.0,1.0
,,,79,,,,,,,,,,,,121023.0,lead.security.113,HIGH,Analyst,IT,1.0,23.0,Active,1.0,0.0,0.0
,,,16,,,,,,,,,,,,42126.0,user.admin.873,LOW,User,IT,0.0,28.0,Active,0.0,0.0,0.0
,,,42,,,,,,,,,,,,108890.0,engineer.risk.485,MEDIUM,Analyst,Legal,0.0,7.0,Active,1.0,2.0,0.0
,,,40,,,,,,,,,,,,186494.0,engineer.security.637,MEDIUM,Analyst,Finance,0.0,4.0,Active,0.0,1.0,0.0
,,,91,,,,,,,,,,,,8774.0,cfo.exec.964,CRITICAL,Manager,Legal,1.0,8.0,Active,0.0,0.0,1.0
,,,45,,,,,,,,,,,,30998.0,admin.security.709,MEDIUM,User,Finance,0.0,6.0,Active,1.0,0.0,0.0
,,,47,,,,,,,,,,,,106744.0,specialist.security.306,MEDIUM,User,IT,0.0,16.0,Active,1.0,0.0,0.0
,,,41,,,,,,,,,,,,439444.0,specialist.infra.786,MEDIUM,User,IT,0.0,19.0,Active,0.0,0.0,0.0
,,,21,,,,,,,,,,,,15472.0,intern.admin.516,LOW,User,Legal,0.0,11.0,Active,0.0,7.0,0.0
,,,46,,,,,,,,,,,,62776.0,specialist.infra.586,MEDIUM,User,Finance,0.0,3.0,Active,1.0,1.0,1.0
,,,49,,,,,,,,,,,,10998.0,admin.risk.432,MEDIUM,User,HR,0.0,17.0,Active,0.0,1.0,0.0
,,,17,,,,,,,,,,,,161134.0,intern.admin.891,LOW,Analyst,Operations,0.0,13.0,Active,0.0,0.0,0.0
,,,43,,,,,,,,,,,,293097.0,engineer.security.469,MEDIUM,Manager,Legal,0.0,9.0,Active,0.0,1.0,0.0
,,,99,,,,,,,,,,,,40917.0,ceo.exec.495,CRITICAL,Analyst,Finance,1.0,17.0,Active,1.0,1.0,0.0
,,,44,,,,,,,,,,,,10760.0,analyst.security.379,MEDIUM,Analyst,Legal,0.0,28.0,Active,1.0,3.0,0.0
,,,72,,,,,,,,,,,,101587.0,vp.risk.52,HIGH,User,Legal,1.0,2.0,Active,0.0,2.0,0.0
,,,42,,,,,,,,,,,,157.0,admin.ops.345,MEDIUM,User,HR,0.0,20.0,Active,1.0,0.0,0.0
,,,70,,,,,,,,,,,,39253.0,lead.tech.170,HIGH,Manager,Finance,1.0,3.0,Active,0.0,2.0,0.0
,,,76,,,,,,,,,,,,54633.0,manager.risk.124,HIGH,Manager,Finance,1.0,20.0,Active,1.0,0.0,0.0
,,,46,,,,,,,,,,,,36165.0,engineer.ops.123,MEDIUM,Manager,HR,0.0,24.0,Active,0.0,0.0,0.0
,,,22,,,,,,,,,,,,61654.0,user.admin.684,LOW,Analyst,Finance,0.0,1.0,Active,0.0,1.0,0.0
,,,72,,,,,,,,,,,,48962.0,manager.risk.663,HIGH,Analyst,Operations,1.0,1.0,Active,1.0,0.0,0.0
,,,48,,,,,,,,,,,,80743.0,analyst.infra.215,MEDIUM,Manager,Operations,0.0,23.0,Active,0.0,3.0,0.0
,,,42,,,,,,,,,,,,18467.0,specialist.ops.741,MEDIUM,Manager,IT,0.0,14.0,Active,0.0,11.0,0.0
,,,17,,,,,,,,,,,,28318.0,user.ops.214,LOW,Analyst,Finance,0.0,20.0,Inactive,0.0,12.0,1.0
,,,42,,,,,,,,,,,,76848.0,specialist.infra.314,MEDIUM,User,Operations,0.0,10.0,Active,1.0,0.0,0.0
,,,41,,,,,,,,,,,,16137.0,analyst.infra.853,MEDIUM,Manager,HR,0.0,0.0,Active,1.0,0.0,0.0
,,,23,,,,,,,,,,,,51963.0,guest.support.958,LOW,User,Operations,0.0,22.0,Active,1.0,3.0,0.0
,,,79,,,,,,,,,,,,17700.0,lead.security.15,HIGH,User,Finance,1.0,23.0,Active,1.0,0.0,0.0
,,,46,,,,,,,,,,,,243719.0,admin.infra.29,MEDIUM,User,IT,0.0,24.0,Active,0.0,1.0,0.0
,,,48,,,,,,,,,,,,62605.0,analyst.infra.78,MEDIUM,Analyst,IT,0.0,25.0,Active,1.0,10.0,1.0
,,,23,,,,,,,,,,,,96.0,user.ops.943,LOW,Manager,Operations,0.0,24.0,Active,1.0,0.0,0.0
,,,47,,,,,,,,,,,,117239.0,engineer.security.17,MEDIUM,Analyst,IT,0.0,27.0,Active,0.0,15.0,1.0
,,,48,,,,,,,,,,,,294419.0,analyst.ops.88,MEDIUM,User,Legal,0.0,22.0,Inactive,1.0,4.0,1.0
,,,95,,,,,,,,,,,,155.0,cfo.exec.74,CRITICAL,Analyst,IT,1.0,27.0,Active,1.0,9.0,0.0
,,,16,,,,,,,,,,,,238767.0,intern.ops.979,LOW,Analyst,Finance,0.0,12.0,Suspended,0.0,4.0,0.0
,,,19,,,,,,,,,,,,261416.0,temp.support.240,LOW,User,Finance,0.0,25.0,Active,1.0,1.0,1.0
,,,46,,,,,,,,,,,,5644.0,specialist.risk.660,MEDIUM,Analyst,IT,0.0,1.0,Active,1.0,0.0,0.0
,,,43,,,,,,,,,,,,149630.0,engineer.security.60,MEDIUM,Manager,Legal,0.0,1.0,Active,1.0,1.0,0.0
,,,45,,,,,,,,,,,,56083.0,analyst.security.498,MEDIUM,User,HR,0.0,27.0,Active,1.0,1.0,0.0
,,,96,,,,,,,,,,,,120050.0,ceo.exec.437,CRITICAL,Analyst,IT,1.0,0.0,Active,1.0,6.0,0.0
,,,78,,,,,,,,,,,,417819.0,director.trading.96,HIGH,Analyst,IT,1.0,29.0,Active,0.0,10.0,0.0
,,,43,,,,,,,,,,,,32093.0,admin.ops.663,MEDIUM,User,IT,0.0,18.0,Active,0.0,5.0,0.0
,,,46,,,,,,,,,,,,79925.0,analyst.security.300,MEDIUM,Exec,Finance,0.0,17.0,Active,0.0,13.0,1.0
,,,41,,,,,,,,,,,,137282.0,specialist.infra.994,MEDIUM,User,Operations,0.0,17.0,Active,0.0,2.0,0.0
,,,76,,,,,,,,,,,,127321.0,vp.risk.159,HIGH,User,Legal,1.0,3.0,Active,1.0,1.0,0.0
,,,49,,,,,,,,,,,,26643.0,specialist.security.461,MEDIUM,Analyst,Finance,0.0,22.0,Active,1.0,0.0,0.0
,,,49,,,,,,,,,,,,124018.0,specialist.infra.601,MEDIUM,Analyst,HR,0.0,8.0,Active,0.0,1.0,0.0
,,,23,,,,,,,,,,,,367449.0,user.admin.864,LOW,User,Operations,0.0,11.0,Active,0.0,0.0,0.0
,,,42,,,,,,,,,,,,52549.0,admin.risk.793,MEDIUM,User,Operations,0.0,19.0,Active,0.0,4.0,0.0
,,,16,,,,,,,,,,,,75057.0,temp.admin.973,LOW,User,Finance,0.0,15.0,Active,0.0,1.0,0.0
,,,78,,,,,,,,,,,,67442.0,lead.trading.181,HIGH,Exec,Finance,1.0,3.0,Active,1.0,1.0,0.0
,,,24,,,,,,,,,,,,14478.0,temp.admin.430,LOW,Analyst,Finance,0.0,1.0,Active,0.0,1.0,0.0
,,,41,,,,,,,,,,,,43640.0,analyst.risk.49,MEDIUM,User,Finance,0.0,26.0,Active,0.0,4.0,0.0
,,,21,,,,,,,,,,,,7873.0,intern.support.782,LOW,Manager,Legal,0.0,18.0,Active,0.0,4.0,0.0
,,,70,,,,,,,,,,,,417791.0,director.tech.817,HIGH,User,Legal,1.0,26.0,Active,1.0,11.0,0.0
,,,23,,,,,,,,,,,,185849.0,guest.support.628,LOW,Analyst,IT,0.0,27.0,Active,0.0,11.0,1.0
,,,99,,,,,,,,,,,,67012.0,cfo.board.135,CRITICAL,User,Finance,1.0,21.0,Active,1.0,3.0,0.0
,,,44,,,,,,,,,,,,5472.0,engineer.infra.585,MEDIUM,Analyst,Finance,0.0,17.0,Active,1.0,3.0,0.0
,,,19,,,,,,,,,,,,80258.0,guest.ops.639,LOW,Analyst,Finance,0.0,11.0,Active,1.0,13.0,0.0
,,,74,,,,,,,,,,,,26227.0,manager.security.150,HIGH,Manager,Operations,1.0,3.0,Active,1.0,0.0,0.0
,,,75,,,,,,,,,,,,180473.0,director.risk.395,HIGH,Manager,Legal,1.0,15.0,Active,1.0,2.0,0.0
,,,73,,,,,,,,,,,,74735.0,director.trading.332,HIGH,User,Finance,1.0,4.0,Active,1.0,2.0,0.0
,,,71,,,,,,,,,,,,132317.0,lead.trading.286,HIGH,User,Finance,1.0,24.0,Active,1.0,0.0,0.0
,,,45,,,,,,,,,,,,729.0,engineer.security.600,MEDIUM,User,Operations,0.0,25.0,Active,1.0,1.0,0.0
,,,40,,,,,,,,,,,,355952.0,engineer.security.557,MEDIUM,User,HR,0.0,0.0,Active,0.0,2.0,0.0
,,,43,,,,,,,,,,,,69544.0,specialist.risk.696,MEDIUM,Analyst,Finance,0.0,27.0,Active,0.0,8.0,0.0
,,,70,,,,,,,,,,,,85215.0,vp.security.224,HIGH,User,IT,1.0,16.0,Active,1.0,3.0,0.0
,,,17,,,,,,,,,,,,72354.0,guest.support.880,LOW,Analyst,IT,0.0,7.0,Active,1.0,11.0,0.0
,,,94,,,,,,,,,,,,74729.0,cfo.exec.567,CRITICAL,Analyst,HR,1.0,6.0,Active,1.0,1.0,0.0
,,,46,,,,,,,,,,,,9202.0,specialist.ops.549,MEDIUM,User,HR,0.0,1.0,Active,1.0,0.0,0.0
,,,42,,,,,,,,,,,,31494.0,engineer.risk.606,MEDIUM,Analyst,IT,0.0,26.0,Active,0.0,4.0,0.0
,,,98,,,,,,,,,,,,18335.0,cto.board.727,CRITICAL,User,HR,1.0,6.0,Active,1.0,0.0,0.0
,,,90,,,,,,,,,,,,131.0,cto.board.21,CRITICAL,Analyst,Finance,1.0,18.0,Suspended,1.0,16.0,1.0
,,,46,,,,,,,,,,,,189554.0,specialist.ops.97,MEDIUM,User,Finance,0.0,14.0,Active,0.0,0.0,0.0
,,,95,,,,,,,,,,,,4719.0,head_security.board.283,CRITICAL,User,Finance,1.0,4.0,Active,1.0,23.0,0.0
,,,91,,,,,,,,,,,,147635.0,ceo.board.31,CRITICAL,User,Finance,1.0,15.0,Suspended,1.0,26.0,1.0
,,,20,,,,,,,,,,,,31924.0,intern.support.212,LOW,User,Finance,0.0,21.0,Active,1.0,2.0,0.0
,,,43,,,,,,,,,,,,193258.0,specialist.infra.32,MEDIUM,User,Legal,0.0,17.0,Active,1.0,1.0,0.0
,,,18,,,,,,,,,,,,12361.0,intern.admin.516,LOW,Analyst,IT,0.0,8.0,Active,0.0,5.0,0.0
,,,47,,,,,,,,,,,,30356.0,analyst.infra.542,MEDIUM,Analyst,IT,0.0,4.0,Active,1.0,3.0,0.0
,,,22,,,,,,,,,,,,61846.0,temp.admin.835,LOW,Manager,IT,0.0,9.0,Suspended,0.0,17.0,1.0
,,,70,,,,,,,,,,,,21956.0,lead.tech.367,HIGH,Exec,Finance,1.0,15.0,Inactive,1.0,3.0,0.0
,,,44,,,,,,,,,,,,242.0,engineer.ops.167,MEDIUM,User,Finance,0.0,7.0,Active,1.0,1.0,0.0
,,,40,,,,,,,,,,,,356259.0,admin.security.768,MEDIUM,User,Finance,0.0,3.0,Active,1.0,2.0,1.0
,,,98,,,,,,,,,,,,42675.0,cfo.exec.105,CRITICAL,Manager,Legal,1.0,21.0,Inactive,1.0,5.0,0.0
,,,93,,,,,,,,,,,,192588.0,cto.exec.588,CRITICAL,Exec,IT,1.0,16.0,Active,1.0,4.0,0.0
,,,97,,,,,,,,,,,,178406.0,cfo.exec.611,CRITICAL,Analyst,Legal,1.0,19.0,Active,1.0,0.0,0.0
,,,78,,,,,,,,,,,,150163.0,vp.risk.246,HIGH,User,Finance,1.0,12.0,Active,1.0,1.0,0.0
,,,47,,,,,,,,,,,,68540.0,engineer.infra.561,MEDIUM,Analyst,Operations,0.0,26.0,Active,1.0,8.0,0.0
,,,17,,,,,,,,,,,,7126.0,temp.ops.638,LOW,Analyst,Finance,0.0,28.0,Active,0.0,0.0,0.0
,,,45,,,,,,,,,,,,71062.0,engineer.ops.576,MEDIUM,User,HR,0.0,5.0,Active,0.0,14.0,0.0
,,,24,,,,,,,,,,,,21871.0,intern.ops.520,LOW,Manager,Legal,0.0,6.0,Active,0.0,4.0,0.0
,,,22,,,,,,,,,,,,50377.0,user.admin.84,LOW,Analyst,Operations,0.0,4.0,Active,0.0,3.0,0.0
,,,73,,,,,,,,,,,,95643.0,director.trading.585,HIGH,Exec,Legal,1.0,19.0,Active,1.0,12.0,0.0
,,,19,,,,,,,,,,,,15659.0,guest.support.01,LOW,User,Operations,0.0,28.0,Active,1.0,4.0,0.0
,,,72,,,,,,,,,,,,16963.0,manager.security.23,HIGH,Analyst,IT,1.0,10.0,Active,1.0,1.0,0.0
,,,46,,,,,,,,,,,,1224.0,specialist.infra.368,MEDIUM,Analyst,IT,0.0,28.0,Active,0.0,1.0,0.0
,,,40,,,,,,,,,,,,58581.0,specialist.security.987,MEDIUM,Manager,IT,0.0,3.0,Active,1.0,0.0,0.0
,,,49,,,,,,,,,,,,46367.0,specialist.ops.727,MEDIUM,Manager,IT,0.0,26.0,Active,0.0,5.0,0.0
,,,19,,,,,,,,,,,,54184.0,intern.admin.918,LOW,Analyst,Finance,0.0,20.0,Active,0.0,4.0,0.0
,,,46,,,,,,,,,,,,54329.0,analyst.risk.669,MEDIUM,User,Finance,0.0,15.0,Active,0.0,0.0,0.0
,,,97,,,,,,,,,,,,30184.0,head_security.exec.419,CRITICAL,Exec,IT,1.0,26.0,Active,1.0,0.0,0.0
,,,94,,,,,,,,,,,,63299.0,cto.exec.560,CRITICAL,User,Finance,1.0,9.0,Active,1.0,7.0,0.0
,,,97,,,,,,,,,,,,142045.0,cfo.exec.67,CRITICAL,User,Operations,1.0,28.0,Active,1.0,2.0,0.0
,,,78,,,,,,,,,,,,17262.0,director.trading.437,HIGH,Manager,Finance,1.0,26.0,Active,1.0,11.0,1.0
,,,75,,,,,,,,,,,,49339.0,lead.trading.199,HIGH,User,HR,1.0,19.0,Active,1.0,0.0,0.0
,,,46,,,,,,,,,,,,58465.0,admin.ops.569,MEDIUM,Analyst,Finance,0.0,17.0,Active,1.0,11.0,1.0
,,,16,,,,,,,,,,,,205954.0,user.ops.889,LOW,Exec,Legal,0.0,14.0,Active,0.0,6.0,0.0
,,,77,,,,,,,,,,,,50496.0,lead.tech.107,HIGH,User,IT,1.0,19.0,Active,1.0,11.0,0.0
,,,19,,,,,,,,,,,,56209.0,user.support.716,LOW,Analyst,IT,0.0,6.0,Active,0.0,4.0,0.0
,,,71,,,,,,,,,,,,66860.0,director.risk.229,HIGH,Analyst,Operations,1.0,21.0,Active,1.0,1.0,0.0
,,,72,,,,,,,,,,,,450222.0,director.trading.270,HIGH,User,Operations,1.0,21.0,Active,1.0,1.0,0.0
,,,19,,,,,,,,,,,,2959.0,guest.support.232,LOW,Analyst,HR,0.0,1.0,Active,0.0,0.0,1.0
,,,21,,,,,,,,,,,,219350.0,user.ops.877,LOW,User,Finance,0.0,7.0,Active,1.0,1.0,0.0
,,,92,,,,,,,,,,,,270583.0,head_security.board.759,CRITICAL,Analyst,IT,1.0,7.0,Active,1.0,16.0,1.0
,,,46,,,,,,,,,,,,106101.0,admin.ops.635,MEDIUM,User,Legal,0.0,27.0,Inactive,1.0,1.0,1.0
,,,15,,,,,,,,,,,,36616.0,guest.support.985,LOW,Analyst,IT,0.0,26.0,Inactive,1.0,0.0,0.0
,,,40,,,,,,,,,,,,39017.0,engineer.ops.153,MEDIUM,Analyst,IT,0.0,7.0,Active,0.0,0.0,1.0
,,,97,,,,,,,,,,,,47752.0,cfo.board.43,CRITICAL,User,HR,1.0,20.0,Active,1.0,3.0,0.0
,,,41,,,,,,,,,,,,549.0,specialist.ops.424,MEDIUM,Exec,Legal,0.0,14.0,Active,1.0,12.0,0.0
,,,96,,,,,,,,,,,,285155.0,cfo.board.989,CRITICAL,Manager,Legal,1.0,5.0,Active,1.0,17.0,0.0
,,,40,,,,,,,,,,,,114.0,engineer.security.677,MEDIUM,User,IT,0.0,22.0,Active,1.0,1.0,0.0
,,,78,,,,,,,,,,,,157641.0,vp.tech.149,HIGH,Analyst,HR,1.0,29.0,Active,1.0,2.0,0.0
,,,16,,,,,,,,,,,,164697.0,temp.support.414,LOW,Manager,Operations,0.0,15.0,Active,0.0,0.0,0.0
,,,75,,,,,,,,,,,,251987.0,director.trading.279,HIGH,User,Operations,1.0,29.0,Active,1.0,0.0,0.0
,,,79,,,,,,,,,,,,168674.0,director.security.136,HIGH,Analyst,Finance,1.0,24.0,Active,1.0,0.0,0.0
,,,93,,,,,,,,,,,,183954.0,head_security.board.983,CRITICAL,Analyst,Legal,1.0,5.0,Active,1.0,11.0,1.0
,,,44,,,,,,,,,,,,110363.0,engineer.infra.808,MEDIUM,User,HR,0.0,5.0,Inactive,0.0,3.0,1.0
,,,19,,,,,,,,,,,,36951.0,user.support.779,LOW,Exec,Legal,0.0,29.0,Active,1.0,0.0,0.0
,,,21,,,,,,,,,,,,41050.0,guest.admin.932,LOW,User,IT,0.0,10.0,Active,0.0,1.0,0.0
,,,75,,,,,,,,,,,,50070.0,vp.risk.860,HIGH,Analyst,Operations,1.0,20.0,Active,1.0,8.0,0.0
,,,78,,,,,,,,,,,,66857.0,lead.tech.170,HIGH,User,Finance,1.0,5.0,Active,1.0,17.0,0.0
,,,90,,,,,,,,,,,,39280.0,ceo.board.228,CRITICAL,Analyst,Finance,1.0,29.0,Active,1.0,15.0,0.0
,,,47,,,,,,,,,,,,29099.0,specialist.ops.499,MEDIUM,Analyst,HR,0.0,16.0,Active,1.0,2.0,0.0
,,,49,,,,,,,,,,,,445023.0,engineer.ops.574,MEDIUM,User,IT,0.0,24.0,Active,0.0,1.0,1.0
,,,75,,,,,,,,,,,,198425.0,vp.security.240,HIGH,User,HR,1.0,20.0,Active,1.0,12.0,1.0
,,,19,,,,,,,,,,,,40389.0,temp.support.483,LOW,User,Operations,0.0,11.0,Inactive,0.0,17.0,1.0
,,,40,,,,,,,,,,,,41328.0,analyst.ops.236,MEDIUM,Analyst,Operations,0.0,6.0,Active,1.0,11.0,0.0
,,,22,,,,,,,,,,,,320040.0,user.admin.405,LOW,Manager,HR,0.0,0.0,Active,0.0,0.0,0.0
,,,49,,,,,,,,,,,,2048.0,admin.ops.231,MEDIUM,User,Finance,0.0,0.0,Active,0.0,2.0,0.0
,,,44,,,,,,,,,,,,53432.0,engineer.risk.602,MEDIUM,Manager,Operations,0.0,14.0,Active,1.0,1.0,0.0
,,,46,,,,,,,,,,,,213458.0,engineer.ops.549,MEDIUM,Analyst,IT,0.0,8.0,Suspended,0.0,1.0,0.0
,,,24,,,,,,,,,,,,241212.0,guest.admin.254,LOW,Analyst,IT,0.0,12.0,Suspended,1.0,0.0,0.0
,,,21,,,,,,,,,,,,8376.0,guest.support.316,LOW,Manager,Finance,0.0,25.0,Active,0.0,4.0,1.0
,,,42,,,,,,,,,,,,63025.0,admin.ops.130,MEDIUM,Analyst,Operations,0.0,5.0,Active,1.0,1.0,0.0
,,,99,,,,,,,,,,,,94569.0,cto.board.70,CRITICAL,User,Finance,1.0,29.0,Active,1.0,1.0,0.0
,,,49,,,,,,,,,,,,15280.0,specialist.risk.833,MEDIUM,Analyst,IT,0.0,5.0,Active,1.0,0.0,0.0
,,,42,,,,,,,,,,,,49475.0,analyst.risk.11,MEDIUM,Manager,IT,0.0,11.0,Active,0.0,2.0,0.0
,,,72,,,,,,,,,,,,167599.0,director.security.822,HIGH,User,HR,1.0,1.0,Active,1.0,1.0,0.0
,,,72,,,,,,,,,,,,64752.0,lead.trading.791,HIGH,User,IT,1.0,29.0,Active,1.0,11.0,1.0
,,,47,,,,,,,,,,,,35646.0,admin.security.513,MEDIUM,Analyst,Operations,0.0,26.0,Active,0.0,8.0,0.0
,,,24,,,,,,,,,,,,35195.0,user.admin.129,LOW,User,Operations,0.0,5.0,Active,0.0,5.0,1.0
,,,95,,,,,,,,,,,,95873.0,ceo.board.431,CRITICAL,Analyst,Operations,1.0,23.0,Active,1.0,14.0,1.0
,,,46,,,,,,,,,,,,414133.0,analyst.infra.316,MEDIUM,User,HR,0.0,1.0,Suspended,1.0,0.0,0.0
,,,73,,,,,,,,,,,,9941.0,lead.tech.278,HIGH,Analyst,Legal,1.0,26.0,Active,0.0,0.0,0.0
,,,24,,,,,,,,,,,,124601.0,temp.ops.551,LOW,Analyst,Operations,0.0,1.0,Active,1.0,1.0,0.0
,,,70,,,,,,,,,,,,173536.0,director.security.230,HIGH,User,Legal,1.0,15.0,Active,1.0,1.0,0.0
,,,23,,,,,,,,,,,,29640.0,intern.admin.837,LOW,Analyst,IT,0.0,25.0,Active,1.0,1.0,0.0
,,,92,,,,,,,,,,,,74629.0,cfo.board.47,CRITICAL,Exec,Operations,1.0,27.0,Inactive,1.0,0.0,0.0
,,,41,,,,,,,,,,,,11841.0,admin.security.938,MEDIUM,Analyst,HR,0.0,25.0,Active,1.0,4.0,0.0
,,,23,,,,,,,,,,,,119.0,intern.support.974,LOW,User,IT,0.0,5.0,Inactive,1.0,1.0,0.0
,,,43,,,,,,,,,,,,169600.0,admin.infra.337,MEDIUM,User,Operations,0.0,12.0,Active,0.0,1.0,0.0
,,,42,,,,,,,,,,,,5348.0,analyst.infra.200,MEDIUM,Analyst,HR,0.0,23.0,Active,1.0,2.0,0.0
,,,41,,,,,,,,,,,,79241.0,specialist.infra.706,MEDIUM,Manager,HR,0.0,29.0,Active,1.0,9.0,0.0
,,,18,,,,,,,,,,,,437.0,temp.support.531,LOW,Analyst,Finance,0.0,24.0,Active,0.0,5.0,0.0
,,,44,,,,,,,,,,,,41896.0,specialist.infra.843,MEDIUM,User,Operations,0.0,22.0,Active,1.0,1.0,0.0
,,,47,,,,,,,,,,,,3479.0,analyst.risk.969,MEDIUM,User,Finance,0.0,28.0,Active,1.0,0.0,0.0
,,,15,,,,,,,,,,,,1880.0,intern.ops.850,LOW,Analyst,Operations,0.0,11.0,Suspended,0.0,1.0,0.0
,,,20,,,,,,,,,,,,10103.0,guest.admin.566,LOW,Analyst,IT,0.0,27.0,Active,0.0,3.0,0.0
,,,76,,,,,,,,,,,,79459.0,vp.security.285,HIGH,Manager,IT,1.0,18.0,Suspended,1.0,0.0,0.0
,,,46,,,,,,,,,,,,23854.0,analyst.infra.345,MEDIUM,User,HR,0.0,29.0,Active,0.0,12.0,1.0
,,,20,,,,,,,,,,,,175982.0,temp.ops.941,LOW,User,IT,0.0,29.0,Active,0.0,0.0,0.0
,,,45,,,,,,,,,,,,184439.0,engineer.security.606,MEDIUM,Analyst,Operations,0.0,21.0,Active,0.0,1.0,0.0
,,,91,,,,,,,,,,,,439540.0,head_security.board.322,CRITICAL,Analyst,IT,1.0,22.0,Active,1.0,1.0,0.0
,,,44,,,,,,,,,,,,379714.0,admin.ops.102,MEDIUM,User,IT,0.0,6.0,Active,0.0,3.0,0.0
,,,46,,,,,,,,,,,,71138.0,admin.risk.432,MEDIUM,Analyst,Operations,0.0,23.0,Inactive,1.0,17.0,1.0
,,,76,,,,,,,,,,,,2175.0,lead.trading.158,HIGH,Analyst,IT,1.0,2.0,Active,1.0,4.0,0.0
,,,75,,,,,,,,,,,,22627.0,director.risk.626,HIGH,User,Legal,1.0,15.0,Active,0.0,8.0,0.0
,,,40,,,,,,,,,,,,14718.0,specialist.infra.227,MEDIUM,Manager,IT,0.0,23.0,Active,0.0,8.0,1.0
,,,47,,,,,,,,,,,,258621.0,engineer.security.703,MEDIUM,Manager,Operations,0.0,12.0,Active,0.0,0.0,0.0
,,,20,,,,,,,,,,,,17333.0,user.support.02,LOW,User,Operations,0.0,19.0,Active,0.0,4.0,0.0
,,,76,,,,,,,,,,,,9325.0,vp.risk.789,HIGH,Analyst,Operations,1.0,8.0,Active,1.0,2.0,0.0
,,,77,,,,,,,,,,,,199200.0,manager.tech.679,HIGH,Manager,Legal,1.0,1.0,Suspended,1.0,4.0,0.0
,,,41,,,,,,,,,,,,25440.0,admin.security.312,MEDIUM,Analyst,Finance,0.0,26.0,Active,0.0,3.0,0.0
,,,43,,,,,,,,,,,,218920.0,analyst.security.745,MEDIUM,Analyst,Operations,0.0,10.0,Active,0.0,2.0,0.0
,,,75,,,,,,,,,,,,74.0,director.trading.257,HIGH,User,HR,1.0,24.0,Active,0.0,1.0,1.0
,,,40,,,,,,,,,,,,63793.0,analyst.infra.00,MEDIUM,Analyst,Operations,0.0,9.0,Active,0.0,1.0,0.0
,,,47,,,,,,,,,,,,384826.0,analyst.risk.568,MEDIUM,User,Legal,0.0,14.0,Active,0.0,2.0,0.0
,,,40,,,,,,,,,,,,120023.0,engineer.security.643,MEDIUM,Analyst,Finance,0.0,19.0,Active,0.0,0.0,0.0
,,,44,,,,,,,,,,,,141942.0,admin.risk.507,MEDIUM,Analyst,HR,0.0,9.0,Active,0.0,4.0,1.0
,,,18,,,,,,,,,,,,387211.0,intern.ops.859,LOW,Analyst,IT,0.0,22.0,Active,1.0,2.0,0.0
,,,70,,,,,,,,,,,,103958.0,lead.security.373,HIGH,Exec,Finance,1.0,4.0,Inactive,1.0,19.0,0.0
,,,16,,,,,,,,,,,,5250.0,temp.admin.874,LOW,Analyst,Finance,0.0,4.0,Active,0.0,1.0,0.0
,,,78,,,,,,,,,,,,37024.0,director.trading.183,HIGH,Analyst,Finance,1.0,7.0,Active,0.0,0.0,0.0
,,,20,,,,,,,,,,,,251341.0,temp.ops.14,LOW,User,IT,0.0,6.0,Active,0.0,1.0,0.0
,,,46,,,,,,,,,,,,37091.0,specialist.ops.632,MEDIUM,User,Operations,0.0,2.0,Active,1.0,2.0,0.0
,,,91,,,,,,,,,,,,61638.0,cfo.board.128,CRITICAL,Analyst,IT,1.0,5.0,Active,1.0,6.0,1.0
,,,24,,,,,,,,,,,,35799.0,guest.admin.611,LOW,User,Finance,0.0,13.0,Active,0.0,9.0,0.0
,,,49,,,,,,,,,,,,16975.0,engineer.risk.55,MEDIUM,User,Finance,0.0,10.0,Active,0.0,0.0,1.0
,,,22,,,,,,,,,,,,120217.0,guest.ops.264,LOW,Analyst,Legal,0.0,24.0,Active,0.0,1.0,0.0
,,,42,,,,,,,,,,,,401477.0,specialist.security.55,MEDIUM,Analyst,HR,0.0,13.0,Active,1.0,2.0,0.0
,,,71,,,,,,,,,,,,12870.0,director.tech.134,HIGH,User,IT,1.0,20.0,Active,0.0,1.0,0.0
,,,44,,,,,,,,,,,,30726.0,admin.risk.595,MEDIUM,Analyst,Finance,0.0,16.0,Active,0.0,1.0,0.0
,,,48,,,,,,,,,,,,16238.0,specialist.ops.663,MEDIUM,User,IT,0.0,4.0,Suspended,0.0,0.0,0.0
,,,16,,,,,,,,,,,,20455.0,user.admin.867,LOW,User,Finance,0.0,10.0,Active,0.0,4.0,0.0
,,,48,,,,,,,,,,,,24036.0,specialist.ops.471,MEDIUM,Analyst,Operations,0.0,6.0,Active,0.0,4.0,0.0
,,,22,,,,,,,,,,,,3328.0,user.support.848,LOW,Analyst,Operations,0.0,26.0,Suspended,1.0,6.0,1.0
,,,24,,,,,,,,,,,,169042.0,intern.support.662,LOW,Manager,IT,0.0,3.0,Active,1.0,2.0,1.0
,,,77,,,,,,,,,,,,147701.0,lead.trading.420,HIGH,Exec,Operations,1.0,20.0,Inactive,1.0,0.0,1.0
,,,79,,,,,,,,,,,,51322.0,director.risk.846,HIGH,User,Legal,1.0,19.0,Active,1.0,21.0,0.0
,,,92,,,,,,,,,,,,115490.0,head_security.exec.671,CRITICAL,User,Operations,1.0,15.0,Active,1.0,9.0,1.0
,,,21,,,,,,,,,,,,8070.0,temp.admin.157,LOW,User,IT,0.0,27.0,Active,1.0,1.0,0.0
,,,48,,,,,,,,,,,,12206.0,specialist.ops.949,MEDIUM,Manager,Operations,0.0,11.0,Active,0.0,3.0,0.0
,,,42,,,,,,,,,,,,427476.0,admin.infra.310,MEDIUM,Analyst,IT,0.0,27.0,Inactive,1.0,3.0,0.0
,,,74,,,,,,,,,,,,598.0,lead.trading.247,HIGH,Analyst,IT,1.0,13.0,Inactive,0.0,4.0,0.0
,,,23,,,,,,,,,,,,111032.0,temp.ops.974,LOW,User,HR,0.0,29.0,Active,0.0,1.0,0.0
,,,99,,,,,,,,,,,,248606.0,cfo.exec.311,CRITICAL,User,HR,1.0,28.0,Active,0.0,4.0,0.0
,,,74,,,,,,,,,,,,10580.0,manager.tech.295,HIGH,Analyst,Legal,1.0,12.0,Inactive,1.0,0.0,0.0
,,,77,,,,,,,,,,,,362998.0,director.security.949,HIGH,Analyst,HR,1.0,13.0,Active,1.0,7.0,1.0
,,,22,,,,,,,,,,,,175402.0,temp.ops.107,LOW,User,Finance,0.0,4.0,Active,1.0,0.0,0.0
,,,20,,,,,,,,,,,,151803.0,temp.admin.802,LOW,User,HR,0.0,18.0,Active,0.0,0.0,0.0
,,,16,,,,,,,,,,,,384054.0,guest.ops.225,LOW,Analyst,Legal,0.0,22.0,Active,0.0,0.0,0.0
,,,97,,,,,,,,,,,,60944.0,ceo.exec.491,CRITICAL,Manager,Operations,1.0,22.0,Active,1.0,12.0,0.0
,,,45,,,,,,,,,,,,10226.0,engineer.security.677,MEDIUM,User,IT,0.0,25.0,Suspended,1.0,1.0,0.0
,,,17,,,,,,,,,,,,192120.0,user.admin.960,LOW,User,IT,0.0,4.0,Inactive,0.0,1.0,0.0
,,,76,,,,,,,,,,,,453.0,manager.trading.125,HIGH,Exec,Operations,1.0,21.0,Active,0.0,1.0,0.0
,,,46,,,,,,,,,,,,38863.0,specialist.ops.568,MEDIUM,Analyst,Legal,0.0,29.0,Inactive,0.0,11.0,1.0
,,,44,,,,,,,,,,,,60985.0,admin.risk.567,MEDIUM,User,IT,0.0,25.0,Active,1.0,5.0,0.0
,,,47,,,,,,,,,,,,133882.0,engineer.infra.692,MEDIUM,Analyst,IT,0.0,26.0,Active,1.0,5.0,0.0
,,,73,,,,,,,,,,,,271239.0,lead.security.117,HIGH,Analyst,Operations,1.0,12.0,Active,1.0,21.0,0.0
,,,15,,,,,,,,,,,,295936.0,intern.support.920,LOW,Analyst,Finance,0.0,12.0,Active,1.0,0.0,0.0
,,,78,,,,,,,,,,,,54927.0,lead.security.190,HIGH,Analyst,IT,1.0,12.0,Suspended,1.0,0.0,0.0
,,,96,,,,,,,,,,,,133177.0,ceo.board.69,CRITICAL,Analyst,Finance,1.0,28.0,Active,1.0,0.0,0.0
,,,79,,,,,,,,,,,,406145.0,manager.risk.454,HIGH,Manager,Operations,1.0,20.0,Active,1.0,0.0,0.0
,,,75,,,,,,,,,,,,57291.0,lead.security.231,HIGH,Analyst,HR,1.0,26.0,Active,0.0,9.0,0.0
,,,42,,,,,,,,,,,,5134.0,specialist.risk.939,MEDIUM,User,Finance,0.0,1.0,Active,0.0,0.0,0.0
,,,78,,,,,,,,,,,,2807.0,vp.risk.148,HIGH,User,Finance,1.0,18.0,Active,0.0,0.0,0.0
,,,15,,,,,,,,,,,,176786.0,intern.support.176,LOW,Analyst,Finance,0.0,11.0,Active,0.0,2.0,0.0
,,,40,,,,,,,,,,,,493.0,specialist.ops.703,MEDIUM,User,Legal,0.0,13.0,Active,0.0,1.0,0.0
,,,44,,,,,,,,,,,,107135.0,engineer.ops.407,MEDIUM,Analyst,Finance,0.0,9.0,Active,0.0,6.0,0.0
,,,45,,,,,,,,,,,,12595.0,engineer.infra.514,MEDIUM,User,Operations,0.0,5.0,Inactive,0.0,0.0,0.0
,,,40,,,,,,,,,,,,63501.0,analyst.risk.609,MEDIUM,Analyst,IT,0.0,5.0,Active,0.0,2.0,0.0
,,,20,,,,,,,,,,,,6270.0,temp.ops.917,LOW,Exec,Finance,0.0,3.0,Active,1.0,0.0,0.0
,,,77,,,,,,,,,,,,11766.0,vp.risk.332,HIGH,Analyst,Finance,1.0,22.0,Inactive,1.0,2.0,0.0
,,,22,,,,,,,,,,,,96040.0,intern.support.437,LOW,User,IT,0.0,5.0,Inactive,0.0,0.0,0.0
,,,40,,,,,,,,,,,,343548.0,specialist.infra.362,MEDIUM,User,Operations,0.0,26.0,Active,0.0,2.0,1.0
,,,23,,,,,,,,,,,,400.0,user.support.896,LOW,Analyst,IT,0.0,17.0,Active,0.0,14.0,0.0
,,,78,,,,,,,,,,,,136687.0,vp.trading.363,HIGH,User,Legal,1.0,0.0,Active,0.0,1.0,0.0
,,,75,,,,,,,,,,,,105264.0,vp.risk.575,HIGH,Analyst,IT,1.0,6.0,Active,1.0,1.0,0.0
,,,91,,,,,,,,,,,,94000.0,head_security.board.535,CRITICAL,Exec,Finance,1.0,18.0,Active,1.0,4.0,0.0
,,,78,,,,,,,,,,,,309396.0,director.security.232,HIGH,Manager,Finance,1.0,20.0,Active,1.0,0.0,0.0
,,,79,,,,,,,,,,,,47146.0,vp.tech.922,HIGH,User,Operations,1.0,3.0,Active,1.0,1.0,0.0
,,,73,,,,,,,,,,,,274182.0,director.trading.270,HIGH,Analyst,HR,1.0,26.0,Active,1.0,8.0,1.0
,,,47,,,,,,,,,,,,69.0,specialist.ops.554,MEDIUM,Manager,Finance,0.0,14.0,Active,1.0,1.0,1.0
,,,42,,,,,,,,,,,,81760.0,engineer.security.339,MEDIUM,User,Finance,0.0,1.0,Active,0.0,0.0,0.0
,,,40,,,,,,,,,,,,241032.0,analyst.risk.637,MEDIUM,User,Finance,0.0,22.0,Active,0.0,2.0,0.0
,,,99,,,,,,,,,,,,141809.0,head_security.exec.60,CRITICAL,Analyst,Finance,1.0,24.0,Active,1.0,11.0,0.0
,,,40,,,,,,,,,,,,305717.0,admin.security.858,MEDIUM,Analyst,Finance,0.0,23.0,Active,1.0,2.0,0.0
,,,70,,,,,,,,,,,,54650.0,vp.risk.572,HIGH,Analyst,HR,1.0,14.0,Active,1.0,3.0,0.0
,,,18,,,,,,,,,,,,42476.0,guest.admin.131,LOW,Analyst,Operations,0.0,4.0,Active,0.0,1.0,0.0
,,,71,,,,,,,,,,,,108454.0,manager.tech.674,HIGH,Analyst,Finance,1.0,28.0,Active,1.0,2.0,0.0
,,,48,,,,,,,,,,,,118931.0,specialist.risk.191,MEDIUM,Manager,HR,0.0,9.0,Active,1.0,1.0,0.0
,,,43,,,,,,,,,,,,357968.0,specialist.risk.600,MEDIUM,User,IT,0.0,28.0,Active,1.0,2.0,0.0
,,,76,,,,,,,,,,,,53564.0,director.trading.270,HIGH,Analyst,Legal,1.0,16.0,Active,0.0,7.0,1.0
,,,42,,,,,,,,,,,,400046.0,admin.risk.544,MEDIUM,User,Legal,0.0,15.0,Active,0.0,5.0,0.0
,,,24,,,,,,,,,,,,49599.0,guest.support.985,LOW,Exec,Finance,0.0,26.0,Active,0.0,0.0,0.0
,,,23,,,,,,,,,,,,6344.0,guest.support.997,LOW,Analyst,IT,0.0,3.0,Active,0.0,0.0,0.0
,,,74,,,,,,,,,,,,38587.0,manager.trading.262,HIGH,Analyst,Legal,1.0,10.0,Active,1.0,0.0,0.0
,,,94,,,,,,,,,,,,35934.0,cto.exec.117,CRITICAL,User,HR,1.0,24.0,Suspended,1.0,14.0,1.0
,,,45,,,,,,,,,,,,6032.0,analyst.ops.577,MEDIUM,Analyst,IT,0.0,1.0,Active,1.0,1.0,0.0
,,,15,,,,,,,,,,,,36954.0,intern.ops.706,LOW,Manager,Operations,0.0,9.0,Active,1.0,17.0,1.0
,,,93,,,,,,,,,,,,46885.0,cfo.exec.536,CRITICAL,Manager,IT,1.0,29.0,Active,1.0,8.0,0.0
,,,48,,,,,,,,,,,,234294.0,analyst.risk.278,MEDIUM,User,Finance,0.0,15.0,Active,1.0,0.0,0.0
,,,71,,,,,,,,,,,,442553.0,manager.security.103,HIGH,User,Legal,1.0,9.0,Active,0.0,16.0,0.0
,,,72,,,,,,,,,,,,27804.0,lead.risk.278,HIGH,Analyst,Finance,1.0,5.0,Suspended,0.0,1.0,0.0
,,,16,,,,,,,,,,,,160095.0,guest.ops.765,LOW,Analyst,IT,0.0,9.0,Active,1.0,8.0,0.0
,,,43,,,,,,,,,,,,161694.0,admin.ops.312,MEDIUM,Analyst,Finance,0.0,10.0,Active,1.0,2.0,0.0
,,,94,,,,,,,,,,,,59121.0,cfo.exec.83,CRITICAL,User,IT,1.0,13.0,Active,1.0,1.0,0.0
,,,44,,,,,,,,,,,,34441.0,analyst.risk.235,MEDIUM,User,Operations,0.0,4.0,Active,0.0,5.0,0.0
,,,49,,,,,,,,,,,,146516.0,admin.infra.584,MEDIUM,User,IT,0.0,12.0,Active,1.0,14.0,0.0
,,,40,,,,,,,,,,,,144282.0,analyst.risk.265,MEDIUM,Analyst,Legal,0.0,24.0,Active,1.0,1.0,1.0
,,,43,,,,,,,,,,,,220155.0,analyst.risk.347,MEDIUM,User,Finance,0.0,28.0,Active,0.0,2.0,0.0
,,,17,,,,,,,,,,,,166407.0,intern.ops.304,LOW,Manager,Finance,0.0,25.0,Active,1.0,0.0,0.0
,,,41,,,,,,,,,,,,316952.0,analyst.security.523,MEDIUM,Analyst,HR,0.0,25.0,Active,1.0,0.0,0.0
,,,18,,,,,,,,,,,,148941.0,user.ops.121,LOW,Analyst,IT,0.0,9.0,Active,1.0,2.0,0.0
,,,98,,,,,,,,,,,,6858.0,ceo.board.417,CRITICAL,User,HR,1.0,7.0,Active,1.0,1.0,0.0
,,,46,,,,,,,,,,,,195338.0,admin.security.407,MEDIUM,Exec,Finance,0.0,22.0,Active,0.0,0.0,1.0
,,,96,,,,,,,,,,,,10981.0,cto.board.381,CRITICAL,User,IT,1.0,12.0,Active,1.0,1.0,0.0
,,,71,,,,,,,,,,,,20532.0,manager.security.247,HIGH,User,IT,1.0,24.0,Active,1.0,9.0,0.0
,,,18,,,,,,,,,,,,95779.0,temp.support.963,LOW,Manager,Legal,0.0,0.0,Active,1.0,1.0,0.0
,,,18,,,,,,,,,,,,48781.0,guest.ops.111,LOW,User,IT,0.0,3.0,Active,0.0,0.0,0.0
,,,90,,,,,,,,,,,,80670.0,cto.exec.141,CRITICAL,Manager,Finance,1.0,22.0,Active,0.0,0.0,0.0
,,,99,,,,,,,,,,,,33095.0,ceo.board.77,CRITICAL,User,HR,1.0,0.0,Active,1.0,0.0,0.0
,,,22,,,,,,,,,,,,23174.0,guest.ops.873,LOW,User,IT,0.0,18.0,Active,0.0,0.0,0.0
,,,73,,,,,,,,,,,,36487.0,lead.tech.214,HIGH,Analyst,Finance,1.0,29.0,Active,1.0,1.0,0.0
,,,19,,,,,,,,,,,,79033.0,intern.ops.877,LOW,Analyst,IT,0.0,6.0,Active,0.0,1.0,0.0
,,,15,,,,,,,,,,,,66862.0,intern.ops.529,LOW,Manager,Operations,0.0,23.0,Active,0.0,0.0,0.0
,,,47,,,,,,,,,,,,435571.0,engineer.infra.694,MEDIUM,Manager,Finance,0.0,21.0,Active,0.0,0.0,0.0
,,,24,,,,,,,,,,,,6408.0,user.admin.756,LOW,Exec,IT,0.0,25.0,Active,1.0,1.0,0.0
,,,21,,,,,,,,,,,,722.0,user.admin.714,LOW,Analyst,Operations,0.0,10.0,Active,0.0,3.0,0.0
,,,49,,,,,,,,,,,,1381.0,admin.risk.361,MEDIUM,Analyst,Finance,0.0,21.0,Suspended,0.0,0.0,0.0
,,,48,,,,,,,,,,,,151588.0,engineer.ops.784,MEDIUM,Analyst,Finance,0.0,16.0,Active,0.0,0.0,0.0
,,,41,,,,,,,,,,,,146627.0,analyst.security.315,MEDIUM,Analyst,Operations,0.0,13.0,Suspended,1.0,0.0,0.0
,,,48,,,,,,,,,,,,221582.0,admin.risk.368,MEDIUM,Analyst,Finance,0.0,2.0,Active,1.0,2.0,0.0
,,,24,,,,,,,,,,,,6079.0,user.support.527,LOW,Analyst,Legal,0.0,9.0,Suspended,0.0,0.0,0.0
,,,48,,,,,,,,,,,,120579.0,analyst.risk.395,MEDIUM,Analyst,Finance,0.0,6.0,Inactive,0.0,23.0,1.0
,,,79,,,,,,,,,,,,2356.0,vp.tech.391,HIGH,Analyst,Operations,1.0,11.0,Active,1.0,1.0,0.0
,,,99,,,,,,,,,,,,211352.0,head_security.board.419,CRITICAL,Manager,Finance,1.0,29.0,Active,1.0,12.0,1.0
,,,46,,,,,,,,,,,,406730.0,analyst.ops.659,MEDIUM,Analyst,Finance,0.0,2.0,Active,1.0,0.0,1.0
,,,93,,,,,,,,,,,,143686.0,cto.board.268,CRITICAL,Analyst,Finance,1.0,4.0,Active,1.0,0.0,0.0
,,,40,,,,,,,,,,,,3678.0,specialist.ops.566,MEDIUM,Analyst,Finance,0.0,24.0,Suspended,1.0,0.0,0.0
,,,15,,,,,,,,,,,,251346.0,user.admin.531,LOW,Analyst,Finance,0.0,15.0,Active,1.0,14.0,0.0
,,,42,,,,,,,,,,,,21291.0,analyst.infra.216,MEDIUM,User,Operations,0.0,27.0,Active,1.0,0.0,0.0
,,,42,,,,,,,,,,,,78687.0,admin.risk.564,MEDIUM,Analyst,IT,0.0,5.0,Active,1.0,0.0,0.0
,,,49,,,,,,,,,,,,131008.0,admin.risk.334,MEDIUM,Analyst,Finance,0.0,16.0,Active,0.0,4.0,0.0
,,,18,,,,,,,,,,,,25619.0,intern.support.869,LOW,User,IT,0.0,29.0,Active,1.0,0.0,0.0
,,,48,,,,,,,,,,,,1375.0,specialist.risk.340,MEDIUM,User,IT,0.0,21.0,Active,1.0,2.0,0.0
,,,44,,,,,,,,,,,,14902.0,specialist.infra.498,MEDIUM,Exec,Finance,0.0,23.0,Active,1.0,2.0,0.0
,,,49,,,,,,,,,,,,22929.0,engineer.risk.218,MEDIUM,Analyst,Legal,0.0,12.0,Suspended,0.0,2.0,0.0
,,,43,,,,,,,,,,,,7135.0,engineer.ops.647,MEDIUM,Analyst,Operations,0.0,8.0,Active,0.0,0.0,0.0
,,,41,,,,,,,,,,,,362512.0,engineer.infra.03,MEDIUM,User,Operations,0.0,9.0,Active,0.0,0.0,0.0
,,,76,,,,,,,,,,,,3836.0,lead.security.700,HIGH,Analyst,HR,1.0,23.0,Active,0.0,0.0,0.0
,,,73,,,,,,,,,,,,417927.0,lead.tech.589,HIGH,User,HR,1.0,13.0,Active,1.0,0.0,0.0
,,,98,,,,,,,,,,,,319957.0,cto.board.10,CRITICAL,Analyst,Operations,1.0,26.0,Active,1.0,0.0,0.0
,,,45,,,,,,,,,,,,18346.0,specialist.infra.510,MEDIUM,Analyst,Finance,0.0,17.0,Active,0.0,0.0,0.0
,,,71,,,,,,,,,,,,75.0,lead.trading.820,HIGH,User,IT,1.0,5.0,Suspended,1.0,3.0,0.0
,,,48,,,,,,,,,,,,14153.0,admin.infra.422,MEDIUM,User,HR,0.0,10.0,Active,1.0,6.0,0.0
,,,71,,,,,,,,,,,,2155.0,director.trading.114,HIGH,Analyst,Finance,1.0,27.0,Active,0.0,1.0,0.0
,,,22,,,,,,,,,,,,14355.0,user.admin.252,LOW,Analyst,Operations,0.0,18.0,Active,0.0,7.0,0.0
,,,72,,,,,,,,,,,,5549.0,director.tech.258,HIGH,Analyst,IT,1.0,17.0,Active,0.0,6.0,1.0
,,,44,,,,,,,,,,,,26497.0,engineer.infra.516,MEDIUM,User,Finance,0.0,17.0,Active,1.0,9.0,1.0
,,,98,,,,,,,,,,,,321731.0,ceo.board.308,CRITICAL,Analyst,Finance,1.0,19.0,Active,1.0,12.0,1.0
,,,47,,,,,,,,,,,,7290.0,engineer.risk.905,MEDIUM,Analyst,HR,0.0,1.0,Active,1.0,3.0,0.0
,,,46,,,,,,,,,,,,37863.0,specialist.risk.995,MEDIUM,User,Finance,0.0,9.0,Active,0.0,1.0,0.0
,,,40,,,,,,,,,,,,164627.0,engineer.security.561,MEDIUM,User,IT,0.0,20.0,Active,0.0,1.0,0.0
,,,48,,,,,,,,,,,,153402.0,admin.risk.636,MEDIUM,User,Operations,0.0,12.0,Active,1.0,0.0,0.0
,,,22,,,,,,,,,,,,45920.0,intern.ops.40,LOW,User,Legal,0.0,5.0,Active,0.0,2.0,0.0
,,,24,,,,,,,,,,,,168548.0,intern.ops.25,LOW,User,Finance,0.0,21.0,Active,0.0,2.0,0.0
,,,17,,,,,,,,,,,,120103.0,user.support.161,LOW,User,Operations,0.0,23.0,Active,0.0,1.0,0.0
,,,21,,,,,,,,,,,,78143.0,guest.admin.866,LOW,Manager,Finance,0.0,2.0,Active,0.0,4.0,0.0
,,,23,,,,,,,,,,,,27769.0,temp.ops.485,LOW,User,HR,0.0,15.0,Active,0.0,1.0,0.0
,,,21,,,,,,,,,,,,13041.0,temp.ops.248,LOW,Analyst,IT,0.0,16.0,Active,0.0,15.0,0.0
,,,48,,,,,,,,,,,,3684.0,engineer.risk.994,MEDIUM,Analyst,IT,0.0,3.0,Active,1.0,3.0,1.0
,,,19,,,,,,,,,,,,11059.0,guest.support.766,LOW,User,HR,0.0,16.0,Suspended,1.0,2.0,0.0
,,,47,,,,,,,,,,,,191680.0,engineer.infra.187,MEDIUM,Analyst,IT,0.0,10.0,Active,0.0,3.0,0.0
,,,72,,,,,,,,,,,,199858.0,vp.security.199,HIGH,User,Finance,1.0,18.0,Active,1.0,6.0,1.0
,,,16,,,,,,,,,,,,32836.0,intern.admin.795,LOW,User,HR,0.0,1.0,Active,0.0,6.0,1.0
,,,78,,,,,,,,,,,,43302.0,lead.risk.283,HIGH,User,Finance,1.0,11.0,Active,1.0,15.0,1.0
,,,43,,,,,,,,,,,,19076.0,admin.risk.768,MEDIUM,User,Finance,0.0,17.0,Active,1.0,4.0,0.0
,,,23,,,,,,,,,,,,186348.0,intern.support.998,LOW,Manager,IT,0.0,28.0,Active,1.0,1.0,0.0
,,,42,,,,,,,,,,,,4046.0,admin.risk.02,MEDIUM,User,IT,0.0,18.0,Active,1.0,1.0,0.0
,,,41,,,,,,,,,,,,232936.0,engineer.infra.948,MEDIUM,User,Operations,0.0,8.0,Active,0.0,2.0,0.0
,,,46,,,,,,,,,,,,35108.0,analyst.ops.436,MEDIUM,User,Operations,0.0,22.0,Active,0.0,5.0,0.0
,,,74,,,,,,,,,,,,371.0,vp.trading.891,HIGH,User,Operations,1.0,22.0,Active,1.0,0.0,0.0
,,,48,,,,,,,,,,,,124772.0,admin.risk.121,MEDIUM,User,Legal,0.0,26.0,Suspended,0.0,1.0,0.0
,,,76,,,,,,,,,,,,200530.0,vp.trading.287,HIGH,Analyst,Finance,1.0,13.0,Active,1.0,0.0,0.0
,,,95,,,,,,,,,,,,206179.0,ceo.board.869,CRITICAL,Analyst,Legal,1.0,15.0,Active,1.0,1.0,0.0
,,,40,,,,,,,,,,,,259397.0,admin.security.864,MEDIUM,User,Finance,0.0,3.0,Active,1.0,1.0,0.0
,,,74,,,,,,,,,,,,104895.0,manager.risk.679,HIGH,Manager,Operations,1.0,7.0,Active,1.0,1.0,0.0
,,,47,,,,,,,,,,,,165160.0,analyst.security.526,MEDIUM,User,IT,0.0,6.0,Active,1.0,21.0,0.0
,,,77,,,,,,,,,,,,9384.0,lead.security.247,HIGH,User,HR,1.0,7.0,Active,1.0,0.0,0.0
,,,20,,,,,,,,,,,,11639.0,guest.ops.927,LOW,Manager,Finance,0.0,9.0,Inactive,0.0,0.0,0.0
,,,45,,,,,,,,,,,,11267.0,engineer.security.374,MEDIUM,Analyst,Finance,0.0,25.0,Active,0.0,1.0,0.0
,,,93,,,,,,,,,,,,31029.0,cfo.exec.03,CRITICAL,Analyst,IT,1.0,18.0,Active,1.0,8.0,0.0
,,,20,,,,,,,,,,,,798.0,intern.admin.717,LOW,User,Operations,0.0,7.0,Active,0.0,0.0,0.0
,,,75,,,,,,,,,,,,104626.0,vp.trading.64,HIGH,Analyst,Finance,1.0,1.0,Suspended,0.0,0.0,0.0
,,,24,,,,,,,,,,,,4583.0,guest.support.718,LOW,Analyst,IT,0.0,8.0,Active,0.0,4.0,0.0
,,,72,,,,,,,,,,,,10462.0,manager.trading.630,HIGH,Analyst,HR,1.0,14.0,Active,1.0,0.0,0.0
,,,43,,,,,,,,,,,,189918.0,engineer.security.678,MEDIUM,User,HR,0.0,9.0,Active,0.0,12.0,1.0
,,,76,,,,,,,,,,,,49354.0,manager.security.111,HIGH,User,Finance,1.0,24.0,Active,1.0,1.0,1.0
,,,76,,,,,,,,,,,,21037.0,manager.security.502,HIGH,User,HR,1.0,16.0,Active,1.0,5.0,0.0
,,,22,,,,,,,,,,,,25475.0,temp.ops.425,LOW,Analyst,Legal,0.0,16.0,Active,1.0,0.0,0.0
,,,72,,,,,,,,,,,,28792.0,lead.trading.402,HIGH,User,IT,1.0,21.0,Active,1.0,18.0,0.0
,,,79,,,,,,,,,,,,20959.0,lead.trading.386,HIGH,User,Finance,1.0,19.0,Active,1.0,3.0,1.0
,,,20,,,,,,,,,,,,2476.0,guest.ops.00,LOW,User,Finance,0.0,12.0,Active,1.0,0.0,0.0
,,,15,,,,,,,,,,,,80634.0,temp.ops.311,LOW,User,Operations,0.0,20.0,Active,0.0,11.0,1.0
,,,71,,,,,,,,,,,,163422.0,director.tech.514,HIGH,Analyst,IT,1.0,15.0,Active,1.0,0.0,0.0
,,,96,,,,,,,,,,,,4839.0,cfo.board.38,CRITICAL,User,HR,1.0,3.0,Active,1.0,12.0,0.0
,,,71,,,,,,,,,,,,22363.0,lead.trading.361,HIGH,User,Operations,1.0,18.0,Active,1.0,11.0,0.0
,,,71,,,,,,,,,,,,161656.0,vp.trading.54,HIGH,User,Finance,1.0,12.0,Active,1.0,1.0,0.0
,,,22,,,,,,,,,,,,216785.0,temp.support.834,LOW,Analyst,IT,0.0,2.0,Active,1.0,0.0,0.0
,,,16,,,,,,,,,,,,70604.0,temp.ops.386,LOW,Analyst,Operations,0.0,24.0,Active,1.0,4.0,0.0
,,,19,,,,,,,,,,,,271143.0,intern.support.839,LOW,User,Legal,0.0,9.0,Active,0.0,2.0,0.0
,,,76,,,,,,,,,,,,23858.0,vp.trading.783,HIGH,Analyst,HR,1.0,22.0,Active,1.0,2.0,0.0
,,,16,,,,,,,,,,,,123027.0,temp.admin.835,LOW,User,Finance,0.0,12.0,Active,1.0,1.0,0.0
,,,19,,,,,,,,,,,,36188.0,temp.admin.979,LOW,User,Finance,0.0,15.0,Active,1.0,1.0,0.0
,,,40,,,,,,,,,,,,24952.0,admin.ops.390,MEDIUM,User,Finance,0.0,0.0,Active,0.0,4.0,0.0
,,,48,,,,,,,,,,,,12362.0,analyst.risk.751,MEDIUM,Analyst,HR,0.0,29.0,Active,1.0,22.0,0.0
,,,16,,,,,,,,,,,,44971.0,guest.admin.254,LOW,Analyst,IT,0.0,28.0,Active,0.0,1.0,0.0
,,,16,,,,,,,,,,,,78860.0,user.support.908,LOW,User,HR,0.0,24.0,Active,1.0,12.0,1.0
,,,91,,,,,,,,,,,,67537.0,ceo.board.309,CRITICAL,Manager,Operations,1.0,4.0,Active,1.0,1.0,0.0
,,,17,,,,,,,,,,,,129630.0,guest.ops.546,LOW,Manager,IT,0.0,4.0,Active,1.0,0.0,0.0
,,,18,,,,,,,,,,,,152556.0,guest.admin.575,LOW,User,HR,0.0,18.0,Active,0.0,0.0,0.0
,,,93,,,,,,,,,,,,62.0,ceo.board.277,CRITICAL,User,Finance,1.0,4.0,Active,1.0,6.0,0.0
,,,47,,,,,,,,,,,,52413.0,admin.ops.587,MEDIUM,Analyst,Legal,0.0,12.0,Active,0.0,0.0,1.0
,,,15,,,,,,,,,,,,115487.0,guest.support.220,LOW,Manager,Finance,0.0,21.0,Active,0.0,1.0,0.0
,,,41,,,,,,,,,,,,8937.0,analyst.risk.384,MEDIUM,User,Finance,0.0,15.0,Active,1.0,1.0,0.0
,,,77,,,,,,,,,,,,64421.0,director.tech.994,HIGH,User,Operations,1.0,7.0,Active,0.0,2.0,0.0
,,,42,,,,,,,,,,,,147.0,admin.risk.548,MEDIUM,Analyst,HR,0.0,25.0,Active,1.0,12.0,0.0
,,,48,,,,,,,,,,,,111650.0,admin.infra.698,MEDIUM,User,Finance,0.0,3.0,Active,1.0,1.0,0.0
,,,47,,,,,,,,,,,,181276.0,specialist.risk.447,MEDIUM,User,IT,0.0,9.0,Active,0.0,17.0,1.0
,,,78,,,,,,,,,,,,98599.0,manager.trading.56,HIGH,Analyst,Finance,1.0,3.0,Active,1.0,16.0,0.0
,,,79,,,,,,,,,,,,92778.0,manager.tech.362,HIGH,Manager,Operations,1.0,8.0,Active,1.0,0.0,0.0
,,,98,,,,,,,,,,,,8259.0,cfo.exec.484,CRITICAL,Exec,Legal,1.0,19.0,Suspended,0.0,9.0,0.0
,,,72,,,,,,,,,,,,143279.0,manager.trading.154,HIGH,User,Legal,1.0,16.0,Active,1.0,2.0,0.0
,,,23,,,,,,,,,,,,311684.0,user.admin.903,LOW,User,Operations,0.0,18.0,Suspended,0.0,0.0,0.0
,,,45,,,,,,,,,,,,15988.0,specialist.security.766,MEDIUM,Analyst,Legal,0.0,4.0,Active,1.0,0.0,0.0
,,,15,,,,,,,,,,,,50170.0,temp.ops.80,LOW,User,IT,0.0,25.0,Inactive,0.0,0.0,0.0
,,,45,,,,,,,,,,,,191218.0,admin.ops.825,MEDIUM,Analyst,Operations,0.0,20.0,Active,1.0,3.0,0.0
,,,18,,,,,,,,,,,,60724.0,user.support.590,LOW,Manager,IT,0.0,12.0,Active,0.0,0.0,0.0
,,,75,,,,,,,,,,,,190873.0,manager.security.171,HIGH,Analyst,IT,1.0,6.0,Active,1.0,3.0,0.0
,,,42,,,,,,,,,,,,178531.0,analyst.risk.520,MEDIUM,Manager,HR,0.0,14.0,Active,0.0,1.0,0.0
,,,20,,,,,,,,,,,,66695.0,intern.support.869,LOW,Analyst,Finance,0.0,24.0,Active,0.0,0.0,0.0
,,,23,,,,,,,,,,,,151468.0,user.support.944,LOW,Analyst,HR,0.0,15.0,Active,0.0,0.0,0.0
,,,49,,,,,,,,,,,,7693.0,analyst.security.745,MEDIUM,User,Finance,0.0,27.0,Active,1.0,0.0,0.0
,,,42,,,,,,,,,,,,142153.0,specialist.security.269,MEDIUM,User,Finance,0.0,26.0,Active,1.0,23.0,0.0
,,,47,,,,,,,,,,,,21976.0,admin.risk.612,MEDIUM,Exec,Finance,0.0,4.0,Active,1.0,1.0,0.0
,,,20,,,,,,,,,,,,31700.0,guest.ops.513,LOW,User,IT,0.0,7.0,Active,1.0,0.0,0.0
,,,18,,,,,,,,,,,,134831.0,temp.support.810,LOW,Analyst,Operations,0.0,5.0,Active,1.0,8.0,0.0
,,,41,,,,,,,,,,,,7103.0,specialist.ops.346,MEDIUM,Manager,IT,0.0,1.0,Active,1.0,1.0,0.0
,,,21,,,,,,,,,,,,7642.0,user.admin.807,LOW,User,Operations,0.0,20.0,Active,0.0,2.0,0.0
,,,24,,,,,,,,,,,,448635.0,temp.support.417,LOW,User,HR,0.0,6.0,Active,0.0,0.0,0.0
,,,70,,,,,,,,,,,,131694.0,vp.risk.154,HIGH,User,Legal,1.0,18.0,Active,0.0,3.0,0.0
,,,74,,,,,,,,,,,,32585.0,director.security.575,HIGH,Analyst,Finance,1.0,8.0,Active,1.0,10.0,1.0
,,,17,,,,,,,,,,,,94079.0,user.admin.831,LOW,Analyst,IT,0.0,29.0,Active,1.0,3.0,0.0
,,,40,,,,,,,,,,,,67811.0,specialist.infra.169,MEDIUM,Manager,Finance,0.0,15.0,Active,1.0,5.0,0.0
,,,44,,,,,,,,,,,,82363.0,specialist.ops.561,MEDIUM,Analyst,IT,0.0,12.0,Active,1.0,8.0,0.0
,,,98,,,,,,,,,,,,242593.0,head_security.board.919,CRITICAL,Analyst,Operations,1.0,13.0,Active,1.0,6.0,0.0
,,,16,,,,,,,,,,,,96651.0,user.support.710,LOW,Analyst,Operations,0.0,6.0,Active,0.0,0.0,0.0
,,,48,,,,,,,,,,,,64849.0,analyst.ops.611,MEDIUM,User,Operations,0.0,2.0,Active,0.0,0.0,0.0
,,,16,,,,,,,,,,,,62959.0,guest.admin.725,LOW,Analyst,Finance,0.0,21.0,Active,1.0,4.0,0.0
,,,17,,,,,,,,,,,,15625.0,guest.support.718,LOW,User,IT,0.0,17.0,Active,0.0,3.0,0.0
,,,77,,,,,,,,,,,,14540.0,lead.trading.165,HIGH,User,Finance,1.0,17.0,Active,1.0,0.0,0.0
,,,49,,,,,,,,,,,,8148.0,admin.risk.659,MEDIUM,Analyst,Operations,0.0,7.0,Active,0.0,0.0,1.0
,,,79,,,,,,,,,,,,48884.0,lead.security.823,HIGH,Analyst,Operations,1.0,6.0,Active,0.0,1.0,0.0
,,,43,,,,,,,,,,,,42703.0,admin.risk.608,MEDIUM,User,HR,0.0,1.0,Active,1.0,2.0,0.0
,,,74,,,,,,,,,,,,5144.0,lead.trading.985,HIGH,User,HR,1.0,7.0,Active,1.0,1.0,0.0
,,,17,,,,,,,,,,,,451690.0,temp.ops.974,LOW,Analyst,HR,0.0,6.0,Inactive,0.0,0.0,0.0
,,,40,,,,,,,,,,,,159407.0,analyst.infra.487,MEDIUM,Exec,Operations,0.0,21.0,Active,1.0,0.0,0.0
,,,15,,,,,,,,,,,,172778.0,temp.admin.772,LOW,Analyst,Legal,0.0,14.0,Active,1.0,4.0,0.0
,,,16,,,,,,,,,,,,12500.0,temp.admin.73,LOW,Analyst,Finance,0.0,9.0,Active,0.0,0.0,0.0
,,,17,,,,,,,,,,,,39299.0,temp.support.963,LOW,Manager,IT,0.0,5.0,Active,0.0,1.0,0.0
,,,74,,,,,,,,,,,,15724.0,manager.tech.234,HIGH,Analyst,Finance,1.0,28.0,Active,1.0,12.0,0.0
,,,94,,,,,,,,,,,,281505.0,ceo.exec.05,CRITICAL,User,Legal,1.0,10.0,Active,1.0,2.0,0.0
,,,93,,,,,,,,,,,,106251.0,cto.exec.88,CRITICAL,Analyst,Operations,1.0,29.0,Inactive,1.0,0.0,0.0
,,,19,,,,,,,,,,,,51102.0,guest.support.883,LOW,Analyst,Legal,0.0,12.0,Active,0.0,20.0,0.0
,,,15,,,,,,,,,,,,102854.0,guest.ops.756,LOW,User,HR,0.0,18.0,Active,0.0,0.0,0.0
,,,47,,,,,,,,,,,,5793.0,specialist.ops.890,MEDIUM,User,Legal,0.0,23.0,Active,1.0,16.0,0.0
,,,47,,,,,,,,,,,,219652.0,admin.security.321,MEDIUM,Analyst,HR,0.0,28.0,Active,1.0,1.0,0.0
,,,22,,,,,,,,,,,,233093.0,intern.ops.352,LOW,Analyst,Operations,0.0,4.0,Active,0.0,2.0,0.0
,,,45,,,,,,,,,,,,319598.0,engineer.ops.665,MEDIUM,Manager,Finance,0.0,20.0,Active,0.0,0.0,0.0
,,,23,,,,,,,,,,,,10810.0,temp.ops.152,LOW,Analyst,Legal,0.0,14.0,Active,1.0,0.0,0.0
,,,43,,,,,,,,,,,,91910.0,admin.security.346,MEDIUM,Analyst,HR,0.0,28.0,Active,0.0,1.0,0.0
,,,46,,,,,,,,,,,,40.0,analyst.risk.705,MEDIUM,User,IT,0.0,21.0,Active,1.0,18.0,1.0
,,,47,,,,,,,,,,,,564.0,specialist.infra.617,MEDIUM,Analyst,HR,0.0,15.0,Active,0.0,2.0,0.0
,,,77,,,,,,,,,,,,66867.0,manager.risk.261,HIGH,Manager,IT,1.0,26.0,Active,1.0,13.0,0.0
,,,93,,,,,,,,,,,,305882.0,ceo.exec.92,CRITICAL,User,IT,1.0,3.0,Active,1.0,2.0,0.0
,,,43,,,,,,,,,,,,113958.0,analyst.infra.325,MEDIUM,User,IT,0.0,6.0,Active,1.0,1.0,0.0
,,,42,,,,,,,,,,,,196500.0,admin.security.343,MEDIUM,User,IT,0.0,2.0,Active,0.0,0.0,0.0
,,,72,,,,,,,,,,,,1246.0,lead.security.536,HIGH,Analyst,Finance,1.0,18.0,Active,1.0,0.0,0.0
,,,46,,,,,,,,,,,,5446.0,analyst.security.164,MEDIUM,Analyst,Finance,0.0,29.0,Active,0.0,2.0,0.0
,,,15,,,,,,,,,,,,203299.0,intern.support.773,LOW,Manager,HR,0.0,8.0,Active,1.0,0.0,0.0
,,,21,,,,,,,,,,,,16788.0,temp.ops.749,LOW,User,Operations,0.0,15.0,Active,0.0,0.0,0.0
,,,44,,,,,,,,,,,,25704.0,specialist.ops.424,MEDIUM,User,Operations,0.0,21.0,Active,0.0,8.0,0.0
,,,49,,,,,,,,,,,,203203.0,engineer.security.781,MEDIUM,Analyst,Operations,0.0,10.0,Active,0.0,3.0,1.0
,,,23,,,,,,,,,,,,7664.0,temp.ops.743,LOW,Analyst,Operations,0.0,7.0,Active,0.0,12.0,1.0
,,,21,,,,,,,,,,,,6641.0,guest.admin.359,LOW,User,Finance,0.0,0.0,Active,1.0,0.0,0.0
,,,24,,,,,,,,,,,,1334.0,user.ops.907,LOW,User,Finance,0.0,19.0,Active,0.0,3.0,0.0
,,,21,,,,,,,,,,,,61124.0,guest.admin.749,LOW,User,IT,0.0,9.0,Active,0.0,1.0,0.0
,,,46,,,,,,,,,,,,53286.0,engineer.infra.674,MEDIUM,User,Finance,0.0,17.0,Active,0.0,2.0,0.0
,,,42,,,,,,,,,,,,15349.0,engineer.infra.410,MEDIUM,Manager,HR,0.0,27.0,Active,1.0,0.0,0.0
,,,23,,,,,,,,,,,,179050.0,user.ops.982,LOW,Analyst,IT,0.0,8.0,Active,0.0,13.0,1.0
,,,23,,,,,,,,,,,,309.0,user.admin.96,LOW,Manager,Finance,0.0,13.0,Active,0.0,3.0,0.0
,,,91,,,,,,,,,,,,5017.0,ceo.exec.577,CRITICAL,User,Finance,1.0,8.0,Active,1.0,11.0,0.0
,,,72,,,,,,,,,,,,195737.0,manager.security.564,HIGH,User,Finance,1.0,14.0,Active,1.0,15.0,1.0
,,,20,,,,,,,,,,,,369363.0,intern.ops.343,LOW,User,Operations,0.0,10.0,Active,0.0,1.0,0.0
,,,16,,,,,,,,,,,,28528.0,intern.support.356,LOW,Exec,Finance,0.0,14.0,Active,1.0,9.0,1.0
,,,17,,,,,,,,,,,,280858.0,user.admin.720,LOW,User,Operations,0.0,19.0,Active,0.0,1.0,0.0
,,,72,,,,,,,,,,,,87168.0,director.risk.537,HIGH,User,Legal,1.0,27.0,Active,1.0,2.0,0.0
,,,48,,,,,,,,,,,,80199.0,analyst.infra.617,MEDIUM,Analyst,IT,0.0,7.0,Suspended,0.0,0.0,0.0
,,,18,,,,,,,,,,,,41370.0,temp.support.939,LOW,Analyst,Finance,0.0,5.0,Active,0.0,15.0,0.0
,,,79,,,,,,,,,,,,2765.0,manager.tech.222,HIGH,User,Finance,1.0,4.0,Active,1.0,2.0,0.0
,,,48,,,,,,,,,,,,18928.0,specialist.ops.406,MEDIUM,Manager,Legal,0.0,8.0,Active,1.0,0.0,0.0
,,,40,,,,,,,,,,,,14833.0,engineer.security.925,MEDIUM,User,Finance,0.0,12.0,Active,1.0,0.0,0.0
,,,95,,,,,,,,,,,,10.0,ceo.exec.825,CRITICAL,User,Operations,1.0,1.0,Suspended,1.0,8.0,0.0
,,,17,,,,,,,,,,,,245940.0,temp.ops.902,LOW,User,HR,0.0,2.0,Active,1.0,1.0,0.0
,,,91,,,,,,,,,,,,41476.0,head_security.board.88,CRITICAL,User,IT,1.0,18.0,Active,1.0,0.0,0.0
,,,16,,,,,,,,,,,,83053.0,user.admin.765,LOW,Exec,Operations,0.0,3.0,Active,1.0,14.0,0.0
,,,75,,,,,,,,,,,,124690.0,manager.trading.296,HIGH,Analyst,Finance,1.0,19.0,Active,1.0,3.0,0.0
,,,70,,,,,,,,,,,,11118.0,vp.risk.323,HIGH,Analyst,Finance,1.0,25.0,Active,1.0,6.0,0.0
,,,16,,,,,,,,,,,,243933.0,temp.support.849,LOW,Manager,HR,0.0,8.0,Active,0.0,4.0,0.0
,,,74,,,,,,,,,,,,57646.0,vp.security.233,HIGH,Analyst,Operations,1.0,10.0,Active,1.0,0.0,0.0
,,,17,,,,,,,,,,,,26877.0,intern.support.08,LOW,User,IT,0.0,22.0,Active,0.0,1.0,0.0
,,,24,,,,,,,,,,,,16074.0,temp.support.69,LOW,Manager,Legal,0.0,27.0,Active,0.0,0.0,0.0
,,,49,,,,,,,,,,,,37150.0,engineer.infra.470,MEDIUM,User,Finance,0.0,16.0,Active,0.0,0.0,0.0
,,,20,,,,,,,,,,,,78569.0,intern.ops.88,LOW,Manager,HR,0.0,1.0,Active,0.0,5.0,0.0
,,,71,,,,,,,,,,,,34219.0,director.trading.151,HIGH,Analyst,IT,1.0,29.0,Active,1.0,21.0,0.0
,,,15,,,,,,,,,,,,293060.0,guest.admin.806,LOW,User,Operations,0.0,13.0,Active,0.0,2.0,0.0
,,,92,,,,,,,,,,,,19463.0,cfo.exec.248,CRITICAL,User,IT,1.0,7.0,Active,1.0,10.0,0.0
,,,48,,,,,,,,,,,,1211.0,engineer.ops.557,MEDIUM,Analyst,IT,0.0,9.0,Suspended,1.0,1.0,0.0
,,,42,,,,,,,,,,,,267835.0,engineer.risk.609,MEDIUM,User,IT,0.0,23.0,Active,0.0,1.0,0.0
,,,46,,,,,,,,,,,,340548.0,admin.infra.483,MEDIUM,Manager,IT,0.0,11.0,Active,0.0,6.0,1.0
,,,48,,,,,,,,,,,,75406.0,specialist.security.607,MEDIUM,Analyst,Finance,0.0,20.0,Active,0.0,1.0,0.0
,,,78,,,,,,,,,,,,247511.0,lead.trading.121,HIGH,Analyst,Operations,1.0,18.0,Inactive,1.0,0.0,0.0
,,,22,,,,,,,,,,,,11669.0,intern.admin.495,LOW,Analyst,IT,0.0,14.0,Active,1.0,2.0,0.0
,,,72,,,,,,,,,,,,2856.0,vp.tech.113,HIGH,User,HR,1.0,10.0,Active,0.0,1.0,0.0
,,,99,,,,,,,,,,,,324741.0,ceo.exec.03,CRITICAL,Analyst,HR,1.0,12.0,Active,1.0,0.0,0.0
,,,49,,,,,,,,,,,,52625.0,engineer.ops.825,MEDIUM,User,IT,0.0,18.0,Active,0.0,2.0,0.0
,,,76,,,,,,,,,,,,5956.0,director.risk.395,HIGH,Analyst,Legal,1.0,11.0,Active,1.0,0.0,0.0
,,,96,,,,,,,,,,,,14953.0,cfo.board.11,CRITICAL,Analyst,IT,1.0,2.0,Active,1.0,4.0,0.0
,,,77,,,,,,,,,,,,319272.0,manager.security.719,HIGH,Manager,Finance,1.0,3.0,Active,1.0,2.0,0.0
,,,96,,,,,,,,,,,,5812.0,ceo.board.436,CRITICAL,User,IT,1.0,29.0,Active,0.0,0.0,0.0
,,,74,,,,,,,,,,,,216184.0,director.trading.124,HIGH,User,Legal,1.0,18.0,Active,1.0,5.0,0.0
,,,40,,,,,,,,,,,,14106.0,engineer.infra.349,MEDIUM,Analyst,Finance,0.0,11.0,Active,1.0,0.0,0.0
,,,42,,,,,,,,,,,,29500.0,admin.ops.525,MEDIUM,User,HR,0.0,9.0,Suspended,0.0,10.0,0.0
,,,47,,,,,,,,,,,,342807.0,engineer.ops.628,MEDIUM,Manager,HR,0.0,24.0,Active,1.0,1.0,0.0
,,,72,,,,,,,,,,,,414340.0,vp.trading.594,HIGH,User,IT,1.0,0.0,Active,1.0,1.0,0.0
,,,74,,,,,,,,,,,,1814.0,vp.risk.232,HIGH,Analyst,HR,1.0,12.0,Active,1.0,4.0,0.0
,,,77,,,,,,,,,,,,310940.0,vp.risk.897,HIGH,User,IT,1.0,25.0,Active,1.0,1.0,0.0
,,,74,,,,,,,,,,,,174328.0,vp.trading.214,HIGH,Manager,Finance,1.0,16.0,Active,1.0,0.0,0.0
,,,49,,,,,,,,,,,,5339.0,admin.risk.372,MEDIUM,User,IT,0.0,12.0,Active,1.0,2.0,0.0
,,,76,,,,,,,,,,,,332992.0,vp.tech.202,HIGH,Analyst,Finance,1.0,3.0,Active,0.0,18.0,0.0
,,,20,,,,,,,,,,,,9566.0,temp.support.738,LOW,User,HR,0.0,16.0,Active,1.0,3.0,0.0
,,,98,,,,,,,,,,,,4451.0,ceo.exec.760,CRITICAL,User,Finance,1.0,27.0,Active,1.0,2.0,0.0
,,,75,,,,,,,,,,,,113767.0,manager.tech.185,HIGH,User,IT,1.0,19.0,Active,1.0,3.0,0.0
,,,43,,,,,,,,,,,,21458.0,engineer.infra.617,MEDIUM,Analyst,Operations,0.0,6.0,Active,1.0,3.0,0.0
,,,48,,,,,,,,,,,,436.0,engineer.ops.619,MEDIUM,Exec,Legal,0.0,12.0,Active,1.0,0.0,0.0
,,,43,,,,,,,,,,,,4493.0,admin.ops.724,MEDIUM,Analyst,Operations,0.0,23.0,Inactive,1.0,3.0,0.0
,,,19,,,,,,,,,,,,7437.0,intern.support.02,LOW,Exec,Finance,0.0,26.0,Active,0.0,10.0,0.0
,,,15,,,,,,,,,,,,111500.0,intern.support.992,LOW,Manager,IT,0.0,18.0,Active,0.0,0.0,0.0
,,,42,,,,,,,,,,,,259971.0,specialist.infra.803,MEDIUM,Analyst,Finance,0.0,25.0,Active,1.0,21.0,1.0
,,,24,,,,,,,,,,,,209840.0,guest.admin.68,LOW,Analyst,Legal,0.0,28.0,Active,0.0,2.0,0.0
,,,46,,,,,,,,,,,,56968.0,engineer.ops.622,MEDIUM,Manager,Finance,0.0,5.0,Active,1.0,5.0,0.0
,,,70,,,,,,,,,,,,38401.0,manager.security.182,HIGH,Analyst,HR,1.0,10.0,Active,1.0,7.0,1.0
,,,79,,,,,,,,,,,,64436.0,director.security.853,HIGH,Exec,HR,1.0,24.0,Active,0.0,12.0,0.0
,,,45,,,,,,,,,,,,78748.0,specialist.risk.678,MEDIUM,Analyst,Legal,0.0,26.0,Active,1.0,1.0,0.0
,,,41,,,,,,,,,,,,85554.0,admin.ops.568,MEDIUM,Manager,Legal,0.0,24.0,Active,1.0,2.0,0.0
,,,23,,,,,,,,,,,,92799.0,user.ops.25,LOW,User,Finance,0.0,20.0,Active,0.0,1.0,0.0
,,,40,,,,,,,,,,,,16746.0,specialist.ops.414,MEDIUM,User,IT,0.0,5.0,Active,1.0,1.0,0.0
,,,24,,,,,,,,,,,,445645.0,guest.admin.710,LOW,Manager,Operations,0.0,6.0,Active,0.0,0.0,0.0
,,,99,,,,,,,,,,,,173412.0,cto.exec.762,CRITICAL,Manager,IT,1.0,29.0,Inactive,1.0,11.0,1.0
,,,45,,,,,,,,,,,,73281.0,engineer.risk.401,MEDIUM,User,Finance,0.0,4.0,Active,0.0,0.0,0.0
,,,18,,,,,,,,,,,,120142.0,user.support.644,LOW,User,Finance,0.0,13.0,Active,1.0,2.0,1.0
,,,45,,,,,,,,,,,,276482.0,engineer.ops.137,MEDIUM,Manager,HR,0.0,10.0,Active,1.0,1.0,0.0
,,,22,,,,,,,,,,,,9974.0,temp.ops.872,LOW,User,Legal,0.0,9.0,Active,0.0,0.0,0.0
,,,78,,,,,,,,,,,,116841.0,lead.security.298,HIGH,Analyst,HR,1.0,29.0,Active,1.0,3.0,0.0
,,,72,,,,,,,,,,,,35001.0,vp.trading.164,HIGH,User,Legal,1.0,29.0,Suspended,1.0,0.0,0.0
,,,42,,,,,,,,,,,,20059.0,analyst.infra.736,MEDIUM,Exec,IT,0.0,5.0,Active,0.0,1.0,0.0
,,,48,,,,,,,,,,,,41083.0,specialist.ops.702,MEDIUM,User,Legal,0.0,19.0,Active,1.0,12.0,0.0
,,,78,,,,,,,,,,,,103941.0,lead.tech.189,HIGH,Manager,IT,1.0,5.0,Active,1.0,1.0,0.0
,,,74,,,,,,,,,,,,35626.0,lead.tech.305,HIGH,Analyst,IT,1.0,5.0,Active,1.0,2.0,0.0
,,,23,,,,,,,,,,,,73693.0,guest.support.307,LOW,User,Legal,0.0,0.0,Active,0.0,1.0,0.0
,,,49,,,,,,,,,,,,8902.0,specialist.security.127,MEDIUM,Analyst,IT,0.0,1.0,Active,0.0,1.0,0.0
,,,44,,,,,,,,,,,,44866.0,engineer.infra.596,MEDIUM,Manager,Legal,0.0,11.0,Active,1.0,8.0,0.0
,,,16,,,,,,,,,,,,109075.0,user.ops.724,LOW,Manager,Finance,0.0,1.0,Active,1.0,2.0,0.0
,,,24,,,,,,,,,,,,1503.0,user.ops.220,LOW,User,Legal,0.0,21.0,Active,0.0,2.0,0.0
,,,43,,,,,,,,,,,,20475.0,analyst.infra.341,MEDIUM,Manager,IT,0.0,6.0,Active,0.0,2.0,0.0
,,,94,,,,,,,,,,,,14066.0,ceo.board.217,CRITICAL,Analyst,Finance,1.0,29.0,Active,1.0,1.0,0.0
,,,46,,,,,,,,,,,,41450.0,engineer.ops.75,MEDIUM,Analyst,Finance,0.0,0.0,Active,1.0,0.0,0.0
,,,79,,,,,,,,,,,,48574.0,manager.trading.298,HIGH,User,Legal,1.0,22.0,Active,0.0,1.0,0.0
,,,43,,,,,,,,,,,,15993.0,engineer.security.920,MEDIUM,Analyst,Finance,0.0,19.0,Active,1.0,3.0,1.0
,,,41,,,,,,,,,,,,233643.0,analyst.infra.161,MEDIUM,User,Finance,0.0,26.0,Active,1.0,6.0,0.0
,,,71,,,,,,,,,,,,410536.0,director.trading.926,HIGH,Analyst,Finance,1.0,18.0,Active,0.0,0.0,0.0
,,,70,,,,,,,,,,,,48664.0,vp.security.290,HIGH,Manager,HR,1.0,14.0,Active,1.0,0.0,1.0
,,,16,,,,,,,,,,,,154656.0,user.ops.577,LOW,Analyst,Finance,0.0,22.0,Active,1.0,1.0,0.0
,,,72,,,,,,,,,,,,7685.0,vp.risk.143,HIGH,Analyst,Operations,1.0,16.0,Suspended,0.0,2.0,0.0
,,,90,,,,,,,,,,,,89667.0,cfo.exec.199,CRITICAL,Analyst,Finance,1.0,29.0,Suspended,1.0,0.0,0.0
,,,20,,,,,,,,,,,,68416.0,temp.ops.875,LOW,User,IT,0.0,20.0,Active,0.0,3.0,0.0
,,,41,,,,,,,,,,,,79285.0,admin.ops.696,MEDIUM,Manager,IT,0.0,23.0,Active,1.0,14.0,1.0
,,,24,,,,,,,,,,,,9355.0,temp.ops.782,LOW,User,Finance,0.0,3.0,Active,0.0,1.0,0.0
,,,43,,,,,,,,,,,,17517.0,admin.risk.403,MEDIUM,Analyst,Finance,0.0,6.0,Active,0.0,17.0,0.0
,,,41,,,,,,,,,,,,10537.0,engineer.risk.325,MEDIUM,Analyst,IT,0.0,14.0,Active,0.0,5.0,1.0
,,,75,,,,,,,,,,,,9779.0,director.security.310,HIGH,Analyst,Operations,1.0,4.0,Active,1.0,0.0,0.0
,,,72,,,,,,,,,,,,121915.0,manager.security.110,HIGH,Analyst,HR,1.0,17.0,Active,1.0,2.0,0.0
,,,48,,,,,,,,,,,,213148.0,specialist.ops.369,MEDIUM,Manager,IT,0.0,7.0,Active,0.0,0.0,0.0
,,,90,,,,,,,,,,,,20106.0,cto.exec.07,CRITICAL,Manager,Operations,1.0,29.0,Active,1.0,1.0,0.0
,,,17,,,,,,,,,,,,8702.0,temp.admin.439,LOW,Analyst,Finance,0.0,7.0,Active,0.0,5.0,0.0
,,,24,,,,,,,,,,,,36121.0,guest.ops.996,LOW,Manager,Operations,0.0,6.0,Active,0.0,0.0,0.0
,,,44,,,,,,,,,,,,166564.0,analyst.security.149,MEDIUM,Analyst,Operations,0.0,11.0,Active,0.0,0.0,0.0
,,,45,,,,,,,,,,,,9864.0,specialist.security.530,MEDIUM,Analyst,HR,0.0,3.0,Active,1.0,5.0,1.0
,,,49,,,,,,,,,,,,292825.0,admin.risk.914,MEDIUM,Manager,Operations,0.0,7.0,Active,0.0,10.0,1.0
,,,44,,,,,,,,,,,,5021.0,engineer.risk.642,MEDIUM,Analyst,Legal,0.0,2.0,Active,0.0,0.0,0.0
,,,17,,,,,,,,,,,,16583.0,intern.admin.876,LOW,User,Finance,0.0,7.0,Suspended,0.0,4.0,0.0
,,,76,,,,,,,,,,,,170354.0,vp.tech.56,HIGH,User,IT,1.0,24.0,Active,1.0,10.0,1.0
,,,70,,,,,,,,,,,,7733.0,lead.security.113,HIGH,User,Legal,1.0,1.0,Active,1.0,13.0,0.0
,,,72,,,,,,,,,,,,40763.0,director.tech.722,HIGH,Exec,Finance,1.0,21.0,Active,1.0,0.0,0.0
,,,93,,,,,,,,,,,,33358.0,head_security.exec.387,CRITICAL,Manager,IT,1.0,12.0,Active,1.0,9.0,0.0
,,,16,,,,,,,,,,,,122257.0,guest.admin.08,LOW,Analyst,Operations,0.0,20.0,Active,1.0,0.0,0.0
,,,71,,,,,,,,,,,,13418.0,director.trading.194,HIGH,Analyst,Operations,1.0,11.0,Active,0.0,18.0,1.0
,,,72,,,,,,,,,,,,37632.0,lead.security.30,HIGH,User,HR,1.0,23.0,Active,1.0,0.0,0.0
,,,95,,,,,,,,,,,,9372.0,cfo.board.257,CRITICAL,Analyst,IT,1.0,23.0,Active,1.0,12.0,1.0
,,,16,,,,,,,,,,,,6176.0,intern.support.299,LOW,Analyst,Finance,0.0,1.0,Active,1.0,0.0,0.0
,,,24,,,,,,,,,,,,4060.0,guest.admin.989,LOW,Analyst,Legal,0.0,11.0,Active,0.0,11.0,0.0
,,,41,,,,,,,,,,,,49435.0,analyst.security.338,MEDIUM,Manager,Legal,0.0,3.0,Active,0.0,0.0,0.0
,,,99,,,,,,,,,,,,393.0,head_security.exec.954,CRITICAL,User,Finance,1.0,23.0,Active,1.0,2.0,0.0
,,,45,,,,,,,,,,,,3777.0,admin.risk.419,MEDIUM,Manager,Legal,0.0,13.0,Inactive,0.0,0.0,0.0
,,,15,,,,,,,,,,,,239.0,temp.ops.773,LOW,Analyst,Legal,0.0,0.0,Active,1.0,11.0,1.0
,,,19,,,,,,,,,,,,279.0,guest.ops.882,LOW,Analyst,Operations,0.0,4.0,Active,1.0,0.0,0.0
,,,45,,,,,,,,,,,,40722.0,analyst.infra.624,MEDIUM,Analyst,Finance,0.0,23.0,Active,0.0,0.0,0.0
,,,43,,,,,,,,,,,,162694.0,admin.security.695,MEDIUM,User,Finance,0.0,14.0,Active,1.0,1.0,0.0
,,,99,,,,,,,,,,,,55182.0,ceo.board.13,CRITICAL,Analyst,HR,1.0,23.0,Inactive,1.0,0.0,0.0
,,,43,,,,,,,,,,,,41090.0,specialist.risk.312,MEDIUM,Analyst,Finance,0.0,27.0,Active,0.0,2.0,0.0
,,,17,,,,,,,,,,,,392716.0,user.ops.754,LOW,Manager,Finance,0.0,16.0,Active,0.0,0.0,0.0
,,,49,,,,,,,,,,,,23378.0,admin.security.245,MEDIUM,Analyst,IT,0.0,5.0,Active,1.0,6.0,0.0
,,,91,,,,,,,,,,,,260664.0,cfo.exec.58,CRITICAL,Analyst,Finance,1.0,3.0,Active,1.0,12.0,0.0
,,,40,,,,,,,,,,,,12076.0,engineer.ops.660,MEDIUM,User,IT,0.0,1.0,Active,1.0,4.0,0.0
,,,18,,,,,,,,,,,,85441.0,user.ops.742,LOW,Analyst,Legal,0.0,1.0,Active,0.0,0.0,0.0
,,,45,,,,,,,,,,,,297423.0,specialist.ops.606,MEDIUM,User,Finance,0.0,11.0,Active,1.0,16.0,0.0
,,,46,,,,,,,,,,,,301606.0,analyst.ops.485,MEDIUM,Analyst,Operations,0.0,15.0,Active,1.0,0.0,0.0
,,,47,,,,,,,,,,,,105843.0,engineer.security.588,MEDIUM,Exec,Legal,0.0,20.0,Active,0.0,3.0,0.0
,,,73,,,,,,,,,,,,7326.0,lead.trading.37,HIGH,User,HR,1.0,25.0,Active,1.0,13.0,0.0
,,,76,,,,,,,,,,,,74438.0,lead.tech.844,HIGH,User,Operations,1.0,17.0,Active,0.0,0.0,0.0
,,,47,,,,,,,,,,,,1495.0,engineer.ops.189,MEDIUM,Analyst,HR,0.0,5.0,Active,0.0,5.0,0.0
,,,41,,,,,,,,,,,,287609.0,engineer.security.286,MEDIUM,User,IT,0.0,25.0,Active,0.0,2.0,0.0
,,,49,,,,,,,,,,,,174829.0,admin.security.823,MEDIUM,Analyst,Operations,0.0,8.0,Active,1.0,3.0,0.0
,,,96,,,,,,,,,,,,11862.0,cfo.board.647,CRITICAL,User,IT,1.0,10.0,Active,1.0,2.0,0.0
,,,42,,,,,,,,,,,,17427.0,analyst.ops.913,MEDIUM,User,Finance,0.0,13.0,Active,1.0,2.0,0.0
,,,75,,,,,,,,,,,,133772.0,lead.trading.233,HIGH,User,Operations,1.0,0.0,Active,1.0,0.0,0.0
,,,24,,,,,,,,,,,,17790.0,guest.support.790,LOW,User,IT,0.0,13.0,Active,1.0,2.0,0.0
,,,77,,,,,,,,,,,,5197.0,manager.tech.286,HIGH,Manager,HR,1.0,11.0,Active,1.0,2.0,1.0
,,,46,,,,,,,,,,,,200484.0,analyst.risk.688,MEDIUM,Exec,Finance,0.0,17.0,Active,0.0,0.0,0.0
,,,22,,,,,,,,,,,,445150.0,user.admin.249,LOW,User,Operations,0.0,21.0,Active,0.0,2.0,0.0
,,,98,,,,,,,,,,,,299811.0,head_security.board.950,CRITICAL,User,Legal,1.0,7.0,Inactive,0.0,1.0,0.0
,,,22,,,,,,,,,,,,360512.0,user.support.503,LOW,Analyst,Operations,0.0,20.0,Active,1.0,1.0,0.0
,,,49,,,,,,,,,,,,175089.0,admin.infra.611,MEDIUM,User,Operations,0.0,12.0,Active,1.0,2.0,0.0
,,,78,,,,,,,,,,,,43163.0,director.trading.236,HIGH,Analyst,Operations,1.0,3.0,Active,0.0,0.0,0.0
,,,24,,,,,,,,,,,,323792.0,guest.ops.33,LOW,User,Finance,0.0,6.0,Active,0.0,5.0,0.0
,,,75,,,,,,,,,,,,11728.0,director.trading.181,HIGH,Analyst,Legal,1.0,5.0,Active,1.0,1.0,0.0
,,,16,,,,,,,,,,,,36182.0,intern.support.944,LOW,Analyst,IT,0.0,24.0,Active,0.0,25.0,0.0
,,,46,,,,,,,,,,,,756.0,engineer.infra.26,MEDIUM,User,IT,0.0,4.0,Active,1.0,0.0,0.0
,,,41,,,,,,,,,,,,49416.0,analyst.risk.696,MEDIUM,Manager,IT,0.0,8.0,Active,0.0,0.0,0.0
,,,19,,,,,,,,,,,,318593.0,intern.support.875,LOW,Analyst,HR,0.0,14.0,Active,1.0,1.0,0.0
,,,49,,,,,,,,,,,,72357.0,engineer.risk.690,MEDIUM,User,Legal,0.0,4.0,Active,0.0,1.0,0.0
,,,94,,,,,,,,,,,,444171.0,cto.board.77,CRITICAL,Analyst,IT,1.0,11.0,Active,1.0,2.0,0.0
,,,75,,,,,,,,,,,,677.0,manager.risk.222,HIGH,Manager,Legal,1.0,15.0,Active,1.0,4.0,0.0
,,,43,,,,,,,,,,,,39012.0,analyst.security.407,MEDIUM,Exec,Legal,0.0,20.0,Active,1.0,3.0,0.0
,,,92,,,,,,,,,,,,8895.0,ceo.board.981,CRITICAL,Analyst,Legal,1.0,16.0,Active,0.0,2.0,1.0
,,,22,,,,,,,,,,,,174305.0,intern.support.110,LOW,Analyst,IT,0.0,20.0,Active,0.0,0.0,0.0
,,,49,,,,,,,,,,,,16816.0,specialist.infra.953,MEDIUM,Analyst,IT,0.0,16.0,Active,0.0,2.0,0.0
,,,20,,,,,,,,,,,,37887.0,temp.admin.913,LOW,User,Operations,0.0,20.0,Active,0.0,3.0,0.0
,,,44,,,,,,,,,,,,360655.0,analyst.security.800,MEDIUM,User,Finance,0.0,23.0,Inactive,0.0,0.0,0.0
,,,49,,,,,,,,,,,,13593.0,specialist.risk.545,MEDIUM,User,Legal,0.0,27.0,Active,1.0,8.0,0.0
,,,49,,,,,,,,,,,,13552.0,engineer.ops.30,MEDIUM,User,Finance,0.0,4.0,Active,1.0,0.0,0.0
,,,97,,,,,,,,,,,,55736.0,head_security.board.98,CRITICAL,User,Finance,1.0,12.0,Active,1.0,9.0,0.0
,,,72,,,,,,,,,,,,24072.0,vp.risk.449,HIGH,Manager,Operations,1.0,12.0,Active,0.0,2.0,1.0
,,,49,,,,,,,,,,,,4052.0,analyst.security.667,MEDIUM,Analyst,Operations,0.0,17.0,Active,0.0,0.0,0.0
,,,16,,,,,,,,,,,,90516.0,temp.ops.803,LOW,User,Finance,0.0,29.0,Active,0.0,1.0,1.0
,,,79,,,,,,,,,,,,3596.0,vp.trading.562,HIGH,Analyst,IT,1.0,11.0,Active,1.0,4.0,0.0
,,,49,,,,,,,,,,,,12447.0,admin.infra.463,MEDIUM,User,Finance,0.0,21.0,Active,1.0,5.0,0.0
,,,24,,,,,,,,,,,,40470.0,temp.support.30,LOW,User,Legal,0.0,28.0,Active,0.0,2.0,0.0
,,,20,,,,,,,,,,,,134919.0,temp.support.759,LOW,Analyst,IT,0.0,12.0,Active,0.0,0.0,0.0
,,,42,,,,,,,,,,,,146491.0,analyst.security.674,MEDIUM,Analyst,HR,0.0,21.0,Active,0.0,0.0,0.0
,,,15,,,,,,,,,,,,23651.0,intern.ops.940,LOW,Analyst,Operations,0.0,22.0,Active,0.0,2.0,0.0
,,,46,,,,,,,,,,,,212569.0,engineer.security.536,MEDIUM,Analyst,Operations,0.0,27.0,Active,1.0,0.0,0.0
,,,45,,,,,,,,,,,,41712.0,specialist.ops.428,MEDIUM,User,IT,0.0,25.0,Suspended,0.0,17.0,0.0
,,,77,,,,,,,,,,,,41839.0,lead.risk.151,HIGH,User,Legal,1.0,9.0,Active,0.0,1.0,1.0
,,,93,,,,,,,,,,,,61247.0,ceo.exec.23,CRITICAL,Manager,Finance,1.0,11.0,Active,1.0,2.0,0.0
,,,75,,,,,,,,,,,,136019.0,director.risk.185,HIGH,Analyst,Legal,1.0,13.0,Active,1.0,2.0,0.0
,,,40,,,,,,,,,,,,275718.0,analyst.infra.09,MEDIUM,Analyst,HR,0.0,20.0,Active,0.0,0.0,0.0
,,,22,,,,,,,,,,,,51368.0,temp.ops.203,LOW,Analyst,IT,0.0,12.0,Active,0.0,1.0,0.0
,,,44,,,,,,,,,,,,67242.0,analyst.infra.908,MEDIUM,Exec,Finance,0.0,9.0,Active,1.0,11.0,0.0
,,,75,,,,,,,,,,,,50845.0,manager.trading.436,HIGH,Analyst,Operations,1.0,0.0,Active,1.0,0.0,0.0
,,,74,,,,,,,,,,,,374704.0,vp.tech.670,HIGH,User,Legal,1.0,7.0,Active,0.0,0.0,0.0
,,,91,,,,,,,,,,,,47828.0,ceo.board.922,CRITICAL,User,Legal,1.0,11.0,Active,1.0,11.0,1.0
,,,70,,,,,,,,,,,,9780.0,vp.tech.106,HIGH,User,Finance,1.0,1.0,Active,1.0,0.0,0.0
,,,42,,,,,,,,,,,,44692.0,admin.security.410,MEDIUM,Analyst,HR,0.0,12.0,Inactive,1.0,0.0,0.0
,,,44,,,,,,,,,,,,199463.0,analyst.security.405,MEDIUM,User,Legal,0.0,8.0,Active,1.0,3.0,0.0
,,,44,,,,,,,,,,,,137764.0,admin.infra.67,MEDIUM,User,IT,0.0,17.0,Active,0.0,7.0,0.0
,,,70,,,,,,,,,,,,4838.0,vp.security.578,HIGH,Analyst,Operations,1.0,23.0,Active,1.0,3.0,0.0
,,,45,,,,,,,,,,,,48185.0,engineer.security.572,MEDIUM,Analyst,Legal,0.0,8.0,Active,0.0,0.0,0.0
,,,21,,,,,,,,,,,,7969.0,temp.support.906,LOW,User,Legal,0.0,25.0,Active,0.0,14.0,0.0
,,,98,,,,,,,,,,,,182214.0,cfo.exec.30,CRITICAL,Analyst,HR,1.0,3.0,Active,1.0,22.0,0.0
,,,41,,,,,,,,,,,,309013.0,engineer.security.687,MEDIUM,User,HR,0.0,7.0,Active,1.0,1.0,0.0
,,,98,,,,,,,,,,,,68161.0,ceo.board.46,CRITICAL,Manager,IT,1.0,13.0,Active,1.0,0.0,0.0
,,,75,,,,,,,,,,,,63916.0,director.trading.238,HIGH,Analyst,IT,1.0,4.0,Active,1.0,1.0,0.0
,,,73,,,,,,,,,,,,23745.0,lead.trading.203,HIGH,User,Legal,1.0,21.0,Active,0.0,6.0,0.0
,,,92,,,,,,,,,,,,566.0,head_security.exec.116,CRITICAL,Analyst,Legal,1.0,17.0,Active,1.0,5.0,0.0
,,,48,,,,,,,,,,,,9487.0,admin.risk.318,MEDIUM,User,Finance,0.0,22.0,Active,0.0,1.0,0.0
,,,49,,,,,,,,,,,,368255.0,engineer.infra.477,MEDIUM,Analyst,IT,0.0,8.0,Active,0.0,1.0,0.0
,,,43,,,,,,,,,,,,27732.0,admin.infra.486,MEDIUM,Analyst,Legal,0.0,12.0,Suspended,0.0,4.0,1.0
,,,47,,,,,,,,,,,,63064.0,admin.ops.288,MEDIUM,User,IT,0.0,9.0,Inactive,1.0,0.0,1.0
,,,72,,,,,,,,,,,,2445.0,lead.risk.487,HIGH,Analyst,Legal,1.0,5.0,Active,1.0,0.0,0.0
,,,72,,,,,,,,,,,,124050.0,vp.risk.874,HIGH,User,Finance,1.0,2.0,Active,1.0,1.0,1.0
,,,42,,,,,,,,,,,,333434.0,specialist.ops.588,MEDIUM,Analyst,Operations,0.0,0.0,Active,0.0,0.0,0.0
,,,77,,,,,,,,,,,,310133.0,manager.tech.39,HIGH,Exec,IT,1.0,28.0,Active,1.0,2.0,0.0
,,,44,,,,,,,,,,,,2134.0,specialist.risk.619,MEDIUM,Manager,Operations,0.0,6.0,Active,0.0,7.0,0.0
,,,42,,,,,,,,,,,,67487.0,admin.risk.339,MEDIUM,User,Operations,0.0,16.0,Active,0.0,4.0,0.0
,,,98,,,,,,,,,,,,317619.0,ceo.board.24,CRITICAL,Manager,HR,1.0,20.0,Active,0.0,1.0,0.0
,,,72,,,,,,,,,,,,25990.0,manager.tech.661,HIGH,Analyst,Finance,1.0,20.0,Active,1.0,18.0,0.0
,,,19,,,,,,,,,,,,242048.0,guest.ops.966,LOW,Analyst,HR,0.0,26.0,Active,1.0,0.0,0.0
,,,71,,,,,,,,,,,,91443.0,lead.tech.808,HIGH,Manager,HR,1.0,10.0,Suspended,1.0,12.0,1.0
,,,73,,,,,,,,,,,,678.0,vp.trading.315,HIGH,Analyst,IT,1.0,27.0,Suspended,1.0,2.0,0.0
,,,46,,,,,,,,,,,,70577.0,specialist.risk.653,MEDIUM,User,IT,0.0,5.0,Suspended,1.0,21.0,1.0
,,,49,,,,,,,,,,,,27493.0,admin.infra.845,MEDIUM,Analyst,HR,0.0,18.0,Active,1.0,0.0,0.0
,,,77,,,,,,,,,,,,158812.0,vp.trading.324,HIGH,Analyst,Finance,1.0,19.0,Suspended,0.0,13.0,0.0
,,,78,,,,,,,,,,,,150081.0,director.tech.296,HIGH,Exec,Finance,1.0,2.0,Active,1.0,4.0,0.0
,,,49,,,,,,,,,,,,118026.0,admin.risk.832,MEDIUM,User,IT,0.0,12.0,Active,1.0,3.0,0.0
,,,21,,,,,,,,,,,,28681.0,guest.support.310,LOW,User,Legal,0.0,0.0,Active,0.0,1.0,0.0
,,,48,,,,,,,,,,,,12193.0,analyst.infra.517,MEDIUM,User,Operations,0.0,2.0,Active,1.0,11.0,0.0
,,,76,,,,,,,,,,,,208310.0,director.risk.464,HIGH,Manager,Legal,1.0,4.0,Active,0.0,1.0,0.0
,,,16,,,,,,,,,,,,158643.0,guest.ops.858,LOW,User,Legal,0.0,27.0,Active,1.0,9.0,0.0
,,,42,,,,,,,,,,,,23821.0,analyst.security.612,MEDIUM,Analyst,IT,0.0,5.0,Active,1.0,0.0,0.0
,,,48,,,,,,,,,,,,26862.0,admin.infra.493,MEDIUM,User,Finance,0.0,12.0,Active,0.0,0.0,0.0
,,,49,,,,,,,,,,,,6475.0,specialist.security.189,MEDIUM,Manager,Operations,0.0,10.0,Active,0.0,0.0,0.0
,,,79,,,,,,,,,,,,82304.0,lead.security.847,HIGH,User,Finance,1.0,6.0,Active,1.0,1.0,0.0
,,,48,,,,,,,,,,,,3541.0,analyst.infra.624,MEDIUM,User,Legal,0.0,26.0,Active,0.0,2.0,0.0
,,,72,,,,,,,,,,,,365924.0,director.trading.274,HIGH,Analyst,Finance,1.0,20.0,Active,1.0,12.0,0.0
,,,22,,,,,,,,,,,,17358.0,intern.admin.432,LOW,User,IT,0.0,25.0,Active,0.0,10.0,0.0
,,,17,,,,,,,,,,,,15477.0,intern.admin.636,LOW,Analyst,IT,0.0,28.0,Active,0.0,0.0,0.0
,,,79,,,,,,,,,,,,355984.0,lead.risk.487,HIGH,User,Operations,1.0,10.0,Active,1.0,0.0,0.0
,,,97,,,,,,,,,,,,158205.0,head_security.exec.680,CRITICAL,Analyst,Operations,1.0,20.0,Active,1.0,12.0,1.0
,,,92,,,,,,,,,,,,3931.0,ceo.board.281,CRITICAL,Analyst,Operations,1.0,18.0,Active,1.0,2.0,0.0
,,,70,,,,,,,,,,,,66533.0,manager.tech.133,HIGH,Manager,HR,1.0,27.0,Active,1.0,0.0,0.0
,,,24,,,,,,,,,,,,409212.0,user.ops.715,LOW,Analyst,Operations,0.0,17.0,Active,1.0,1.0,0.0
,,,49,,,,,,,,,,,,382763.0,analyst.infra.124,MEDIUM,Manager,Finance,0.0,19.0,Active,0.0,2.0,0.0
,,,75,,,,,,,,,,,,320463.0,vp.trading.225,HIGH,Exec,IT,1.0,4.0,Active,0.0,14.0,1.0
,,,76,,,,,,,,,,,,404768.0,director.trading.640,HIGH,User,Operations,1.0,14.0,Active,1.0,3.0,1.0
,,,44,,,,,,,,,,,,37206.0,admin.risk.820,MEDIUM,User,IT,0.0,5.0,Active,1.0,1.0,0.0
,,,17,,,,,,,,,,,,32149.0,user.support.896,LOW,Analyst,HR,0.0,26.0,Suspended,0.0,0.0,0.0
,,,92,,,,,,,,,,,,42828.0,head_security.board.543,CRITICAL,User,IT,1.0,3.0,Active,1.0,0.0,0.0
,,,19,,,,,,,,,,,,40045.0,intern.support.212,LOW,User,Legal,0.0,2.0,Suspended,0.0,1.0,0.0
,,,49,,,,,,,,,,,,26855.0,analyst.ops.673,MEDIUM,User,HR,0.0,16.0,Active,0.0,2.0,0.0
,,,72,,,,,,,,,,,,390835.0,manager.risk.287,HIGH,Manager,Operations,1.0,9.0,Suspended,1.0,0.0,0.0
,,,92,,,,,,,,,,,,58430.0,cto.board.437,CRITICAL,Manager,Finance,1.0,6.0,Active,1.0,1.0,0.0
,,,41,,,,,,,,,,,,77880.0,admin.ops.72,MEDIUM,Analyst,Legal,0.0,18.0,Suspended,0.0,2.0,0.0
,,,99,,,,,,,,,,,,259231.0,cfo.exec.368,CRITICAL,User,Finance,1.0,18.0,Active,1.0,10.0,0.0
,,,74,,,,,,,,,,,,360404.0,manager.trading.363,HIGH,Analyst,Finance,1.0,0.0,Active,1.0,1.0,0.0
,,,77,,,,,,,,,,,,76682.0,manager.trading.788,HIGH,User,Finance,1.0,0.0,Active,0.0,0.0,0.0
,,,70,,,,,,,,,,,,75994.0,lead.risk.923,HIGH,User,HR,1.0,23.0,Active,1.0,0.0,0.0
,,,70,,,,,,,,,,,,4149.0,manager.trading.84,HIGH,Analyst,Finance,1.0,29.0,Active,1.0,2.0,0.0
,,,23,,,,,,,,,,,,280523.0,user.admin.69,LOW,Manager,IT,0.0,2.0,Active,0.0,6.0,0.0
,,,44,,,,,,,,,,,,410153.0,engineer.infra.594,MEDIUM,Analyst,Operations,0.0,23.0,Active,1.0,3.0,0.0
,,,44,,,,,,,,,,,,49657.0,admin.infra.524,MEDIUM,User,Legal,0.0,29.0,Active,0.0,0.0,0.0
,,,46,,,,,,,,,,,,7257.0,engineer.security.678,MEDIUM,User,Operations,0.0,15.0,Active,0.0,0.0,0.0
,,,47,,,,,,,,,,,,250072.0,specialist.ops.618,MEDIUM,Analyst,HR,0.0,25.0,Active,0.0,0.0,0.0
,,,76,,,,,,,,,,,,94275.0,director.tech.219,HIGH,Analyst,Operations,1.0,10.0,Active,0.0,11.0,1.0
,,,75,,,,,,,,,,,,89723.0,lead.trading.208,HIGH,User,HR,1.0,4.0,Suspended,1.0,0.0,0.0
,,,76,,,,,,,,,,,,20853.0,director.security.261,HIGH,Analyst,Operations,1.0,22.0,Active,1.0,7.0,0.0
,,,46,,,,,,,,,,,,26416.0,admin.risk.197,MEDIUM,Manager,HR,0.0,24.0,Active,1.0,3.0,0.0
,,,48,,,,,,,,,,,,17133.0,specialist.infra.99,MEDIUM,User,Operations,0.0,19.0,Active,0.0,0.0,0.0
,,,43,,,,,,,,,,,,13915.0,engineer.security.92,MEDIUM,User,Operations,0.0,25.0,Active,1.0,0.0,0.0
,,,48,,,,,,,,,,,,53241.0,specialist.risk.527,MEDIUM,Manager,Legal,0.0,2.0,Active,1.0,3.0,0.0
,,,43,,,,,,,,,,,,342778.0,admin.risk.548,MEDIUM,User,HR,0.0,14.0,Active,1.0,2.0,0.0
,,,99,,,,,,,,,,,,200184.0,ceo.exec.15,CRITICAL,Analyst,IT,1.0,3.0,Active,1.0,1.0,0.0
,,,18,,,,,,,,,,,,13579.0,intern.support.866,LOW,Analyst,Operations,0.0,2.0,Active,0.0,1.0,0.0
,,,44,,,,,,,,,,,,13941.0,analyst.risk.898,MEDIUM,User,Finance,0.0,11.0,Active,0.0,4.0,0.0
,,,44,,,,,,,,,,,,6608.0,engineer.security.661,MEDIUM,User,Finance,0.0,2.0,Active,0.0,2.0,0.0
,,,79,,,,,,,,,,,,79592.0,lead.tech.273,HIGH,Analyst,Legal,1.0,13.0,Active,1.0,0.0,0.0
,,,46,,,,,,,,,,,,16444.0,specialist.infra.531,MEDIUM,Analyst,IT,0.0,0.0,Active,0.0,0.0,0.0
,,,73,,,,,,,,,,,,98745.0,director.security.131,HIGH,Manager,Operations,1.0,27.0,Active,1.0,1.0,0.0
,,,77,,,,,,,,,,,,338551.0,vp.risk.413,HIGH,User,Finance,1.0,10.0,Active,1.0,0.0,0.0
,,,48,,,,,,,,,,,,300188.0,admin.risk.679,MEDIUM,Manager,Legal,0.0,15.0,Active,0.0,2.0,0.0
,,,22,,,,,,,,,,,,18001.0,intern.ops.925,LOW,User,IT,0.0,22.0,Active,0.0,0.0,0.0
,,,44,,,,,,,,,,,,65641.0,analyst.infra.89,MEDIUM,Analyst,Operations,0.0,18.0,Active,1.0,4.0,0.0
,,,18,,,,,,,,,,,,441916.0,temp.admin.787,LOW,User,Legal,0.0,13.0,Active,0.0,1.0,0.0
,,,43,,,,,,,,,,,,38566.0,engineer.infra.223,MEDIUM,User,IT,0.0,27.0,Active,1.0,4.0,0.0
,,,48,,,,,,,,,,,,55249.0,specialist.ops.782,MEDIUM,Analyst,Finance,0.0,16.0,Active,1.0,1.0,0.0
,,,47,,,,,,,,,,,,215322.0,engineer.ops.466,MEDIUM,Analyst,Operations,0.0,9.0,Active,0.0,1.0,0.0
,,,42,,,,,,,,,,,,187683.0,analyst.ops.253,MEDIUM,Analyst,Legal,0.0,22.0,Active,1.0,2.0,0.0
,,,77,,,,,,,,,,,,13345.0,lead.tech.111,HIGH,Manager,IT,1.0,24.0,Active,1.0,1.0,0.0
,,,40,,,,,,,,,,,,44705.0,admin.infra.559,MEDIUM,User,Legal,0.0,22.0,Active,0.0,19.0,0.0
,,,44,,,,,,,,,,,,76874.0,engineer.infra.710,MEDIUM,User,HR,0.0,3.0,Active,1.0,1.0,0.0
,,,46,,,,,,,,,,,,5495.0,admin.risk.707,MEDIUM,User,HR,0.0,18.0,Active,0.0,0.0,1.0
,,,74,,,,,,,,,,,,67235.0,vp.trading.256,HIGH,User,Finance,1.0,8.0,Active,1.0,2.0,0.0
,,,72,,,,,,,,,,,,161457.0,vp.security.268,HIGH,Analyst,Finance,1.0,15.0,Active,1.0,2.0,0.0
,,,43,,,,,,,,,,,,92651.0,engineer.risk.802,MEDIUM,User,Finance,0.0,22.0,Active,1.0,10.0,0.0
,,,76,,,,,,,,,,,,4049.0,manager.security.267,HIGH,Analyst,Legal,1.0,26.0,Active,0.0,2.0,0.0
,,,41,,,,,,,,,,,,3740.0,engineer.risk.842,MEDIUM,Manager,IT,0.0,1.0,Active,0.0,4.0,0.0
,,,47,,,,,,,,,,,,4162.0,analyst.risk.450,MEDIUM,Analyst,Finance,0.0,6.0,Active,0.0,3.0,0.0
,,,98,,,,,,,,,,,,21387.0,cto.board.512,CRITICAL,User,HR,1.0,8.0,Active,1.0,19.0,0.0
,,,21,,,,,,,,,,,,5683.0,intern.ops.640,LOW,User,IT,0.0,7.0,Active,1.0,0.0,0.0
,,,46,,,,,,,,,,,,391119.0,specialist.ops.623,MEDIUM,Analyst,IT,0.0,0.0,Active,1.0,1.0,0.0
,,,42,,,,,,,,,,,,694.0,engineer.infra.410,MEDIUM,User,Legal,0.0,12.0,Active,0.0,17.0,0.0
,,,93,,,,,,,,,,,,17073.0,head_security.board.737,CRITICAL,Manager,Finance,1.0,22.0,Active,1.0,11.0,1.0
,,,74,,,,,,,,,,,,138575.0,vp.tech.858,HIGH,Analyst,Legal,1.0,25.0,Active,1.0,3.0,0.0
,,,93,,,,,,,,,,,,355171.0,cfo.exec.101,CRITICAL,Manager,Finance,1.0,26.0,Active,1.0,1.0,0.0
,,,17,,,,,,,,,,,,334232.0,intern.support.974,LOW,Analyst,IT,0.0,2.0,Active,0.0,14.0,0.0
,,,78,,,,,,,,,,,,44247.0,vp.security.715,HIGH,Analyst,IT,1.0,19.0,Active,1.0,5.0,0.0
,,,46,,,,,,,,,,,,31656.0,analyst.risk.365,MEDIUM,Analyst,Operations,0.0,23.0,Active,1.0,9.0,1.0
,,,15,,,,,,,,,,,,3532.0,user.admin.672,LOW,Manager,Operations,0.0,7.0,Active,0.0,0.0,0.0
,,,44,,,,,,,,,,,,274118.0,analyst.security.685,MEDIUM,Manager,Operations,0.0,8.0,Active,0.0,18.0,0.0
,,,48,,,,,,,,,,,,24465.0,admin.risk.103,MEDIUM,User,Finance,0.0,1.0,Active,0.0,9.0,0.0
,,,42,,,,,,,,,,,,767.0,specialist.ops.454,MEDIUM,Analyst,Finance,0.0,23.0,Active,0.0,13.0,1.0
,,,45,,,,,,,,,,,,12106.0,engineer.ops.589,MEDIUM,Analyst,IT,0.0,21.0,Active,0.0,3.0,0.0
,,,19,,,,,,,,,,,,17036.0,user.ops.394,LOW,Analyst,Finance,0.0,26.0,Active,0.0,2.0,0.0
,,,40,,,,,,,,,,,,33014.0,analyst.security.637,MEDIUM,User,IT,0.0,21.0,Active,1.0,0.0,0.0
,,,75,,,,,,,,,,,,247090.0,lead.security.128,HIGH,User,Finance,1.0,12.0,Active,0.0,0.0,0.0
,,,44,,,,,,,,,,,,55608.0,engineer.infra.383,MEDIUM,Exec,Operations,0.0,18.0,Inactive,1.0,0.0,0.0
,,,22,,,,,,,,,,,,251137.0,guest.admin.998,LOW,Analyst,IT,0.0,25.0,Active,0.0,3.0,0.0
,,,45,,,,,,,,,,,,274222.0,admin.ops.532,MEDIUM,User,Legal,0.0,10.0,Active,0.0,2.0,0.0
,,,17,,,,,,,,,,,,122138.0,guest.admin.815,LOW,Manager,IT,0.0,10.0,Active,1.0,1.0,0.0
,,,42,,,,,,,,,,,,379438.0,specialist.security.651,MEDIUM,Analyst,IT,0.0,28.0,Active,1.0,0.0,0.0
,,,24,,,,,,,,,,,,292395.0,temp.support.870,LOW,User,IT,0.0,13.0,Active,1.0,0.0,0.0
,,,16,,,,,,,,,,,,61816.0,temp.ops.695,LOW,User,Operations,0.0,27.0,Active,1.0,0.0,0.0
,,,72,,,,,,,,,,,,64377.0,lead.security.239,HIGH,Analyst,Legal,1.0,19.0,Active,1.0,12.0,0.0
,,,41,,,,,,,,,,,,39840.0,admin.risk.480,MEDIUM,User,Finance,0.0,0.0,Active,1.0,0.0,0.0
,,,71,,,,,,,,,,,,46093.0,director.security.275,HIGH,Analyst,HR,1.0,3.0,Active,0.0,0.0,0.0
,,,24,,,,,,,,,,,,206209.0,user.admin.711,LOW,User,Operations,0.0,29.0,Active,1.0,1.0,0.0
,,,91,,,,,,,,,,,,47484.0,cfo.board.86,CRITICAL,User,Legal,1.0,24.0,Active,1.0,21.0,0.0
,,,23,,,,,,,,,,,,28021.0,guest.ops.912,LOW,Analyst,HR,0.0,5.0,Active,1.0,0.0,0.0
,,,46,,,,,,,,,,,,41877.0,engineer.ops.322,MEDIUM,User,Finance,0.0,0.0,Active,0.0,2.0,0.0
,,,21,,,,,,,,,,,,47624.0,temp.support.861,LOW,User,Finance,0.0,21.0,Active,0.0,1.0,0.0
,,,76,,,,,,,,,,,,7325.0,manager.security.206,HIGH,User,Finance,1.0,9.0,Active,1.0,3.0,0.0
,,,16,,,,,,,,,,,,7755.0,guest.ops.819,LOW,Analyst,Operations,0.0,19.0,Active,1.0,1.0,0.0
,,,76,,,,,,,,,,,,263643.0,vp.trading.175,HIGH,Analyst,HR,1.0,24.0,Active,0.0,20.0,0.0
,,,16,,,,,,,,,,,,41883.0,intern.admin.84,LOW,Analyst,Finance,0.0,19.0,Active,0.0,2.0,0.0
,,,99,,,,,,,,,,,,211408.0,ceo.board.77,CRITICAL,User,Finance,1.0,29.0,Active,1.0,0.0,0.0
,,,73,,,,,,,,,,,,83396.0,lead.tech.801,HIGH,Analyst,HR,1.0,12.0,Active,1.0,0.0,0.0
,,,94,,,,,,,,,,,,84632.0,ceo.board.739,CRITICAL,Manager,Finance,1.0,25.0,Active,1.0,4.0,0.0
,,,47,,,,,,,,,,,,524.0,analyst.infra.126,MEDIUM,Analyst,HR,0.0,15.0,Active,0.0,0.0,0.0
,,,46,,,,,,,,,,,,2791.0,specialist.infra.460,MEDIUM,User,Finance,0.0,16.0,Active,1.0,2.0,0.0
,,,73,,,,,,,,,,,,48207.0,manager.tech.254,HIGH,Analyst,Legal,1.0,28.0,Active,1.0,0.0,0.0
,,,75,,,,,,,,,,,,9350.0,lead.security.956,HIGH,User,IT,1.0,17.0,Active,0.0,8.0,1.0
,,,48,,,,,,,,,,,,50936.0,admin.risk.327,MEDIUM,User,IT,0.0,7.0,Active,0.0,11.0,1.0
,,,74,,,,,,,,,,,,81492.0,lead.security.302,HIGH,User,IT,1.0,3.0,Active,1.0,0.0,0.0
,,,23,,,,,,,,,,,,80635.0,temp.ops.500,LOW,Analyst,Finance,0.0,26.0,Active,0.0,6.0,1.0
,,,21,,,,,,,,,,,,25532.0,temp.ops.758,LOW,User,Legal,0.0,23.0,Active,1.0,3.0,0.0
,,,49,,,,,,,,,,,,11056.0,specialist.risk.319,MEDIUM,Manager,IT,0.0,5.0,Active,1.0,4.0,1.0
,,,23,,,,,,,,,,,,29416.0,intern.ops.769,LOW,Manager,Finance,0.0,28.0,Active,1.0,0.0,0.0
,,,46,,,,,,,,,,,,129204.0,engineer.risk.359,MEDIUM,Analyst,Operations,0.0,23.0,Active,1.0,2.0,0.0
,,,18,,,,,,,,,,,,334395.0,intern.admin.804,LOW,Analyst,HR,0.0,22.0,Active,0.0,0.0,0.0
,,,42,,,,,,,,,,,,84282.0,specialist.infra.812,MEDIUM,Exec,HR,0.0,23.0,Active,1.0,0.0,0.0
,,,74,,,,,,,,,,,,44580.0,lead.risk.943,HIGH,Analyst,IT,1.0,16.0,Active,1.0,3.0,0.0
,,,77,,,,,,,,,,,,308333.0,director.security.718,HIGH,Analyst,HR,1.0,26.0,Active,1.0,0.0,0.0
,,,73,,,,,,,,,,,,5980.0,manager.tech.252,HIGH,Analyst,HR,1.0,21.0,Active,0.0,3.0,0.0
,,,70,,,,,,,,,,,,324481.0,lead.risk.200,HIGH,User,IT,1.0,28.0,Active,1.0,0.0,0.0
,,,48,,,,,,,,,,,,7956.0,specialist.infra.693,MEDIUM,Analyst,Finance,0.0,26.0,Active,1.0,1.0,0.0
,,,98,,,,,,,,,,,,17044.0,cfo.board.21,CRITICAL,Analyst,Legal,1.0,5.0,Active,1.0,2.0,0.0
,,,94,,,,,,,,,,,,3200.0,cto.exec.78,CRITICAL,Manager,Finance,1.0,10.0,Active,1.0,1.0,1.0
,,,41,,,,,,,,,,,,25988.0,admin.risk.459,MEDIUM,User,Legal,0.0,20.0,Active,1.0,1.0,0.0
,,,78,,,,,,,,,,,,300310.0,vp.risk.515,HIGH,Manager,Legal,1.0,24.0,Active,0.0,20.0,0.0
,,,41,,,,,,,,,,,,59931.0,admin.ops.416,MEDIUM,User,IT,0.0,4.0,Active,1.0,2.0,0.0
,,,90,,,,,,,,,,,,3221.0,ceo.board.393,CRITICAL,Manager,Finance,1.0,27.0,Active,1.0,20.0,0.0
,,,21,,,,,,,,,,,,2929.0,intern.support.944,LOW,User,Finance,0.0,6.0,Active,1.0,0.0,0.0
,,,46,,,,,,,,,,,,13816.0,engineer.risk.437,MEDIUM,Analyst,HR,0.0,19.0,Active,0.0,1.0,0.0
,,,97,,,,,,,,,,,,183876.0,cfo.board.39,CRITICAL,User,Finance,1.0,16.0,Active,1.0,3.0,0.0
,,,44,,,,,,,,,,,,14.0,specialist.ops.44,MEDIUM,Manager,Legal,0.0,9.0,Active,1.0,0.0,0.0
,,,24,,,,,,,,,,,,7700.0,temp.admin.649,LOW,User,Operations,0.0,7.0,Active,1.0,0.0,0.0
,,,72,,,,,,,,,,,,44996.0,manager.security.272,HIGH,Analyst,Legal,1.0,18.0,Active,1.0,0.0,1.0
,,,46,,,,,,,,,,,,49920.0,engineer.security.766,MEDIUM,Analyst,Legal,0.0,4.0,Active,1.0,0.0,0.0
,,,90,,,,,,,,,,,,47008.0,cto.board.46,CRITICAL,Analyst,Legal,1.0,4.0,Active,1.0,0.0,0.0
,,,45,,,,,,,,,,,,47953.0,engineer.ops.432,MEDIUM,User,IT,0.0,9.0,Active,1.0,13.0,1.0
,,,40,,,,,,,,,,,,8874.0,analyst.ops.435,MEDIUM,User,Operations,0.0,20.0,Active,1.0,0.0,0.0
,,,44,,,,,,,,,,,,69669.0,specialist.risk.258,MEDIUM,User,IT,0.0,1.0,Active,1.0,2.0,0.0
,,,17,,,,,,,,,,,,252912.0,guest.support.760,LOW,User,IT,0.0,10.0,Active,1.0,15.0,1.0
,,,76,,,,,,,,,,,,89123.0,director.security.293,HIGH,Analyst,Finance,1.0,17.0,Active,0.0,2.0,0.0
,,,70,,,,,,,,,,,,111406.0,director.risk.950,HIGH,Analyst,Finance,1.0,25.0,Inactive,1.0,2.0,0.0
,,,49,,,,,,,,,,,,59127.0,engineer.ops.313,MEDIUM,Analyst,IT,0.0,8.0,Active,0.0,1.0,0.0
,,,20,,,,,,,,,,,,14344.0,user.admin.123,LOW,Manager,IT,0.0,7.0,Active,0.0,0.0,0.0
,,,93,,,,,,,,,,,,69316.0,head_security.exec.918,CRITICAL,Analyst,Finance,1.0,22.0,Active,0.0,6.0,0.0
,,,24,,,,,,,,,,,,93878.0,temp.support.828,LOW,Analyst,HR,0.0,19.0,Active,0.0,0.0,1.0
,,,19,,,,,,,,,,,,57810.0,temp.ops.998,LOW,Exec,Operations,0.0,21.0,Active,0.0,11.0,0.0
,,,96,,,,,,,,,,,,52468.0,cto.board.128,CRITICAL,Analyst,IT,1.0,6.0,Active,1.0,4.0,0.0
,,,24,,,,,,,,,,,,312979.0,temp.ops.50,LOW,User,IT,0.0,28.0,Inactive,0.0,4.0,0.0
,,,73,,,,,,,,,,,,150781.0,vp.tech.202,HIGH,Analyst,IT,1.0,27.0,Active,1.0,1.0,0.0
,,,47,,,,,,,,,,,,19199.0,specialist.infra.448,MEDIUM,User,IT,0.0,28.0,Active,0.0,0.0,0.0
,,,47,,,,,,,,,,,,4631.0,engineer.risk.364,MEDIUM,Manager,Operations,0.0,23.0,Active,1.0,0.0,0.0
,,,72,,,,,,,,,,,,59456.0,vp.security.341,HIGH,Analyst,IT,1.0,5.0,Active,0.0,3.0,0.0
,,,41,,,,,,,,,,,,66369.0,specialist.ops.406,MEDIUM,User,Finance,0.0,9.0,Active,0.0,1.0,0.0
,,,49,,,,,,,,,,,,898.0,specialist.security.175,MEDIUM,Manager,Operations,0.0,3.0,Active,1.0,0.0,0.0
,,,43,,,,,,,,,,,,8915.0,admin.security.547,MEDIUM,Manager,Legal,0.0,21.0,Active,0.0,4.0,0.0
,,,16,,,,,,,,,,,,229028.0,temp.ops.410,LOW,Analyst,Finance,0.0,9.0,Active,1.0,1.0,0.0
,,,78,,,,,,,,,,,,101126.0,director.security.238,HIGH,User,Legal,1.0,5.0,Active,0.0,0.0,0.0
,,,22,,,,,,,,,,,,71886.0,guest.admin.215,LOW,User,IT,0.0,18.0,Active,1.0,4.0,0.0
,,,19,,,,,,,,,,,,101763.0,intern.ops.889,LOW,User,Finance,0.0,6.0,Active,1.0,0.0,0.0
,,,47,,,,,,,,,,,,45923.0,analyst.infra.391,MEDIUM,Analyst,Operations,0.0,20.0,Active,1.0,11.0,0.0
,,,41,,,,,,,,,,,,91757.0,admin.ops.340,MEDIUM,User,Operations,0.0,2.0,Active,1.0,3.0,0.0
,,,78,,,,,,,,,,,,33154.0,manager.trading.177,HIGH,Analyst,HR,1.0,27.0,Active,1.0,2.0,0.0
,,,44,,,,,,,,,,,,182724.0,specialist.ops.257,MEDIUM,Analyst,Operations,0.0,16.0,Active,1.0,0.0,0.0
,,,98,,,,,,,,,,,,4022.0,cfo.exec.139,CRITICAL,User,HR,1.0,19.0,Active,1.0,1.0,0.0
,,,96,,,,,,,,,,,,121071.0,cfo.board.104,CRITICAL,User,HR,1.0,1.0,Inactive,1.0,3.0,0.0
,,,78,,,,,,,,,,,,27126.0,vp.security.203,HIGH,Analyst,Finance,1.0,15.0,Active,1.0,5.0,0.0
,,,20,,,,,,,,,,,,15311.0,guest.ops.618,LOW,Analyst,Legal,0.0,15.0,Active,0.0,2.0,0.0
,,,16,,,,,,,,,,,,168127.0,temp.ops.920,LOW,User,Finance,0.0,6.0,Active,0.0,2.0,0.0
,,,45,,,,,,,,,,,,39.0,analyst.security.564,MEDIUM,User,HR,0.0,4.0,Active,0.0,0.0,0.0
,,,97,,,,,,,,,,,,137023.0,ceo.board.65,CRITICAL,Exec,IT,1.0,1.0,Active,1.0,6.0,0.0
,,,23,,,,,,,,,,,,29341.0,user.support.317,LOW,Exec,HR,0.0,20.0,Active,0.0,1.0,0.0
,,,42,,,,,,,,,,,,11618.0,specialist.ops.358,MEDIUM,Manager,IT,0.0,16.0,Active,1.0,2.0,0.0
,,,48,,,,,,,,,,,,118436.0,admin.risk.997,MEDIUM,Analyst,Finance,0.0,28.0,Active,1.0,2.0,0.0
,,,95,,,,,,,,,,,,6119.0,head_security.exec.55,CRITICAL,Exec,HR,1.0,22.0,Active,1.0,1.0,0.0
,,,75,,,,,,,,,,,,431867.0,director.tech.209,HIGH,Analyst,Finance,1.0,19.0,Active,1.0,9.0,1.0
,,,70,,,,,,,,,,,,60529.0,lead.risk.726,HIGH,Analyst,IT,1.0,7.0,Active,0.0,13.0,0.0
,,,19,,,,,,,,,,,,129063.0,guest.ops.909,LOW,Manager,HR,0.0,25.0,Active,0.0,3.0,1.0
,,,42,,,,,,,,,,,,27426.0,specialist.ops.271,MEDIUM,User,IT,0.0,22.0,Active,0.0,1.0,0.0
,,,48,,,,,,,,,,,,34206.0,specialist.infra.606,MEDIUM,User,Legal,0.0,20.0,Active,0.0,0.0,0.0
,,,44,,,,,,,,,,,,453100.0,admin.ops.617,MEDIUM,User,Legal,0.0,23.0,Active,0.0,10.0,1.0
,,,48,,,,,,,,,,,,57687.0,analyst.security.583,MEDIUM,Analyst,Finance,0.0,18.0,Active,1.0,1.0,1.0
,,,48,,,,,,,,,,,,377033.0,engineer.security.08,MEDIUM,User,IT,0.0,21.0,Active,0.0,0.0,0.0
,,,79,,,,,,,,,,,,322906.0,manager.security.573,HIGH,Analyst,IT,1.0,28.0,Suspended,0.0,11.0,1.0
,,,90,,,,,,,,,,,,105098.0,cfo.exec.551,CRITICAL,User,Operations,1.0,23.0,Suspended,1.0,13.0,0.0
,,,73,,,,,,,,,,,,36870.0,lead.security.359,HIGH,User,IT,1.0,27.0,Active,1.0,0.0,0.0
,,,70,,,,,,,,,,,,4794.0,lead.trading.119,HIGH,Analyst,Finance,1.0,29.0,Suspended,1.0,4.0,0.0
,,,79,,,,,,,,,,,,24706.0,vp.risk.131,HIGH,Analyst,Finance,1.0,18.0,Active,1.0,14.0,0.0
,,,44,,,,,,,,,,,,318.0,specialist.security.551,MEDIUM,User,Operations,0.0,0.0,Inactive,1.0,0.0,0.0
,,,71,,,,,,,,,,,,11164.0,director.tech.201,HIGH,User,IT,1.0,27.0,Active,1.0,0.0,0.0
,,,24,,,,,,,,,,,,60408.0,intern.ops.28,LOW,Analyst,Legal,0.0,23.0,Active,1.0,0.0,0.0
,,,21,,,,,,,,,,,,35051.0,user.support.551,LOW,User,Finance,0.0,22.0,Active,0.0,3.0,0.0
,,,93,,,,,,,,,,,,138604.0,cto.exec.505,CRITICAL,Manager,Operations,1.0,10.0,Active,1.0,3.0,0.0
,,,75,,,,,,,,,,,,45991.0,vp.risk.211,HIGH,Manager,Operations,1.0,8.0,Active,1.0,1.0,0.0
,,,74,,,,,,,,,,,,15615.0,vp.trading.242,HIGH,Analyst,IT,1.0,15.0,Active,1.0,17.0,0.0
,,,46,,,,,,,,,,,,229135.0,analyst.security.686,MEDIUM,Exec,Operations,0.0,28.0,Active,0.0,2.0,0.0
,,,42,,,,,,,,,,,,5651.0,admin.security.430,MEDIUM,Analyst,IT,0.0,29.0,Active,1.0,16.0,1.0
,,,16,,,,,,,,,,,,310788.0,guest.support.655,LOW,Exec,Legal,0.0,14.0,Active,0.0,0.0,0.0
,,,73,,,,,,,,,,,,319140.0,vp.security.802,HIGH,User,Finance,1.0,26.0,Active,1.0,0.0,0.0
,,,15,,,,,,,,,,,,287526.0,intern.admin.888,LOW,User,Operations,0.0,0.0,Active,0.0,0.0,0.0
,,,48,,,,,,,,,,,,206190.0,specialist.security.843,MEDIUM,User,Finance,0.0,24.0,Active,1.0,2.0,0.0
,,,47,,,,,,,,,,,,6551.0,specialist.infra.583,MEDIUM,User,Finance,0.0,9.0,Active,1.0,13.0,0.0
,,,47,,,,,,,,,,,,29010.0,engineer.risk.419,MEDIUM,User,IT,0.0,21.0,Active,1.0,2.0,1.0
,,,20,,,,,,,,,,,,331169.0,guest.admin.932,LOW,User,Operations,0.0,13.0,Active,0.0,0.0,0.0
,,,49,,,,,,,,,,,,21476.0,specialist.security.516,MEDIUM,Exec,Operations,0.0,18.0,Active,0.0,19.0,0.0
,,,49,,,,,,,,,,,,125570.0,engineer.ops.672,MEDIUM,User,IT,0.0,15.0,Active,0.0,4.0,0.0
,,,16,,,,,,,,,,,,58143.0,guest.ops.03,LOW,User,Legal,0.0,5.0,Active,0.0,2.0,0.0
,,,95,,,,,,,,,,,,13925.0,cfo.board.272,CRITICAL,User,Operations,1.0,29.0,Active,1.0,0.0,0.0
,,,17,,,,,,,,,,,,322297.0,guest.support.382,LOW,Analyst,Legal,0.0,26.0,Active,0.0,0.0,0.0
,,,76,,,,,,,,,,,,28839.0,vp.tech.110,HIGH,User,Finance,1.0,11.0,Suspended,1.0,5.0,1.0
,,,97,,,,,,,,,,,,6664.0,cfo.board.311,CRITICAL,User,Legal,1.0,19.0,Active,1.0,0.0,0.0
,,,23,,,,,,,,,,,,136145.0,guest.admin.362,LOW,User,Operations,0.0,8.0,Active,0.0,1.0,0.0
,,,48,,,,,,,,,,,,57628.0,analyst.infra.472,MEDIUM,Analyst,HR,0.0,3.0,Active,0.0,3.0,0.0
,,,41,,,,,,,,,,,,61988.0,admin.infra.251,MEDIUM,Manager,Finance,0.0,5.0,Active,0.0,1.0,0.0
,,,40,,,,,,,,,,,,124338.0,specialist.infra.204,MEDIUM,User,Finance,0.0,28.0,Active,1.0,7.0,0.0
,,,23,,,,,,,,,,,,7915.0,user.admin.960,LOW,User,IT,0.0,28.0,Active,1.0,0.0,0.0
,,,93,,,,,,,,,,,,96739.0,head_security.board.47,CRITICAL,Manager,Legal,1.0,6.0,Active,0.0,2.0,0.0
,,,46,,,,,,,,,,,,331805.0,engineer.security.332,MEDIUM,User,Operations,0.0,18.0,Active,0.0,0.0,0.0
,,,20,,,,,,,,,,,,192758.0,temp.ops.770,LOW,Manager,Legal,0.0,14.0,Active,0.0,0.0,0.0
,,,98,,,,,,,,,,,,3369.0,head_security.exec.73,CRITICAL,Manager,IT,1.0,21.0,Active,1.0,1.0,0.0
,,,42,,,,,,,,,,,,106090.0,specialist.infra.224,MEDIUM,Exec,IT,0.0,6.0,Active,1.0,5.0,1.0
,,,21,,,,,,,,,,,,69398.0,temp.ops.137,LOW,Analyst,IT,0.0,17.0,Active,0.0,0.0,0.0
,,,19,,,,,,,,,,,,106490.0,intern.admin.765,LOW,User,HR,0.0,3.0,Active,0.0,1.0,0.0
,,,94,,,,,,,,,,,,112163.0,ceo.board.84,CRITICAL,Analyst,Finance,1.0,16.0,Active,0.0,5.0,0.0
,,,24,,,,,,,,,,,,42256.0,temp.admin.805,LOW,Analyst,HR,0.0,13.0,Active,1.0,0.0,0.0
,,,20,,,,,,,,,,,,186764.0,intern.admin.564,LOW,Analyst,Operations,0.0,1.0,Active,0.0,0.0,0.0
,,,42,,,,,,,,,,,,361246.0,admin.ops.340,MEDIUM,Manager,IT,0.0,17.0,Active,1.0,0.0,0.0
,,,21,,,,,,,,,,,,308011.0,guest.ops.60,LOW,Analyst,Legal,0.0,14.0,Active,0.0,0.0,0.0
,,,99,,,,,,,,,,,,12499.0,ceo.board.66,CRITICAL,Analyst,Finance,1.0,10.0,Active,1.0,0.0,0.0
,,,99,,,,,,,,,,,,51222.0,cfo.board.921,CRITICAL,User,IT,1.0,15.0,Active,0.0,0.0,0.0
,,,21,,,,,,,,,,,,12043.0,guest.support.742,LOW,Exec,Operations,0.0,6.0,Active,0.0,0.0,0.0
,,,43,,,,,,,,,,,,88.0,analyst.risk.73,MEDIUM,User,Legal,0.0,28.0,Suspended,0.0,6.0,0.0
,,,40,,,,,,,,,,,,100202.0,engineer.risk.186,MEDIUM,User,Operations,0.0,14.0,Active,0.0,22.0,0.0
,,,46,,,,,,,,,,,,31219.0,admin.infra.586,MEDIUM,Analyst,HR,0.0,6.0,Active,1.0,1.0,0.0
,,,15,,,,,,,,,,,,97680.0,user.ops.916,LOW,User,HR,0.0,8.0,Active,0.0,0.0,0.0
,,,42,,,,,,,,,,,,329008.0,analyst.infra.88,MEDIUM,Analyst,Legal,0.0,21.0,Active,1.0,2.0,0.0
,,,19,,,,,,,,,,,,410336.0,guest.admin.593,LOW,User,IT,0.0,22.0,Active,0.0,1.0,0.0
,,,77,,,,,,,,,,,,10676.0,manager.tech.108,HIGH,User,Finance,1.0,10.0,Active,1.0,5.0,0.0
,,,23,,,,,,,,,,,,12391.0,user.support.269,LOW,Analyst,IT,0.0,12.0,Active,1.0,0.0,0.0
,,,17,,,,,,,,,,,,143567.0,temp.support.798,LOW,Manager,Finance,0.0,3.0,Active,0.0,0.0,0.0
,,,24,,,,,,,,,,,,376717.0,guest.ops.378,LOW,Analyst,Finance,0.0,16.0,Active,0.0,2.0,0.0
,,,15,,,,,,,,,,,,168542.0,intern.admin.246,LOW,Exec,Legal,0.0,5.0,Active,1.0,0.0,0.0
,,,73,,,,,,,,,,,,426867.0,director.risk.846,HIGH,User,IT,1.0,29.0,Active,1.0,1.0,0.0
,,,77,,,,,,,,,,,,33453.0,lead.security.238,HIGH,User,Legal,1.0,4.0,Inactive,1.0,23.0,1.0
,,,44,,,,,,,,,,,,53779.0,admin.ops.605,MEDIUM,Exec,IT,0.0,27.0,Active,0.0,14.0,0.0
,,,45,,,,,,,,,,,,147259.0,admin.infra.157,MEDIUM,User,Finance,0.0,8.0,Active,0.0,9.0,0.0
,,,16,,,,,,,,,,,,283455.0,guest.ops.180,LOW,Analyst,IT,0.0,9.0,Active,0.0,1.0,0.0
,,,46,,,,,,,,,,,,45924.0,engineer.infra.953,MEDIUM,User,Legal,0.0,12.0,Active,0.0,0.0,0.0
,,,43,,,,,,,,,,,,415545.0,admin.infra.756,MEDIUM,Manager,Legal,0.0,10.0,Active,1.0,1.0,0.0
,,,46,,,,,,,,,,,,182249.0,engineer.risk.945,MEDIUM,Manager,Finance,0.0,7.0,Active,1.0,1.0,0.0
,,,90,,,,,,,,,,,,131043.0,head_security.exec.620,CRITICAL,Analyst,Legal,1.0,24.0,Inactive,1.0,23.0,0.0
,,,19,,,,,,,,,,,,20360.0,guest.admin.449,LOW,Manager,Finance,0.0,18.0,Active,0.0,2.0,0.0
,,,49,,,,,,,,,,,,82716.0,engineer.risk.69,MEDIUM,User,Finance,0.0,28.0,Active,0.0,0.0,0.0
,,,91,,,,,,,,,,,,377889.0,head_security.exec.29,CRITICAL,User,IT,1.0,20.0,Inactive,1.0,4.0,0.0
,,,48,,,,,,,,,,,,16706.0,analyst.ops.669,MEDIUM,Exec,Finance,0.0,1.0,Active,0.0,0.0,0.0
,,,16,,,,,,,,,,,,140858.0,user.ops.43,LOW,Manager,Legal,0.0,8.0,Active,0.0,0.0,0.0
,,,16,,,,,,,,,,,,440291.0,intern.ops.88,LOW,Manager,IT,0.0,7.0,Active,0.0,0.0,0.0
,,,47,,,,,,,,,,,,76193.0,engineer.security.586,MEDIUM,Analyst,Legal,0.0,17.0,Active,0.0,2.0,0.0
,,,24,,,,,,,,,,,,319157.0,intern.support.539,LOW,Analyst,Finance,0.0,15.0,Active,0.0,1.0,0.0
,,,76,,,,,,,,,,,,87435.0,manager.security.185,HIGH,Analyst,Finance,1.0,19.0,Active,1.0,2.0,0.0
,,,48,,,,,,,,,,,,407642.0,analyst.security.578,MEDIUM,User,Legal,0.0,13.0,Active,1.0,0.0,0.0
,,,76,,,,,,,,,,,,62598.0,vp.security.978,HIGH,Analyst,Legal,1.0,5.0,Active,0.0,1.0,0.0
,,,79,,,,,,,,,,,,18122.0,vp.security.276,HIGH,Analyst,Legal,1.0,28.0,Active,0.0,0.0,0.0
,,,19,,,,,,,,,,,,360614.0,guest.ops.15,LOW,Manager,IT,0.0,16.0,Active,1.0,2.0,0.0
,,,43,,,,,,,,,,,,443653.0,admin.infra.651,MEDIUM,Manager,Finance,0.0,2.0,Active,1.0,0.0,0.0
,,,72,,,,,,,,,,,,142472.0,lead.risk.976,HIGH,User,Legal,1.0,2.0,Active,1.0,4.0,0.0
,,,49,,,,,,,,,,,,273605.0,analyst.ops.101,MEDIUM,User,Operations,0.0,5.0,Suspended,0.0,1.0,0.0
,,,16,,,,,,,,,,,,132592.0,guest.admin.95,LOW,Manager,Finance,0.0,8.0,Inactive,0.0,2.0,0.0
,,,19,,,,,,,,,,,,318356.0,user.ops.163,LOW,Analyst,IT,0.0,24.0,Active,0.0,4.0,0.0
,,,73,,,,,,,,,,,,193532.0,director.tech.861,HIGH,Analyst,IT,1.0,1.0,Active,1.0,0.0,0.0
,,,47,,,,,,,,,,,,9238.0,specialist.security.558,MEDIUM,Manager,Legal,0.0,12.0,Active,1.0,0.0,0.0
,,,48,,,,,,,,,,,,61961.0,analyst.infra.382,MEDIUM,Analyst,Legal,0.0,13.0,Active,1.0,2.0,0.0
,,,17,,,,,,,,,,,,11840.0,temp.support.405,LOW,User,Operations,0.0,28.0,Active,0.0,0.0,0.0
,,,21,,,,,,,,,,,,58937.0,intern.admin.768,LOW,Analyst,IT,0.0,21.0,Active,0.0,0.0,0.0
,,,49,,,,,,,,,,,,402245.0,analyst.security.514,MEDIUM,Manager,IT,0.0,18.0,Active,0.0,0.0,0.0
,,,15,,,,,,,,,,,,16410.0,user.ops.313,LOW,User,Legal,0.0,7.0,Active,0.0,11.0,1.0
,,,73,,,,,,,,,,,,60207.0,director.trading.124,HIGH,Analyst,Finance,1.0,26.0,Active,1.0,4.0,0.0
,,,43,,,,,,,,,,,,55401.0,engineer.risk.48,MEDIUM,Exec,IT,0.0,18.0,Active,0.0,3.0,1.0
,,,24,,,,,,,,,,,,14966.0,temp.admin.832,LOW,Analyst,Legal,0.0,14.0,Active,0.0,3.0,1.0
,,,18,,,,,,,,,,,,1944.0,intern.admin.657,LOW,User,Finance,0.0,15.0,Active,0.0,2.0,0.0
,,,46,,,,,,,,,,,,8999.0,analyst.security.526,MEDIUM,Analyst,HR,0.0,1.0,Active,0.0,0.0,0.0
,,,23,,,,,,,,,,,,6401.0,user.admin.402,LOW,User,HR,0.0,26.0,Active,1.0,1.0,0.0
,,,90,,,,,,,,,,,,292847.0,head_security.board.249,CRITICAL,User,IT,1.0,10.0,Active,1.0,1.0,0.0
,,,70,,,,,,,,,,,,24778.0,lead.risk.55,HIGH,Analyst,Operations,1.0,6.0,Active,1.0,4.0,0.0
,,,24,,,,,,,,,,,,102500.0,temp.ops.134,LOW,Manager,IT,0.0,29.0,Active,0.0,0.0,0.0
,,,46,,,,,,,,,,,,167125.0,engineer.ops.656,MEDIUM,Analyst,Operations,0.0,26.0,Active,0.0,2.0,0.0
,,,40,,,,,,,,,,,,326554.0,analyst.infra.702,MEDIUM,User,IT,0.0,11.0,Active,1.0,9.0,1.0
,,,74,,,,,,,,,,,,18897.0,vp.security.50,HIGH,User,IT,1.0,15.0,Active,0.0,0.0,0.0
,,,47,,,,,,,,,,,,32460.0,engineer.security.876,MEDIUM,User,IT,0.0,21.0,Active,1.0,1.0,0.0
,,,42,,,,,,,,,,,,62894.0,engineer.security.451,MEDIUM,Exec,Operations,0.0,3.0,Active,1.0,1.0,0.0
,,,16,,,,,,,,,,,,310523.0,temp.support.942,LOW,Analyst,Legal,0.0,21.0,Active,0.0,0.0,0.0
,,,71,,,,,,,,,,,,2870.0,manager.trading.269,HIGH,User,Finance,1.0,6.0,Active,1.0,0.0,0.0
,,,19,,,,,,,,,,,,107990.0,user.admin.921,LOW,User,Operations,0.0,8.0,Active,0.0,2.0,0.0
,,,17,,,,,,,,,,,,7280.0,intern.admin.816,LOW,User,Legal,0.0,23.0,Active,0.0,0.0,0.0
,,,41,,,,,,,,,,,,63122.0,specialist.infra.990,MEDIUM,Analyst,Operations,0.0,1.0,Active,1.0,3.0,0.0
,,,98,,,,,,,,,,,,29014.0,cto.exec.200,CRITICAL,User,Finance,1.0,11.0,Inactive,0.0,18.0,1.0
,,,47,,,,,,,,,,,,7389.0,admin.ops.82,MEDIUM,User,IT,0.0,14.0,Active,1.0,1.0,0.0
,,,72,,,,,,,,,,,,39200.0,lead.tech.253,HIGH,User,HR,1.0,29.0,Suspended,0.0,16.0,1.0
,,,77,,,,,,,,,,,,31534.0,manager.risk.275,HIGH,Analyst,Operations,1.0,1.0,Active,1.0,1.0,0.0
,,,41,,,,,,,,,,,,210281.0,specialist.infra.359,MEDIUM,Analyst,Operations,0.0,29.0,Active,1.0,4.0,0.0
,,,79,,,,,,,,,,,,63837.0,director.tech.217,HIGH,Analyst,Finance,1.0,23.0,Active,1.0,6.0,0.0
,,,49,,,,,,,,,,,,5936.0,analyst.security.610,MEDIUM,User,Finance,0.0,9.0,Active,1.0,2.0,0.0
,,,15,,,,,,,,,,,,21673.0,temp.ops.758,LOW,User,Finance,0.0,19.0,Active,0.0,14.0,0.0
,,,24,,,,,,,,,,,,74736.0,intern.admin.732,LOW,Manager,Finance,0.0,5.0,Active,1.0,0.0,0.0
,,,44,,,,,,,,,,,,242243.0,admin.infra.555,MEDIUM,Analyst,Finance,0.0,26.0,Active,0.0,1.0,0.0
,,,23,,,,,,,,,,,,11153.0,guest.admin.938,LOW,Analyst,IT,0.0,29.0,Active,0.0,1.0,0.0
,,,24,,,,,,,,,,,,260196.0,guest.admin.881,LOW,Analyst,IT,0.0,14.0,Active,0.0,0.0,0.0
,,,17,,,,,,,,,,,,52657.0,temp.admin.997,LOW,Manager,Finance,0.0,25.0,Active,0.0,13.0,0.0
,,,15,,,,,,,,,,,,49449.0,intern.ops.883,LOW,Manager,HR,0.0,10.0,Suspended,1.0,2.0,0.0
,,,48,,,,,,,,,,,,55134.0,analyst.infra.417,MEDIUM,Manager,HR,0.0,27.0,Active,0.0,1.0,0.0
,,,44,,,,,,,,,,,,8764.0,engineer.security.593,MEDIUM,Manager,Finance,0.0,9.0,Active,0.0,1.0,0.0
,,,18,,,,,,,,,,,,29.0,intern.support.755,LOW,User,Legal,0.0,0.0,Active,1.0,1.0,0.0
,,,78,,,,,,,,,,,,92858.0,lead.security.287,HIGH,User,Operations,1.0,15.0,Active,1.0,3.0,0.0
,,,75,,,,,,,,,,,,235924.0,lead.risk.729,HIGH,Manager,Operations,1.0,9.0,Active,1.0,1.0,0.0
,,,21,,,,,,,,,,,,108275.0,user.admin.513,LOW,User,Finance,0.0,3.0,Suspended,1.0,2.0,0.0
,,,20,,,,,,,,,,,,106.0,intern.admin.261,LOW,Analyst,Finance,0.0,11.0,Active,1.0,0.0,0.0
,,,77,,,,,,,,,,,,117780.0,lead.trading.475,HIGH,User,Operations,1.0,26.0,Active,1.0,4.0,0.0
,,,73,,,,,,,,,,,,34648.0,lead.tech.390,HIGH,User,IT,1.0,0.0,Active,1.0,0.0,0.0
,,,40,,,,,,,,,,,,7413.0,analyst.ops.876,MEDIUM,Exec,Finance,0.0,4.0,Active,1.0,1.0,1.0
,,,43,,,,,,,,,,,,32367.0,analyst.security.548,MEDIUM,Analyst,IT,0.0,4.0,Active,1.0,2.0,0.0
,,,43,,,,,,,,,,,,106647.0,analyst.security.379,MEDIUM,User,IT,0.0,10.0,Active,1.0,0.0,0.0
,,,42,,,,,,,,,,,,30358.0,analyst.security.669,MEDIUM,Analyst,Finance,0.0,24.0,Active,0.0,2.0,0.0
,,,17,,,,,,,,,,,,237189.0,guest.support.787,LOW,Manager,Legal,0.0,13.0,Active,0.0,15.0,0.0
,,,19,,,,,,,,,,,,684.0,intern.support.134,LOW,User,IT,0.0,22.0,Active,0.0,1.0,0.0
,,,72,,,,,,,,,,,,12453.0,lead.tech.971,HIGH,Analyst,Legal,1.0,11.0,Active,0.0,1.0,0.0
,,,41,,,,,,,,,,,,19230.0,engineer.infra.361,MEDIUM,User,IT,0.0,8.0,Active,1.0,0.0,0.0
,,,40,,,,,,,,,,,,5341.0,engineer.infra.614,MEDIUM,Analyst,Operations,0.0,8.0,Active,1.0,0.0,0.0
,,,47,,,,,,,,,,,,10178.0,specialist.ops.39,MEDIUM,Analyst,Finance,0.0,26.0,Active,0.0,14.0,1.0
,,,19,,,,,,,,,,,,437903.0,temp.support.474,LOW,Manager,Operations,0.0,2.0,Active,0.0,3.0,0.0
,,,44,,,,,,,,,,,,71618.0,specialist.ops.435,MEDIUM,Analyst,Finance,0.0,19.0,Active,1.0,0.0,0.0
,,,45,,,,,,,,,,,,127402.0,analyst.infra.265,MEDIUM,Analyst,IT,0.0,4.0,Active,1.0,2.0,0.0
,,,22,,,,,,,,,,,,16244.0,guest.admin.743,LOW,Manager,Operations,0.0,11.0,Active,0.0,4.0,0.0
,,,21,,,,,,,,,,,,9048.0,guest.support.943,LOW,Manager,HR,0.0,24.0,Active,0.0,4.0,0.0
,,,79,,,,,,,,,,,,7715.0,director.security.538,HIGH,User,Operations,1.0,21.0,Active,1.0,1.0,0.0
,,,21,,,,,,,,,,,,6446.0,guest.support.667,LOW,Manager,HR,0.0,18.0,Active,0.0,1.0,0.0
,,,20,,,,,,,,,,,,85708.0,temp.admin.988,LOW,Analyst,IT,0.0,5.0,Active,0.0,13.0,0.0
,,,79,,,,,,,,,,,,249596.0,lead.tech.515,HIGH,User,Legal,1.0,13.0,Active,1.0,0.0,0.0
,,,16,,,,,,,,,,,,118547.0,user.ops.01,LOW,Manager,Operations,0.0,29.0,Active,1.0,1.0,0.0
,,,18,,,,,,,,,,,,82200.0,user.ops.928,LOW,Manager,IT,0.0,29.0,Active,1.0,2.0,0.0
,,,47,,,,,,,,,,,,9466.0,engineer.infra.410,MEDIUM,User,Legal,0.0,1.0,Active,0.0,15.0,0.0
,,,94,,,,,,,,,,,,222484.0,cto.board.764,CRITICAL,Exec,Operations,1.0,10.0,Active,1.0,2.0,0.0
,,,47,,,,,,,,,,,,168479.0,analyst.risk.13,MEDIUM,User,HR,0.0,17.0,Active,0.0,3.0,0.0
,,,79,,,,,,,,,,,,257301.0,vp.security.144,HIGH,Analyst,Finance,1.0,13.0,Active,1.0,3.0,0.0
,,,20,,,,,,,,,,,,228290.0,guest.admin.737,LOW,User,IT,0.0,1.0,Inactive,1.0,3.0,0.0
,,,43,,,,,,,,,,,,39021.0,admin.ops.255,MEDIUM,User,Legal,0.0,27.0,Active,0.0,3.0,0.0
,,,77,,,,,,,,,,,,449192.0,lead.security.88,HIGH,User,Legal,1.0,29.0,Active,0.0,10.0,1.0
,,,16,,,,,,,,,,,,24711.0,guest.ops.912,LOW,User,IT,0.0,22.0,Active,0.0,2.0,1.0
,,,45,,,,,,,,,,,,44178.0,specialist.security.201,MEDIUM,Analyst,IT,0.0,14.0,Active,1.0,4.0,0.0
,,,77,,,,,,,,,,,,62323.0,director.tech.182,HIGH,User,Operations,1.0,8.0,Active,0.0,11.0,0.0
,,,93,,,,,,,,,,,,60932.0,cfo.exec.792,CRITICAL,User,HR,1.0,12.0,Active,1.0,8.0,1.0
,,,40,,,,,,,,,,,,61919.0,specialist.ops.383,MEDIUM,User,Finance,0.0,7.0,Active,0.0,2.0,0.0
,,,46,,,,,,,,,,,,417759.0,specialist.infra.652,MEDIUM,User,IT,0.0,3.0,Active,0.0,1.0,0.0
,,,96,,,,,,,,,,,,54629.0,cfo.exec.947,CRITICAL,User,IT,1.0,28.0,Suspended,1.0,8.0,0.0
,,,72,,,,,,,,,,,,50214.0,director.risk.550,HIGH,Analyst,HR,1.0,1.0,Active,1.0,0.0,0.0
,,,19,,,,,,,,,,,,106653.0,guest.admin.974,LOW,Analyst,Operations,0.0,15.0,Active,1.0,7.0,0.0
,,,49,,,,,,,,,,,,80321.0,engineer.security.508,MEDIUM,Analyst,Finance,0.0,9.0,Active,1.0,0.0,0.0
,,,41,,,,,,,,,,,,128411.0,engineer.risk.522,MEDIUM,Analyst,Finance,0.0,28.0,Active,0.0,13.0,0.0
,,,73,,,,,,,,,,,,19882.0,director.security.287,HIGH,Analyst,Legal,1.0,5.0,Active,1.0,0.0,0.0
,,,19,,,,,,,,,,,,181096.0,intern.ops.427,LOW,User,Operations,0.0,13.0,Active,0.0,0.0,0.0
,,,18,,,,,,,,,,,,620.0,guest.support.940,LOW,Manager,Operations,0.0,3.0,Active,1.0,2.0,1.0
,,,95,,,,,,,,,,,,304176.0,cto.exec.82,CRITICAL,Analyst,Finance,1.0,28.0,Active,1.0,3.0,0.0
,,,16,,,,,,,,,,,,254353.0,temp.ops.338,LOW,User,HR,0.0,15.0,Active,0.0,18.0,1.0
,,,44,,,,,,,,,,,,1684.0,admin.security.682,MEDIUM,Analyst,Finance,0.0,25.0,Suspended,0.0,5.0,0.0
,,,43,,,,,,,,,,,,179141.0,specialist.risk.961,MEDIUM,Analyst,Finance,0.0,11.0,Active,0.0,4.0,0.0
,,,19,,,,,,,,,,,,17475.0,temp.support.549,LOW,Manager,Finance,0.0,18.0,Active,0.0,5.0,0.0
,,,22,,,,,,,,,,,,15093.0,user.admin.894,LOW,Analyst,Legal,0.0,20.0,Active,0.0,14.0,0.0
,,,75,,,,,,,,,,,,387970.0,director.trading.746,HIGH,Analyst,Operations,1.0,0.0,Suspended,1.0,13.0,0.0
,,,76,,,,,,,,,,,,46923.0,lead.tech.152,HIGH,Exec,Operations,1.0,4.0,Inactive,0.0,9.0,0.0
,,,42,,,,,,,,,,,,86903.0,specialist.infra.565,MEDIUM,Manager,HR,0.0,4.0,Active,0.0,3.0,0.0
,,,43,,,,,,,,,,,,57626.0,specialist.infra.252,MEDIUM,Analyst,IT,0.0,21.0,Active,1.0,3.0,0.0
,,,41,,,,,,,,,,,,235130.0,analyst.risk.475,MEDIUM,User,Finance,0.0,28.0,Active,0.0,2.0,1.0
,,,70,,,,,,,,,,,,79230.0,director.security.789,HIGH,Analyst,Finance,1.0,28.0,Active,1.0,0.0,0.0
,,,93,,,,,,,,,,,,269498.0,head_security.exec.534,CRITICAL,Manager,Legal,1.0,1.0,Active,1.0,1.0,0.0
,,,24,,,,,,,,,,,,2213.0,intern.admin.603,LOW,User,IT,0.0,14.0,Active,0.0,2.0,0.0
,,,46,,,,,,,,,,,,148329.0,analyst.risk.548,MEDIUM,Exec,Legal,0.0,3.0,Active,1.0,1.0,0.0
,,,94,,,,,,,,,,,,34796.0,cfo.board.764,CRITICAL,Analyst,HR,1.0,1.0,Active,1.0,5.0,0.0
,,,21,,,,,,,,,,,,30205.0,temp.admin.325,LOW,User,IT,0.0,4.0,Active,0.0,0.0,0.0
,,,19,,,,,,,,,,,,2208.0,guest.admin.914,LOW,Manager,Legal,0.0,29.0,Active,1.0,1.0,0.0
,,,22,,,,,,,,,,,,275759.0,guest.ops.528,LOW,Analyst,IT,0.0,20.0,Active,1.0,1.0,0.0
,,,77,,,,,,,,,,,,250729.0,vp.risk.165,HIGH,User,Finance,1.0,13.0,Active,0.0,0.0,0.0
,,,43,,,,,,,,,,,,60202.0,admin.infra.755,MEDIUM,Analyst,Finance,0.0,8.0,Active,0.0,1.0,0.0
,,,44,,,,,,,,,,,,28522.0,admin.risk.617,MEDIUM,Analyst,HR,0.0,8.0,Active,0.0,5.0,1.0
,,,40,,,,,,,,,,,,93973.0,admin.infra.412,MEDIUM,Analyst,IT,0.0,23.0,Inactive,0.0,0.0,0.0
,,,71,,,,,,,,,,,,111875.0,director.risk.148,HIGH,Analyst,Operations,1.0,8.0,Active,0.0,12.0,0.0
,,,16,,,,,,,,,,,,344454.0,temp.admin.499,LOW,User,IT,0.0,26.0,Active,0.0,13.0,1.0
,,,72,,,,,,,,,,,,259711.0,vp.trading.107,HIGH,User,Legal,1.0,19.0,Active,0.0,4.0,0.0
,,,48,,,,,,,,,,,,147759.0,engineer.ops.247,MEDIUM,Analyst,HR,0.0,13.0,Active,1.0,0.0,1.0
,,,75,,,,,,,,,,,,47485.0,director.tech.178,HIGH,Analyst,Finance,1.0,24.0,Suspended,1.0,1.0,0.0
,,,42,,,,,,,,,,,,138030.0,admin.infra.523,MEDIUM,User,IT,0.0,17.0,Inactive,0.0,7.0,1.0
,,,75,,,,,,,,,,,,50004.0,manager.tech.316,HIGH,User,Finance,1.0,2.0,Inactive,1.0,3.0,0.0
,,,72,,,,,,,,,,,,32575.0,vp.security.103,HIGH,Manager,HR,1.0,19.0,Active,1.0,14.0,0.0
,,,41,,,,,,,,,,,,675.0,specialist.security.687,MEDIUM,User,Legal,0.0,1.0,Active,0.0,4.0,0.0
,,,48,,,,,,,,,,,,78603.0,engineer.security.641,MEDIUM,Manager,HR,0.0,26.0,Active,1.0,4.0,0.0
,,,70,,,,,,,,,,,,184961.0,director.security.275,HIGH,User,HR,1.0,27.0,Active,0.0,1.0,0.0
,,,22,,,,,,,,,,,,213439.0,intern.ops.799,LOW,User,Finance,0.0,21.0,Active,0.0,14.0,1.0
,,,19,,,,,,,,,,,,14597.0,intern.support.731,LOW,Analyst,IT,0.0,21.0,Active,0.0,9.0,0.0
,,,79,,,,,,,,,,,,79455.0,manager.security.256,HIGH,Exec,Operations,1.0,25.0,Active,1.0,15.0,0.0
,,,41,,,,,,,,,,,,22728.0,analyst.security.27,MEDIUM,Analyst,Legal,0.0,16.0,Active,0.0,4.0,0.0
,,,79,,,,,,,,,,,,243046.0,lead.tech.154,HIGH,Analyst,Finance,1.0,7.0,Active,1.0,2.0,0.0
,,,40,,,,,,,,,,,,104979.0,specialist.infra.90,MEDIUM,User,Finance,0.0,27.0,Active,0.0,0.0,0.0
,,,42,,,,,,,,,,,,33802.0,specialist.risk.474,MEDIUM,Manager,Legal,0.0,26.0,Active,1.0,7.0,0.0
,,,24,,,,,,,,,,,,357.0,intern.ops.952,LOW,Analyst,HR,0.0,28.0,Active,0.0,0.0,0.0
,,,22,,,,,,,,,,,,9063.0,intern.support.872,LOW,Analyst,Finance,0.0,23.0,Active,0.0,17.0,0.0
,,,40,,,,,,,,,,,,382.0,engineer.ops.509,MEDIUM,User,Operations,0.0,16.0,Active,0.0,11.0,0.0
,,,77,,,,,,,,,,,,237642.0,director.tech.262,HIGH,Manager,Operations,1.0,15.0,Active,0.0,4.0,0.0
,,,42,,,,,,,,,,,,7947.0,engineer.security.106,MEDIUM,Manager,Operations,0.0,18.0,Active,1.0,1.0,0.0
,,,71,,,,,,,,,,,,114269.0,manager.security.73,HIGH,User,HR,1.0,10.0,Active,1.0,3.0,0.0
,,,48,,,,,,,,,,,,106449.0,admin.infra.732,MEDIUM,Analyst,IT,0.0,13.0,Active,0.0,0.0,0.0
,,,72,,,,,,,,,,,,75961.0,lead.risk.802,HIGH,Analyst,Operations,1.0,3.0,Active,1.0,7.0,1.0
,,,73,,,,,,,,,,,,6607.0,vp.risk.762,HIGH,Exec,IT,1.0,22.0,Active,1.0,14.0,0.0
,,,24,,,,,,,,,,,,443996.0,user.support.752,LOW,Exec,Finance,0.0,10.0,Inactive,0.0,0.0,0.0
,,,75,,,,,,,,,,,,131128.0,vp.risk.260,HIGH,Analyst,Operations,1.0,5.0,Active,0.0,11.0,0.0
,,,20,,,,,,,,,,,,1497.0,intern.admin.849,LOW,Analyst,Finance,0.0,29.0,Inactive,0.0,2.0,0.0
,,,77,,,,,,,,,,,,24958.0,director.tech.207,HIGH,Analyst,IT,1.0,0.0,Active,1.0,2.0,0.0
,,,79,,,,,,,,,,,,22792.0,vp.security.173,HIGH,User,Legal,1.0,9.0,Inactive,1.0,2.0,0.0
,,,24,,,,,,,,,,,,268415.0,temp.support.960,LOW,Analyst,Legal,0.0,27.0,Active,0.0,1.0,0.0
,,,49,,,,,,,,,,,,41781.0,specialist.infra.494,MEDIUM,User,Legal,0.0,0.0,Active,1.0,0.0,0.0
,,,24,,,,,,,,,,,,16962.0,user.admin.990,LOW,Manager,Finance,0.0,15.0,Active,1.0,1.0,0.0
,,,20,,,,,,,,,,,,14218.0,guest.support.190,LOW,User,Legal,0.0,0.0,Active,1.0,4.0,0.0
,,,42,,,,,,,,,,,,103737.0,analyst.infra.426,MEDIUM,Analyst,HR,0.0,11.0,Active,0.0,10.0,0.0
,,,94,,,,,,,,,,,,210614.0,head_security.exec.528,CRITICAL,Exec,IT,1.0,4.0,Active,1.0,14.0,0.0
,,,76,,,,,,,,,,,,4991.0,vp.security.270,HIGH,Analyst,HR,1.0,29.0,Active,1.0,1.0,0.0
,,,44,,,,,,,,,,,,13547.0,analyst.infra.668,MEDIUM,Manager,Operations,0.0,6.0,Active,0.0,3.0,1.0
,,,47,,,,,,,,,,,,54265.0,admin.ops.473,MEDIUM,Analyst,IT,0.0,8.0,Active,0.0,10.0,0.0
,,,23,,,,,,,,,,,,323407.0,temp.admin.598,LOW,User,Operations,0.0,27.0,Active,0.0,0.0,0.0
,,,43,,,,,,,,,,,,5663.0,analyst.ops.591,MEDIUM,Manager,Finance,0.0,24.0,Active,0.0,4.0,0.0
,,,43,,,,,,,,,,,,1850.0,analyst.infra.584,MEDIUM,Analyst,HR,0.0,16.0,Active,0.0,4.0,0.0
,,,94,,,,,,,,,,,,180176.0,cfo.exec.179,CRITICAL,User,Finance,1.0,25.0,Active,1.0,13.0,1.0
,,,40,,,,,,,,,,,,145299.0,specialist.infra.57,MEDIUM,User,Finance,0.0,8.0,Active,0.0,5.0,0.0
,,,40,,,,,,,,,,,,247473.0,specialist.ops.359,MEDIUM,Exec,Finance,0.0,28.0,Active,0.0,0.0,0.0
,,,74,,,,,,,,,,,,128058.0,director.risk.231,HIGH,Analyst,HR,1.0,1.0,Active,1.0,20.0,0.0
,,,90,,,,,,,,,,,,109902.0,head_security.board.299,CRITICAL,Analyst,Finance,1.0,27.0,Active,1.0,1.0,0.0
,,,48,,,,,,,,,,,,34518.0,analyst.security.405,MEDIUM,Analyst,IT,0.0,5.0,Active,1.0,1.0,0.0
,,,18,,,,,,,,,,,,420944.0,user.support.134,LOW,Manager,Finance,0.0,26.0,Active,0.0,2.0,0.0
,,,18,,,,,,,,,,,,136.0,guest.ops.399,LOW,Analyst,HR,0.0,10.0,Active,0.0,0.0,0.0
,,,46,,,,,,,,,,,,6464.0,analyst.security.155,MEDIUM,Analyst,Legal,0.0,1.0,Active,1.0,11.0,0.0
,,,49,,,,,,,,,,,,29864.0,specialist.risk.482,MEDIUM,Analyst,Legal,0.0,24.0,Active,0.0,1.0,0.0
,,,76,,,,,,,,,,,,51182.0,manager.risk.273,HIGH,User,Finance,1.0,10.0,Suspended,1.0,0.0,0.0
,,,47,,,,,,,,,,,,141585.0,engineer.infra.600,MEDIUM,User,Operations,0.0,14.0,Active,1.0,0.0,0.0
,,,49,,,,,,,,,,,,431844.0,engineer.security.798,MEDIUM,Manager,HR,0.0,2.0,Inactive,0.0,6.0,0.0
,,,49,,,,,,,,,,,,40699.0,specialist.ops.799,MEDIUM,User,Operations,0.0,16.0,Active,1.0,2.0,0.0
,,,74,,,,,,,,,,,,27242.0,vp.risk.232,HIGH,User,Operations,1.0,7.0,Active,0.0,1.0,0.0
,,,15,,,,,,,,,,,,170518.0,intern.ops.805,LOW,Analyst,IT,0.0,3.0,Active,1.0,4.0,0.0
,,,22,,,,,,,,,,,,116446.0,temp.admin.787,LOW,User,Finance,0.0,2.0,Active,0.0,0.0,0.0
,,,46,,,,,,,,,,,,60898.0,analyst.security.368,MEDIUM,Exec,IT,0.0,17.0,Active,1.0,20.0,1.0
,,,46,,,,,,,,,,,,324996.0,admin.infra.406,MEDIUM,Analyst,Legal,0.0,26.0,Active,1.0,2.0,0.0
,,,40,,,,,,,,,,,,56848.0,specialist.infra.571,MEDIUM,Manager,Finance,0.0,22.0,Active,1.0,4.0,0.0
,,,95,,,,,,,,,,,,11893.0,head_security.exec.803,CRITICAL,User,Legal,1.0,16.0,Active,1.0,5.0,0.0
,,,42,,,,,,,,,,,,17575.0,analyst.risk.440,MEDIUM,Manager,Operations,0.0,4.0,Active,1.0,0.0,0.0
,,,78,,,,,,,,,,,,1197.0,director.risk.274,HIGH,Analyst,Finance,1.0,10.0,Active,1.0,11.0,1.0
,,,72,,,,,,,,,,,,84090.0,lead.tech.204,HIGH,Manager,Operations,1.0,19.0,Active,0.0,2.0,1.0
,,,77,,,,,,,,,,,,10339.0,manager.trading.258,HIGH,Analyst,Finance,1.0,7.0,Active,1.0,19.0,0.0
,,,47,,,,,,,,,,,,15868.0,engineer.infra.541,MEDIUM,Analyst,HR,0.0,23.0,Active,1.0,0.0,0.0
,,,40,,,,,,,,,,,,46920.0,specialist.risk.541,MEDIUM,User,IT,0.0,5.0,Active,1.0,6.0,0.0
,,,48,,,,,,,,,,,,26568.0,specialist.security.679,MEDIUM,Analyst,Finance,0.0,2.0,Active,1.0,0.0,0.0
,,,47,,,,,,,,,,,,53857.0,engineer.risk.864,MEDIUM,Analyst,Finance,0.0,27.0,Inactive,1.0,0.0,0.0
,,,46,,,,,,,,,,,,51324.0,admin.risk.320,MEDIUM,Manager,Finance,0.0,7.0,Active,1.0,7.0,0.0
,,,71,,,,,,,,,,,,90143.0,manager.tech.947,HIGH,Analyst,Finance,1.0,21.0,Active,1.0,14.0,1.0
,,,42,,,,,,,,,,,,283932.0,admin.security.664,MEDIUM,User,Finance,0.0,19.0,Inactive,1.0,0.0,0.0
,,,18,,,,,,,,,,,,69678.0,temp.admin.727,LOW,User,Legal,0.0,24.0,Active,1.0,1.0,1.0
,,,72,,,,,,,,,,,,28137.0,director.trading.410,HIGH,Analyst,Operations,1.0,23.0,Active,1.0,10.0,0.0
,,,44,,,,,,,,,,,,42780.0,engineer.infra.121,MEDIUM,User,Legal,0.0,4.0,Active,0.0,20.0,1.0
,,,77,,,,,,,,,,,,191292.0,manager.trading.897,HIGH,Manager,HR,1.0,4.0,Active,0.0,11.0,0.0
,,,22,,,,,,,,,,,,210512.0,user.support.365,LOW,Manager,Operations,0.0,21.0,Active,0.0,2.0,1.0
,,,40,,,,,,,,,,,,77085.0,analyst.infra.570,MEDIUM,Manager,IT,0.0,8.0,Active,0.0,2.0,0.0
,,,47,,,,,,,,,,,,12162.0,specialist.infra.307,MEDIUM,Analyst,IT,0.0,6.0,Active,1.0,0.0,0.0
,,,19,,,,,,,,,,,,11076.0,guest.support.775,LOW,Analyst,Operations,0.0,11.0,Active,0.0,0.0,0.0
,,,16,,,,,,,,,,,,44765.0,intern.admin.00,LOW,User,IT,0.0,15.0,Active,0.0,0.0,0.0
,,,94,,,,,,,,,,,,322640.0,ceo.exec.40,CRITICAL,Analyst,Operations,1.0,7.0,Active,1.0,0.0,0.0
,,,23,,,,,,,,,,,,40467.0,intern.admin.870,LOW,Analyst,Legal,0.0,16.0,Active,1.0,0.0,0.0
,,,40,,,,,,,,,,,,394356.0,admin.infra.995,MEDIUM,User,Finance,0.0,23.0,Active,0.0,4.0,0.0
,,,41,,,,,,,,,,,,81018.0,engineer.ops.436,MEDIUM,User,Operations,0.0,6.0,Suspended,0.0,1.0,0.0
,,,42,,,,,,,,,,,,73626.0,admin.security.469,MEDIUM,User,IT,0.0,18.0,Active,1.0,9.0,0.0
,,,71,,,,,,,,,,,,252577.0,manager.security.902,HIGH,User,IT,1.0,1.0,Active,1.0,5.0,0.0
,,,76,,,,,,,,,,,,28247.0,manager.risk.678,HIGH,Analyst,IT,1.0,29.0,Active,1.0,0.0,0.0
,,,44,,,,,,,,,,,,7604.0,engineer.ops.738,MEDIUM,Manager,Operations,0.0,29.0,Active,0.0,2.0,0.0
,,,76,,,,,,,,,,,,1738.0,director.security.122,HIGH,User,IT,1.0,4.0,Active,1.0,0.0,0.0
,,,43,,,,,,,,,,,,40029.0,specialist.risk.850,MEDIUM,Analyst,IT,0.0,12.0,Inactive,0.0,3.0,0.0
,,,44,,,,,,,,,,,,106894.0,admin.infra.820,MEDIUM,User,Finance,0.0,10.0,Active,1.0,0.0,0.0
,,,76,,,,,,,,,,,,10051.0,lead.tech.556,HIGH,Manager,IT,1.0,12.0,Active,1.0,2.0,0.0
,,,98,,,,,,,,,,,,129073.0,head_security.exec.55,CRITICAL,Analyst,Operations,1.0,27.0,Active,1.0,10.0,0.0
,,,72,,,,,,,,,,,,1214.0,vp.risk.214,HIGH,Manager,IT,1.0,9.0,Active,0.0,2.0,0.0
,,,21,,,,,,,,,,,,1419.0,guest.ops.93,LOW,Analyst,IT,0.0,14.0,Active,0.0,0.0,0.0
,,,19,,,,,,,,,,,,8775.0,intern.admin.315,LOW,Analyst,Finance,0.0,1.0,Active,0.0,4.0,0.0
,,,24,,,,,,,,,,,,313654.0,temp.support.36,LOW,User,HR,0.0,1.0,Active,0.0,0.0,0.0
,,,74,,,,,,,,,,,,55084.0,manager.risk.504,HIGH,Manager,Operations,1.0,29.0,Active,1.0,0.0,0.0
,,,20,,,,,,,,,,,,22943.0,temp.ops.962,LOW,Analyst,Operations,0.0,14.0,Active,0.0,0.0,0.0
,,,47,,,,,,,,,,,,10127.0,engineer.risk.314,MEDIUM,User,Finance,0.0,11.0,Active,0.0,7.0,0.0
,,,92,,,,,,,,,,,,97096.0,cto.exec.330,CRITICAL,Analyst,HR,1.0,6.0,Active,1.0,0.0,0.0
,,,23,,,,,,,,,,,,192762.0,intern.support.869,LOW,User,Operations,0.0,4.0,Active,0.0,0.0,0.0
,,,41,,,,,,,,,,,,57239.0,analyst.ops.849,MEDIUM,Analyst,Operations,0.0,2.0,Active,1.0,0.0,0.0
,,,75,,,,,,,,,,,,34382.0,lead.security.848,HIGH,Manager,HR,1.0,2.0,Active,1.0,8.0,0.0
,,,21,,,,,,,,,,,,184925.0,intern.support.53,LOW,Analyst,Operations,0.0,22.0,Active,0.0,19.0,1.0
,,,97,,,,,,,,,,,,143793.0,ceo.exec.230,CRITICAL,Exec,HR,1.0,24.0,Inactive,1.0,3.0,0.0
,,,40,,,,,,,,,,,,59935.0,analyst.risk.120,MEDIUM,User,Legal,0.0,20.0,Inactive,0.0,14.0,1.0
,,,96,,,,,,,,,,,,45994.0,cfo.exec.84,CRITICAL,Manager,Legal,1.0,2.0,Active,1.0,8.0,1.0
,,,49,,,,,,,,,,,,90711.0,analyst.risk.404,MEDIUM,Exec,IT,0.0,16.0,Active,1.0,0.0,0.0
,,,70,,,,,,,,,,,,200842.0,lead.security.236,HIGH,Manager,IT,1.0,11.0,Suspended,0.0,1.0,0.0
,,,79,,,,,,,,,,,,870.0,lead.risk.123,HIGH,Manager,Operations,1.0,28.0,Active,1.0,4.0,0.0
,,,98,,,,,,,,,,,,17199.0,ceo.board.595,CRITICAL,User,Operations,1.0,0.0,Active,1.0,7.0,0.0
,,,22,,,,,,,,,,,,9181.0,temp.support.00,LOW,User,IT,0.0,7.0,Active,0.0,11.0,0.0
,,,15,,,,,,,,,,,,327895.0,temp.admin.565,LOW,Analyst,Legal,0.0,10.0,Inactive,0.0,0.0,0.0
,,,17,,,,,,,,,,,,35997.0,guest.admin.974,LOW,User,HR,0.0,11.0,Active,0.0,0.0,0.0
,,,70,,,,,,,,,,,,23445.0,vp.security.496,HIGH,Analyst,IT,1.0,29.0,Active,1.0,8.0,1.0
,,,24,,,,,,,,,,,,73813.0,intern.support.635,LOW,Manager,Finance,0.0,15.0,Active,0.0,1.0,0.0
,,,70,,,,,,,,,,,,262297.0,director.tech.127,HIGH,Analyst,Legal,1.0,16.0,Suspended,1.0,5.0,0.0
,,,46,,,,,,,,,,,,229923.0,admin.security.277,MEDIUM,Analyst,Operations,0.0,29.0,Inactive,0.0,0.0,0.0
,,,72,,,,,,,,,,,,387837.0,lead.security.304,HIGH,Analyst,Legal,1.0,27.0,Active,0.0,2.0,0.0
,,,17,,,,,,,,,,,,44988.0,user.admin.933,LOW,Manager,Operations,0.0,9.0,Active,0.0,1.0,0.0
,,,96,,,,,,,,,,,,2955.0,head_security.exec.939,CRITICAL,User,Legal,1.0,26.0,Active,1.0,1.0,0.0
,,,24,,,,,,,,,,,,421875.0,intern.support.584,LOW,User,HR,0.0,27.0,Active,1.0,0.0,0.0
,,,22,,,,,,,,,,,,85319.0,temp.admin.661,LOW,Exec,Finance,0.0,25.0,Active,1.0,2.0,0.0
,,,16,,,,,,,,,,,,100086.0,intern.support.878,LOW,Analyst,Legal,0.0,19.0,Active,1.0,2.0,0.0
,,,47,,,,,,,,,,,,435982.0,admin.infra.584,MEDIUM,User,Operations,0.0,10.0,Inactive,1.0,6.0,0.0
,,,72,,,,,,,,,,,,30992.0,manager.tech.729,HIGH,User,IT,1.0,22.0,Active,1.0,2.0,0.0
,,,18,,,,,,,,,,,,449511.0,temp.ops.134,LOW,User,HR,0.0,11.0,Active,1.0,4.0,0.0
,,,43,,,,,,,,,,,,445158.0,analyst.ops.600,MEDIUM,User,HR,0.0,25.0,Active,0.0,2.0,0.0
,,,21,,,,,,,,,,,,41844.0,guest.ops.936,LOW,Analyst,Legal,0.0,29.0,Active,0.0,1.0,0.0
,,,43,,,,,,,,,,,,84612.0,analyst.risk.763,MEDIUM,Analyst,Finance,0.0,26.0,Inactive,1.0,3.0,0.0
,,,44,,,,,,,,,,,,26857.0,analyst.ops.472,MEDIUM,Manager,HR,0.0,3.0,Active,0.0,12.0,0.0
,,,17,,,,,,,,,,,,151936.0,guest.admin.803,LOW,Exec,Finance,0.0,29.0,Active,0.0,4.0,0.0
,,,98,,,,,,,,,,,,108020.0,cfo.exec.74,CRITICAL,User,Finance,1.0,24.0,Active,1.0,16.0,0.0
,,,17,,,,,,,,,,,,15594.0,intern.admin.900,LOW,Analyst,Legal,0.0,5.0,Active,0.0,5.0,0.0
,,,90,,,,,,,,,,,,3830.0,cto.board.418,CRITICAL,Analyst,Operations,1.0,11.0,Active,1.0,14.0,0.0
,,,22,,,,,,,,,,,,162969.0,intern.ops.04,LOW,User,Legal,0.0,26.0,Active,0.0,3.0,0.0
,,,93,,,,,,,,,,,,333683.0,cfo.exec.97,CRITICAL,Analyst,IT,1.0,26.0,Active,0.0,0.0,0.0
,,,41,,,,,,,,,,,,62208.0,specialist.risk.410,MEDIUM,Manager,Finance,0.0,12.0,Active,0.0,0.0,0.0
,,,24,,,,,,,,,,,,231948.0,guest.support.916,LOW,Manager,IT,0.0,19.0,Active,0.0,1.0,0.0
,,,21,,,,,,,,,,,,31159.0,guest.support.979,LOW,User,Operations,0.0,17.0,Inactive,0.0,2.0,0.0
,,,92,,,,,,,,,,,,7152.0,ceo.exec.701,CRITICAL,Analyst,Finance,1.0,1.0,Active,1.0,4.0,0.0
,,,15,,,,,,,,,,,,94047.0,user.support.941,LOW,Analyst,HR,0.0,15.0,Active,0.0,0.0,0.0
,,,40,,,,,,,,,,,,133576.0,analyst.risk.701,MEDIUM,Analyst,Finance,0.0,16.0,Active,1.0,0.0,0.0
,,,18,,,,,,,,,,,,126708.0,intern.support.812,LOW,User,IT,0.0,9.0,Active,0.0,2.0,0.0
,,,18,,,,,,,,,,,,203739.0,temp.ops.557,LOW,User,IT,0.0,2.0,Active,0.0,0.0,0.0
,,,79,,,,,,,,,,,,2062.0,lead.trading.128,HIGH,Manager,Finance,1.0,21.0,Active,0.0,3.0,0.0
,,,17,,,,,,,,,,,,99672.0,guest.ops.717,LOW,User,IT,0.0,21.0,Active,0.0,0.0,0.0
,,,18,,,,,,,,,,,,74842.0,intern.admin.936,LOW,Exec,Legal,0.0,8.0,Active,0.0,3.0,0.0
,,,18,,,,,,,,,,,,326629.0,guest.admin.950,LOW,User,Legal,0.0,22.0,Active,0.0,0.0,0.0
,,,47,,,,,,,,,,,,14298.0,analyst.risk.509,MEDIUM,User,IT,0.0,25.0,Active,1.0,3.0,0.0
,,,74,,,,,,,,,,,,105792.0,director.security.195,HIGH,Analyst,HR,1.0,4.0,Active,1.0,14.0,0.0
,,,45,,,,,,,,,,,,45697.0,engineer.security.236,MEDIUM,Analyst,IT,0.0,6.0,Active,0.0,0.0,0.0
,,,79,,,,,,,,,,,,262588.0,manager.tech.670,HIGH,User,IT,1.0,3.0,Active,1.0,8.0,0.0
,,,40,,,,,,,,,,,,5898.0,engineer.ops.427,MEDIUM,User,Finance,0.0,25.0,Active,1.0,0.0,0.0
,,,46,,,,,,,,,,,,89020.0,admin.risk.784,MEDIUM,User,Legal,0.0,6.0,Active,1.0,0.0,0.0
,,,79,,,,,,,,,,,,102026.0,lead.tech.163,HIGH,User,Finance,1.0,20.0,Active,1.0,2.0,0.0
,,,48,,,,,,,,,,,,183501.0,engineer.infra.105,MEDIUM,Exec,Operations,0.0,10.0,Active,1.0,1.0,0.0
,,,44,,,,,,,,,,,,351537.0,specialist.security.324,MEDIUM,User,Operations,0.0,19.0,Active,1.0,2.0,0.0
,,,48,,,,,,,,,,,,1163.0,analyst.ops.652,MEDIUM,Analyst,IT,0.0,1.0,Active,1.0,13.0,0.0
,,,47,,,,,,,,,,,,264346.0,specialist.security.354,MEDIUM,Analyst,IT,0.0,27.0,Active,0.0,9.0,0.0
,,,40,,,,,,,,,,,,228502.0,engineer.infra.653,MEDIUM,Analyst,HR,0.0,9.0,Active,1.0,6.0,0.0
,,,47,,,,,,,,,,,,110574.0,engineer.risk.636,MEDIUM,Analyst,IT,0.0,18.0,Active,0.0,14.0,0.0
,,,92,,,,,,,,,,,,78251.0,head_security.board.84,CRITICAL,Manager,Legal,1.0,20.0,Active,1.0,0.0,0.0
,,,42,,,,,,,,,,,,4245.0,admin.infra.964,MEDIUM,User,Finance,0.0,9.0,Active,1.0,2.0,0.0
,,,95,,,,,,,,,,,,272953.0,cfo.board.45,CRITICAL,User,IT,1.0,11.0,Active,1.0,7.0,0.0
,,,93,,,,,,,,,,,,62201.0,cto.board.604,CRITICAL,Analyst,Legal,1.0,14.0,Active,1.0,13.0,0.0
,,,75,,,,,,,,,,,,19073.0,lead.risk.189,HIGH,User,Finance,1.0,10.0,Active,0.0,9.0,1.0
,,,18,,,,,,,,,,,,9930.0,user.ops.805,LOW,User,HR,0.0,22.0,Active,1.0,7.0,0.0
,,,91,,,,,,,,,,,,357286.0,ceo.exec.57,CRITICAL,Analyst,Finance,1.0,9.0,Active,1.0,0.0,0.0
,,,22,,,,,,,,,,,,20376.0,intern.ops.946,LOW,Exec,Legal,0.0,10.0,Active,0.0,3.0,0.0
,,,45,,,,,,,,,,,,99.0,admin.infra.75,MEDIUM,Analyst,HR,0.0,19.0,Active,0.0,1.0,0.0
,,,15,,,,,,,,,,,,15961.0,temp.admin.826,LOW,User,IT,0.0,10.0,Active,1.0,6.0,0.0
,,,93,,,,,,,,,,,,6090.0,cfo.board.160,CRITICAL,Analyst,Operations,1.0,14.0,Active,1.0,3.0,0.0
,,,47,,,,,,,,,,,,46865.0,engineer.infra.399,MEDIUM,User,Finance,0.0,19.0,Active,0.0,1.0,0.0
,,,96,,,,,,,,,,,,63144.0,ceo.exec.821,CRITICAL,Analyst,Finance,1.0,13.0,Active,1.0,8.0,0.0
,,,93,,,,,,,,,,,,18912.0,cto.board.496,CRITICAL,User,Finance,1.0,18.0,Active,1.0,0.0,0.0
,,,18,,,,,,,,,,,,5518.0,temp.admin.865,LOW,Exec,IT,0.0,15.0,Active,1.0,1.0,0.0
,,,23,,,,,,,,,,,,2492.0,user.admin.522,LOW,Analyst,Operations,0.0,0.0,Active,1.0,3.0,0.0
,,,41,,,,,,,,,,,,225829.0,admin.ops.573,MEDIUM,Analyst,HR,0.0,2.0,Active,0.0,1.0,0.0
,,,45,,,,,,,,,,,,33699.0,specialist.risk.340,MEDIUM,User,Finance,0.0,24.0,Active,1.0,0.0,0.0
,,,49,,,,,,,,,,,,33641.0,analyst.ops.369,MEDIUM,Analyst,IT,0.0,25.0,Inactive,1.0,16.0,0.0
,,,40,,,,,,,,,,,,357459.0,analyst.security.16,MEDIUM,Manager,Finance,0.0,3.0,Active,1.0,0.0,0.0
,,,42,,,,,,,,,,,,325263.0,specialist.infra.565,MEDIUM,User,HR,0.0,18.0,Suspended,1.0,0.0,0.0
,,,17,,,,,,,,,,,,35627.0,temp.admin.922,LOW,User,Operations,0.0,7.0,Active,1.0,2.0,0.0
,,,43,,,,,,,,,,,,69507.0,specialist.infra.926,MEDIUM,User,Finance,0.0,11.0,Inactive,0.0,0.0,0.0
,,,23,,,,,,,,,,,,8811.0,temp.ops.581,LOW,Analyst,HR,0.0,19.0,Active,0.0,1.0,0.0
,,,78,,,,,,,,,,,,14056.0,director.tech.397,HIGH,Analyst,Finance,1.0,27.0,Suspended,0.0,0.0,0.0
,,,20,,,,,,,,,,,,50320.0,temp.ops.932,LOW,Manager,IT,0.0,24.0,Active,1.0,0.0,0.0
,,,45,,,,,,,,,,,,12010.0,engineer.security.632,MEDIUM,User,Operations,0.0,27.0,Inactive,1.0,0.0,0.0
,,,20,,,,,,,,,,,,4666.0,user.ops.751,LOW,Analyst,IT,0.0,24.0,Active,0.0,5.0,0.0
,,,91,,,,,,,,,,,,154106.0,head_security.board.320,CRITICAL,Analyst,Finance,1.0,14.0,Active,1.0,0.0,0.0
,,,72,,,,,,,,,,,,64992.0,director.risk.142,HIGH,Analyst,HR,1.0,25.0,Active,1.0,0.0,0.0
,,,42,,,,,,,,,,,,2817.0,admin.security.463,MEDIUM,User,IT,0.0,3.0,Active,0.0,3.0,0.0
,,,15,,,,,,,,,,,,38336.0,intern.ops.652,LOW,Analyst,HR,0.0,26.0,Active,0.0,1.0,0.0
,,,15,,,,,,,,,,,,38892.0,guest.support.340,LOW,Analyst,Operations,0.0,27.0,Active,1.0,1.0,1.0
,,,18,,,,,,,,,,,,14893.0,guest.admin.863,LOW,User,Operations,0.0,10.0,Active,0.0,1.0,0.0
,,,42,,,,,,,,,,,,295.0,specialist.ops.133,MEDIUM,Analyst,Legal,0.0,9.0,Active,0.0,1.0,0.0
,,,20,,,,,,,,,,,,1252.0,guest.ops.939,LOW,User,Operations,0.0,11.0,Suspended,0.0,2.0,0.0
,,,76,,,,,,,,,,,,40553.0,manager.security.219,HIGH,User,Finance,1.0,2.0,Active,1.0,2.0,0.0
,,,15,,,,,,,,,,,,159873.0,temp.ops.05,LOW,Exec,Legal,0.0,19.0,Inactive,0.0,2.0,0.0
,,,47,,,,,,,,,,,,423.0,analyst.risk.564,MEDIUM,Analyst,Operations,0.0,2.0,Active,1.0,3.0,0.0
,,,77,,,,,,,,,,,,39238.0,manager.trading.515,HIGH,Analyst,Operations,1.0,22.0,Active,1.0,0.0,0.0
,,,42,,,,,,,,,,,,192591.0,engineer.risk.654,MEDIUM,User,IT,0.0,21.0,Active,1.0,15.0,1.0
,,,46,,,,,,,,,,,,72209.0,analyst.risk.305,MEDIUM,Analyst,IT,0.0,18.0,Active,0.0,3.0,0.0
,,,17,,,,,,,,,,,,324300.0,guest.ops.57,LOW,User,HR,0.0,0.0,Active,0.0,2.0,0.0
,,,49,,,,,,,,,,,,265945.0,analyst.ops.532,MEDIUM,User,IT,0.0,22.0,Active,1.0,15.0,0.0
,,,49,,,,,,,,,,,,60869.0,specialist.infra.483,MEDIUM,User,IT,0.0,2.0,Active,0.0,1.0,0.0
,,,42,,,,,,,,,,,,156053.0,analyst.infra.346,MEDIUM,Analyst,Finance,0.0,12.0,Active,0.0,0.0,0.0
,,,93,,,,,,,,,,,,45871.0,ceo.exec.509,CRITICAL,Analyst,Finance,1.0,9.0,Active,1.0,1.0,0.0
,,,47,,,,,,,,,,,,41381.0,specialist.risk.680,MEDIUM,Analyst,Legal,0.0,4.0,Active,1.0,1.0,0.0
,,,45,,,,,,,,,,,,933.0,specialist.risk.514,MEDIUM,User,Operations,0.0,1.0,Suspended,1.0,1.0,0.0
,,,45,,,,,,,,,,,,48953.0,analyst.infra.209,MEDIUM,User,HR,0.0,12.0,Active,0.0,8.0,0.0
,,,17,,,,,,,,,,,,298765.0,intern.support.98,LOW,Manager,Operations,0.0,24.0,Active,1.0,0.0,0.0
,,,44,,,,,,,,,,,,29984.0,analyst.security.452,MEDIUM,Analyst,Finance,0.0,12.0,Active,0.0,1.0,0.0
,,,71,,,,,,,,,,,,13723.0,vp.risk.309,HIGH,User,Operations,1.0,1.0,Active,1.0,3.0,0.0
,,,18,,,,,,,,,,,,2499.0,intern.admin.228,LOW,Manager,Operations,0.0,5.0,Active,0.0,3.0,0.0
,,,23,,,,,,,,,,,,114655.0,guest.admin.911,LOW,Manager,Finance,0.0,26.0,Active,0.0,1.0,0.0
,,,49,,,,,,,,,,,,37415.0,engineer.risk.881,MEDIUM,User,Operations,0.0,26.0,Active,0.0,8.0,1.0
,,,47,,,,,,,,,,,,9752.0,admin.risk.620,MEDIUM,Analyst,Operations,0.0,2.0,Active,1.0,10.0,0.0
,,,72,,,,,,,,,,,,8769.0,vp.risk.540,HIGH,Analyst,Legal,1.0,17.0,Active,1.0,13.0,0.0
,,,47,,,,,,,,,,,,419242.0,engineer.security.125,MEDIUM,User,Finance,0.0,0.0,Active,1.0,0.0,0.0
,,,49,,,,,,,,,,,,5649.0,analyst.risk.656,MEDIUM,Analyst,Legal,0.0,0.0,Active,0.0,3.0,0.0
,,,16,,,,,,,,,,,,276057.0,guest.ops.315,LOW,Analyst,IT,0.0,1.0,Active,1.0,0.0,0.0
,,,22,,,,,,,,,,,,356251.0,guest.support.982,LOW,User,IT,0.0,8.0,Active,0.0,1.0,0.0
,,,44,,,,,,,,,,,,105962.0,engineer.security.358,MEDIUM,Manager,IT,0.0,8.0,Active,0.0,2.0,0.0
,,,74,,,,,,,,,,,,262529.0,lead.risk.230,HIGH,Analyst,Finance,1.0,14.0,Active,1.0,12.0,0.0
,,,45,,,,,,,,,,,,65441.0,specialist.infra.389,MEDIUM,Manager,Finance,0.0,4.0,Inactive,0.0,2.0,0.0
,,,42,,,,,,,,,,,,16676.0,admin.risk.583,MEDIUM,User,Operations,0.0,2.0,Active,0.0,3.0,0.0
,,,40,,,,,,,,,,,,5724.0,admin.risk.627,MEDIUM,User,Legal,0.0,3.0,Inactive,1.0,9.0,0.0
,,,41,,,,,,,,,,,,19182.0,engineer.ops.843,MEDIUM,Manager,Operations,0.0,9.0,Active,1.0,4.0,0.0
,,,44,,,,,,,,,,,,6861.0,engineer.infra.683,MEDIUM,Analyst,IT,0.0,27.0,Active,1.0,0.0,0.0
,,,93,,,,,,,,,,,,43833.0,cto.board.182,CRITICAL,Exec,Finance,1.0,27.0,Active,1.0,0.0,0.0
,,,42,,,,,,,,,,,,265714.0,analyst.infra.513,MEDIUM,Analyst,Finance,0.0,6.0,Active,1.0,2.0,0.0
,,,44,,,,,,,,,,,,23357.0,analyst.security.430,MEDIUM,User,Operations,0.0,6.0,Active,1.0,3.0,0.0
,,,99,,,,,,,,,,,,59821.0,head_security.exec.70,CRITICAL,Analyst,IT,1.0,16.0,Active,1.0,3.0,0.0
,,,44,,,,,,,,,,,,380229.0,specialist.ops.398,MEDIUM,User,Finance,0.0,17.0,Active,1.0,0.0,0.0
,,,76,,,,,,,,,,,,60607.0,vp.risk.388,HIGH,User,Legal,1.0,0.0,Active,1.0,14.0,0.0
,,,43,,,,,,,,,,,,114003.0,admin.risk.539,MEDIUM,User,Finance,0.0,8.0,Active,0.0,2.0,0.0
,,,45,,,,,,,,,,,,875.0,analyst.ops.83,MEDIUM,Manager,IT,0.0,1.0,Active,0.0,0.0,0.0
,,,47,,,,,,,,,,,,434823.0,analyst.ops.173,MEDIUM,Analyst,Operations,0.0,25.0,Active,1.0,1.0,1.0
,,,45,,,,,,,,,,,,169975.0,analyst.security.238,MEDIUM,User,Finance,0.0,27.0,Active,0.0,2.0,0.0
,,,90,,,,,,,,,,,,8571.0,cto.exec.10,CRITICAL,Analyst,Finance,1.0,25.0,Active,1.0,2.0,0.0
,,,24,,,,,,,,,,,,254748.0,intern.support.794,LOW,User,Operations,0.0,12.0,Active,0.0,0.0,0.0
,,,90,,,,,,,,,,,,36243.0,cto.board.54,CRITICAL,Analyst,Finance,1.0,2.0,Active,1.0,6.0,0.0
,,,15,,,,,,,,,,,,34852.0,intern.ops.826,LOW,Analyst,IT,0.0,3.0,Active,0.0,3.0,0.0
,,,41,,,,,,,,,,,,29436.0,admin.ops.809,MEDIUM,Analyst,HR,0.0,8.0,Active,0.0,4.0,0.0
,,,49,,,,,,,,,,,,96085.0,analyst.infra.704,MEDIUM,Analyst,Operations,0.0,28.0,Active,0.0,2.0,0.0
,,,17,,,,,,,,,,,,24107.0,intern.admin.804,LOW,Manager,Finance,0.0,23.0,Active,1.0,1.0,0.0
,,,74,,,,,,,,,,,,106270.0,director.trading.21,HIGH,User,HR,1.0,0.0,Active,1.0,1.0,0.0
,,,15,,,,,,,,,,,,15086.0,user.admin.732,LOW,Analyst,IT,0.0,14.0,Active,0.0,3.0,1.0
,,,49,,,,,,,,,,,,36864.0,engineer.infra.594,MEDIUM,Analyst,Finance,0.0,21.0,Active,1.0,0.0,0.0
,,,43,,,,,,,,,,,,175085.0,engineer.infra.564,MEDIUM,Manager,Legal,0.0,23.0,Active,0.0,0.0,0.0
,,,43,,,,,,,,,,,,48036.0,engineer.infra.511,MEDIUM,User,IT,0.0,17.0,Active,0.0,2.0,0.0
,,,22,,,,,,,,,,,,9040.0,temp.ops.104,LOW,Analyst,Finance,0.0,1.0,Active,0.0,1.0,0.0
,,,40,,,,,,,,,,,,9134.0,admin.security.325,MEDIUM,User,Finance,0.0,23.0,Active,1.0,0.0,0.0
,,,41,,,,,,,,,,,,198191.0,specialist.risk.184,MEDIUM,Manager,Legal,0.0,27.0,Active,0.0,12.0,0.0
,,,15,,,,,,,,,,,,171296.0,guest.ops.267,LOW,User,IT,0.0,18.0,Active,1.0,3.0,0.0
,,,70,,,,,,,,,,,,138985.0,vp.security.188,HIGH,User,Finance,1.0,23.0,Active,1.0,0.0,0.0
,,,47,,,,,,,,,,,,38238.0,analyst.risk.265,MEDIUM,Analyst,HR,0.0,3.0,Active,1.0,0.0,0.0
,,,16,,,,,,,,,,,,107396.0,guest.ops.192,LOW,User,Legal,0.0,16.0,Active,0.0,0.0,0.0
,,,70,,,,,,,,,,,,53664.0,director.security.248,HIGH,Analyst,Finance,1.0,23.0,Active,0.0,0.0,0.0
,,,40,,,,,,,,,,,,24228.0,engineer.risk.574,MEDIUM,Manager,IT,0.0,23.0,Suspended,1.0,3.0,0.0
,,,91,,,,,,,,,,,,84832.0,cto.board.595,CRITICAL,Analyst,Finance,1.0,5.0,Active,1.0,14.0,0.0
,,,21,,,,,,,,,,,,1307.0,guest.admin.983,LOW,User,Finance,0.0,4.0,Active,1.0,1.0,0.0
,,,40,,,,,,,,,,,,50811.0,engineer.security.966,MEDIUM,User,IT,0.0,0.0,Active,1.0,0.0,1.0
,,,78,,,,,,,,,,,,44707.0,manager.trading.260,HIGH,Analyst,HR,1.0,16.0,Active,1.0,0.0,0.0
,,,22,,,,,,,,,,,,230091.0,temp.admin.910,LOW,User,HR,0.0,13.0,Active,0.0,0.0,0.0
,,,41,,,,,,,,,,,,51051.0,engineer.risk.451,MEDIUM,User,Legal,0.0,16.0,Active,0.0,4.0,0.0
,,,71,,,,,,,,,,,,13291.0,lead.tech.372,HIGH,Analyst,HR,1.0,20.0,Active,1.0,0.0,0.0
,,,15,,,,,,,,,,,,208072.0,intern.support.983,LOW,Analyst,Legal,0.0,5.0,Active,0.0,6.0,0.0
,,,20,,,,,,,,,,,,218.0,intern.support.986,LOW,Manager,Finance,0.0,15.0,Active,0.0,0.0,0.0
,,,49,,,,,,,,,,,,50121.0,specialist.risk.65,MEDIUM,User,Legal,0.0,21.0,Active,0.0,2.0,0.0
,,,18,,,,,,,,,,,,271128.0,user.ops.151,LOW,Analyst,IT,0.0,23.0,Active,1.0,2.0,0.0
,,,74,,,,,,,,,,,,425.0,director.tech.164,HIGH,Analyst,IT,1.0,17.0,Active,1.0,0.0,0.0
,,,15,,,,,,,,,,,,227723.0,user.support.338,LOW,Exec,HR,0.0,20.0,Active,0.0,0.0,0.0
,,,44,,,,,,,,,,,,161950.0,admin.security.426,MEDIUM,User,IT,0.0,13.0,Suspended,1.0,4.0,0.0
,,,48,,,,,,,,,,,,15420.0,admin.infra.479,MEDIUM,User,HR,0.0,22.0,Active,1.0,3.0,0.0
,,,77,,,,,,,,,,,,7235.0,lead.tech.941,HIGH,Exec,IT,1.0,4.0,Active,0.0,0.0,0.0
,,,19,,,,,,,,,,,,257.0,temp.ops.242,LOW,User,Finance,0.0,6.0,Active,1.0,4.0,0.0
,,,72,,,,,,,,,,,,33574.0,lead.risk.167,HIGH,Analyst,Operations,1.0,8.0,Active,1.0,0.0,0.0
,,,90,,,,,,,,,,,,346.0,cto.exec.30,CRITICAL,Analyst,IT,1.0,14.0,Active,1.0,0.0,0.0
,,,19,,,,,,,,,,,,31944.0,guest.support.376,LOW,User,Finance,0.0,18.0,Active,1.0,1.0,0.0
,,,17,,,,,,,,,,,,2049.0,guest.admin.836,LOW,Manager,IT,0.0,6.0,Active,0.0,2.0,0.0
,,,18,,,,,,,,,,,,90044.0,guest.admin.779,LOW,Analyst,Operations,0.0,20.0,Active,0.0,0.0,1.0
,,,18,,,,,,,,,,,,6888.0,guest.admin.44,LOW,Manager,Operations,0.0,0.0,Active,1.0,3.0,0.0
,,,22,,,,,,,,,,,,13944.0,temp.support.516,LOW,User,Operations,0.0,12.0,Active,1.0,0.0,0.0
,,,19,,,,,,,,,,,,86026.0,guest.ops.882,LOW,Manager,Operations,0.0,25.0,Active,1.0,14.0,0.0
,,,49,,,,,,,,,,,,4307.0,analyst.risk.784,MEDIUM,User,Operations,0.0,20.0,Active,0.0,2.0,0.0
,,,16,,,,,,,,,,,,38314.0,temp.support.960,LOW,Manager,HR,0.0,24.0,Suspended,0.0,3.0,0.0
,,,99,,,,,,,,,,,,272899.0,cto.board.62,CRITICAL,Analyst,HR,1.0,3.0,Active,1.0,3.0,0.0
,,,16,,,,,,,,,,,,14876.0,guest.admin.14,LOW,User,HR,0.0,14.0,Active,1.0,17.0,0.0
,,,49,,,,,,,,,,,,18498.0,analyst.ops.364,MEDIUM,Analyst,Operations,0.0,26.0,Active,0.0,2.0,0.0
,,,48,,,,,,,,,,,,8952.0,engineer.security.573,MEDIUM,Analyst,IT,0.0,16.0,Active,0.0,4.0,0.0
,,,97,,,,,,,,,,,,11346.0,ceo.board.622,CRITICAL,Analyst,Legal,1.0,19.0,Active,1.0,15.0,0.0
,,,17,,,,,,,,,,,,5656.0,intern.ops.880,LOW,Manager,HR,0.0,14.0,Active,0.0,18.0,0.0
,,,45,,,,,,,,,,,,891.0,specialist.security.82,MEDIUM,User,IT,0.0,9.0,Active,1.0,6.0,0.0
,,,45,,,,,,,,,,,,35408.0,admin.ops.420,MEDIUM,User,Finance,0.0,28.0,Suspended,1.0,3.0,0.0
,,,73,,,,,,,,,,,,12558.0,lead.security.609,HIGH,User,Legal,1.0,27.0,Active,1.0,14.0,0.0
,,,70,,,,,,,,,,,,727.0,lead.risk.541,HIGH,Analyst,HR,1.0,18.0,Active,1.0,3.0,0.0
,,,99,,,,,,,,,,,,6000.0,cfo.exec.286,CRITICAL,User,HR,1.0,21.0,Active,1.0,6.0,1.0
,,,20,,,,,,,,,,,,52678.0,guest.support.895,LOW,Analyst,HR,0.0,7.0,Active,0.0,14.0,0.0
,,,72,,,,,,,,,,,,66069.0,manager.security.215,HIGH,Manager,Finance,1.0,17.0,Active,0.0,9.0,0.0
,,,90,,,,,,,,,,,,28245.0,head_security.board.643,CRITICAL,Analyst,IT,1.0,7.0,Active,1.0,5.0,0.0
,,,46,,,,,,,,,,,,446430.0,specialist.risk.548,MEDIUM,Analyst,HR,0.0,27.0,Active,1.0,0.0,0.0
,,,45,,,,,,,,,,,,114085.0,engineer.risk.359,MEDIUM,User,IT,0.0,27.0,Active,0.0,2.0,0.0
,,,43,,,,,,,,,,,,338854.0,admin.security.679,MEDIUM,Analyst,Finance,0.0,22.0,Active,1.0,2.0,0.0
,,,91,,,,,,,,,,,,28587.0,cto.board.44,CRITICAL,Analyst,IT,1.0,17.0,Active,1.0,10.0,0.0
,,,74,,,,,,,,,,,,282.0,director.risk.260,HIGH,Analyst,IT,1.0,20.0,Active,1.0,0.0,0.0
,,,92,,,,,,,,,,,,21184.0,ceo.exec.288,CRITICAL,Manager,IT,1.0,1.0,Active,1.0,6.0,0.0
,,,45,,,,,,,,,,,,1032.0,admin.security.551,MEDIUM,User,Legal,0.0,21.0,Inactive,1.0,2.0,0.0
,,,20,,,,,,,,,,,,339518.0,user.admin.363,LOW,User,Operations,0.0,4.0,Active,0.0,2.0,0.0
,,,15,,,,,,,,,,,,88378.0,user.ops.316,LOW,Manager,HR,0.0,13.0,Active,0.0,9.0,0.0
,,,47,,,,,,,,,,,,80.0,engineer.security.168,MEDIUM,Analyst,IT,0.0,13.0,Suspended,0.0,6.0,1.0
,,,72,,,,,,,,,,,,103.0,vp.tech.995,HIGH,User,Operations,1.0,6.0,Active,1.0,14.0,1.0
,,,45,,,,,,,,,,,,28646.0,admin.ops.580,MEDIUM,User,Legal,0.0,4.0,Active,0.0,1.0,0.0
,,,17,,,,,,,,,,,,25378.0,temp.admin.994,LOW,User,HR,0.0,11.0,Active,0.0,2.0,0.0
,,,22,,,,,,,,,,,,82038.0,guest.ops.864,LOW,Analyst,Finance,0.0,24.0,Active,0.0,1.0,0.0
,,,43,,,,,,,,,,,,176598.0,engineer.infra.337,MEDIUM,Exec,Operations,0.0,6.0,Active,1.0,0.0,1.0
,,,22,,,,,,,,,,,,7140.0,guest.support.928,LOW,Manager,Legal,0.0,6.0,Active,0.0,4.0,0.0
,,,17,,,,,,,,,,,,84285.0,temp.admin.724,LOW,User,Operations,0.0,18.0,Active,0.0,1.0,0.0
,,,24,,,,,,,,,,,,50338.0,guest.ops.801,LOW,User,Operations,0.0,28.0,Active,0.0,7.0,0.0
,,,71,,,,,,,,,,,,241378.0,lead.tech.195,HIGH,User,Operations,1.0,1.0,Active,0.0,1.0,0.0
,,,44,,,,,,,,,,,,140076.0,analyst.risk.95,MEDIUM,Analyst,IT,0.0,3.0,Active,1.0,3.0,0.0
,,,70,,,,,,,,,,,,14989.0,manager.security.203,HIGH,Analyst,Operations,1.0,25.0,Inactive,1.0,2.0,0.0
,,,72,,,,,,,,,,,,8817.0,lead.security.149,HIGH,User,Finance,1.0,25.0,Active,0.0,1.0,0.0
,,,90,,,,,,,,,,,,1398.0,cfo.board.862,CRITICAL,Analyst,IT,1.0,13.0,Active,1.0,8.0,1.0
,,,17,,,,,,,,,,,,3377.0,temp.support.732,LOW,User,Operations,0.0,25.0,Inactive,0.0,3.0,0.0
,,,98,,,,,,,,,,,,17506.0,ceo.exec.428,CRITICAL,User,IT,1.0,24.0,Suspended,0.0,19.0,1.0
,,,92,,,,,,,,,,,,107987.0,head_security.board.215,CRITICAL,User,Operations,1.0,1.0,Active,1.0,1.0,0.0
,,,49,,,,,,,,,,,,152610.0,analyst.ops.165,MEDIUM,Manager,IT,0.0,0.0,Active,0.0,2.0,0.0
,,,15,,,,,,,,,,,,189428.0,temp.admin.871,LOW,User,Legal,0.0,7.0,Active,1.0,0.0,0.0
,,,21,,,,,,,,,,,,8512.0,guest.support.160,LOW,User,IT,0.0,17.0,Inactive,1.0,0.0,0.0
,,,48,,,,,,,,,,,,6265.0,admin.security.639,MEDIUM,Analyst,Finance,0.0,24.0,Active,0.0,3.0,0.0
,,,41,,,,,,,,,,,,162790.0,analyst.ops.415,MEDIUM,Analyst,IT,0.0,20.0,Active,0.0,3.0,0.0
,,,43,,,,,,,,,,,,2862.0,specialist.infra.642,MEDIUM,User,HR,0.0,25.0,Active,1.0,4.0,0.0
,,,95,,,,,,,,,,,,12718.0,head_security.exec.58,CRITICAL,User,IT,1.0,29.0,Active,1.0,3.0,0.0
,,,19,,,,,,,,,,,,10340.0,guest.support.31,LOW,Analyst,Operations,0.0,27.0,Active,0.0,0.0,0.0
,,,73,,,,,,,,,,,,29694.0,vp.risk.218,HIGH,User,Finance,1.0,1.0,Active,1.0,0.0,0.0
,,,46,,,,,,,,,,,,13201.0,engineer.ops.982,MEDIUM,User,HR,0.0,29.0,Active,0.0,0.0,0.0
,,,40,,,,,,,,,,,,60507.0,engineer.infra.676,MEDIUM,Analyst,IT,0.0,9.0,Active,0.0,4.0,0.0
,,,21,,,,,,,,,,,,25350.0,user.support.806,LOW,User,IT,0.0,4.0,Active,1.0,2.0,1.0
,,,98,,,,,,,,,,,,11569.0,cfo.exec.267,CRITICAL,User,Finance,1.0,24.0,Active,0.0,2.0,0.0
,,,43,,,,,,,,,,,,8583.0,analyst.risk.431,MEDIUM,Analyst,Operations,0.0,24.0,Inactive,0.0,1.0,0.0
,,,41,,,,,,,,,,,,6534.0,specialist.ops.200,MEDIUM,Analyst,Finance,0.0,1.0,Active,0.0,1.0,0.0
,,,23,,,,,,,,,,,,42892.0,temp.support.471,LOW,Analyst,HR,0.0,26.0,Active,0.0,0.0,0.0
,,,92,,,,,,,,,,,,30905.0,cto.board.545,CRITICAL,Manager,Finance,1.0,17.0,Active,1.0,5.0,1.0
,,,45,,,,,,,,,,,,65496.0,analyst.infra.40,MEDIUM,Manager,Operations,0.0,0.0,Active,1.0,1.0,0.0
,,,15,,,,,,,,,,,,65622.0,temp.support.711,LOW,Manager,Legal,0.0,29.0,Active,0.0,0.0,0.0
,,,72,,,,,,,,,,,,16021.0,manager.risk.138,HIGH,User,Finance,1.0,17.0,Active,0.0,0.0,0.0
,,,15,,,,,,,,,,,,104027.0,intern.support.848,LOW,Analyst,Finance,0.0,6.0,Active,0.0,2.0,0.0
,,,41,,,,,,,,,,,,18834.0,admin.security.568,MEDIUM,Analyst,IT,0.0,7.0,Active,1.0,0.0,0.0
,,,24,,,,,,,,,,,,57861.0,intern.admin.33,LOW,User,IT,0.0,16.0,Active,0.0,1.0,0.0
,,,77,,,,,,,,,,,,36.0,manager.trading.653,HIGH,User,HR,1.0,29.0,Active,1.0,0.0,0.0
,,,20,,,,,,,,,,,,23056.0,intern.ops.07,LOW,Manager,Finance,0.0,6.0,Active,0.0,4.0,0.0
,,,73,,,,,,,,,,,,4027.0,director.risk.182,HIGH,User,IT,1.0,8.0,Active,1.0,1.0,0.0
,,,96,,,,,,,,,,,,48427.0,ceo.exec.32,CRITICAL,Manager,Finance,1.0,24.0,Active,1.0,2.0,0.0
,,,44,,,,,,,,,,,,7964.0,admin.infra.644,MEDIUM,User,Legal,0.0,23.0,Active,0.0,2.0,0.0
,,,46,,,,,,,,,,,,7876.0,engineer.ops.537,MEDIUM,User,IT,0.0,21.0,Active,1.0,2.0,0.0
,,,16,,,,,,,,,,,,3225.0,intern.support.887,LOW,Exec,Operations,0.0,4.0,Active,1.0,0.0,0.0
,,,15,,,,,,,,,,,,82011.0,intern.ops.943,LOW,Analyst,HR,0.0,12.0,Inactive,1.0,0.0,1.0
,,,46,,,,,,,,,,,,306613.0,analyst.infra.375,MEDIUM,Analyst,Finance,0.0,4.0,Active,1.0,0.0,0.0
,,,74,,,,,,,,,,,,110514.0,manager.trading.03,HIGH,Analyst,Legal,1.0,6.0,Active,0.0,2.0,0.0
,,,24,,,,,,,,,,,,249284.0,user.admin.441,LOW,User,Finance,0.0,9.0,Active,0.0,14.0,1.0
,,,17,,,,,,,,,,,,445005.0,intern.support.500,LOW,Analyst,Finance,0.0,18.0,Active,1.0,2.0,0.0
,,,79,,,,,,,,,,,,24273.0,vp.risk.198,HIGH,Analyst,IT,1.0,2.0,Active,1.0,7.0,0.0
,,,40,,,,,,,,,,,,394525.0,specialist.ops.753,MEDIUM,Analyst,Operations,0.0,21.0,Active,1.0,11.0,0.0
,,,21,,,,,,,,,,,,18696.0,guest.admin.959,LOW,Manager,Operations,0.0,18.0,Active,0.0,12.0,1.0
,,,99,,,,,,,,,,,,7869.0,ceo.exec.443,CRITICAL,User,IT,1.0,21.0,Active,1.0,1.0,0.0
,,,42,,,,,,,,,,,,22450.0,specialist.risk.351,MEDIUM,Manager,IT,0.0,7.0,Active,1.0,1.0,0.0
,,,49,,,,,,,,,,,,433337.0,specialist.risk.842,MEDIUM,User,IT,0.0,13.0,Active,0.0,2.0,0.0
,,,73,,,,,,,,,,,,12269.0,manager.tech.313,HIGH,Exec,Operations,1.0,9.0,Active,1.0,23.0,0.0
,,,76,,,,,,,,,,,,114281.0,vp.trading.196,HIGH,Analyst,HR,1.0,18.0,Suspended,1.0,1.0,0.0
,,,23,,,,,,,,,,,,34672.0,temp.admin.832,LOW,Manager,Finance,0.0,24.0,Active,1.0,14.0,0.0
,,,40,,,,,,,,,,,,98286.0,admin.infra.859,MEDIUM,User,Finance,0.0,8.0,Active,0.0,10.0,0.0
,,,71,,,,,,,,,,,,90037.0,vp.security.100,HIGH,Manager,IT,1.0,19.0,Active,1.0,1.0,0.0
,,,48,,,,,,,,,,,,5638.0,analyst.risk.649,MEDIUM,User,IT,0.0,17.0,Active,0.0,13.0,0.0
,,,42,,,,,,,,,,,,8652.0,engineer.risk.469,MEDIUM,Manager,Finance,0.0,0.0,Active,1.0,3.0,0.0
,,,48,,,,,,,,,,,,13822.0,specialist.security.55,MEDIUM,Analyst,Finance,0.0,9.0,Active,0.0,1.0,0.0
,,,77,,,,,,,,,,,,24810.0,director.tech.17,HIGH,Manager,IT,1.0,7.0,Active,0.0,7.0,1.0
,,,70,,,,,,,,,,,,56400.0,lead.security.218,HIGH,User,Legal,1.0,4.0,Active,0.0,4.0,0.0
,,,91,,,,,,,,,,,,62932.0,ceo.board.592,CRITICAL,User,Finance,1.0,5.0,Active,1.0,13.0,0.0
,,,22,,,,,,,,,,,,25501.0,intern.admin.939,LOW,User,Finance,0.0,2.0,Active,0.0,4.0,0.0
,,,96,,,,,,,,,,,,8786.0,cfo.exec.226,CRITICAL,User,Finance,1.0,29.0,Active,1.0,4.0,0.0
,,,94,,,,,,,,,,,,2544.0,ceo.exec.232,CRITICAL,User,Legal,1.0,23.0,Active,1.0,10.0,0.0
,,,71,,,,,,,,,,,,19060.0,vp.tech.09,HIGH,User,Finance,1.0,17.0,Active,1.0,16.0,1.0
,,,49,,,,,,,,,,,,356979.0,engineer.ops.398,MEDIUM,Analyst,Operations,0.0,18.0,Active,0.0,2.0,0.0
,,,77,,,,,,,,,,,,354778.0,lead.risk.847,HIGH,Analyst,Legal,1.0,9.0,Suspended,0.0,2.0,0.0
,,,76,,,,,,,,,,,,68602.0,manager.risk.14,HIGH,User,Operations,1.0,25.0,Active,1.0,5.0,0.0
,,,20,,,,,,,,,,,,209612.0,intern.admin.798,LOW,Manager,Finance,0.0,25.0,Active,0.0,2.0,0.0
,,,73,,,,,,,,,,,,109802.0,lead.risk.303,HIGH,Analyst,Legal,1.0,1.0,Suspended,0.0,0.0,0.0
,,,93,,,,,,,,,,,,127239.0,cfo.board.60,CRITICAL,User,HR,1.0,6.0,Active,1.0,3.0,0.0
,,,40,,,,,,,,,,,,56827.0,engineer.security.538,MEDIUM,User,Legal,0.0,3.0,Active,0.0,1.0,0.0
,,,77,,,,,,,,,,,,102681.0,vp.tech.170,HIGH,Exec,IT,1.0,9.0,Active,1.0,0.0,0.0
,,,22,,,,,,,,,,,,8996.0,user.ops.988,LOW,Manager,HR,0.0,8.0,Active,1.0,1.0,0.0
,,,19,,,,,,,,,,,,20417.0,temp.ops.911,LOW,User,HR,0.0,24.0,Active,0.0,0.0,0.0
,,,76,,,,,,,,,,,,392664.0,vp.trading.194,HIGH,Analyst,HR,1.0,28.0,Suspended,1.0,2.0,0.0
,,,19,,,,,,,,,,,,85289.0,guest.ops.705,LOW,Exec,IT,0.0,10.0,Active,0.0,2.0,0.0
,,,15,,,,,,,,,,,,1881.0,intern.admin.852,LOW,User,Finance,0.0,1.0,Inactive,0.0,5.0,0.0
,,,19,,,,,,,,,,,,38512.0,intern.support.899,LOW,Exec,HR,0.0,17.0,Active,1.0,0.0,0.0
,,,46,,,,,,,,,,,,10618.0,engineer.infra.873,MEDIUM,Analyst,Finance,0.0,29.0,Active,0.0,0.0,0.0
,,,44,,,,,,,,,,,,331981.0,engineer.security.104,MEDIUM,Analyst,IT,0.0,2.0,Suspended,0.0,2.0,0.0
,,,71,,,,,,,,,,,,172721.0,vp.risk.214,HIGH,User,Operations,1.0,1.0,Active,1.0,3.0,0.0
,,,72,,,,,,,,,,,,35434.0,vp.security.21,HIGH,Analyst,Legal,1.0,17.0,Active,1.0,2.0,0.0
,,,15,,,,,,,,,,,,65002.0,intern.admin.927,LOW,User,Operations,0.0,0.0,Active,0.0,0.0,0.0
,,,45,,,,,,,,,,,,197072.0,engineer.risk.853,MEDIUM,User,Finance,0.0,19.0,Active,0.0,2.0,0.0
,,,74,,,,,,,,,,,,91.0,vp.risk.138,HIGH,User,Finance,1.0,27.0,Active,1.0,8.0,0.0
,,,40,,,,,,,,,,,,568.0,analyst.infra.113,MEDIUM,Manager,HR,0.0,10.0,Active,0.0,8.0,0.0
,,,19,,,,,,,,,,,,45981.0,guest.ops.780,LOW,User,HR,0.0,23.0,Active,0.0,2.0,0.0
,,,16,,,,,,,,,,,,332693.0,temp.ops.914,LOW,User,Operations,0.0,6.0,Active,0.0,3.0,0.0
,,,79,,,,,,,,,,,,321695.0,manager.risk.940,HIGH,User,Finance,1.0,22.0,Active,0.0,1.0,0.0
,,,40,,,,,,,,,,,,346005.0,admin.infra.422,MEDIUM,User,Finance,0.0,17.0,Active,0.0,1.0,0.0
,,,72,,,,,,,,,,,,18703.0,lead.security.353,HIGH,Analyst,IT,1.0,0.0,Active,0.0,4.0,0.0
,,,93,,,,,,,,,,,,2186.0,cto.exec.581,CRITICAL,Analyst,Finance,1.0,25.0,Active,1.0,15.0,0.0
,,,49,,,,,,,,,,,,676.0,analyst.ops.161,MEDIUM,Analyst,Finance,0.0,20.0,Active,1.0,4.0,1.0
,,,21,,,,,,,,,,,,261650.0,guest.admin.953,LOW,Analyst,IT,0.0,13.0,Active,0.0,2.0,0.0
,,,76,,,,,,,,,,,,12596.0,manager.trading.408,HIGH,Manager,IT,1.0,28.0,Active,1.0,1.0,0.0
,,,79,,,,,,,,,,,,209414.0,director.security.579,HIGH,Analyst,HR,1.0,18.0,Active,0.0,1.0,0.0
,,,21,,,,,,,,,,,,233597.0,temp.admin.583,LOW,User,Operations,0.0,26.0,Suspended,1.0,4.0,1.0
,,,48,,,,,,,,,,,,43668.0,analyst.security.370,MEDIUM,Analyst,HR,0.0,0.0,Active,0.0,3.0,1.0
,,,47,,,,,,,,,,,,119887.0,analyst.security.370,MEDIUM,User,IT,0.0,6.0,Active,0.0,1.0,0.0
,,,45,,,,,,,,,,,,112945.0,admin.infra.668,MEDIUM,Exec,Finance,0.0,19.0,Active,1.0,0.0,0.0
,,,71,,,,,,,,,,,,103329.0,lead.risk.244,HIGH,Analyst,Legal,1.0,29.0,Active,1.0,1.0,0.0
,,,44,,,,,,,,,,,,13586.0,admin.infra.689,MEDIUM,Analyst,Finance,0.0,22.0,Active,1.0,4.0,0.0
,,,24,,,,,,,,,,,,24328.0,user.support.854,LOW,Analyst,Finance,0.0,3.0,Suspended,1.0,0.0,0.0
,,,90,,,,,,,,,,,,85228.0,cto.exec.148,CRITICAL,Analyst,Operations,1.0,16.0,Active,1.0,16.0,0.0
,,,45,,,,,,,,,,,,62377.0,admin.security.668,MEDIUM,Analyst,Operations,0.0,10.0,Active,1.0,0.0,0.0
,,,43,,,,,,,,,,,,4998.0,engineer.ops.375,MEDIUM,User,IT,0.0,4.0,Suspended,1.0,8.0,0.0
,,,15,,,,,,,,,,,,88510.0,guest.ops.678,LOW,Analyst,Finance,0.0,7.0,Active,0.0,2.0,0.0
,,,71,,,,,,,,,,,,99962.0,director.security.833,HIGH,User,Finance,1.0,7.0,Active,1.0,2.0,0.0
,,,79,,,,,,,,,,,,34579.0,manager.risk.229,HIGH,Exec,HR,1.0,8.0,Active,1.0,4.0,0.0
,,,47,,,,,,,,,,,,130401.0,analyst.ops.115,MEDIUM,Exec,Legal,0.0,14.0,Active,1.0,5.0,0.0
,,,22,,,,,,,,,,,,178567.0,user.admin.846,LOW,User,Finance,0.0,21.0,Active,0.0,24.0,0.0
,,,43,,,,,,,,,,,,205717.0,admin.risk.343,MEDIUM,Analyst,Operations,0.0,1.0,Active,1.0,5.0,0.0
,,,20,,,,,,,,,,,,123.0,user.admin.813,LOW,Analyst,Operations,0.0,16.0,Suspended,0.0,2.0,0.0
,,,48,,,,,,,,,,,,67180.0,admin.security.10,MEDIUM,User,Operations,0.0,27.0,Active,0.0,0.0,0.0
,,,95,,,,,,,,,,,,56180.0,ceo.board.55,CRITICAL,User,Finance,1.0,26.0,Active,1.0,12.0,0.0
,,,70,,,,,,,,,,,,443716.0,lead.tech.307,HIGH,Analyst,Operations,1.0,14.0,Active,1.0,2.0,0.0
,,,21,,,,,,,,,,,,53271.0,temp.support.645,LOW,Manager,HR,0.0,12.0,Active,0.0,3.0,0.0
,,,40,,,,,,,,,,,,337758.0,admin.security.352,MEDIUM,User,Operations,0.0,25.0,Suspended,1.0,0.0,0.0
,,,99,,,,,,,,,,,,2449.0,cto.exec.825,CRITICAL,User,Finance,1.0,27.0,Inactive,1.0,20.0,0.0
,,,22,,,,,,,,,,,,489.0,temp.ops.389,LOW,User,Legal,0.0,21.0,Active,0.0,3.0,0.0
,,,48,,,,,,,,,,,,325205.0,engineer.infra.441,MEDIUM,User,Operations,0.0,26.0,Active,0.0,11.0,0.0
,,,97,,,,,,,,,,,,171448.0,head_security.exec.424,CRITICAL,User,HR,1.0,24.0,Active,1.0,9.0,1.0
,,,46,,,,,,,,,,,,169992.0,engineer.risk.377,MEDIUM,Analyst,Operations,0.0,25.0,Active,0.0,4.0,0.0
,,,97,,,,,,,,,,,,12396.0,cfo.board.87,CRITICAL,Analyst,HR,1.0,1.0,Active,1.0,1.0,0.0
,,,16,,,,,,,,,,,,71100.0,temp.admin.871,LOW,Manager,Finance,0.0,9.0,Active,0.0,3.0,0.0
,,,43,,,,,,,,,,,,1806.0,specialist.infra.133,MEDIUM,User,Finance,0.0,27.0,Active,0.0,3.0,0.0
,,,23,,,,,,,,,,,,1018.0,temp.support.957,LOW,User,Finance,0.0,2.0,Active,0.0,14.0,0.0
,,,42,,,,,,,,,,,,93105.0,engineer.risk.423,MEDIUM,User,Finance,0.0,6.0,Active,0.0,0.0,1.0
,,,40,,,,,,,,,,,,266456.0,analyst.risk.464,MEDIUM,Analyst,Operations,0.0,1.0,Active,1.0,0.0,0.0
,,,22,,,,,,,,,,,,4387.0,user.ops.925,LOW,User,IT,0.0,23.0,Active,0.0,17.0,0.0
,,,47,,,,,,,,,,,,271702.0,admin.infra.559,MEDIUM,Analyst,IT,0.0,2.0,Inactive,0.0,0.0,0.0
,,,20,,,,,,,,,,,,71069.0,temp.support.621,LOW,Analyst,Legal,0.0,21.0,Active,0.0,2.0,0.0
,,,21,,,,,,,,,,,,44662.0,intern.ops.586,LOW,Analyst,Finance,0.0,27.0,Active,0.0,1.0,0.0
,,,78,,,,,,,,,,,,49829.0,manager.security.107,HIGH,User,HR,1.0,12.0,Active,1.0,2.0,0.0
,,,75,,,,,,,,,,,,108259.0,director.security.45,HIGH,Analyst,Legal,1.0,23.0,Active,1.0,1.0,0.0
,,,43,,,,,,,,,,,,188110.0,engineer.infra.906,MEDIUM,Manager,Finance,0.0,24.0,Active,1.0,3.0,0.0
,,,24,,,,,,,,,,,,42834.0,guest.admin.872,LOW,Manager,HR,0.0,15.0,Active,1.0,4.0,0.0
,,,47,,,,,,,,,,,,40054.0,admin.risk.793,MEDIUM,User,Legal,0.0,7.0,Active,1.0,0.0,0.0
,,,18,,,,,,,,,,,,288381.0,user.support.641,LOW,Analyst,IT,0.0,25.0,Active,0.0,3.0,0.0
,,,20,,,,,,,,,,,,273079.0,intern.ops.307,LOW,Analyst,Operations,0.0,29.0,Active,1.0,9.0,1.0
,,,44,,,,,,,,,,,,124902.0,engineer.ops.320,MEDIUM,User,Finance,0.0,8.0,Active,1.0,13.0,1.0
,,,92,,,,,,,,,,,,362387.0,cfo.exec.648,CRITICAL,Analyst,IT,1.0,3.0,Active,0.0,14.0,0.0
,,,15,,,,,,,,,,,,56947.0,temp.admin.715,LOW,Analyst,HR,0.0,16.0,Active,1.0,11.0,0.0
,,,77,,,,,,,,,,,,8741.0,lead.trading.951,HIGH,User,Finance,1.0,28.0,Active,1.0,1.0,0.0
,,,73,,,,,,,,,,,,81973.0,director.trading.512,HIGH,User,Legal,1.0,4.0,Suspended,1.0,0.0,0.0
,,,40,,,,,,,,,,,,166031.0,admin.ops.258,MEDIUM,Analyst,HR,0.0,16.0,Active,1.0,1.0,0.0
,,,21,,,,,,,,,,,,3407.0,temp.ops.995,LOW,User,Operations,0.0,17.0,Active,1.0,3.0,0.0
,,,41,,,,,,,,,,,,45162.0,analyst.risk.338,MEDIUM,Analyst,Operations,0.0,28.0,Active,1.0,2.0,0.0
,,,20,,,,,,,,,,,,135042.0,temp.ops.569,LOW,Analyst,Operations,0.0,18.0,Active,0.0,3.0,0.0
,,,16,,,,,,,,,,,,4293.0,user.admin.960,LOW,User,Finance,0.0,25.0,Active,0.0,2.0,0.0
,,,46,,,,,,,,,,,,1795.0,admin.security.01,MEDIUM,Analyst,Legal,0.0,11.0,Active,0.0,1.0,0.0
,,,21,,,,,,,,,,,,132.0,user.support.89,LOW,Analyst,HR,0.0,23.0,Active,0.0,1.0,0.0
,,,41,,,,,,,,,,,,6963.0,engineer.ops.887,MEDIUM,Analyst,Operations,0.0,25.0,Active,1.0,1.0,0.0
,,,15,,,,,,,,,,,,138951.0,intern.support.416,LOW,User,Operations,0.0,20.0,Active,1.0,0.0,0.0
,,,95,,,,,,,,,,,,398406.0,cfo.exec.966,CRITICAL,Analyst,Finance,1.0,21.0,Active,1.0,13.0,0.0
,,,48,,,,,,,,,,,,5445.0,specialist.risk.872,MEDIUM,User,Legal,0.0,1.0,Active,0.0,4.0,0.0
,,,79,,,,,,,,,,,,157122.0,lead.security.175,HIGH,User,IT,1.0,28.0,Active,0.0,3.0,0.0
,,,98,,,,,,,,,,,,443591.0,cto.board.103,CRITICAL,User,Legal,1.0,11.0,Suspended,1.0,3.0,0.0
,,,44,,,,,,,,,,,,20459.0,specialist.infra.07,MEDIUM,Analyst,IT,0.0,5.0,Inactive,1.0,0.0,0.0
,,,95,,,,,,,,,,,,9916.0,cfo.exec.35,CRITICAL,Analyst,IT,1.0,22.0,Suspended,1.0,0.0,0.0
,,,20,,,,,,,,,,,,12903.0,guest.support.883,LOW,User,Finance,0.0,23.0,Active,1.0,3.0,0.0
,,,48,,,,,,,,,,,,119160.0,analyst.security.956,MEDIUM,User,IT,0.0,0.0,Active,0.0,0.0,0.0
,,,45,,,,,,,,,,,,242934.0,specialist.infra.350,MEDIUM,User,Legal,0.0,28.0,Active,1.0,13.0,0.0
,,,24,,,,,,,,,,,,140545.0,user.support.563,LOW,User,Finance,0.0,23.0,Active,0.0,4.0,0.0
,,,42,,,,,,,,,,,,30552.0,specialist.ops.789,MEDIUM,Analyst,IT,0.0,11.0,Active,0.0,0.0,0.0
,,,72,,,,,,,,,,,,22600.0,lead.security.223,HIGH,Manager,IT,1.0,0.0,Active,1.0,4.0,0.0
,,,44,,,,,,,,,,,,92288.0,analyst.risk.912,MEDIUM,Analyst,Operations,0.0,18.0,Suspended,0.0,4.0,0.0
,,,17,,,,,,,,,,,,119915.0,temp.ops.62,LOW,Manager,HR,0.0,16.0,Active,1.0,0.0,0.0
,,,70,,,,,,,,,,,,289806.0,director.security.870,HIGH,User,HR,1.0,29.0,Suspended,1.0,2.0,0.0
,,,16,,,,,,,,,,,,128614.0,temp.admin.826,LOW,User,Legal,0.0,17.0,Active,0.0,12.0,0.0
,,,47,,,,,,,,,,,,105431.0,engineer.ops.537,MEDIUM,Exec,IT,0.0,10.0,Active,1.0,2.0,0.0
,,,47,,,,,,,,,,,,79209.0,admin.infra.618,MEDIUM,Manager,Finance,0.0,14.0,Active,1.0,2.0,0.0
,,,99,,,,,,,,,,,,118633.0,cto.exec.217,CRITICAL,Exec,IT,1.0,1.0,Active,1.0,1.0,0.0
,,,47,,,,,,,,,,,,201106.0,analyst.security.574,MEDIUM,User,IT,0.0,17.0,Active,1.0,3.0,0.0
,,,24,,,,,,,,,,,,267899.0,user.support.785,LOW,User,IT,0.0,0.0,Active,0.0,1.0,0.0
,,,48,,,,,,,,,,,,31693.0,specialist.risk.170,MEDIUM,User,Legal,0.0,28.0,Active,1.0,1.0,1.0
,,,73,,,,,,,,,,,,3281.0,vp.tech.279,HIGH,User,Legal,1.0,14.0,Active,1.0,5.0,1.0
,,,44,,,,,,,,,,,,12869.0,analyst.ops.600,MEDIUM,Analyst,Finance,0.0,20.0,Active,1.0,20.0,0.0
,,,95,,,,,,,,,,,,18111.0,cto.exec.563,CRITICAL,Analyst,IT,1.0,10.0,Inactive,0.0,15.0,0.0
,,,17,,,,,,,,,,,,2063.0,temp.ops.944,LOW,Manager,HR,0.0,3.0,Active,1.0,0.0,0.0
,,,23,,,,,,,,,,,,539.0,user.admin.804,LOW,Manager,Operations,0.0,23.0,Active,0.0,5.0,0.0
,,,73,,,,,,,,,,,,224553.0,lead.risk.953,HIGH,User,HR,1.0,11.0,Active,1.0,1.0,0.0
,,,79,,,,,,,,,,,,27743.0,manager.tech.217,HIGH,User,IT,1.0,2.0,Active,1.0,1.0,0.0
,,,49,,,,,,,,,,,,43946.0,analyst.security.377,MEDIUM,User,Legal,0.0,25.0,Active,1.0,5.0,0.0
,,,96,,,,,,,,,,,,95613.0,ceo.board.284,CRITICAL,Exec,HR,1.0,29.0,Active,1.0,4.0,1.0
,,,99,,,,,,,,,,,,369620.0,cto.board.71,CRITICAL,Analyst,Operations,1.0,9.0,Active,0.0,13.0,0.0
,,,40,,,,,,,,,,,,23972.0,specialist.risk.306,MEDIUM,Analyst,HR,0.0,28.0,Active,0.0,0.0,0.0
,,,21,,,,,,,,,,,,15081.0,intern.ops.22,LOW,User,HR,0.0,25.0,Active,0.0,1.0,0.0
,,,19,,,,,,,,,,,,171403.0,temp.support.996,LOW,User,HR,0.0,27.0,Active,0.0,1.0,0.0
,,,48,,,,,,,,,,,,7436.0,admin.risk.178,MEDIUM,User,Operations,0.0,3.0,Active,0.0,0.0,0.0
,,,47,,,,,,,,,,,,253514.0,specialist.security.462,MEDIUM,Manager,IT,0.0,23.0,Active,1.0,0.0,0.0
,,,23,,,,,,,,,,,,42253.0,user.ops.469,LOW,Analyst,Finance,0.0,13.0,Active,0.0,0.0,0.0
,,,45,,,,,,,,,,,,2137.0,engineer.infra.973,MEDIUM,Analyst,Operations,0.0,29.0,Active,0.0,1.0,0.0
,,,73,,,,,,,,,,,,1792.0,vp.tech.249,HIGH,User,IT,1.0,19.0,Active,0.0,6.0,1.0
,,,73,,,,,,,,,,,,116096.0,director.risk.470,HIGH,Manager,Finance,1.0,5.0,Suspended,1.0,4.0,0.0
,,,79,,,,,,,,,,,,32953.0,vp.trading.369,HIGH,User,Finance,1.0,15.0,Active,1.0,12.0,0.0
,,,42,,,,,,,,,,,,156385.0,admin.ops.354,MEDIUM,Analyst,Finance,0.0,16.0,Active,0.0,3.0,0.0
,,,49,,,,,,,,,,,,112200.0,analyst.infra.686,MEDIUM,User,Operations,0.0,3.0,Active,0.0,1.0,0.0
,,,16,,,,,,,,,,,,1796.0,temp.ops.881,LOW,User,Legal,0.0,7.0,Active,1.0,3.0,1.0
,,,20,,,,,,,,,,,,152488.0,guest.admin.251,LOW,User,Operations,0.0,10.0,Active,0.0,0.0,0.0
,,,91,,,,,,,,,,,,13424.0,cto.exec.821,CRITICAL,Analyst,IT,1.0,15.0,Suspended,0.0,0.0,0.0
,,,17,,,,,,,,,,,,10091.0,temp.admin.907,LOW,User,Finance,0.0,26.0,Active,0.0,0.0,0.0
,,,17,,,,,,,,,,,,192056.0,guest.support.655,LOW,Manager,Legal,0.0,9.0,Inactive,0.0,0.0,0.0
,,,49,,,,,,,,,,,,210075.0,admin.infra.371,MEDIUM,User,Finance,0.0,18.0,Active,0.0,2.0,0.0
,,,78,,,,,,,,,,,,87174.0,manager.risk.650,HIGH,Analyst,Legal,1.0,9.0,Active,1.0,0.0,0.0
,,,44,,,,,,,,,,,,55947.0,engineer.security.419,MEDIUM,Manager,Operations,0.0,15.0,Active,0.0,17.0,0.0
,,,49,,,,,,,,,,,,572.0,analyst.risk.528,MEDIUM,Analyst,Legal,0.0,24.0,Active,1.0,12.0,0.0
,,,76,,,,,,,,,,,,24199.0,lead.tech.643,HIGH,User,Operations,1.0,2.0,Active,1.0,13.0,0.0
,,,47,,,,,,,,,,,,226675.0,admin.risk.329,MEDIUM,Analyst,Operations,0.0,2.0,Active,0.0,0.0,0.0
,,,90,,,,,,,,,,,,73671.0,cto.exec.545,CRITICAL,Analyst,IT,1.0,4.0,Active,1.0,13.0,0.0
,,,16,,,,,,,,,,,,117493.0,guest.ops.36,LOW,Exec,Finance,0.0,15.0,Active,0.0,1.0,0.0
,,,43,,,,,,,,,,,,103658.0,engineer.ops.388,MEDIUM,Manager,Finance,0.0,3.0,Active,1.0,4.0,0.0
,,,48,,,,,,,,,,,,18053.0,admin.risk.391,MEDIUM,Analyst,Finance,0.0,29.0,Active,1.0,1.0,0.0
,,,47,,,,,,,,,,,,995.0,admin.risk.782,MEDIUM,User,Operations,0.0,26.0,Active,1.0,0.0,0.0
,,,22,,,,,,,,,,,,56365.0,guest.admin.08,LOW,User,IT,0.0,0.0,Active,0.0,3.0,0.0
,,,40,,,,,,,,,,,,6362.0,specialist.ops.540,MEDIUM,Analyst,Finance,0.0,17.0,Active,1.0,0.0,0.0
,,,49,,,,,,,,,,,,31841.0,analyst.infra.339,MEDIUM,User,Finance,0.0,18.0,Active,1.0,4.0,0.0
,,,21,,,,,,,,,,,,54.0,guest.admin.263,LOW,Manager,Operations,0.0,7.0,Active,0.0,5.0,0.0
,,,22,,,,,,,,,,,,322155.0,intern.ops.325,LOW,Analyst,Operations,0.0,21.0,Active,1.0,1.0,1.0
,,,45,,,,,,,,,,,,36920.0,specialist.security.359,MEDIUM,Analyst,HR,0.0,5.0,Active,1.0,0.0,1.0
,,,43,,,,,,,,,,,,249086.0,admin.risk.935,MEDIUM,Analyst,HR,0.0,27.0,Active,0.0,2.0,0.0
,,,44,,,,,,,,,,,,24139.0,specialist.infra.971,MEDIUM,User,IT,0.0,24.0,Active,1.0,2.0,0.0
,,,23,,,,,,,,,,,,3597.0,intern.admin.783,LOW,User,HR,0.0,7.0,Inactive,1.0,7.0,0.0
,,,78,,,,,,,,,,,,341743.0,director.risk.302,HIGH,User,Finance,1.0,15.0,Active,0.0,0.0,0.0
,,,71,,,,,,,,,,,,332871.0,vp.security.183,HIGH,Analyst,Legal,1.0,1.0,Active,0.0,0.0,0.0
,,,17,,,,,,,,,,,,338768.0,guest.admin.794,LOW,Analyst,HR,0.0,15.0,Active,0.0,2.0,0.0
,,,49,,,,,,,,,,,,7506.0,specialist.risk.415,MEDIUM,Analyst,Finance,0.0,13.0,Inactive,0.0,17.0,0.0
,,,76,,,,,,,,,,,,4738.0,manager.security.212,HIGH,User,Finance,1.0,29.0,Active,1.0,2.0,0.0
,,,70,,,,,,,,,,,,184577.0,vp.trading.280,HIGH,User,HR,1.0,22.0,Active,1.0,1.0,0.0
,,,17,,,,,,,,,,,,11513.0,temp.support.108,LOW,Manager,Finance,0.0,15.0,Active,0.0,5.0,0.0
,,,16,,,,,,,,,,,,422554.0,user.admin.231,LOW,User,Operations,0.0,19.0,Active,1.0,1.0,0.0
,,,48,,,,,,,,,,,,24784.0,admin.ops.903,MEDIUM,User,Operations,0.0,23.0,Active,1.0,0.0,0.0
,,,49,,,,,,,,,,,,169083.0,admin.ops.603,MEDIUM,Analyst,Legal,0.0,22.0,Active,1.0,15.0,0.0
,,,90,,,,,,,,,,,,307.0,cto.exec.03,CRITICAL,User,IT,1.0,13.0,Active,1.0,12.0,1.0
,,,75,,,,,,,,,,,,71234.0,director.risk.85,HIGH,Analyst,Operations,1.0,15.0,Active,1.0,1.0,0.0
,,,48,,,,,,,,,,,,71048.0,analyst.risk.475,MEDIUM,Manager,Operations,0.0,24.0,Active,0.0,0.0,0.0
,,,43,,,,,,,,,,,,438022.0,specialist.risk.577,MEDIUM,Analyst,HR,0.0,5.0,Active,1.0,0.0,0.0
,,,72,,,,,,,,,,,,14360.0,manager.risk.53,HIGH,Analyst,HR,1.0,23.0,Active,0.0,1.0,0.0
,,,43,,,,,,,,,,,,218351.0,engineer.security.453,MEDIUM,User,Finance,0.0,24.0,Active,1.0,1.0,0.0
,,,90,,,,,,,,,,,,54295.0,cfo.board.286,CRITICAL,User,IT,1.0,2.0,Active,1.0,9.0,0.0
,,,97,,,,,,,,,,,,88029.0,head_security.exec.763,CRITICAL,Manager,Finance,1.0,0.0,Active,1.0,4.0,0.0
,,,18,,,,,,,,,,,,219118.0,guest.admin.470,LOW,Manager,Finance,0.0,24.0,Active,0.0,0.0,0.0
,,,49,,,,,,,,,,,,20396.0,engineer.ops.397,MEDIUM,User,IT,0.0,12.0,Active,1.0,1.0,0.0
,,,78,,,,,,,,,,,,119556.0,director.risk.450,HIGH,User,IT,1.0,7.0,Active,1.0,2.0,0.0
,,,16,,,,,,,,,,,,14708.0,guest.ops.927,LOW,Manager,Legal,0.0,17.0,Active,0.0,2.0,0.0
,,,49,,,,,,,,,,,,177220.0,analyst.ops.879,MEDIUM,Manager,Finance,0.0,12.0,Active,0.0,1.0,0.0
,,,16,,,,,,,,,,,,114617.0,guest.support.157,LOW,Analyst,Finance,0.0,14.0,Active,1.0,0.0,0.0
,,,94,,,,,,,,,,,,414328.0,head_security.exec.693,CRITICAL,Analyst,Operations,1.0,9.0,Active,1.0,16.0,0.0
,,,24,,,,,,,,,,,,8020.0,temp.ops.332,LOW,User,Operations,0.0,28.0,Active,1.0,0.0,0.0
,,,18,,,,,,,,,,,,256364.0,intern.ops.916,LOW,Analyst,HR,0.0,12.0,Active,0.0,1.0,0.0
,,,46,,,,,,,,,,,,174654.0,admin.infra.422,MEDIUM,User,IT,0.0,3.0,Inactive,1.0,0.0,0.0
,,,42,,,,,,,,,,,,12433.0,specialist.infra.603,MEDIUM,Manager,IT,0.0,2.0,Active,0.0,3.0,0.0
,,,42,,,,,,,,,,,,222997.0,analyst.security.813,MEDIUM,Analyst,HR,0.0,25.0,Active,1.0,2.0,0.0
,,,72,,,,,,,,,,,,314341.0,vp.tech.126,HIGH,Analyst,IT,1.0,7.0,Active,1.0,3.0,0.0
,,,96,,,,,,,,,,,,315816.0,head_security.exec.346,CRITICAL,User,Operations,1.0,7.0,Active,1.0,1.0,0.0
,,,47,,,,,,,,,,,,187098.0,specialist.security.352,MEDIUM,Exec,Legal,0.0,26.0,Active,1.0,0.0,0.0
,,,71,,,,,,,,,,,,173159.0,lead.risk.150,HIGH,Exec,Operations,1.0,17.0,Active,0.0,10.0,0.0
,,,20,,,,,,,,,,,,215747.0,guest.ops.198,LOW,Analyst,Operations,0.0,25.0,Inactive,0.0,0.0,0.0
,,,70,,,,,,,,,,,,42714.0,director.security.764,HIGH,Analyst,Finance,1.0,6.0,Active,1.0,0.0,0.0
,,,41,,,,,,,,,,,,6514.0,analyst.risk.921,MEDIUM,User,HR,0.0,0.0,Inactive,0.0,2.0,0.0
,,,94,,,,,,,,,,,,21358.0,ceo.board.61,CRITICAL,Manager,Operations,1.0,21.0,Active,1.0,0.0,0.0
,,,74,,,,,,,,,,,,206058.0,director.trading.270,HIGH,Analyst,Operations,1.0,21.0,Active,1.0,2.0,0.0
,,,74,,,,,,,,,,,,16052.0,lead.security.257,HIGH,User,Operations,1.0,4.0,Active,1.0,0.0,0.0
,,,24,,,,,,,,,,,,20226.0,intern.ops.346,LOW,Manager,Finance,0.0,9.0,Active,0.0,2.0,1.0
,,,97,,,,,,,,,,,,78297.0,head_security.exec.116,CRITICAL,Analyst,IT,1.0,11.0,Suspended,1.0,1.0,0.0
,,,74,,,,,,,,,,,,121837.0,manager.trading.433,HIGH,Analyst,Operations,1.0,11.0,Suspended,1.0,0.0,0.0
,,,47,,,,,,,,,,,,293560.0,admin.ops.363,MEDIUM,Analyst,Operations,0.0,6.0,Active,1.0,1.0,0.0
,,,44,,,,,,,,,,,,363.0,engineer.ops.366,MEDIUM,Manager,IT,0.0,29.0,Active,0.0,2.0,0.0
,,,79,,,,,,,,,,,,449.0,lead.tech.664,HIGH,Analyst,Operations,1.0,14.0,Active,1.0,2.0,0.0
,,,47,,,,,,,,,,,,7223.0,engineer.security.140,MEDIUM,User,IT,0.0,28.0,Active,0.0,3.0,0.0
,,,73,,,,,,,,,,,,707.0,vp.security.861,HIGH,User,HR,1.0,15.0,Active,0.0,17.0,1.0
,,,75,,,,,,,,,,,,62112.0,lead.risk.34,HIGH,User,HR,1.0,3.0,Active,0.0,17.0,0.0
,,,17,,,,,,,,,,,,410725.0,intern.ops.622,LOW,Manager,HR,0.0,0.0,Active,0.0,1.0,0.0
,,,93,,,,,,,,,,,,39287.0,ceo.exec.907,CRITICAL,Manager,IT,1.0,9.0,Active,1.0,1.0,0.0
,,,19,,,,,,,,,,,,17194.0,intern.admin.939,LOW,Analyst,Legal,0.0,24.0,Active,0.0,0.0,0.0
,,,40,,,,,,,,,,,,189122.0,engineer.ops.363,MEDIUM,User,Operations,0.0,1.0,Active,0.0,0.0,0.0
,,,79,,,,,,,,,,,,224615.0,lead.security.403,HIGH,Analyst,HR,1.0,23.0,Active,1.0,11.0,0.0
,,,78,,,,,,,,,,,,67889.0,director.risk.247,HIGH,Analyst,IT,1.0,23.0,Active,1.0,15.0,0.0
,,,15,,,,,,,,,,,,55405.0,user.support.836,LOW,User,HR,0.0,26.0,Active,1.0,1.0,0.0
,,,20,,,,,,,,,,,,17219.0,user.ops.478,LOW,User,HR,0.0,6.0,Active,0.0,3.0,0.0
,,,44,,,,,,,,,,,,15894.0,engineer.infra.113,MEDIUM,Analyst,Finance,0.0,12.0,Active,1.0,1.0,0.0
,,,76,,,,,,,,,,,,49628.0,manager.trading.175,HIGH,User,Operations,1.0,0.0,Active,1.0,3.0,1.0
,,,93,,,,,,,,,,,,72946.0,cto.exec.494,CRITICAL,User,HR,1.0,21.0,Active,1.0,10.0,0.0
,,,45,,,,,,,,,,,,199543.0,admin.security.305,MEDIUM,Analyst,HR,0.0,29.0,Active,1.0,6.0,0.0
,,,17,,,,,,,,,,,,164875.0,temp.support.60,LOW,Manager,IT,0.0,29.0,Inactive,1.0,1.0,0.0
,,,48,,,,,,,,,,,,181308.0,specialist.security.206,MEDIUM,Analyst,IT,0.0,5.0,Active,0.0,6.0,0.0
,,,79,,,,,,,,,,,,317330.0,lead.risk.559,HIGH,User,Finance,1.0,9.0,Active,1.0,0.0,0.0
,,,24,,,,,,,,,,,,38636.0,user.admin.909,LOW,User,Finance,0.0,9.0,Active,0.0,3.0,1.0
,,,24,,,,,,,,,,,,443741.0,temp.admin.649,LOW,Exec,HR,0.0,0.0,Suspended,0.0,0.0,0.0
,,,42,,,,,,,,,,,,125101.0,admin.security.535,MEDIUM,User,HR,0.0,23.0,Active,1.0,7.0,0.0
,,,90,,,,,,,,,,,,115304.0,cfo.board.626,CRITICAL,User,Legal,1.0,12.0,Active,1.0,1.0,0.0
,,,47,,,,,,,,,,,,18755.0,analyst.ops.685,MEDIUM,Manager,Operations,0.0,17.0,Suspended,1.0,2.0,0.0
,,,40,,,,,,,,,,,,12054.0,engineer.risk.467,MEDIUM,Analyst,IT,0.0,3.0,Active,1.0,0.0,0.0
,,,94,,,,,,,,,,,,16273.0,ceo.exec.744,CRITICAL,Exec,HR,1.0,14.0,Active,1.0,11.0,1.0
,,,46,,,,,,,,,,,,79626.0,analyst.infra.636,MEDIUM,User,Operations,0.0,4.0,Active,0.0,4.0,0.0
,,,47,,,,,,,,,,,,40451.0,specialist.risk.548,MEDIUM,User,Operations,0.0,14.0,Active,1.0,3.0,0.0
,,,22,,,,,,,,,,,,47672.0,user.admin.408,LOW,User,IT,0.0,2.0,Inactive,0.0,3.0,0.0
,,,19,,,,,,,,,,,,5627.0,intern.support.797,LOW,User,Finance,0.0,25.0,Active,1.0,0.0,0.0
,,,79,,,,,,,,,,,,307616.0,vp.tech.382,HIGH,Manager,Operations,1.0,18.0,Active,1.0,7.0,1.0
,,,44,,,,,,,,,,,,3696.0,engineer.infra.394,MEDIUM,Analyst,IT,0.0,23.0,Active,0.0,2.0,0.0
,,,44,,,,,,,,,,,,87688.0,specialist.ops.536,MEDIUM,User,Finance,0.0,5.0,Active,0.0,1.0,0.0
,,,49,,,,,,,,,,,,9882.0,engineer.ops.397,MEDIUM,User,IT,0.0,7.0,Active,0.0,1.0,0.0
,,,41,,,,,,,,,,,,389909.0,specialist.risk.787,MEDIUM,User,IT,0.0,20.0,Active,1.0,0.0,0.0
,,,20,,,,,,,,,,,,62518.0,intern.ops.712,LOW,User,HR,0.0,26.0,Active,0.0,1.0,0.0
,,,79,,,,,,,,,,,,137748.0,lead.security.151,HIGH,User,IT,1.0,23.0,Active,1.0,0.0,0.0
,,,23,,,,,,,,,,,,74102.0,guest.admin.995,LOW,User,Operations,0.0,29.0,Active,0.0,19.0,0.0
,,,40,,,,,,,,,,,,72876.0,specialist.risk.360,MEDIUM,Analyst,HR,0.0,29.0,Active,0.0,1.0,0.0
,,,16,,,,,,,,,,,,7045.0,temp.ops.638,LOW,Manager,Finance,0.0,11.0,Active,0.0,0.0,0.0
,,,15,,,,,,,,,,,,6492.0,guest.ops.939,LOW,Exec,Legal,0.0,5.0,Active,1.0,1.0,0.0
,,,79,,,,,,,,,,,,9531.0,lead.risk.192,HIGH,User,Finance,1.0,21.0,Active,1.0,2.0,0.0
,,,49,,,,,,,,,,,,99479.0,specialist.security.857,MEDIUM,User,Finance,0.0,20.0,Active,0.0,2.0,0.0
,,,78,,,,,,,,,,,,3477.0,director.security.526,HIGH,User,Operations,1.0,18.0,Active,1.0,3.0,0.0
,,,41,,,,,,,,,,,,186771.0,admin.infra.431,MEDIUM,Analyst,Operations,0.0,22.0,Active,0.0,0.0,0.0
,,,71,,,,,,,,,,,,393522.0,manager.security.429,HIGH,Analyst,Operations,1.0,2.0,Suspended,1.0,5.0,0.0
,,,44,,,,,,,,,,,,215313.0,analyst.ops.572,MEDIUM,Manager,Legal,0.0,14.0,Active,1.0,4.0,0.0
,,,46,,,,,,,,,,,,146721.0,engineer.ops.629,MEDIUM,Analyst,IT,0.0,15.0,Active,1.0,1.0,1.0
,,,48,,,,,,,,,,,,115881.0,engineer.security.575,MEDIUM,Analyst,Legal,0.0,10.0,Active,1.0,1.0,0.0
,,,21,,,,,,,,,,,,24768.0,user.admin.822,LOW,Analyst,IT,0.0,28.0,Active,0.0,0.0,0.0
,,,19,,,,,,,,,,,,353799.0,user.support.839,LOW,Analyst,Finance,0.0,13.0,Active,1.0,0.0,0.0
,,,17,,,,,,,,,,,,20173.0,guest.admin.149,LOW,Manager,Legal,0.0,4.0,Inactive,0.0,0.0,0.0
,,,23,,,,,,,,,,,,148096.0,guest.ops.723,LOW,Manager,Finance,0.0,15.0,Active,0.0,1.0,0.0
,,,41,,,,,,,,,,,,18612.0,admin.infra.107,MEDIUM,Manager,Operations,0.0,4.0,Active,0.0,0.0,0.0
,,,18,,,,,,,,,,,,7906.0,intern.ops.784,LOW,Analyst,Finance,0.0,17.0,Active,0.0,1.0,0.0
,,,74,,,,,,,,,,,,10610.0,lead.trading.222,HIGH,User,IT,1.0,26.0,Active,0.0,2.0,0.0
,,,24,,,,,,,,,,,,3547.0,user.ops.979,LOW,Analyst,HR,0.0,3.0,Active,0.0,2.0,0.0
,,,23,,,,,,,,,,,,826.0,temp.admin.298,LOW,Manager,Finance,0.0,18.0,Active,0.0,4.0,0.0
,,,41,,,,,,,,,,,,435387.0,engineer.security.415,MEDIUM,Analyst,Finance,0.0,10.0,Active,0.0,0.0,0.0
,,,47,,,,,,,,,,,,419074.0,admin.infra.461,MEDIUM,Manager,IT,0.0,3.0,Active,1.0,1.0,0.0
,,,20,,,,,,,,,,,,181073.0,guest.ops.708,LOW,User,Operations,0.0,3.0,Active,0.0,0.0,0.0
,,,22,,,,,,,,,,,,129682.0,guest.ops.963,LOW,User,Legal,0.0,14.0,Active,0.0,4.0,0.0
,,,44,,,,,,,,,,,,23387.0,specialist.security.544,MEDIUM,Analyst,Finance,0.0,17.0,Active,0.0,0.0,0.0
,,,19,,,,,,,,,,,,199708.0,intern.support.755,LOW,User,Legal,0.0,7.0,Active,0.0,1.0,0.0
,,,43,,,,,,,,,,,,209011.0,specialist.risk.598,MEDIUM,Analyst,Operations,0.0,17.0,Active,0.0,1.0,0.0
,,,19,,,,,,,,,,,,22050.0,temp.ops.698,LOW,User,IT,0.0,15.0,Active,1.0,1.0,0.0
,,,17,,,,,,,,,,,,64242.0,temp.ops.737,LOW,User,Operations,0.0,25.0,Active,0.0,0.0,1.0
,,,19,,,,,,,,,,,,203444.0,guest.support.943,LOW,User,HR,0.0,3.0,Active,0.0,1.0,0.0
,,,71,,,,,,,,,,,,21208.0,vp.risk.108,HIGH,User,Finance,1.0,12.0,Active,1.0,13.0,0.0
,,,49,,,,,,,,,,,,8476.0,engineer.risk.433,MEDIUM,User,HR,0.0,23.0,Inactive,1.0,1.0,0.0
,,,41,,,,,,,,,,,,18854.0,admin.infra.863,MEDIUM,User,Legal,0.0,19.0,Active,1.0,1.0,1.0
,,,41,,,,,,,,,,,,127235.0,specialist.security.861,MEDIUM,Analyst,Finance,0.0,28.0,Active,1.0,1.0,0.0
,,,44,,,,,,,,,,,,13295.0,analyst.risk.982,MEDIUM,Analyst,Legal,0.0,29.0,Active,1.0,10.0,1.0
,,,49,,,,,,,,,,,,125466.0,specialist.risk.418,MEDIUM,Exec,IT,0.0,1.0,Active,1.0,16.0,0.0
,,,46,,,,,,,,,,,,697.0,analyst.security.628,MEDIUM,User,Operations,0.0,15.0,Active,1.0,2.0,0.0
,,,71,,,,,,,,,,,,229415.0,director.security.175,HIGH,Analyst,IT,1.0,28.0,Active,1.0,0.0,0.0
,,,19,,,,,,,,,,,,436008.0,temp.support.882,LOW,User,Finance,0.0,25.0,Active,0.0,1.0,0.0
,,,43,,,,,,,,,,,,63543.0,engineer.ops.631,MEDIUM,Analyst,Operations,0.0,4.0,Active,0.0,4.0,0.0
,,,17,,,,,,,,,,,,269704.0,intern.admin.36,LOW,Manager,Operations,0.0,23.0,Active,0.0,1.0,0.0
,,,18,,,,,,,,,,,,4155.0,intern.support.311,LOW,Manager,Legal,0.0,24.0,Active,0.0,4.0,0.0
,,,49,,,,,,,,,,,,11855.0,analyst.risk.84,MEDIUM,Manager,Finance,0.0,4.0,Active,0.0,2.0,0.0
,,,90,,,,,,,,,,,,5748.0,cto.exec.98,CRITICAL,User,IT,1.0,28.0,Active,1.0,15.0,1.0
,,,92,,,,,,,,,,,,146111.0,head_security.board.32,CRITICAL,User,Operations,1.0,17.0,Suspended,1.0,4.0,0.0
,,,42,,,,,,,,,,,,17249.0,specialist.infra.197,MEDIUM,Exec,Finance,0.0,22.0,Active,0.0,1.0,0.0
,,,73,,,,,,,,,,,,52957.0,manager.tech.112,HIGH,Analyst,Finance,1.0,4.0,Active,1.0,3.0,0.0
,,,15,,,,,,,,,,,,216.0,temp.ops.881,LOW,User,Legal,0.0,28.0,Active,0.0,2.0,0.0
,,,72,,,,,,,,,,,,155657.0,director.risk.485,HIGH,User,IT,1.0,25.0,Active,1.0,2.0,0.0
,,,70,,,,,,,,,,,,25357.0,manager.tech.512,HIGH,Manager,Legal,1.0,23.0,Active,0.0,8.0,0.0
,,,18,,,,,,,,,,,,3025.0,intern.ops.871,LOW,Analyst,Operations,0.0,22.0,Active,1.0,2.0,0.0
,,,79,,,,,,,,,,,,333981.0,vp.risk.214,HIGH,Analyst,Legal,1.0,18.0,Active,1.0,0.0,0.0
,,,46,,,,,,,,,,,,27505.0,analyst.infra.401,MEDIUM,User,Finance,0.0,29.0,Inactive,0.0,5.0,1.0
,,,78,,,,,,,,,,,,18472.0,director.security.687,HIGH,User,Legal,1.0,5.0,Active,0.0,0.0,0.0
,,,17,,,,,,,,,,,,231985.0,intern.ops.403,LOW,Exec,HR,0.0,19.0,Active,0.0,1.0,0.0
,,,76,,,,,,,,,,,,158570.0,manager.security.895,HIGH,Analyst,HR,1.0,1.0,Active,1.0,12.0,1.0
,,,24,,,,,,,,,,,,83872.0,guest.support.955,LOW,User,HR,0.0,24.0,Active,0.0,1.0,0.0
,,,70,,,,,,,,,,,,20229.0,vp.trading.159,HIGH,Analyst,HR,1.0,20.0,Active,1.0,7.0,0.0
,,,20,,,,,,,,,,,,119842.0,temp.admin.88,LOW,Manager,Finance,0.0,1.0,Active,1.0,1.0,0.0
,,,77,,,,,,,,,,,,387510.0,director.risk.286,HIGH,Manager,Operations,1.0,15.0,Suspended,1.0,2.0,0.0
,,,22,,,,,,,,,,,,6702.0,user.admin.786,LOW,Analyst,Legal,0.0,5.0,Active,0.0,4.0,0.0
,,,45,,,,,,,,,,,,10324.0,analyst.security.460,MEDIUM,Manager,Operations,0.0,17.0,Active,1.0,3.0,0.0
,,,19,,,,,,,,,,,,113748.0,temp.admin.607,LOW,Analyst,HR,0.0,17.0,Active,0.0,8.0,1.0
,,,70,,,,,,,,,,,,157715.0,vp.security.149,HIGH,Analyst,Finance,1.0,4.0,Active,1.0,1.0,0.0
,,,23,,,,,,,,,,,,184058.0,intern.support.998,LOW,Analyst,IT,0.0,0.0,Active,0.0,0.0,0.0
,,,72,,,,,,,,,,,,10406.0,manager.risk.263,HIGH,Exec,Finance,1.0,4.0,Active,0.0,10.0,1.0
,,,70,,,,,,,,,,,,26605.0,director.risk.420,HIGH,Exec,Legal,1.0,20.0,Active,1.0,19.0,1.0
,,,44,,,,,,,,,,,,42336.0,admin.risk.466,MEDIUM,Analyst,IT,0.0,12.0,Active,1.0,3.0,0.0
,,,47,,,,,,,,,,,,19918.0,engineer.security.728,MEDIUM,User,IT,0.0,20.0,Active,1.0,3.0,0.0
,,,20,,,,,,,,,,,,190728.0,intern.support.764,LOW,Analyst,HR,0.0,6.0,Active,0.0,0.0,0.0
,,,49,,,,,,,,,,,,24319.0,specialist.ops.367,MEDIUM,Manager,Legal,0.0,0.0,Suspended,1.0,13.0,0.0
,,,22,,,,,,,,,,,,23810.0,guest.support.349,LOW,User,HR,0.0,9.0,Active,0.0,14.0,0.0
,,,48,,,,,,,,,,,,30114.0,engineer.ops.397,MEDIUM,Analyst,HR,0.0,12.0,Active,1.0,16.0,0.0
,,,92,,,,,,,,,,,,27325.0,head_security.board.210,CRITICAL,Analyst,Finance,1.0,9.0,Active,1.0,9.0,0.0
,,,73,,,,,,,,,,,,223859.0,director.security.542,HIGH,User,Operations,1.0,22.0,Active,1.0,2.0,0.0
,,,74,,,,,,,,,,,,201764.0,director.trading.578,HIGH,User,Operations,1.0,3.0,Active,1.0,0.0,0.0
,,,46,,,,,,,,,,,,22182.0,engineer.risk.883,MEDIUM,Manager,Operations,0.0,11.0,Active,0.0,16.0,1.0
,,,22,,,,,,,,,,,,77934.0,user.admin.969,LOW,Analyst,Finance,0.0,6.0,Active,0.0,11.0,1.0
,,,73,,,,,,,,,,,,64495.0,director.trading.178,HIGH,User,Legal,1.0,25.0,Active,1.0,6.0,0.0
,,,23,,,,,,,,,,,,42066.0,guest.ops.768,LOW,Analyst,IT,0.0,9.0,Active,0.0,7.0,0.0
,,,15,,,,,,,,,,,,390759.0,guest.admin.818,LOW,User,Operations,0.0,19.0,Active,1.0,0.0,0.0
,,,74,,,,,,,,,,,,82475.0,lead.tech.920,HIGH,User,Finance,1.0,29.0,Active,0.0,16.0,1.0
,,,79,,,,,,,,,,,,13773.0,director.tech.218,HIGH,User,HR,1.0,4.0,Active,1.0,8.0,0.0
,,,73,,,,,,,,,,,,521.0,lead.security.295,HIGH,Exec,IT,1.0,21.0,Active,0.0,0.0,0.0
,,,48,,,,,,,,,,,,16776.0,engineer.ops.670,MEDIUM,Analyst,HR,0.0,24.0,Active,1.0,4.0,0.0
,,,44,,,,,,,,,,,,94628.0,analyst.security.119,MEDIUM,Manager,IT,0.0,5.0,Active,0.0,0.0,0.0
,,,42,,,,,,,,,,,,41194.0,analyst.infra.734,MEDIUM,Manager,Finance,0.0,12.0,Active,0.0,1.0,0.0
,,,41,,,,,,,,,,,,334965.0,admin.infra.506,MEDIUM,Analyst,Legal,0.0,9.0,Inactive,0.0,1.0,0.0
,,,17,,,,,,,,,,,,2010.0,guest.admin.647,LOW,Exec,HR,0.0,24.0,Active,1.0,0.0,0.0
,,,43,,,,,,,,,,,,31674.0,engineer.security.378,MEDIUM,Analyst,Finance,0.0,25.0,Active,0.0,3.0,0.0
,,,40,,,,,,,,,,,,2751.0,engineer.security.606,MEDIUM,Analyst,Finance,0.0,4.0,Active,1.0,22.0,0.0
,,,40,,,,,,,,,,,,33127.0,engineer.security.294,MEDIUM,User,IT,0.0,28.0,Inactive,1.0,0.0,0.0
,,,23,,,,,,,,,,,,392644.0,intern.support.836,LOW,Manager,Operations,0.0,0.0,Active,0.0,2.0,1.0
,,,41,,,,,,,,,,,,52426.0,engineer.infra.809,MEDIUM,User,Finance,0.0,17.0,Inactive,1.0,6.0,0.0
,,,24,,,,,,,,,,,,96754.0,intern.support.479,LOW,User,Operations,0.0,6.0,Active,1.0,2.0,0.0
,,,70,,,,,,,,,,,,2551.0,manager.trading.31,HIGH,User,Finance,1.0,27.0,Active,1.0,5.0,1.0
,,,71,,,,,,,,,,,,5642.0,vp.security.80,HIGH,Analyst,Finance,1.0,4.0,Active,0.0,1.0,0.0
,,,90,,,,,,,,,,,,70717.0,cfo.exec.388,CRITICAL,Analyst,Operations,1.0,23.0,Active,1.0,1.0,1.0
,,,48,,,,,,,,,,,,8580.0,engineer.risk.35,MEDIUM,Analyst,Finance,0.0,23.0,Active,0.0,1.0,0.0
,,,93,,,,,,,,,,,,154.0,cfo.board.798,CRITICAL,Analyst,IT,1.0,1.0,Active,1.0,12.0,1.0
,,,98,,,,,,,,,,,,35250.0,cfo.board.845,CRITICAL,Analyst,Legal,1.0,22.0,Active,1.0,1.0,0.0
,,,45,,,,,,,,,,,,339080.0,analyst.security.269,MEDIUM,Analyst,Finance,0.0,4.0,Active,0.0,10.0,0.0
,,,45,,,,,,,,,,,,217813.0,admin.risk.915,MEDIUM,Analyst,Finance,0.0,24.0,Active,0.0,10.0,1.0
,,,42,,,,,,,,,,,,38805.0,admin.ops.631,MEDIUM,User,Operations,0.0,25.0,Active,0.0,4.0,0.0
,,,78,,,,,,,,,,,,440857.0,vp.security.73,HIGH,Manager,HR,1.0,1.0,Suspended,0.0,4.0,1.0
,,,15,,,,,,,,,,,,40224.0,guest.ops.618,LOW,User,IT,0.0,27.0,Active,0.0,1.0,0.0
,,,96,,,,,,,,,,,,6393.0,ceo.exec.00,CRITICAL,Manager,Finance,1.0,8.0,Inactive,1.0,15.0,1.0
,,,17,,,,,,,,,,,,1807.0,temp.ops.812,LOW,User,Legal,0.0,29.0,Active,1.0,0.0,1.0
,,,42,,,,,,,,,,,,58631.0,specialist.ops.645,MEDIUM,Exec,Finance,0.0,22.0,Active,0.0,4.0,0.0
,,,96,,,,,,,,,,,,29776.0,head_security.exec.38,CRITICAL,Analyst,IT,1.0,10.0,Active,1.0,3.0,0.0
,,,76,,,,,,,,,,,,4198.0,manager.security.247,HIGH,Manager,Finance,1.0,25.0,Active,0.0,0.0,0.0
,,,41,,,,,,,,,,,,195054.0,analyst.security.565,MEDIUM,User,Operations,0.0,29.0,Active,0.0,9.0,1.0
,,,40,,,,,,,,,,,,16478.0,admin.risk.715,MEDIUM,Analyst,Operations,0.0,13.0,Active,0.0,1.0,0.0
,,,47,,,,,,,,,,,,51505.0,engineer.risk.485,MEDIUM,User,Finance,0.0,8.0,Active,1.0,0.0,0.0
,,,40,,,,,,,,,,,,219565.0,specialist.ops.590,MEDIUM,Analyst,Operations,0.0,20.0,Active,0.0,0.0,0.0
,,,73,,,,,,,,,,,,115655.0,lead.trading.389,HIGH,Analyst,IT,1.0,12.0,Active,1.0,2.0,0.0
,,,23,,,,,,,,,,,,22428.0,user.ops.814,LOW,User,Finance,0.0,2.0,Active,0.0,0.0,0.0
,,,73,,,,,,,,,,,,50556.0,manager.trading.157,HIGH,Manager,HR,1.0,21.0,Active,1.0,4.0,0.0
,,,22,,,,,,,,,,,,32846.0,guest.admin.899,LOW,Analyst,Operations,0.0,20.0,Active,0.0,0.0,0.0
,,,48,,,,,,,,,,,,90303.0,specialist.risk.470,MEDIUM,User,IT,0.0,23.0,Active,1.0,1.0,0.0
,,,18,,,,,,,,,,,,42572.0,guest.admin.164,LOW,Manager,IT,0.0,3.0,Active,1.0,4.0,0.0
,,,40,,,,,,,,,,,,72821.0,admin.security.860,MEDIUM,Analyst,HR,0.0,25.0,Active,1.0,0.0,0.0
,,,20,,,,,,,,,,,,8.0,temp.ops.104,LOW,Exec,HR,0.0,28.0,Active,1.0,3.0,0.0
,,,47,,,,,,,,,,,,213827.0,analyst.infra.837,MEDIUM,Analyst,Finance,0.0,26.0,Active,1.0,1.0,0.0
,,,42,,,,,,,,,,,,45759.0,admin.security.833,MEDIUM,Analyst,IT,0.0,17.0,Active,1.0,0.0,0.0
,,,91,,,,,,,,,,,,57306.0,cfo.exec.50,CRITICAL,User,Operations,1.0,22.0,Active,1.0,12.0,0.0
,,,43,,,,,,,,,,,,2887.0,engineer.ops.990,MEDIUM,User,Finance,0.0,24.0,Active,1.0,1.0,0.0
,,,40,,,,,,,,,,,,144.0,specialist.ops.471,MEDIUM,User,IT,0.0,3.0,Active,0.0,1.0,0.0
,,,48,,,,,,,,,,,,320777.0,admin.ops.697,MEDIUM,User,HR,0.0,22.0,Active,1.0,0.0,0.0
,,,44,,,,,,,,,,,,23591.0,engineer.infra.586,MEDIUM,Analyst,IT,0.0,20.0,Active,1.0,4.0,0.0
,,,90,,,,,,,,,,,,4137.0,cfo.exec.714,CRITICAL,User,HR,1.0,1.0,Active,1.0,0.0,0.0
,,,48,,,,,,,,,,,,10084.0,specialist.risk.831,MEDIUM,Manager,Operations,0.0,25.0,Active,1.0,2.0,0.0
,,,79,,,,,,,,,,,,16880.0,manager.security.135,HIGH,User,Finance,1.0,3.0,Active,1.0,1.0,0.0
,,,46,,,,,,,,,,,,89776.0,admin.security.273,MEDIUM,Analyst,Legal,0.0,19.0,Active,1.0,0.0,0.0
,,,97,,,,,,,,,,,,144342.0,ceo.board.517,CRITICAL,Analyst,Finance,1.0,3.0,Active,1.0,17.0,1.0
,,,99,,,,,,,,,,,,373650.0,cto.board.952,CRITICAL,User,IT,1.0,14.0,Active,1.0,11.0,0.0
,,,77,,,,,,,,,,,,137830.0,vp.security.656,HIGH,User,HR,1.0,19.0,Active,1.0,2.0,0.0
,,,43,,,,,,,,,,,,63131.0,admin.infra.444,MEDIUM,User,Finance,0.0,23.0,Active,1.0,2.0,0.0
,,,40,,,,,,,,,,,,17014.0,specialist.ops.821,MEDIUM,User,HR,0.0,12.0,Active,0.0,0.0,0.0
,,,46,,,,,,,,,,,,4012.0,admin.infra.991,MEDIUM,Analyst,Operations,0.0,21.0,Active,1.0,0.0,0.0
,,,48,,,,,,,,,,,,110727.0,specialist.risk.404,MEDIUM,User,IT,0.0,12.0,Active,0.0,0.0,0.0
,,,73,,,,,,,,,,,,11721.0,lead.security.616,HIGH,Analyst,IT,1.0,14.0,Active,1.0,4.0,0.0
,,,47,,,,,,,,,,,,122440.0,analyst.infra.177,MEDIUM,User,Operations,0.0,22.0,Active,0.0,1.0,0.0
,,,41,,,,,,,,,,,,57049.0,engineer.risk.791,MEDIUM,User,Finance,0.0,22.0,Active,1.0,4.0,0.0
,,,94,,,,,,,,,,,,35577.0,head_security.board.267,CRITICAL,User,IT,1.0,23.0,Active,1.0,10.0,1.0
,,,79,,,,,,,,,,,,27620.0,manager.trading.276,HIGH,Analyst,Finance,1.0,21.0,Active,1.0,10.0,1.0
,,,70,,,,,,,,,,,,6086.0,vp.risk.204,HIGH,User,Finance,1.0,15.0,Active,1.0,11.0,0.0
,,,41,,,,,,,,,,,,702.0,analyst.security.701,MEDIUM,User,IT,0.0,29.0,Active,0.0,0.0,0.0
,,,17,,,,,,,,,,,,1413.0,temp.ops.893,LOW,Analyst,Legal,0.0,12.0,Active,1.0,0.0,0.0
,,,45,,,,,,,,,,,,168893.0,admin.risk.373,MEDIUM,User,HR,0.0,10.0,Active,1.0,0.0,0.0
,,,42,,,,,,,,,,,,57791.0,admin.risk.713,MEDIUM,User,Legal,0.0,1.0,Active,0.0,2.0,0.0
,,,99,,,,,,,,,,,,18805.0,cfo.exec.74,CRITICAL,Analyst,IT,1.0,16.0,Active,1.0,10.0,0.0
,,,46,,,,,,,,,,,,91958.0,analyst.infra.209,MEDIUM,Manager,Finance,0.0,11.0,Inactive,1.0,1.0,0.0
,,,42,,,,,,,,,,,,103427.0,engineer.infra.557,MEDIUM,Analyst,HR,0.0,18.0,Active,0.0,11.0,0.0
,,,22,,,,,,,,,,,,49428.0,user.admin.738,LOW,Analyst,HR,0.0,15.0,Active,0.0,17.0,0.0
,,,43,,,,,,,,,,,,49126.0,engineer.infra.266,MEDIUM,Analyst,IT,0.0,21.0,Active,1.0,24.0,0.0
,,,77,,,,,,,,,,,,97921.0,director.risk.969,HIGH,Exec,IT,1.0,4.0,Active,1.0,16.0,1.0
,,,43,,,,,,,,,,,,32040.0,analyst.ops.305,MEDIUM,Analyst,Operations,0.0,5.0,Active,1.0,20.0,0.0
,,,46,,,,,,,,,,,,207183.0,engineer.ops.446,MEDIUM,Analyst,IT,0.0,10.0,Active,1.0,11.0,1.0
,,,22,,,,,,,,,,,,91406.0,temp.admin.712,LOW,Analyst,Legal,0.0,28.0,Active,0.0,10.0,0.0
,,,48,,,,,,,,,,,,421419.0,admin.ops.171,MEDIUM,Analyst,Operations,0.0,24.0,Active,1.0,0.0,0.0
,,,44,,,,,,,,,,,,9619.0,analyst.infra.961,MEDIUM,Analyst,Operations,0.0,10.0,Active,0.0,1.0,1.0
,,,47,,,,,,,,,,,,109426.0,engineer.infra.107,MEDIUM,User,HR,0.0,1.0,Active,1.0,6.0,0.0
,,,20,,,,,,,,,,,,15587.0,intern.ops.907,LOW,Manager,Operations,0.0,12.0,Active,0.0,9.0,1.0
,,,72,,,,,,,,,,,,198.0,director.risk.519,HIGH,User,Operations,1.0,17.0,Active,1.0,17.0,0.0
,,,20,,,,,,,,,,,,275523.0,user.ops.382,LOW,Analyst,Legal,0.0,26.0,Active,0.0,2.0,0.0
,,,41,,,,,,,,,,,,33251.0,engineer.security.661,MEDIUM,Exec,Operations,0.0,19.0,Active,0.0,4.0,0.0
,,,44,,,,,,,,,,,,41789.0,specialist.ops.908,MEDIUM,Analyst,IT,0.0,27.0,Active,1.0,1.0,0.0
,,,95,,,,,,,,,,,,21684.0,cfo.exec.39,CRITICAL,Analyst,Finance,1.0,16.0,Active,1.0,5.0,0.0
,,,94,,,,,,,,,,,,72805.0,cto.board.605,CRITICAL,User,HR,1.0,11.0,Active,1.0,1.0,1.0
,,,73,,,,,,,,,,,,308286.0,director.trading.263,HIGH,User,Finance,1.0,11.0,Active,1.0,1.0,0.0
,,,74,,,,,,,,,,,,5141.0,manager.risk.120,HIGH,Analyst,Operations,1.0,28.0,Active,0.0,2.0,0.0
,,,19,,,,,,,,,,,,18769.0,temp.support.933,LOW,Analyst,IT,0.0,28.0,Active,0.0,3.0,0.0
,,,24,,,,,,,,,,,,63706.0,user.admin.852,LOW,User,Operations,0.0,14.0,Inactive,1.0,10.0,0.0
,,,40,,,,,,,,,,,,4720.0,specialist.risk.979,MEDIUM,Analyst,Operations,0.0,11.0,Active,1.0,18.0,0.0
,,,72,,,,,,,,,,,,205766.0,lead.trading.483,HIGH,Analyst,Legal,1.0,16.0,Active,1.0,0.0,0.0
,,,94,,,,,,,,,,,,176303.0,ceo.board.06,CRITICAL,User,Operations,1.0,10.0,Suspended,1.0,3.0,0.0
,,,23,,,,,,,,,,,,23571.0,user.support.779,LOW,Analyst,Finance,0.0,2.0,Active,0.0,7.0,1.0
,,,70,,,,,,,,,,,,419298.0,vp.tech.700,HIGH,User,Finance,1.0,5.0,Active,1.0,1.0,0.0
,,,22,,,,,,,,,,,,34463.0,temp.admin.877,LOW,Analyst,IT,0.0,19.0,Active,0.0,1.0,0.0
,,,49,,,,,,,,,,,,15161.0,analyst.ops.581,MEDIUM,Analyst,Finance,0.0,3.0,Active,0.0,2.0,0.0
,,,46,,,,,,,,,,,,25931.0,admin.ops.975,MEDIUM,Analyst,Operations,0.0,12.0,Active,0.0,0.0,0.0
,,,44,,,,,,,,,,,,195035.0,engineer.ops.750,MEDIUM,User,IT,0.0,27.0,Active,0.0,2.0,0.0
,,,76,,,,,,,,,,,,51892.0,manager.tech.732,HIGH,User,HR,1.0,19.0,Active,0.0,0.0,0.0
,,,41,,,,,,,,,,,,15687.0,engineer.risk.563,MEDIUM,User,IT,0.0,9.0,Suspended,1.0,3.0,0.0
,,,70,,,,,,,,,,,,31888.0,manager.tech.674,HIGH,Analyst,Finance,1.0,2.0,Active,1.0,0.0,0.0
,,,17,,,,,,,,,,,,330552.0,temp.support.930,LOW,User,Finance,0.0,8.0,Active,0.0,1.0,0.0
,,,72,,,,,,,,,,,,157461.0,vp.tech.881,HIGH,User,Operations,1.0,20.0,Active,1.0,0.0,0.0
,,,21,,,,,,,,,,,,63088.0,intern.admin.156,LOW,Analyst,IT,0.0,16.0,Active,0.0,0.0,0.0
,,,99,,,,,,,,,,,,155792.0,cfo.exec.71,CRITICAL,User,Operations,1.0,3.0,Active,1.0,0.0,0.0
,,,42,,,,,,,,,,,,185845.0,engineer.ops.338,MEDIUM,Analyst,IT,0.0,0.0,Active,0.0,1.0,0.0
,,,92,,,,,,,,,,,,73.0,cto.board.489,CRITICAL,Analyst,Legal,1.0,28.0,Active,1.0,10.0,0.0
,,,46,,,,,,,,,,,,140409.0,specialist.risk.527,MEDIUM,User,IT,0.0,4.0,Active,1.0,3.0,0.0
,,,17,,,,,,,,,,,,167322.0,user.ops.997,LOW,Analyst,Finance,0.0,2.0,Active,0.0,2.0,0.0
,,,20,,,,,,,,,,,,141927.0,intern.support.830,LOW,Analyst,HR,0.0,3.0,Active,0.0,0.0,0.0
,,,72,,,,,,,,,,,,156324.0,lead.security.704,HIGH,Analyst,Finance,1.0,3.0,Active,1.0,2.0,0.0
,,,74,,,,,,,,,,,,82485.0,lead.tech.111,HIGH,Analyst,IT,1.0,16.0,Active,1.0,14.0,0.0
,,,73,,,,,,,,,,,,333147.0,vp.trading.477,HIGH,User,Operations,1.0,4.0,Active,1.0,0.0,0.0
,,,23,,,,,,,,,,,,21119.0,intern.admin.981,LOW,User,Finance,0.0,5.0,Active,0.0,8.0,1.0
,,,95,,,,,,,,,,,,115636.0,ceo.board.525,CRITICAL,User,IT,1.0,2.0,Active,1.0,1.0,0.0
,,,20,,,,,,,,,,,,1674.0,temp.admin.496,LOW,Analyst,IT,0.0,15.0,Active,1.0,1.0,0.0
,,,78,,,,,,,,,,,,294600.0,vp.tech.153,HIGH,Exec,Finance,1.0,0.0,Active,1.0,17.0,1.0
,,,18,,,,,,,,,,,,28704.0,intern.ops.865,LOW,Analyst,Operations,0.0,17.0,Active,0.0,3.0,0.0
,,,91,,,,,,,,,,,,1801.0,cfo.exec.193,CRITICAL,Analyst,Operations,1.0,16.0,Active,1.0,2.0,0.0
,,,18,,,,,,,,,,,,1568.0,intern.support.917,LOW,Analyst,Finance,0.0,1.0,Active,0.0,1.0,0.0
,,,45,,,,,,,,,,,,230457.0,admin.ops.297,MEDIUM,Analyst,Finance,0.0,0.0,Active,1.0,1.0,0.0
,,,71,,,,,,,,,,,,661.0,vp.security.732,HIGH,Analyst,IT,1.0,18.0,Active,1.0,12.0,0.0
,,,43,,,,,,,,,,,,7518.0,admin.security.544,MEDIUM,User,Legal,0.0,23.0,Active,1.0,10.0,0.0
,,,70,,,,,,,,,,,,23124.0,lead.tech.228,HIGH,Analyst,IT,1.0,10.0,Active,1.0,16.0,0.0
,,,97,,,,,,,,,,,,61733.0,cto.board.402,CRITICAL,Analyst,Operations,1.0,25.0,Active,1.0,1.0,1.0
,,,75,,,,,,,,,,,,76261.0,director.trading.608,HIGH,User,Operations,1.0,2.0,Active,1.0,1.0,0.0
,,,40,,,,,,,,,,,,4739.0,engineer.infra.916,MEDIUM,User,Operations,0.0,0.0,Active,0.0,2.0,0.0
,,,40,,,,,,,,,,,,20950.0,engineer.ops.725,MEDIUM,Analyst,Operations,0.0,19.0,Active,1.0,1.0,0.0
,,,75,,,,,,,,,,,,210671.0,lead.trading.299,HIGH,Analyst,Operations,1.0,8.0,Active,1.0,2.0,0.0
,,,21,,,,,,,,,,,,98079.0,guest.support.334,LOW,Manager,HR,0.0,3.0,Active,1.0,0.0,0.0
,,,71,,,,,,,,,,,,207540.0,lead.security.304,HIGH,Analyst,IT,1.0,13.0,Active,0.0,1.0,1.0
,,,43,,,,,,,,,,,,125580.0,analyst.infra.350,MEDIUM,Analyst,Operations,0.0,5.0,Active,0.0,4.0,0.0
,,,47,,,,,,,,,,,,292321.0,specialist.risk.618,MEDIUM,Analyst,HR,0.0,25.0,Active,1.0,7.0,0.0
,,,43,,,,,,,,,,,,219846.0,engineer.ops.155,MEDIUM,Analyst,Legal,0.0,11.0,Active,1.0,11.0,0.0
,,,72,,,,,,,,,,,,329175.0,director.risk.135,HIGH,User,Legal,1.0,18.0,Active,1.0,10.0,1.0
,,,42,,,,,,,,,,,,1389.0,specialist.ops.470,MEDIUM,User,IT,0.0,25.0,Active,1.0,3.0,0.0
,,,42,,,,,,,,,,,,118650.0,admin.risk.684,MEDIUM,Manager,IT,0.0,2.0,Inactive,0.0,4.0,0.0
,,,20,,,,,,,,,,,,116809.0,temp.support.282,LOW,Analyst,Finance,0.0,22.0,Active,0.0,1.0,0.0
,,,21,,,,,,,,,,,,117012.0,guest.support.919,LOW,User,IT,0.0,8.0,Active,1.0,2.0,0.0
,,,43,,,,,,,,,,,,353975.0,admin.risk.318,MEDIUM,Analyst,Finance,0.0,4.0,Active,0.0,11.0,0.0
,,,16,,,,,,,,,,,,35796.0,temp.ops.986,LOW,User,IT,0.0,10.0,Active,1.0,1.0,0.0
,,,70,,,,,,,,,,,,86594.0,director.tech.267,HIGH,Manager,Legal,1.0,10.0,Active,0.0,2.0,0.0
,,,45,,,,,,,,,,,,420091.0,analyst.security.379,MEDIUM,Analyst,IT,0.0,7.0,Active,1.0,3.0,0.0
,,,21,,,,,,,,,,,,240579.0,intern.support.881,LOW,User,HR,0.0,20.0,Active,1.0,2.0,0.0
,,,47,,,,,,,,,,,,55809.0,specialist.security.493,MEDIUM,User,HR,0.0,3.0,Active,0.0,23.0,1.0
,,,19,,,,,,,,,,,,261124.0,temp.admin.49,LOW,User,Operations,0.0,11.0,Active,0.0,1.0,0.0
,,,90,,,,,,,,,,,,160418.0,cfo.board.687,CRITICAL,User,Legal,1.0,26.0,Active,1.0,0.0,0.0
,,,75,,,,,,,,,,,,8096.0,manager.trading.786,HIGH,Analyst,IT,1.0,8.0,Active,1.0,12.0,1.0
,,,43,,,,,,,,,,,,210533.0,engineer.infra.673,MEDIUM,Exec,Operations,0.0,20.0,Active,1.0,10.0,0.0
,,,40,,,,,,,,,,,,9767.0,engineer.risk.375,MEDIUM,User,Finance,0.0,19.0,Active,0.0,13.0,0.0
,,,16,,,,,,,,,,,,81992.0,user.support.962,LOW,Analyst,Legal,0.0,6.0,Active,0.0,2.0,0.0
,,,45,,,,,,,,,,,,73481.0,specialist.risk.01,MEDIUM,User,IT,0.0,17.0,Active,1.0,2.0,0.0
,,,44,,,,,,,,,,,,11702.0,admin.risk.286,MEDIUM,Analyst,Finance,0.0,2.0,Active,1.0,7.0,0.0
,,,70,,,,,,,,,,,,25403.0,director.trading.753,HIGH,Analyst,Operations,1.0,4.0,Active,1.0,0.0,0.0
,,,24,,,,,,,,,,,,15037.0,user.admin.870,LOW,Analyst,HR,0.0,24.0,Active,0.0,8.0,0.0
,,,17,,,,,,,,,,,,116.0,intern.ops.664,LOW,User,Legal,0.0,9.0,Active,1.0,3.0,0.0
,,,44,,,,,,,,,,,,90216.0,specialist.security.566,MEDIUM,Exec,Finance,0.0,23.0,Active,1.0,16.0,1.0
,,,40,,,,,,,,,,,,172821.0,engineer.ops.407,MEDIUM,User,Legal,0.0,5.0,Active,1.0,1.0,0.0
,,,93,,,,,,,,,,,,18712.0,head_security.board.89,CRITICAL,User,HR,1.0,21.0,Inactive,1.0,1.0,0.0
,,,90,,,,,,,,,,,,22541.0,cto.exec.180,CRITICAL,User,Operations,1.0,8.0,Active,1.0,0.0,0.0
,,,79,,,,,,,,,,,,191735.0,vp.trading.139,HIGH,Exec,HR,1.0,28.0,Active,1.0,0.0,0.0
,,,44,,,,,,,,,,,,100131.0,specialist.risk.315,MEDIUM,Analyst,Operations,0.0,26.0,Active,0.0,0.0,0.0
,,,78,,,,,,,,,,,,44322.0,vp.tech.108,HIGH,Analyst,HR,1.0,1.0,Active,1.0,3.0,0.0
,,,99,,,,,,,,,,,,257451.0,head_security.board.594,CRITICAL,User,HR,1.0,24.0,Active,0.0,2.0,0.0
,,,40,,,,,,,,,,,,108934.0,engineer.risk.65,MEDIUM,Analyst,IT,0.0,7.0,Active,0.0,4.0,0.0
,,,40,,,,,,,,,,,,154562.0,analyst.infra.439,MEDIUM,Manager,Finance,0.0,1.0,Active,0.0,1.0,0.0
,,,94,,,,,,,,,,,,44101.0,ceo.exec.57,CRITICAL,Manager,Operations,1.0,10.0,Active,1.0,0.0,0.0
,,,20,,,,,,,,,,,,132619.0,user.support.881,LOW,User,IT,0.0,11.0,Active,1.0,2.0,0.0
,,,42,,,,,,,,,,,,2858.0,admin.risk.551,MEDIUM,User,HR,0.0,17.0,Active,1.0,2.0,0.0
,,,40,,,,,,,,,,,,284945.0,analyst.infra.599,MEDIUM,Analyst,IT,0.0,25.0,Active,0.0,0.0,0.0
,,,24,,,,,,,,,,,,82929.0,user.ops.205,LOW,Exec,HR,0.0,7.0,Active,1.0,0.0,0.0
,,,72,,,,,,,,,,,,256321.0,lead.security.231,HIGH,User,Finance,1.0,4.0,Inactive,1.0,0.0,0.0
,,,72,,,,,,,,,,,,556.0,vp.trading.166,HIGH,User,Finance,1.0,10.0,Active,1.0,1.0,0.0
,,,41,,,,,,,,,,,,276403.0,engineer.security.154,MEDIUM,User,Finance,0.0,22.0,Active,0.0,2.0,0.0
,,,22,,,,,,,,,,,,174385.0,guest.admin.518,LOW,User,Finance,0.0,7.0,Active,1.0,0.0,1.0
,,,48,,,,,,,,,,,,69483.0,analyst.ops.10,MEDIUM,Analyst,HR,0.0,18.0,Active,1.0,2.0,0.0
,,,42,,,,,,,,,,,,103554.0,admin.security.295,MEDIUM,User,Operations,0.0,27.0,Suspended,1.0,8.0,0.0
,,,90,,,,,,,,,,,,79733.0,cfo.board.416,CRITICAL,Analyst,IT,1.0,3.0,Active,1.0,14.0,1.0
,,,97,,,,,,,,,,,,288184.0,cto.exec.388,CRITICAL,Analyst,Operations,1.0,10.0,Active,1.0,11.0,0.0
,,,74,,,,,,,,,,,,204223.0,vp.tech.309,HIGH,Exec,Operations,1.0,28.0,Active,0.0,9.0,1.0
,,,76,,,,,,,,,,,,72611.0,director.security.206,HIGH,User,Finance,1.0,4.0,Active,1.0,0.0,0.0
,,,46,,,,,,,,,,,,121107.0,admin.ops.144,MEDIUM,Analyst,IT,0.0,11.0,Active,1.0,0.0,0.0
,,,45,,,,,,,,,,,,11040.0,specialist.infra.597,MEDIUM,User,IT,0.0,10.0,Active,1.0,14.0,0.0
,,,99,,,,,,,,,,,,43161.0,cto.board.34,CRITICAL,Analyst,Operations,1.0,21.0,Active,0.0,0.0,0.0
,,,43,,,,,,,,,,,,111874.0,specialist.risk.925,MEDIUM,Manager,Finance,0.0,21.0,Active,1.0,1.0,0.0
,,,46,,,,,,,,,,,,575.0,engineer.security.261,MEDIUM,Exec,IT,0.0,3.0,Active,1.0,0.0,0.0
,,,17,,,,,,,,,,,,34760.0,temp.admin.871,LOW,User,Finance,0.0,16.0,Active,0.0,0.0,0.0
,,,49,,,,,,,,,,,,41749.0,specialist.infra.638,MEDIUM,Analyst,Legal,0.0,9.0,Active,1.0,1.0,0.0
,,,23,,,,,,,,,,,,38740.0,temp.ops.833,LOW,User,HR,0.0,12.0,Active,1.0,1.0,0.0
,,,18,,,,,,,,,,,,58867.0,temp.admin.754,LOW,Analyst,IT,0.0,6.0,Active,1.0,1.0,0.0
,,,97,,,,,,,,,,,,54120.0,cfo.exec.425,CRITICAL,Analyst,Operations,1.0,29.0,Active,1.0,1.0,0.0
,,,73,,,,,,,,,,,,27655.0,director.risk.103,HIGH,Analyst,Finance,1.0,22.0,Active,0.0,4.0,0.0
,,,23,,,,,,,,,,,,84124.0,user.ops.892,LOW,Manager,Finance,0.0,6.0,Active,0.0,1.0,0.0
,,,19,,,,,,,,,,,,16870.0,intern.ops.841,LOW,Analyst,IT,0.0,29.0,Active,0.0,0.0,0.0
,,,71,,,,,,,,,,,,33981.0,vp.trading.59,HIGH,User,IT,1.0,3.0,Active,1.0,0.0,0.0
,,,44,,,,,,,,,,,,15094.0,engineer.infra.47,MEDIUM,Analyst,IT,0.0,7.0,Active,0.0,0.0,1.0
,,,22,,,,,,,,,,,,162833.0,guest.support.775,LOW,User,Operations,0.0,11.0,Active,0.0,0.0,1.0
,,,15,,,,,,,,,,,,28138.0,user.support.308,LOW,User,IT,0.0,26.0,Active,1.0,6.0,0.0
,,,19,,,,,,,,,,,,166850.0,temp.support.900,LOW,Analyst,HR,0.0,0.0,Active,1.0,2.0,0.0
,,,75,,,,,,,,,,,,247443.0,lead.risk.264,HIGH,Analyst,Legal,1.0,29.0,Active,1.0,4.0,0.0
,,,42,,,,,,,,,,,,75290.0,admin.ops.519,MEDIUM,Analyst,Operations,0.0,26.0,Active,0.0,0.0,0.0
,,,98,,,,,,,,,,,,2303.0,cto.board.53,CRITICAL,User,Legal,1.0,26.0,Active,1.0,14.0,1.0
,,,42,,,,,,,,,,,,268906.0,analyst.risk.509,MEDIUM,Manager,Operations,0.0,20.0,Active,0.0,0.0,0.0
,,,76,,,,,,,,,,,,422.0,lead.trading.596,HIGH,Analyst,HR,1.0,4.0,Suspended,1.0,3.0,0.0
,,,94,,,,,,,,,,,,113679.0,ceo.board.349,CRITICAL,Analyst,Operations,1.0,9.0,Active,1.0,8.0,1.0
,,,18,,,,,,,,,,,,265772.0,user.admin.504,LOW,Analyst,Finance,0.0,0.0,Active,1.0,3.0,1.0
,,,98,,,,,,,,,,,,111485.0,cfo.exec.273,CRITICAL,Exec,Operations,1.0,20.0,Active,0.0,13.0,0.0
,,,40,,,,,,,,,,,,59503.0,engineer.infra.618,MEDIUM,Analyst,IT,0.0,0.0,Active,1.0,1.0,0.0
,,,90,,,,,,,,,,,,116088.0,cfo.board.159,CRITICAL,Analyst,IT,1.0,17.0,Active,1.0,7.0,1.0
,,,18,,,,,,,,,,,,84213.0,user.ops.532,LOW,Analyst,HR,0.0,24.0,Active,0.0,2.0,0.0
,,,18,,,,,,,,,,,,100121.0,intern.support.863,LOW,Analyst,IT,0.0,19.0,Active,0.0,1.0,0.0
,,,46,,,,,,,,,,,,19753.0,engineer.infra.504,MEDIUM,User,Legal,0.0,20.0,Active,1.0,3.0,0.0
,,,97,,,,,,,,,,,,49100.0,ceo.exec.17,CRITICAL,Analyst,Legal,1.0,22.0,Active,1.0,0.0,0.0
,,,44,,,,,,,,,,,,139755.0,analyst.ops.223,MEDIUM,Analyst,IT,0.0,8.0,Active,0.0,0.0,0.0
,,,78,,,,,,,,,,,,108753.0,manager.security.112,HIGH,Analyst,Operations,1.0,5.0,Suspended,1.0,3.0,0.0
,,,97,,,,,,,,,,,,10450.0,cto.exec.153,CRITICAL,User,HR,1.0,8.0,Active,1.0,1.0,0.0
,,,79,,,,,,,,,,,,229702.0,manager.security.174,HIGH,Analyst,IT,1.0,0.0,Active,1.0,20.0,0.0
,,,77,,,,,,,,,,,,88916.0,director.security.344,HIGH,Analyst,Legal,1.0,0.0,Active,0.0,8.0,1.0
,,,46,,,,,,,,,,,,442413.0,engineer.security.573,MEDIUM,Analyst,HR,0.0,12.0,Suspended,0.0,0.0,0.0
,,,23,,,,,,,,,,,,38735.0,guest.ops.753,LOW,Analyst,Operations,0.0,1.0,Active,0.0,3.0,0.0
,,,47,,,,,,,,,,,,139768.0,specialist.risk.655,MEDIUM,User,Legal,0.0,2.0,Active,0.0,1.0,0.0
,,,18,,,,,,,,,,,,67145.0,user.ops.418,LOW,Analyst,Legal,0.0,5.0,Active,0.0,3.0,0.0
,,,47,,,,,,,,,,,,66264.0,analyst.risk.463,MEDIUM,User,IT,0.0,6.0,Inactive,1.0,1.0,0.0
,,,95,,,,,,,,,,,,38761.0,head_security.exec.91,CRITICAL,Manager,Operations,1.0,16.0,Active,1.0,3.0,0.0
,,,45,,,,,,,,,,,,225411.0,specialist.infra.478,MEDIUM,Analyst,IT,0.0,10.0,Active,0.0,0.0,0.0
,,,97,,,,,,,,,,,,201793.0,cto.board.70,CRITICAL,Manager,Operations,1.0,6.0,Active,1.0,5.0,0.0
,,,17,,,,,,,,,,,,66977.0,intern.ops.76,LOW,Analyst,Finance,0.0,27.0,Active,0.0,3.0,0.0
,,,42,,,,,,,,,,,,183475.0,engineer.ops.749,MEDIUM,User,IT,0.0,16.0,Active,0.0,0.0,0.0
,,,79,,,,,,,,,,,,173807.0,director.tech.673,HIGH,Analyst,Finance,1.0,1.0,Active,0.0,14.0,0.0
,,,49,,,,,,,,,,,,44528.0,specialist.infra.403,MEDIUM,User,Legal,0.0,12.0,Active,1.0,15.0,0.0
,,,95,,,,,,,,,,,,35028.0,ceo.exec.165,CRITICAL,Analyst,Finance,1.0,25.0,Active,1.0,5.0,0.0
,,,44,,,,,,,,,,,,93101.0,engineer.ops.886,MEDIUM,User,Legal,0.0,9.0,Active,0.0,9.0,1.0
,,,49,,,,,,,,,,,,30689.0,analyst.security.496,MEDIUM,Analyst,Finance,0.0,25.0,Active,0.0,7.0,0.0
,,,23,,,,,,,,,,,,9328.0,user.ops.910,LOW,Analyst,Finance,0.0,17.0,Active,0.0,2.0,0.0
,,,44,,,,,,,,,,,,57801.0,analyst.infra.344,MEDIUM,Manager,Finance,0.0,27.0,Active,1.0,1.0,0.0
,,,41,,,,,,,,,,,,136420.0,analyst.risk.226,MEDIUM,User,Finance,0.0,4.0,Active,1.0,4.0,1.0
,,,44,,,,,,,,,,,,12064.0,engineer.security.630,MEDIUM,Analyst,Operations,0.0,29.0,Active,0.0,2.0,0.0
,,,43,,,,,,,,,,,,46283.0,analyst.security.615,MEDIUM,Exec,HR,0.0,24.0,Active,0.0,2.0,1.0
,,,44,,,,,,,,,,,,43852.0,specialist.ops.606,MEDIUM,Manager,IT,0.0,16.0,Active,1.0,10.0,0.0
,,,92,,,,,,,,,,,,68970.0,ceo.board.378,CRITICAL,Analyst,Operations,1.0,10.0,Active,1.0,17.0,0.0
,,,72,,,,,,,,,,,,25052.0,director.risk.294,HIGH,Exec,IT,1.0,23.0,Active,1.0,4.0,1.0
,,,24,,,,,,,,,,,,4465.0,temp.admin.925,LOW,User,HR,0.0,16.0,Active,1.0,0.0,0.0
,,,42,,,,,,,,,,,,176587.0,specialist.security.452,MEDIUM,User,IT,0.0,17.0,Active,1.0,11.0,0.0
,,,24,,,,,,,,,,,,12465.0,intern.ops.709,LOW,Exec,HR,0.0,7.0,Active,1.0,0.0,0.0
,,,47,,,,,,,,,,,,213140.0,analyst.ops.641,MEDIUM,User,IT,0.0,0.0,Active,1.0,1.0,0.0
,,,97,,,,,,,,,,,,5006.0,cfo.exec.25,CRITICAL,Exec,IT,1.0,8.0,Active,1.0,3.0,0.0
,,,43,,,,,,,,,,,,51179.0,analyst.ops.163,MEDIUM,Exec,IT,0.0,13.0,Active,1.0,0.0,0.0
,,,19,,,,,,,,,,,,45712.0,intern.admin.753,LOW,Analyst,Legal,0.0,0.0,Active,0.0,0.0,0.0
,,,22,,,,,,,,,,,,18336.0,intern.admin.168,LOW,Analyst,HR,0.0,2.0,Active,0.0,0.0,0.0
,,,46,,,,,,,,,,,,95087.0,admin.risk.226,MEDIUM,User,Operations,0.0,12.0,Active,0.0,6.0,0.0
,,,43,,,,,,,,,,,,187232.0,admin.risk.606,MEDIUM,Analyst,Operations,0.0,3.0,Active,0.0,1.0,0.0
,,,21,,,,,,,,,,,,136738.0,guest.admin.806,LOW,Analyst,Finance,0.0,4.0,Active,0.0,18.0,0.0
,,,41,,,,,,,,,,,,58778.0,analyst.ops.145,MEDIUM,User,IT,0.0,29.0,Active,1.0,4.0,0.0
,,,70,,,,,,,,,,,,162375.0,lead.tech.719,HIGH,User,Finance,1.0,26.0,Active,1.0,8.0,1.0
,,,92,,,,,,,,,,,,174657.0,cfo.exec.831,CRITICAL,User,Operations,1.0,29.0,Active,1.0,12.0,0.0
,,,46,,,,,,,,,,,,203874.0,engineer.infra.649,MEDIUM,Analyst,IT,0.0,13.0,Active,1.0,1.0,0.0
,,,99,,,,,,,,,,,,5814.0,cto.exec.52,CRITICAL,Analyst,Operations,1.0,10.0,Inactive,1.0,1.0,0.0
,,,40,,,,,,,,,,,,1022.0,analyst.security.121,MEDIUM,User,Operations,0.0,15.0,Active,0.0,2.0,0.0
,,,78,,,,,,,,,,,,90865.0,director.security.264,HIGH,Analyst,HR,1.0,22.0,Active,1.0,7.0,1.0
,,,94,,,,,,,,,,,,307776.0,ceo.exec.94,CRITICAL,Analyst,Operations,1.0,3.0,Active,1.0,17.0,0.0
,,,44,,,,,,,,,,,,158760.0,analyst.risk.557,MEDIUM,User,HR,0.0,11.0,Active,0.0,9.0,1.0
,,,48,,,,,,,,,,,,10380.0,engineer.security.968,MEDIUM,Manager,IT,0.0,8.0,Active,1.0,0.0,0.0
,,,74,,,,,,,,,,,,9720.0,manager.security.215,HIGH,Analyst,HR,1.0,14.0,Active,0.0,0.0,0.0
,,,16,,,,,,,,,,,,49595.0,guest.admin.893,LOW,User,Finance,0.0,16.0,Active,0.0,0.0,0.0
,,,47,,,,,,,,,,,,162191.0,engineer.risk.650,MEDIUM,User,IT,0.0,7.0,Inactive,1.0,1.0,0.0
,,,42,,,,,,,,,,,,16306.0,engineer.ops.391,MEDIUM,User,Operations,0.0,6.0,Active,0.0,0.0,0.0
,,,21,,,,,,,,,,,,3127.0,intern.ops.838,LOW,Manager,IT,0.0,27.0,Active,0.0,0.0,0.0
,,,73,,,,,,,,,,,,168502.0,director.security.261,HIGH,Manager,Finance,1.0,16.0,Active,1.0,0.0,0.0
,,,76,,,,,,,,,,,,43689.0,lead.risk.859,HIGH,User,Legal,1.0,8.0,Active,1.0,1.0,0.0
,,,70,,,,,,,,,,,,399865.0,lead.risk.301,HIGH,User,Finance,1.0,29.0,Active,0.0,0.0,0.0
,,,21,,,,,,,,,,,,6256.0,intern.ops.205,LOW,Analyst,IT,0.0,15.0,Active,1.0,0.0,0.0
,,,41,,,,,,,,,,,,81648.0,admin.risk.672,MEDIUM,Analyst,IT,0.0,13.0,Active,1.0,2.0,0.0
,,,41,,,,,,,,,,,,105773.0,engineer.risk.931,MEDIUM,User,Legal,0.0,0.0,Active,1.0,1.0,0.0
,,,44,,,,,,,,,,,,15994.0,engineer.ops.651,MEDIUM,User,Finance,0.0,5.0,Suspended,1.0,2.0,0.0
,,,18,,,,,,,,,,,,67530.0,temp.support.279,LOW,User,IT,0.0,7.0,Active,1.0,16.0,1.0
,,,71,,,,,,,,,,,,24616.0,lead.trading.260,HIGH,Analyst,Legal,1.0,0.0,Active,0.0,2.0,0.0
,,,19,,,,,,,,,,,,185103.0,user.support.629,LOW,User,HR,0.0,21.0,Active,0.0,0.0,0.0
,,,46,,,,,,,,,,,,25745.0,analyst.risk.274,MEDIUM,Analyst,Operations,0.0,12.0,Active,1.0,2.0,0.0
,,,78,,,,,,,,,,,,57108.0,vp.risk.904,HIGH,Analyst,HR,1.0,14.0,Inactive,1.0,0.0,0.0
,,,44,,,,,,,,,,,,113707.0,analyst.risk.564,MEDIUM,Analyst,Operations,0.0,18.0,Active,1.0,0.0,0.0
,,,22,,,,,,,,,,,,219211.0,guest.support.928,LOW,Analyst,IT,0.0,20.0,Inactive,1.0,0.0,0.0
,,,16,,,,,,,,,,,,286977.0,guest.support.715,LOW,Analyst,IT,0.0,27.0,Active,0.0,0.0,0.0
,,,72,,,,,,,,,,,,22864.0,director.trading.593,HIGH,Analyst,Operations,1.0,6.0,Active,1.0,1.0,0.0
,,,92,,,,,,,,,,,,557.0,ceo.exec.45,CRITICAL,Manager,Operations,1.0,3.0,Active,1.0,0.0,0.0
,,,70,,,,,,,,,,,,189182.0,manager.tech.233,HIGH,Manager,Finance,1.0,5.0,Inactive,1.0,1.0,0.0
,,,70,,,,,,,,,,,,22259.0,vp.tech.298,HIGH,Analyst,Finance,1.0,4.0,Active,0.0,1.0,0.0
,,,42,,,,,,,,,,,,352795.0,engineer.risk.661,MEDIUM,Analyst,Finance,0.0,24.0,Active,1.0,0.0,0.0
,,,20,,,,,,,,,,,,26677.0,guest.support.646,LOW,User,Finance,0.0,29.0,Active,1.0,2.0,0.0
,,,43,,,,,,,,,,,,32282.0,admin.security.487,MEDIUM,User,IT,0.0,7.0,Active,0.0,10.0,0.0
,,,45,,,,,,,,,,,,6915.0,admin.security.896,MEDIUM,User,Finance,0.0,3.0,Active,0.0,0.0,0.0
,,,47,,,,,,,,,,,,6657.0,admin.ops.43,MEDIUM,Analyst,HR,0.0,1.0,Active,0.0,0.0,0.0
,,,49,,,,,,,,,,,,12027.0,specialist.risk.86,MEDIUM,Analyst,IT,0.0,15.0,Active,0.0,17.0,1.0
,,,49,,,,,,,,,,,,117154.0,analyst.infra.590,MEDIUM,User,Legal,0.0,5.0,Active,1.0,1.0,0.0
,,,78,,,,,,,,,,,,14289.0,manager.trading.123,HIGH,Manager,Finance,1.0,26.0,Inactive,0.0,0.0,0.0
,,,73,,,,,,,,,,,,56904.0,manager.trading.291,HIGH,Analyst,IT,1.0,23.0,Active,1.0,0.0,0.0
,,,17,,,,,,,,,,,,323848.0,temp.ops.863,LOW,Exec,Finance,0.0,26.0,Inactive,0.0,2.0,0.0
,,,70,,,,,,,,,,,,117558.0,vp.risk.111,HIGH,Analyst,Operations,1.0,28.0,Active,1.0,13.0,1.0
,,,47,,,,,,,,,,,,136490.0,analyst.risk.616,MEDIUM,Analyst,HR,0.0,8.0,Active,1.0,6.0,0.0
,,,24,,,,,,,,,,,,2913.0,temp.support.504,LOW,Manager,Operations,0.0,19.0,Active,0.0,0.0,1.0
,,,71,,,,,,,,,,,,31407.0,lead.security.243,HIGH,Analyst,Finance,1.0,9.0,Active,0.0,0.0,0.0
,,,17,,,,,,,,,,,,417.0,intern.admin.630,LOW,Analyst,IT,0.0,19.0,Active,1.0,1.0,0.0
,,,45,,,,,,,,,,,,362.0,admin.security.321,MEDIUM,Manager,IT,0.0,25.0,Active,0.0,3.0,0.0
,,,96,,,,,,,,,,,,6967.0,cfo.board.102,CRITICAL,Analyst,Finance,1.0,24.0,Active,1.0,1.0,0.0
,,,42,,,,,,,,,,,,304572.0,admin.ops.696,MEDIUM,Analyst,IT,0.0,15.0,Active,0.0,0.0,0.0
,,,19,,,,,,,,,,,,143158.0,guest.admin.881,LOW,User,IT,0.0,25.0,Suspended,1.0,2.0,0.0
,,,75,,,,,,,,,,,,111457.0,lead.tech.219,HIGH,Analyst,Legal,1.0,12.0,Active,1.0,2.0,0.0
,,,75,,,,,,,,,,,,11289.0,director.tech.141,HIGH,User,Operations,1.0,21.0,Suspended,1.0,4.0,0.0
,,,44,,,,,,,,,,,,4089.0,specialist.ops.410,MEDIUM,Manager,Finance,0.0,23.0,Active,1.0,18.0,1.0
,,,18,,,,,,,,,,,,51408.0,user.ops.271,LOW,Analyst,Finance,0.0,4.0,Active,1.0,0.0,0.0
,,,71,,,,,,,,,,,,137730.0,manager.security.222,HIGH,User,Finance,1.0,19.0,Active,1.0,2.0,0.0
,,,45,,,,,,,,,,,,60653.0,specialist.security.448,MEDIUM,Manager,IT,0.0,0.0,Active,0.0,0.0,0.0
,,,46,,,,,,,,,,,,4619.0,specialist.infra.42,MEDIUM,User,IT,0.0,22.0,Active,0.0,1.0,0.0
,,,21,,,,,,,,,,,,232553.0,guest.ops.792,LOW,User,IT,0.0,1.0,Active,0.0,0.0,0.0
,,,49,,,,,,,,,,,,391522.0,specialist.ops.755,MEDIUM,User,Finance,0.0,9.0,Active,1.0,0.0,0.0
,,,72,,,,,,,,,,,,116017.0,lead.tech.122,HIGH,User,Finance,1.0,28.0,Active,1.0,5.0,0.0
,,,21,,,,,,,,,,,,399675.0,guest.ops.699,LOW,Analyst,Legal,0.0,25.0,Active,0.0,3.0,0.0
,,,46,,,,,,,,,,,,48827.0,analyst.ops.428,MEDIUM,User,Legal,0.0,12.0,Active,0.0,8.0,1.0
,,,15,,,,,,,,,,,,175446.0,temp.ops.719,LOW,Analyst,Legal,0.0,18.0,Active,1.0,2.0,0.0
,,,45,,,,,,,,,,,,275294.0,analyst.risk.683,MEDIUM,User,Operations,0.0,3.0,Active,0.0,0.0,0.0
,,,24,,,,,,,,,,,,117431.0,intern.support.512,LOW,User,Legal,0.0,4.0,Active,1.0,0.0,0.0
,,,22,,,,,,,,,,,,114813.0,temp.admin.727,LOW,Manager,Finance,0.0,25.0,Active,1.0,1.0,0.0
,,,46,,,,,,,,,,,,191082.0,specialist.risk.413,MEDIUM,Analyst,IT,0.0,2.0,Active,1.0,2.0,0.0
,,,73,,,,,,,,,,,,97961.0,vp.security.493,HIGH,Manager,IT,1.0,1.0,Active,1.0,0.0,0.0
,,,18,,,,,,,,,,,,52351.0,guest.ops.885,LOW,Analyst,Finance,0.0,16.0,Active,1.0,5.0,0.0
,,,70,,,,,,,,,,,,6374.0,manager.trading.234,HIGH,User,IT,1.0,4.0,Active,1.0,7.0,1.0
,,,72,,,,,,,,,,,,15556.0,vp.risk.303,HIGH,User,IT,1.0,26.0,Active,1.0,17.0,0.0
,,,15,,,,,,,,,,,,10972.0,user.ops.859,LOW,Analyst,HR,0.0,28.0,Active,0.0,1.0,0.0
,,,44,,,,,,,,,,,,76567.0,specialist.security.628,MEDIUM,Analyst,HR,0.0,20.0,Active,0.0,3.0,0.0
,,,76,,,,,,,,,,,,170115.0,lead.trading.519,HIGH,Manager,IT,1.0,14.0,Active,1.0,9.0,0.0
,,,43,,,,,,,,,,,,63441.0,specialist.infra.986,MEDIUM,User,Finance,0.0,2.0,Active,1.0,2.0,0.0
,,,17,,,,,,,,,,,,134291.0,temp.support.819,LOW,Analyst,Operations,0.0,21.0,Inactive,1.0,3.0,0.0
,,,90,,,,,,,,,,,,2182.0,cto.exec.890,CRITICAL,Analyst,Finance,1.0,24.0,Active,1.0,10.0,0.0
,,,46,,,,,,,,,,,,63412.0,analyst.ops.472,MEDIUM,User,Operations,0.0,24.0,Active,0.0,6.0,0.0
,,,91,,,,,,,,,,,,166914.0,cfo.board.538,CRITICAL,Exec,Legal,1.0,16.0,Active,1.0,8.0,1.0
,,,49,,,,,,,,,,,,280621.0,analyst.security.359,MEDIUM,Analyst,HR,0.0,14.0,Active,0.0,13.0,0.0
,,,95,,,,,,,,,,,,59309.0,head_security.board.962,CRITICAL,User,IT,1.0,9.0,Active,1.0,18.0,0.0
,,,22,,,,,,,,,,,,11627.0,user.support.764,LOW,Analyst,Legal,0.0,25.0,Active,1.0,9.0,1.0
,,,23,,,,,,,,,,,,185677.0,temp.admin.952,LOW,User,Operations,0.0,11.0,Active,0.0,6.0,0.0
,,,42,,,,,,,,,,,,31606.0,admin.infra.570,MEDIUM,Analyst,Operations,0.0,20.0,Suspended,1.0,1.0,0.0
,,,74,,,,,,,,,,,,8011.0,lead.risk.196,HIGH,User,IT,1.0,4.0,Active,1.0,1.0,0.0
,,,22,,,,,,,,,,,,7597.0,user.support.719,LOW,Analyst,Legal,0.0,24.0,Active,0.0,0.0,0.0
,,,49,,,,,,,,,,,,855.0,admin.infra.573,MEDIUM,User,Legal,0.0,10.0,Active,0.0,5.0,0.0
,,,40,,,,,,,,,,,,46623.0,engineer.security.202,MEDIUM,User,HR,0.0,11.0,Active,1.0,0.0,0.0
,,,24,,,,,,,,,,,,307145.0,intern.ops.847,LOW,Analyst,IT,0.0,6.0,Active,0.0,1.0,0.0
,,,41,,,,,,,,,,,,241615.0,engineer.security.648,MEDIUM,Analyst,HR,0.0,13.0,Active,0.0,1.0,0.0
,,,45,,,,,,,,,,,,199000.0,admin.security.716,MEDIUM,Exec,Finance,0.0,27.0,Inactive,1.0,1.0,0.0
,,,40,,,,,,,,,,,,26688.0,specialist.ops.705,MEDIUM,Manager,Legal,0.0,3.0,Active,1.0,0.0,0.0
,,,48,,,,,,,,,,,,5167.0,admin.ops.873,MEDIUM,User,Finance,0.0,25.0,Active,1.0,0.0,0.0
,,,76,,,,,,,,,,,,75650.0,director.security.120,HIGH,Exec,Legal,1.0,18.0,Active,1.0,2.0,0.0
,,,76,,,,,,,,,,,,19421.0,director.security.287,HIGH,Analyst,Operations,1.0,9.0,Active,1.0,5.0,0.0
,,,93,,,,,,,,,,,,8176.0,head_security.exec.591,CRITICAL,User,IT,1.0,15.0,Active,1.0,0.0,0.0
,,,73,,,,,,,,,,,,271711.0,manager.tech.912,HIGH,Analyst,Legal,1.0,2.0,Active,1.0,0.0,0.0
,,,49,,,,,,,,,,,,55772.0,specialist.security.957,MEDIUM,Analyst,IT,0.0,14.0,Active,0.0,13.0,0.0
,,,45,,,,,,,,,,,,205402.0,analyst.security.327,MEDIUM,User,IT,0.0,8.0,Active,0.0,2.0,1.0
,,,44,,,,,,,,,,,,3939.0,specialist.ops.556,MEDIUM,Analyst,Legal,0.0,2.0,Active,1.0,10.0,0.0
,,,21,,,,,,,,,,,,205642.0,guest.ops.795,LOW,Analyst,Finance,0.0,11.0,Active,0.0,11.0,1.0
,,,75,,,,,,,,,,,,170860.0,manager.security.249,HIGH,Analyst,HR,1.0,17.0,Active,1.0,6.0,0.0
,,,78,,,,,,,,,,,,141773.0,manager.security.736,HIGH,Analyst,Finance,1.0,25.0,Active,1.0,0.0,0.0
,,,47,,,,,,,,,,,,41605.0,engineer.ops.409,MEDIUM,User,IT,0.0,9.0,Active,1.0,0.0,0.0
,,,45,,,,,,,,,,,,403064.0,analyst.security.676,MEDIUM,Analyst,Legal,0.0,21.0,Suspended,1.0,2.0,0.0
,,,45,,,,,,,,,,,,205760.0,engineer.ops.715,MEDIUM,User,Legal,0.0,25.0,Active,0.0,0.0,0.0
,,,18,,,,,,,,,,,,80201.0,intern.ops.61,LOW,Analyst,Finance,0.0,20.0,Active,1.0,3.0,0.0
,,,43,,,,,,,,,,,,887.0,engineer.ops.875,MEDIUM,Manager,Operations,0.0,15.0,Active,1.0,0.0,0.0
,,,22,,,,,,,,,,,,414487.0,intern.support.29,LOW,Manager,Operations,0.0,4.0,Active,0.0,0.0,0.0
,,,76,,,,,,,,,,,,85743.0,vp.security.101,HIGH,User,IT,1.0,13.0,Active,0.0,5.0,0.0
,,,20,,,,,,,,,,,,85861.0,intern.ops.844,LOW,User,Finance,0.0,21.0,Active,0.0,3.0,0.0
,,,78,,,,,,,,,,,,389696.0,lead.risk.301,HIGH,User,Finance,1.0,29.0,Active,1.0,0.0,0.0
,,,15,,,,,,,,,,,,207352.0,guest.ops.468,LOW,User,Finance,0.0,24.0,Active,1.0,4.0,0.0
,,,45,,,,,,,,,,,,85880.0,specialist.infra.666,MEDIUM,User,IT,0.0,24.0,Active,1.0,1.0,0.0
,,,44,,,,,,,,,,,,127846.0,admin.infra.436,MEDIUM,Analyst,IT,0.0,14.0,Active,0.0,0.0,0.0
,,,74,,,,,,,,,,,,68361.0,manager.trading.193,HIGH,Analyst,Finance,1.0,11.0,Active,1.0,4.0,0.0
,,,73,,,,,,,,,,,,221284.0,director.security.766,HIGH,Manager,HR,1.0,24.0,Active,1.0,1.0,0.0
,,,42,,,,,,,,,,,,45342.0,analyst.infra.368,MEDIUM,Analyst,HR,0.0,15.0,Active,1.0,0.0,1.0
,,,70,,,,,,,,,,,,124422.0,director.trading.700,HIGH,Exec,HR,1.0,23.0,Active,0.0,1.0,0.0
,,,44,,,,,,,,,,,,98720.0,specialist.ops.552,MEDIUM,Manager,Finance,0.0,21.0,Active,1.0,0.0,0.0
,,,91,,,,,,,,,,,,108715.0,head_security.board.109,CRITICAL,User,Finance,1.0,1.0,Active,1.0,2.0,0.0
,,,17,,,,,,,,,,,,308269.0,intern.admin.168,LOW,Analyst,Finance,0.0,29.0,Inactive,0.0,2.0,0.0
,,,72,,,,,,,,,,,,68979.0,manager.tech.282,HIGH,Manager,Finance,1.0,24.0,Inactive,1.0,0.0,1.0
,,,49,,,,,,,,,,,,117835.0,analyst.infra.57,MEDIUM,Analyst,IT,0.0,7.0,Active,0.0,1.0,0.0
,,,40,,,,,,,,,,,,166037.0,analyst.security.907,MEDIUM,User,Operations,0.0,10.0,Active,0.0,4.0,0.0
,,,43,,,,,,,,,,,,11554.0,engineer.infra.662,MEDIUM,Analyst,HR,0.0,18.0,Active,0.0,0.0,0.0
,,,43,,,,,,,,,,,,59695.0,specialist.risk.370,MEDIUM,Analyst,Finance,0.0,21.0,Inactive,1.0,1.0,0.0
,,,18,,,,,,,,,,,,62746.0,intern.support.215,LOW,User,Finance,0.0,3.0,Inactive,0.0,0.0,0.0
,,,44,,,,,,,,,,,,9580.0,engineer.ops.469,MEDIUM,Analyst,IT,0.0,14.0,Suspended,1.0,2.0,1.0
,,,93,,,,,,,,,,,,48718.0,ceo.board.23,CRITICAL,User,IT,1.0,3.0,Active,1.0,1.0,0.0
,,,48,,,,,,,,,,,,30619.0,specialist.ops.250,MEDIUM,Manager,Operations,0.0,9.0,Active,1.0,0.0,0.0
,,,93,,,,,,,,,,,,101555.0,cfo.exec.554,CRITICAL,Analyst,Finance,1.0,24.0,Active,1.0,2.0,1.0
,,,98,,,,,,,,,,,,25441.0,ceo.exec.861,CRITICAL,Analyst,Operations,1.0,23.0,Active,1.0,2.0,0.0
,,,96,,,,,,,,,,,,11573.0,ceo.exec.622,CRITICAL,Manager,IT,1.0,14.0,Inactive,0.0,0.0,0.0
,,,16,,,,,,,,,,,,189498.0,user.ops.292,LOW,Analyst,HR,0.0,17.0,Active,0.0,6.0,0.0
,,,42,,,,,,,,,,,,169263.0,specialist.infra.478,MEDIUM,Analyst,Finance,0.0,19.0,Active,0.0,4.0,0.0
,,,77,,,,,,,,,,,,178907.0,lead.risk.214,HIGH,Analyst,Legal,1.0,22.0,Active,1.0,5.0,0.0
,,,44,,,,,,,,,,,,33404.0,analyst.security.469,MEDIUM,Analyst,Legal,0.0,6.0,Active,1.0,0.0,0.0
,,,18,,,,,,,,,,,,84883.0,user.ops.736,LOW,User,Finance,0.0,20.0,Active,0.0,2.0,0.0
,,,70,,,,,,,,,,,,115797.0,vp.security.109,HIGH,Analyst,HR,1.0,26.0,Active,1.0,5.0,0.0
,,,75,,,,,,,,,,,,35214.0,lead.tech.772,HIGH,Manager,Finance,1.0,8.0,Active,0.0,2.0,0.0
,,,21,,,,,,,,,,,,26946.0,temp.ops.917,LOW,Analyst,Finance,0.0,16.0,Active,1.0,4.0,0.0
,,,41,,,,,,,,,,,,255788.0,admin.security.222,MEDIUM,Analyst,Operations,0.0,9.0,Active,1.0,1.0,0.0
,,,44,,,,,,,,,,,,77723.0,analyst.risk.635,MEDIUM,Analyst,Finance,0.0,1.0,Active,1.0,3.0,1.0
,,,16,,,,,,,,,,,,300054.0,guest.support.916,LOW,Manager,Legal,0.0,0.0,Active,0.0,2.0,0.0
,,,46,,,,,,,,,,,,96338.0,specialist.ops.451,MEDIUM,User,Operations,0.0,16.0,Active,1.0,4.0,0.0
,,,22,,,,,,,,,,,,142531.0,guest.admin.287,LOW,Exec,IT,0.0,7.0,Active,0.0,0.0,0.0
,,,97,,,,,,,,,,,,12633.0,cfo.exec.794,CRITICAL,Analyst,Operations,1.0,3.0,Active,1.0,3.0,0.0
,,,42,,,,,,,,,,,,14329.0,analyst.risk.290,MEDIUM,Analyst,HR,0.0,4.0,Active,0.0,2.0,0.0
,,,19,,,,,,,,,,,,359669.0,intern.support.635,LOW,User,Operations,0.0,15.0,Active,1.0,2.0,0.0
,,,43,,,,,,,,,,,,137462.0,admin.ops.311,MEDIUM,Analyst,Legal,0.0,14.0,Active,0.0,4.0,0.0
,,,48,,,,,,,,,,,,122256.0,engineer.risk.707,MEDIUM,User,Operations,0.0,4.0,Active,1.0,0.0,0.0
,,,23,,,,,,,,,,,,66041.0,intern.ops.91,LOW,Analyst,HR,0.0,29.0,Active,0.0,2.0,0.0
,,,93,,,,,,,,,,,,33553.0,cfo.exec.817,CRITICAL,Analyst,Finance,1.0,21.0,Active,1.0,3.0,0.0
,,,49,,,,,,,,,,,,106615.0,engineer.infra.360,MEDIUM,User,Legal,0.0,4.0,Suspended,1.0,2.0,0.0
,,,42,,,,,,,,,,,,149492.0,engineer.infra.06,MEDIUM,Manager,Legal,0.0,15.0,Active,0.0,0.0,0.0
,,,74,,,,,,,,,,,,24704.0,manager.tech.299,HIGH,Manager,Finance,1.0,26.0,Active,1.0,6.0,0.0
,,,40,,,,,,,,,,,,8210.0,admin.infra.550,MEDIUM,User,IT,0.0,23.0,Active,0.0,6.0,0.0
,,,19,,,,,,,,,,,,49141.0,guest.admin.131,LOW,User,IT,0.0,25.0,Active,1.0,15.0,0.0
,,,42,,,,,,,,,,,,316178.0,analyst.ops.966,MEDIUM,Manager,Operations,0.0,14.0,Active,0.0,1.0,0.0
,,,72,,,,,,,,,,,,212900.0,director.security.236,HIGH,Analyst,Operations,1.0,3.0,Active,0.0,1.0,1.0
,,,94,,,,,,,,,,,,246.0,cfo.exec.970,CRITICAL,User,Operations,1.0,10.0,Active,1.0,2.0,0.0
,,,42,,,,,,,,,,,,133189.0,engineer.ops.78,MEDIUM,User,IT,0.0,0.0,Active,0.0,0.0,1.0
,,,70,,,,,,,,,,,,17556.0,director.risk.281,HIGH,Manager,Finance,1.0,29.0,Active,1.0,1.0,0.0
,,,77,,,,,,,,,,,,397375.0,director.risk.551,HIGH,Manager,IT,1.0,28.0,Active,1.0,3.0,0.0
,,,22,,,,,,,,,,,,275284.0,user.admin.795,LOW,Analyst,Finance,0.0,18.0,Active,1.0,10.0,1.0
,,,74,,,,,,,,,,,,8848.0,lead.trading.448,HIGH,User,Operations,1.0,17.0,Active,1.0,1.0,1.0
,,,19,,,,,,,,,,,,5176.0,temp.admin.910,LOW,Analyst,Finance,0.0,8.0,Active,1.0,5.0,0.0
,,,47,,,,,,,,,,,,308063.0,admin.security.693,MEDIUM,Analyst,IT,0.0,18.0,Active,1.0,2.0,0.0
,,,20,,,,,,,,,,,,162982.0,user.ops.724,LOW,Analyst,Operations,0.0,6.0,Active,0.0,4.0,0.0
,,,23,,,,,,,,,,,,322283.0,user.ops.550,LOW,Analyst,HR,0.0,22.0,Active,0.0,3.0,0.0
,,,48,,,,,,,,,,,,280668.0,engineer.ops.73,MEDIUM,Analyst,Finance,0.0,17.0,Active,1.0,1.0,0.0
,,,20,,,,,,,,,,,,258318.0,user.ops.949,LOW,Manager,Finance,0.0,24.0,Active,0.0,10.0,0.0
,,,17,,,,,,,,,,,,70847.0,intern.admin.393,LOW,Analyst,HR,0.0,27.0,Active,0.0,19.0,1.0
,,,49,,,,,,,,,,,,189829.0,engineer.risk.416,MEDIUM,User,IT,0.0,23.0,Active,1.0,12.0,0.0
,,,48,,,,,,,,,,,,179135.0,specialist.security.423,MEDIUM,Analyst,IT,0.0,12.0,Suspended,0.0,13.0,0.0
,,,21,,,,,,,,,,,,1217.0,intern.support.323,LOW,Analyst,Operations,0.0,14.0,Active,1.0,0.0,0.0
,,,21,,,,,,,,,,,,26403.0,user.ops.952,LOW,User,Operations,0.0,24.0,Active,1.0,0.0,1.0
,,,22,,,,,,,,,,,,48602.0,intern.admin.855,LOW,User,IT,0.0,23.0,Active,1.0,2.0,0.0
,,,49,,,,,,,,,,,,108101.0,admin.ops.488,MEDIUM,Exec,HR,0.0,29.0,Active,1.0,2.0,0.0
,,,70,,,,,,,,,,,,188141.0,director.trading.864,HIGH,Analyst,Finance,1.0,14.0,Active,1.0,5.0,0.0
,,,23,,,,,,,,,,,,137253.0,intern.support.767,LOW,User,Finance,0.0,19.0,Active,0.0,0.0,0.0
,,,42,,,,,,,,,,,,36741.0,admin.ops.376,MEDIUM,Analyst,IT,0.0,24.0,Active,1.0,13.0,0.0
,,,75,,,,,,,,,,,,79158.0,manager.trading.675,HIGH,User,HR,1.0,25.0,Active,1.0,12.0,1.0
,,,18,,,,,,,,,,,,8981.0,intern.ops.859,LOW,Analyst,Finance,0.0,27.0,Suspended,1.0,2.0,0.0
,,,91,,,,,,,,,,,,303321.0,cfo.exec.107,CRITICAL,User,HR,1.0,0.0,Active,1.0,0.0,0.0
,,,21,,,,,,,,,,,,178553.0,temp.ops.743,LOW,Analyst,Legal,0.0,9.0,Suspended,1.0,14.0,0.0
,,,76,,,,,,,,,,,,86481.0,manager.risk.227,HIGH,User,IT,1.0,0.0,Active,1.0,5.0,0.0
,,,76,,,,,,,,,,,,16515.0,vp.security.135,HIGH,Manager,HR,1.0,21.0,Suspended,1.0,0.0,0.0
,,,78,,,,,,,,,,,,10489.0,lead.trading.659,HIGH,Manager,Operations,1.0,10.0,Active,0.0,2.0,0.0
,,,95,,,,,,,,,,,,30541.0,cto.board.201,CRITICAL,User,Legal,1.0,28.0,Active,0.0,0.0,0.0
,,,44,,,,,,,,,,,,33941.0,admin.infra.628,MEDIUM,User,IT,0.0,1.0,Active,1.0,2.0,1.0
,,,74,,,,,,,,,,,,13589.0,director.risk.839,HIGH,User,Legal,1.0,12.0,Active,1.0,3.0,0.0
,,,47,,,,,,,,,,,,15826.0,analyst.security.695,MEDIUM,User,IT,0.0,8.0,Active,0.0,3.0,0.0
,,,76,,,,,,,,,,,,7803.0,vp.security.245,HIGH,User,HR,1.0,27.0,Inactive,1.0,0.0,0.0
,,,46,,,,,,,,,,,,196725.0,analyst.infra.865,MEDIUM,User,Operations,0.0,17.0,Active,1.0,1.0,0.0
,,,70,,,,,,,,,,,,43794.0,lead.trading.171,HIGH,User,Operations,1.0,10.0,Active,0.0,7.0,0.0
,,,23,,,,,,,,,,,,14325.0,intern.admin.729,LOW,User,HR,0.0,14.0,Active,1.0,15.0,1.0
,,,23,,,,,,,,,,,,120992.0,user.ops.361,LOW,User,Operations,0.0,23.0,Suspended,1.0,12.0,0.0
,,,48,,,,,,,,,,,,83126.0,analyst.ops.820,MEDIUM,User,IT,0.0,0.0,Active,0.0,1.0,0.0
,,,78,,,,,,,,,,,,131826.0,lead.tech.35,HIGH,User,Operations,1.0,23.0,Active,1.0,2.0,1.0
,,,71,,,,,,,,,,,,110876.0,director.tech.136,HIGH,Manager,Operations,1.0,18.0,Inactive,0.0,2.0,0.0
,,,76,,,,,,,,,,,,81303.0,director.risk.165,HIGH,User,Finance,1.0,25.0,Inactive,1.0,0.0,0.0
,,,21,,,,,,,,,,,,281934.0,user.ops.793,LOW,Exec,Finance,0.0,6.0,Active,0.0,5.0,0.0
,,,23,,,,,,,,,,,,221.0,intern.ops.505,LOW,User,Finance,0.0,14.0,Active,1.0,1.0,0.0
,,,22,,,,,,,,,,,,6983.0,temp.support.855,LOW,Analyst,IT,0.0,29.0,Active,0.0,2.0,0.0
,,,18,,,,,,,,,,,,155715.0,guest.ops.843,LOW,Analyst,IT,0.0,5.0,Active,1.0,15.0,0.0
,,,92,,,,,,,,,,,,48642.0,cto.board.93,CRITICAL,User,Finance,1.0,29.0,Active,0.0,12.0,0.0
,,,43,,,,,,,,,,,,53569.0,admin.infra.973,MEDIUM,User,IT,0.0,10.0,Active,1.0,0.0,0.0
,,,93,,,,,,,,,,,,91051.0,head_security.exec.260,CRITICAL,User,IT,1.0,2.0,Active,0.0,12.0,1.0
,,,19,,,,,,,,,,,,199989.0,guest.support.976,LOW,User,Finance,0.0,22.0,Active,0.0,14.0,0.0
,,,74,,,,,,,,,,,,19074.0,lead.trading.851,HIGH,Analyst,HR,1.0,18.0,Active,1.0,3.0,0.0
,,,41,,,,,,,,,,,,6127.0,specialist.ops.696,MEDIUM,Analyst,Operations,0.0,18.0,Inactive,0.0,3.0,0.0
,,,18,,,,,,,,,,,,267272.0,guest.support.823,LOW,User,Operations,0.0,27.0,Active,0.0,0.0,0.0
,,,40,,,,,,,,,,,,18948.0,engineer.infra.660,MEDIUM,User,IT,0.0,12.0,Active,0.0,1.0,0.0
,,,19,,,,,,,,,,,,925.0,guest.admin.149,LOW,User,IT,0.0,7.0,Active,0.0,1.0,0.0
,,,22,,,,,,,,,,,,173.0,user.support.920,LOW,User,Operations,0.0,8.0,Suspended,1.0,0.0,0.0
,,,76,,,,,,,,,,,,49423.0,vp.tech.186,HIGH,Exec,Finance,1.0,18.0,Active,1.0,2.0,1.0
,,,47,,,,,,,,,,,,2821.0,analyst.ops.403,MEDIUM,Analyst,IT,0.0,25.0,Active,1.0,1.0,0.0
,,,93,,,,,,,,,,,,34120.0,cfo.exec.659,CRITICAL,Exec,Operations,1.0,6.0,Active,1.0,0.0,0.0
,,,48,,,,,,,,,,,,344168.0,specialist.security.462,MEDIUM,User,Finance,0.0,8.0,Inactive,1.0,0.0,0.0
,,,79,,,,,,,,,,,,58183.0,manager.tech.208,HIGH,Analyst,Operations,1.0,20.0,Active,1.0,1.0,0.0
,,,41,,,,,,,,,,,,232155.0,engineer.risk.675,MEDIUM,Manager,IT,0.0,28.0,Active,1.0,1.0,0.0
,,,72,,,,,,,,,,,,99018.0,lead.tech.191,HIGH,Manager,Finance,1.0,1.0,Active,1.0,0.0,0.0
,,,41,,,,,,,,,,,,10995.0,specialist.security.880,MEDIUM,Analyst,Operations,0.0,9.0,Active,1.0,0.0,1.0
,,,49,,,,,,,,,,,,55079.0,specialist.risk.493,MEDIUM,Manager,Legal,0.0,1.0,Active,0.0,1.0,1.0
,,,18,,,,,,,,,,,,83593.0,guest.support.643,LOW,User,IT,0.0,12.0,Active,0.0,0.0,0.0
,,,74,,,,,,,,,,,,190503.0,vp.tech.990,HIGH,User,IT,1.0,12.0,Active,1.0,1.0,0.0
,,,78,,,,,,,,,,,,383234.0,lead.security.128,HIGH,User,IT,1.0,26.0,Active,1.0,5.0,0.0
,,,43,,,,,,,,,,,,62866.0,admin.security.540,MEDIUM,Exec,Finance,0.0,16.0,Inactive,1.0,1.0,0.0
,,,40,,,,,,,,,,,,36237.0,analyst.security.546,MEDIUM,Manager,Finance,0.0,7.0,Active,0.0,3.0,0.0
,,,42,,,,,,,,,,,,306233.0,analyst.ops.477,MEDIUM,Analyst,Legal,0.0,9.0,Active,1.0,0.0,0.0
,,,74,,,,,,,,,,,,185753.0,director.security.264,HIGH,User,IT,1.0,2.0,Active,0.0,2.0,0.0
,,,40,,,,,,,,,,,,1407.0,engineer.risk.492,MEDIUM,User,Finance,0.0,7.0,Active,1.0,2.0,1.0
,,,75,,,,,,,,,,,,432.0,manager.tech.139,HIGH,Manager,IT,1.0,4.0,Active,1.0,3.0,0.0
,,,16,,,,,,,,,,,,57267.0,intern.ops.922,LOW,Exec,IT,0.0,15.0,Active,1.0,0.0,0.0
,,,71,,,,,,,,,,,,174336.0,lead.trading.276,HIGH,User,IT,1.0,4.0,Active,1.0,1.0,0.0
,,,23,,,,,,,,,,,,106174.0,intern.support.902,LOW,User,Finance,0.0,26.0,Active,0.0,0.0,0.0
,,,20,,,,,,,,,,,,172582.0,temp.support.966,LOW,User,HR,0.0,0.0,Active,1.0,0.0,0.0
,,,23,,,,,,,,,,,,33784.0,guest.support.553,LOW,Manager,Finance,0.0,14.0,Active,0.0,1.0,0.0
,,,72,,,,,,,,,,,,27730.0,director.security.136,HIGH,Exec,Operations,1.0,25.0,Active,0.0,1.0,0.0
,,,22,,,,,,,,,,,,50992.0,temp.ops.689,LOW,User,IT,0.0,29.0,Active,1.0,1.0,0.0
,,,16,,,,,,,,,,,,251056.0,user.ops.991,LOW,User,IT,0.0,28.0,Suspended,0.0,0.0,0.0
,,,44,,,,,,,,,,,,25472.0,specialist.risk.354,MEDIUM,Analyst,Finance,0.0,20.0,Active,0.0,0.0,1.0
,,,16,,,,,,,,,,,,30162.0,temp.admin.817,LOW,User,Finance,0.0,0.0,Active,1.0,2.0,0.0
,,,72,,,,,,,,,,,,163423.0,manager.tech.796,HIGH,Analyst,IT,1.0,26.0,Active,1.0,0.0,0.0
,,,94,,,,,,,,,,,,12094.0,cfo.exec.864,CRITICAL,Analyst,IT,1.0,3.0,Active,1.0,9.0,0.0
,,,76,,,,,,,,,,,,1153.0,vp.trading.273,HIGH,User,Operations,1.0,11.0,Active,1.0,0.0,0.0
,,,49,,,,,,,,,,,,296713.0,admin.ops.159,MEDIUM,Analyst,IT,0.0,0.0,Active,1.0,0.0,0.0
,,,49,,,,,,,,,,,,3242.0,analyst.security.107,MEDIUM,User,IT,0.0,25.0,Active,1.0,13.0,0.0
,,,17,,,,,,,,,,,,2809.0,intern.admin.918,LOW,User,Finance,0.0,3.0,Suspended,0.0,0.0,0.0
,,,43,,,,,,,,,,,,119067.0,specialist.risk.354,MEDIUM,Analyst,IT,0.0,20.0,Active,1.0,0.0,0.0
,,,43,,,,,,,,,,,,100347.0,admin.ops.680,MEDIUM,Analyst,Legal,0.0,6.0,Active,1.0,0.0,0.0
,,,20,,,,,,,,,,,,56351.0,guest.ops.303,LOW,Analyst,Legal,0.0,10.0,Active,0.0,0.0,0.0
,,,77,,,,,,,,,,,,363337.0,vp.security.629,HIGH,User,Operations,1.0,22.0,Active,1.0,0.0,0.0
,,,19,,,,,,,,,,,,96411.0,user.support.746,LOW,Exec,IT,0.0,0.0,Active,0.0,1.0,0.0
,,,48,,,,,,,,,,,,50098.0,engineer.risk.645,MEDIUM,User,Finance,0.0,22.0,Active,0.0,0.0,0.0
,,,19,,,,,,,,,,,,3743.0,temp.support.138,LOW,User,Operations,0.0,8.0,Active,0.0,1.0,0.0
,,,76,,,,,,,,,,,,115411.0,manager.tech.277,HIGH,User,Operations,1.0,15.0,Active,0.0,4.0,0.0
,,,18,,,,,,,,,,,,152.0,guest.admin.254,LOW,User,HR,0.0,7.0,Active,0.0,5.0,0.0
,,,47,,,,,,,,,,,,31757.0,engineer.infra.328,MEDIUM,Manager,IT,0.0,2.0,Active,0.0,2.0,0.0
,,,75,,,,,,,,,,,,27057.0,director.tech.713,HIGH,Analyst,Finance,1.0,5.0,Active,0.0,0.0,0.0
,,,18,,,,,,,,,,,,12088.0,user.support.491,LOW,Manager,Legal,0.0,25.0,Active,0.0,0.0,0.0
,,,48,,,,,,,,,,,,239468.0,admin.security.815,MEDIUM,Analyst,Operations,0.0,11.0,Active,0.0,2.0,1.0
,,,19,,,,,,,,,,,,390164.0,guest.ops.726,LOW,User,Operations,0.0,8.0,Active,0.0,15.0,0.0
,,,47,,,,,,,,,,,,46022.0,analyst.infra.364,MEDIUM,Analyst,Legal,0.0,24.0,Inactive,1.0,0.0,0.0
,,,96,,,,,,,,,,,,13135.0,ceo.board.38,CRITICAL,User,HR,1.0,29.0,Inactive,1.0,1.0,0.0
,,,98,,,,,,,,,,,,8106.0,cto.board.234,CRITICAL,User,IT,1.0,25.0,Active,1.0,11.0,0.0
,,,44,,,,,,,,,,,,244221.0,specialist.security.752,MEDIUM,Analyst,IT,0.0,29.0,Suspended,0.0,1.0,0.0
,,,22,,,,,,,,,,,,12079.0,guest.support.01,LOW,Analyst,Operations,0.0,16.0,Active,0.0,2.0,0.0
,,,20,,,,,,,,,,,,15811.0,guest.admin.251,LOW,User,Operations,0.0,1.0,Active,0.0,1.0,1.0
,,,23,,,,,,,,,,,,101459.0,guest.support.856,LOW,Analyst,Operations,0.0,3.0,Active,1.0,2.0,0.0
,,,96,,,,,,,,,,,,2997.0,head_security.exec.181,CRITICAL,Manager,Operations,1.0,4.0,Inactive,1.0,12.0,1.0
,,,73,,,,,,,,,,,,7356.0,vp.risk.273,HIGH,Analyst,Operations,1.0,8.0,Active,1.0,13.0,0.0
,,,70,,,,,,,,,,,,32659.0,vp.risk.602,HIGH,User,Operations,1.0,10.0,Active,1.0,0.0,0.0
,,,16,,,,,,,,,,,,660.0,user.ops.898,LOW,User,Legal,0.0,9.0,Inactive,1.0,8.0,1.0
,,,47,,,,,,,,,,,,147204.0,specialist.infra.425,MEDIUM,Analyst,Finance,0.0,24.0,Active,1.0,0.0,0.0
,,,94,,,,,,,,,,,,1371.0,ceo.exec.100,CRITICAL,User,HR,1.0,4.0,Active,1.0,9.0,0.0
,,,99,,,,,,,,,,,,257888.0,head_security.board.550,CRITICAL,Analyst,HR,1.0,26.0,Suspended,1.0,7.0,0.0
,,,42,,,,,,,,,,,,31591.0,engineer.security.399,MEDIUM,Analyst,Legal,0.0,12.0,Active,1.0,11.0,0.0
,,,46,,,,,,,,,,,,89407.0,analyst.risk.667,MEDIUM,Exec,Operations,0.0,13.0,Active,0.0,0.0,0.0
,,,19,,,,,,,,,,,,2662.0,temp.admin.883,LOW,User,Legal,0.0,3.0,Active,1.0,0.0,0.0
,,,44,,,,,,,,,,,,48045.0,specialist.ops.897,MEDIUM,Analyst,Legal,0.0,29.0,Active,0.0,1.0,0.0
,,,46,,,,,,,,,,,,290.0,admin.ops.632,MEDIUM,Analyst,IT,0.0,22.0,Active,1.0,0.0,0.0
,,,40,,,,,,,,,,,,293258.0,engineer.ops.742,MEDIUM,User,HR,0.0,28.0,Active,1.0,2.0,0.0
,,,18,,,,,,,,,,,,32396.0,intern.admin.753,LOW,Analyst,Legal,0.0,16.0,Active,0.0,2.0,0.0
,,,23,,,,,,,,,,,,13024.0,temp.admin.364,LOW,Analyst,Finance,0.0,28.0,Active,0.0,0.0,0.0
,,,44,,,,,,,,,,,,74755.0,specialist.risk.321,MEDIUM,Manager,IT,0.0,3.0,Active,1.0,16.0,0.0
,,,94,,,,,,,,,,,,8045.0,cto.exec.647,CRITICAL,User,IT,1.0,21.0,Active,0.0,14.0,0.0
,,,43,,,,,,,,,,,,412821.0,specialist.ops.583,MEDIUM,Analyst,IT,0.0,20.0,Active,0.0,3.0,0.0
,,,77,,,,,,,,,,,,323884.0,lead.trading.619,HIGH,User,IT,1.0,26.0,Active,1.0,18.0,0.0
,,,97,,,,,,,,,,,,122.0,cto.board.76,CRITICAL,Manager,IT,1.0,1.0,Active,0.0,13.0,0.0
,,,79,,,,,,,,,,,,141126.0,director.trading.711,HIGH,User,IT,1.0,26.0,Active,0.0,0.0,0.0
,,,45,,,,,,,,,,,,1249.0,admin.ops.500,MEDIUM,Analyst,Finance,0.0,6.0,Active,0.0,0.0,0.0
,,,76,,,,,,,,,,,,16149.0,director.security.113,HIGH,User,HR,1.0,27.0,Active,0.0,1.0,0.0
,,,40,,,,,,,,,,,,143924.0,analyst.security.446,MEDIUM,User,IT,0.0,15.0,Active,0.0,3.0,0.0
,,,17,,,,,,,,,,,,19794.0,temp.ops.617,LOW,Analyst,Finance,0.0,26.0,Active,0.0,1.0,0.0
,,,17,,,,,,,,,,,,13574.0,guest.admin.683,LOW,User,Finance,0.0,7.0,Active,1.0,0.0,0.0
,,,95,,,,,,,,,,,,410127.0,head_security.exec.32,CRITICAL,Analyst,Operations,1.0,6.0,Active,1.0,3.0,0.0
,,,76,,,,,,,,,,,,52656.0,manager.tech.800,HIGH,User,IT,1.0,14.0,Active,1.0,0.0,0.0
,,,72,,,,,,,,,,,,150985.0,vp.tech.229,HIGH,Exec,IT,1.0,4.0,Active,1.0,0.0,0.0
,,,49,,,,,,,,,,,,7909.0,admin.infra.379,MEDIUM,Exec,HR,0.0,7.0,Active,0.0,10.0,1.0
,,,16,,,,,,,,,,,,185500.0,intern.support.875,LOW,Analyst,IT,0.0,0.0,Active,0.0,2.0,0.0
,,,72,,,,,,,,,,,,294472.0,manager.security.247,HIGH,User,IT,1.0,24.0,Active,0.0,9.0,1.0
,,,94,,,,,,,,,,,,205631.0,cfo.exec.412,CRITICAL,Analyst,IT,1.0,14.0,Active,1.0,0.0,0.0
,,,19,,,,,,,,,,,,409880.0,guest.support.970,LOW,Analyst,Legal,0.0,23.0,Active,1.0,0.0,0.0
,,,47,,,,,,,,,,,,427040.0,specialist.security.461,MEDIUM,Analyst,Finance,0.0,10.0,Active,1.0,0.0,0.0
,,,42,,,,,,,,,,,,274853.0,specialist.infra.458,MEDIUM,User,Finance,0.0,25.0,Active,0.0,7.0,0.0
,,,15,,,,,,,,,,,,116562.0,user.support.932,LOW,Analyst,Finance,0.0,9.0,Active,0.0,7.0,1.0
,,,41,,,,,,,,,,,,91816.0,specialist.security.509,MEDIUM,Analyst,Finance,0.0,27.0,Active,0.0,18.0,1.0
,,,42,,,,,,,,,,,,172564.0,specialist.infra.567,MEDIUM,User,IT,0.0,25.0,Active,1.0,9.0,1.0
,,,46,,,,,,,,,,,,39543.0,specialist.risk.390,MEDIUM,Manager,Finance,0.0,18.0,Active,0.0,2.0,0.0
,,,94,,,,,,,,,,,,440.0,head_security.exec.970,CRITICAL,Analyst,Finance,1.0,26.0,Active,1.0,21.0,1.0
,,,97,,,,,,,,,,,,56807.0,ceo.board.82,CRITICAL,User,Finance,1.0,28.0,Active,1.0,2.0,0.0
,,,41,,,,,,,,,,,,11688.0,analyst.security.477,MEDIUM,User,IT,0.0,14.0,Inactive,0.0,2.0,0.0
,,,70,,,,,,,,,,,,49837.0,lead.risk.335,HIGH,Analyst,Finance,1.0,15.0,Active,1.0,3.0,0.0
,,,21,,,,,,,,,,,,60803.0,user.support.05,LOW,Analyst,IT,0.0,22.0,Active,1.0,3.0,0.0
,,,47,,,,,,,,,,,,100943.0,analyst.security.704,MEDIUM,Exec,Finance,0.0,5.0,Active,1.0,3.0,0.0
,,,77,,,,,,,,,,,,89738.0,vp.tech.940,HIGH,User,Legal,1.0,3.0,Active,1.0,1.0,0.0
,,,23,,,,,,,,,,,,52698.0,temp.ops.986,LOW,Analyst,HR,0.0,15.0,Inactive,1.0,1.0,0.0
,,,42,,,,,,,,,,,,124813.0,analyst.ops.705,MEDIUM,Manager,Legal,0.0,14.0,Active,1.0,2.0,0.0
,,,16,,,,,,,,,,,,6336.0,intern.support.620,LOW,User,IT,0.0,25.0,Active,0.0,1.0,0.0
,,,91,,,,,,,,,,,,66616.0,cfo.exec.53,CRITICAL,User,IT,1.0,6.0,Active,0.0,1.0,0.0
,,,41,,,,,,,,,,,,31673.0,engineer.risk.576,MEDIUM,Analyst,IT,0.0,20.0,Active,0.0,1.0,0.0
,,,43,,,,,,,,,,,,3806.0,specialist.risk.660,MEDIUM,Analyst,Legal,0.0,26.0,Active,0.0,4.0,0.0
,,,99,,,,,,,,,,,,22513.0,cfo.board.38,CRITICAL,Analyst,Operations,1.0,28.0,Active,1.0,2.0,0.0
,,,99,,,,,,,,,,,,1749.0,ceo.board.613,CRITICAL,User,Finance,1.0,3.0,Active,1.0,0.0,0.0
,,,49,,,,,,,,,,,,183.0,admin.ops.224,MEDIUM,Manager,Operations,0.0,20.0,Active,0.0,1.0,0.0
,,,42,,,,,,,,,,,,3845.0,analyst.infra.480,MEDIUM,User,Legal,0.0,24.0,Active,0.0,0.0,0.0
,,,40,,,,,,,,,,,,1257.0,specialist.infra.57,MEDIUM,Manager,Legal,0.0,20.0,Active,1.0,1.0,0.0
,,,44,,,,,,,,,,,,2521.0,admin.security.675,MEDIUM,Analyst,Legal,0.0,0.0,Active,1.0,0.0,0.0
,,,40,,,,,,,,,,,,192397.0,analyst.ops.465,MEDIUM,Analyst,IT,0.0,9.0,Inactive,1.0,4.0,0.0
,,,42,,,,,,,,,,,,284381.0,admin.risk.435,MEDIUM,Analyst,HR,0.0,9.0,Active,0.0,0.0,0.0
,,,42,,,,,,,,,,,,64907.0,engineer.security.581,MEDIUM,Analyst,Operations,0.0,6.0,Active,1.0,5.0,0.0
,,,43,,,,,,,,,,,,20178.0,admin.security.675,MEDIUM,Analyst,Operations,0.0,15.0,Active,0.0,0.0,0.0
,,,78,,,,,,,,,,,,366933.0,vp.security.124,HIGH,Analyst,Operations,1.0,25.0,Active,1.0,20.0,0.0
,,,44,,,,,,,,,,,,315140.0,specialist.risk.362,MEDIUM,User,Legal,0.0,27.0,Active,1.0,3.0,1.0
,,,74,,,,,,,,,,,,402028.0,director.trading.850,HIGH,Exec,Operations,1.0,25.0,Active,1.0,1.0,0.0
,,,23,,,,,,,,,,,,424664.0,guest.admin.953,LOW,User,Finance,0.0,8.0,Active,1.0,0.0,0.0
,,,22,,,,,,,,,,,,25485.0,intern.admin.855,LOW,User,Legal,0.0,25.0,Active,1.0,1.0,0.0
,,,74,,,,,,,,,,,,301267.0,vp.risk.216,HIGH,Exec,HR,1.0,1.0,Active,1.0,0.0,0.0
,,,20,,,,,,,,,,,,322844.0,temp.admin.166,LOW,User,IT,0.0,11.0,Active,0.0,0.0,0.0
,,,19,,,,,,,,,,,,177425.0,temp.ops.899,LOW,User,Finance,0.0,22.0,Active,1.0,1.0,0.0
,,,73,,,,,,,,,,,,200042.0,manager.trading.43,HIGH,Manager,Operations,1.0,12.0,Active,1.0,4.0,0.0
,,,22,,,,,,,,,,,,415862.0,intern.ops.598,LOW,User,Legal,0.0,14.0,Active,1.0,3.0,0.0
,,,19,,,,,,,,,,,,159013.0,temp.support.996,LOW,Analyst,HR,0.0,23.0,Active,0.0,7.0,0.0
,,,48,,,,,,,,,,,,412266.0,analyst.security.213,MEDIUM,User,Legal,0.0,19.0,Active,0.0,9.0,1.0
,,,40,,,,,,,,,,,,36418.0,engineer.risk.849,MEDIUM,Analyst,Finance,0.0,3.0,Active,1.0,0.0,0.0
,,,91,,,,,,,,,,,,3631.0,cfo.board.942,CRITICAL,User,Operations,1.0,9.0,Active,1.0,4.0,0.0
,,,92,,,,,,,,,,,,99076.0,head_security.board.31,CRITICAL,Analyst,IT,1.0,17.0,Active,1.0,0.0,0.0
,,,43,,,,,,,,,,,,103793.0,specialist.infra.74,MEDIUM,User,Legal,0.0,0.0,Active,1.0,11.0,0.0
,,,44,,,,,,,,,,,,71773.0,admin.risk.12,MEDIUM,User,IT,0.0,20.0,Active,1.0,5.0,0.0
,,,22,,,,,,,,,,,,23117.0,temp.admin.778,LOW,User,Legal,0.0,25.0,Active,0.0,16.0,0.0
,,,40,,,,,,,,,,,,172901.0,admin.ops.436,MEDIUM,Analyst,Operations,0.0,28.0,Active,0.0,11.0,0.0
,,,48,,,,,,,,,,,,96927.0,analyst.risk.461,MEDIUM,User,Legal,0.0,12.0,Active,0.0,10.0,0.0
,,,78,,,,,,,,,,,,82494.0,lead.security.239,HIGH,Analyst,Operations,1.0,14.0,Active,1.0,21.0,0.0
,,,73,,,,,,,,,,,,37656.0,vp.security.482,HIGH,Analyst,Legal,1.0,28.0,Active,1.0,14.0,0.0
,,,99,,,,,,,,,,,,269657.0,head_security.board.950,CRITICAL,User,HR,1.0,3.0,Active,1.0,2.0,1.0
,,,15,,,,,,,,,,,,187716.0,intern.admin.174,LOW,Analyst,HR,0.0,10.0,Active,0.0,6.0,0.0
,,,71,,,,,,,,,,,,93909.0,vp.trading.173,HIGH,Analyst,Finance,1.0,29.0,Active,0.0,10.0,0.0
,,,46,,,,,,,,,,,,102280.0,analyst.risk.388,MEDIUM,User,Finance,0.0,20.0,Active,0.0,16.0,1.0
,,,75,,,,,,,,,,,,37521.0,vp.tech.600,HIGH,User,HR,1.0,14.0,Inactive,1.0,10.0,0.0
,,,15,,,,,,,,,,,,117.0,user.support.65,LOW,User,HR,0.0,6.0,Active,1.0,0.0,0.0
,,,23,,,,,,,,,,,,427695.0,guest.ops.63,LOW,User,Operations,0.0,5.0,Active,0.0,0.0,0.0
,,,49,,,,,,,,,,,,290708.0,engineer.infra.569,MEDIUM,Manager,Legal,0.0,20.0,Active,0.0,2.0,1.0
,,,79,,,,,,,,,,,,1822.0,lead.tech.952,HIGH,User,Operations,1.0,19.0,Inactive,1.0,0.0,0.0
,,,21,,,,,,,,,,,,353.0,guest.ops.810,LOW,Analyst,Finance,0.0,8.0,Active,0.0,9.0,0.0
,,,22,,,,,,,,,,,,3676.0,user.admin.810,LOW,Analyst,Finance,0.0,1.0,Active,0.0,9.0,1.0
,,,19,,,,,,,,,,,,2682.0,temp.admin.01,LOW,User,HR,0.0,29.0,Active,0.0,1.0,0.0
,,,79,,,,,,,,,,,,54115.0,lead.trading.795,HIGH,User,Operations,1.0,19.0,Active,1.0,15.0,1.0
,,,40,,,,,,,,,,,,33877.0,specialist.risk.735,MEDIUM,Analyst,IT,0.0,14.0,Inactive,0.0,0.0,0.0
,,,20,,,,,,,,,,,,65160.0,intern.ops.928,LOW,Analyst,Operations,0.0,29.0,Active,1.0,0.0,0.0
,,,73,,,,,,,,,,,,20310.0,manager.trading.278,HIGH,Analyst,Operations,1.0,8.0,Active,0.0,1.0,1.0
,,,21,,,,,,,,,,,,15494.0,guest.admin.611,LOW,Analyst,Operations,0.0,10.0,Active,1.0,2.0,0.0
,,,74,,,,,,,,,,,,15423.0,manager.tech.459,HIGH,User,Legal,1.0,7.0,Active,0.0,0.0,0.0
,,,43,,,,,,,,,,,,175387.0,engineer.infra.105,MEDIUM,User,IT,0.0,9.0,Active,1.0,2.0,0.0
,,,75,,,,,,,,,,,,309253.0,vp.trading.271,HIGH,Manager,HR,1.0,13.0,Active,1.0,1.0,0.0
,,,43,,,,,,,,,,,,202043.0,analyst.ops.419,MEDIUM,Analyst,Finance,0.0,29.0,Active,0.0,18.0,0.0
,,,41,,,,,,,,,,,,183755.0,admin.infra.840,MEDIUM,Analyst,Finance,0.0,29.0,Active,0.0,1.0,0.0
,,,21,,,,,,,,,,,,72970.0,guest.support.250,LOW,User,IT,0.0,10.0,Active,1.0,2.0,0.0
,,,40,,,,,,,,,,,,46177.0,analyst.risk.317,MEDIUM,Manager,Finance,0.0,14.0,Active,0.0,0.0,0.0
,,,17,,,,,,,,,,,,313043.0,user.support.956,LOW,User,HR,0.0,3.0,Active,0.0,3.0,0.0
,,,16,,,,,,,,,,,,10651.0,intern.admin.348,LOW,User,IT,0.0,13.0,Suspended,0.0,1.0,0.0
,,,16,,,,,,,,,,,,394825.0,temp.ops.695,LOW,Exec,Finance,0.0,29.0,Active,0.0,2.0,0.0
,,,20,,,,,,,,,,,,1377.0,temp.ops.929,LOW,Analyst,Operations,0.0,9.0,Active,1.0,0.0,0.0
,,,40,,,,,,,,,,,,268714.0,specialist.ops.694,MEDIUM,User,Operations,0.0,19.0,Active,1.0,0.0,0.0
,,,20,,,,,,,,,,,,110389.0,user.support.704,LOW,Analyst,Finance,0.0,24.0,Active,0.0,0.0,0.0
,,,97,,,,,,,,,,,,105219.0,cto.board.722,CRITICAL,Analyst,Legal,1.0,5.0,Suspended,1.0,3.0,0.0
,,,45,,,,,,,,,,,,75110.0,specialist.security.651,MEDIUM,User,IT,0.0,29.0,Active,1.0,1.0,0.0
,,,48,,,,,,,,,,,,6311.0,specialist.ops.95,MEDIUM,User,Finance,0.0,25.0,Active,0.0,0.0,0.0
,,,18,,,,,,,,,,,,308569.0,user.support.200,LOW,User,Finance,0.0,9.0,Active,0.0,1.0,0.0
,,,48,,,,,,,,,,,,77115.0,admin.infra.790,MEDIUM,User,IT,0.0,28.0,Active,1.0,2.0,0.0
,,,22,,,,,,,,,,,,17680.0,intern.admin.705,LOW,Manager,Operations,0.0,13.0,Active,1.0,1.0,0.0
,,,46,,,,,,,,,,,,253637.0,engineer.security.661,MEDIUM,User,Operations,0.0,26.0,Active,1.0,0.0,0.0
,,,19,,,,,,,,,,,,195120.0,user.admin.138,LOW,User,IT,0.0,25.0,Active,1.0,3.0,0.0
,,,97,,,,,,,,,,,,32.0,cto.exec.812,CRITICAL,User,IT,1.0,19.0,Active,1.0,4.0,0.0
,,,90,,,,,,,,,,,,50805.0,ceo.board.187,CRITICAL,User,Legal,1.0,22.0,Active,1.0,2.0,0.0
,,,42,,,,,,,,,,,,80372.0,admin.security.453,MEDIUM,Manager,Operations,0.0,1.0,Active,1.0,0.0,0.0
,,,46,,,,,,,,,,,,438992.0,engineer.security.924,MEDIUM,User,Operations,0.0,15.0,Active,0.0,2.0,0.0
,,,17,,,,,,,,,,,,6349.0,temp.support.09,LOW,Analyst,Operations,0.0,17.0,Active,0.0,1.0,0.0
,,,41,,,,,,,,,,,,58735.0,admin.security.588,MEDIUM,Analyst,Finance,0.0,1.0,Active,0.0,2.0,0.0
,,,41,,,,,,,,,,,,268816.0,engineer.risk.448,MEDIUM,Analyst,IT,0.0,28.0,Active,1.0,1.0,0.0
,,,17,,,,,,,,,,,,381831.0,guest.ops.429,LOW,User,Operations,0.0,21.0,Suspended,1.0,1.0,0.0
,,,96,,,,,,,,,,,,51711.0,cto.board.101,CRITICAL,Analyst,Operations,1.0,0.0,Active,1.0,0.0,0.0
,,,16,,,,,,,,,,,,7168.0,intern.support.371,LOW,User,Operations,0.0,4.0,Active,0.0,0.0,0.0
,,,40,,,,,,,,,,,,119195.0,admin.infra.476,MEDIUM,User,Operations,0.0,7.0,Active,1.0,15.0,0.0
,,,91,,,,,,,,,,,,99961.0,ceo.exec.682,CRITICAL,Manager,Operations,1.0,18.0,Active,1.0,1.0,0.0
,,,44,,,,,,,,,,,,75030.0,specialist.ops.673,MEDIUM,Analyst,IT,0.0,15.0,Active,0.0,10.0,0.0
,,,16,,,,,,,,,,,,49334.0,user.ops.739,LOW,Analyst,Finance,0.0,5.0,Active,0.0,5.0,0.0
,,,44,,,,,,,,,,,,44535.0,specialist.risk.349,MEDIUM,User,Finance,0.0,14.0,Active,1.0,3.0,0.0
,,,15,,,,,,,,,,,,43371.0,user.support.899,LOW,Analyst,IT,0.0,23.0,Active,1.0,0.0,0.0
,,,44,,,,,,,,,,,,84479.0,engineer.security.774,MEDIUM,User,Legal,0.0,3.0,Active,0.0,4.0,1.0
,,,15,,,,,,,,,,,,406018.0,intern.ops.574,LOW,Analyst,IT,0.0,0.0,Active,1.0,1.0,0.0
,,,46,,,,,,,,,,,,193850.0,admin.infra.605,MEDIUM,Exec,Legal,0.0,0.0,Active,0.0,15.0,0.0
,,,43,,,,,,,,,,,,90784.0,specialist.ops.536,MEDIUM,Analyst,Operations,0.0,14.0,Active,1.0,7.0,0.0
,,,48,,,,,,,,,,,,406238.0,admin.ops.692,MEDIUM,User,Finance,0.0,24.0,Active,0.0,1.0,0.0
,,,48,,,,,,,,,,,,116643.0,specialist.ops.389,MEDIUM,Analyst,Finance,0.0,0.0,Active,0.0,0.0,0.0
,,,24,,,,,,,,,,,,259856.0,user.ops.973,LOW,Analyst,Operations,0.0,8.0,Active,0.0,4.0,0.0
,,,41,,,,,,,,,,,,200095.0,admin.ops.351,MEDIUM,Analyst,IT,0.0,29.0,Active,1.0,2.0,0.0
,,,44,,,,,,,,,,,,313496.0,admin.security.604,MEDIUM,Analyst,Finance,0.0,2.0,Active,1.0,2.0,0.0
,,,48,,,,,,,,,,,,23694.0,engineer.risk.810,MEDIUM,User,HR,0.0,25.0,Active,0.0,0.0,0.0
,,,20,,,,,,,,,,,,15924.0,temp.ops.425,LOW,User,Finance,0.0,13.0,Active,0.0,1.0,0.0
,,,40,,,,,,,,,,,,11680.0,specialist.ops.382,MEDIUM,User,IT,0.0,22.0,Active,1.0,2.0,0.0
,,,93,,,,,,,,,,,,35068.0,head_security.board.00,CRITICAL,User,Finance,1.0,22.0,Active,1.0,5.0,1.0
,,,72,,,,,,,,,,,,682.0,vp.risk.548,HIGH,Analyst,Finance,1.0,21.0,Active,1.0,9.0,0.0
,,,18,,,,,,,,,,,,40816.0,intern.ops.964,LOW,Exec,Operations,0.0,23.0,Active,0.0,2.0,0.0
,,,45,,,,,,,,,,,,7116.0,analyst.risk.304,MEDIUM,Manager,Operations,0.0,5.0,Active,1.0,0.0,0.0
,,,48,,,,,,,,,,,,29982.0,admin.ops.431,MEDIUM,User,Legal,0.0,17.0,Active,1.0,1.0,0.0
,,,17,,,,,,,,,,,,393437.0,intern.ops.694,LOW,User,Legal,0.0,6.0,Active,0.0,3.0,0.0
,,,44,,,,,,,,,,,,150794.0,specialist.infra.627,MEDIUM,Analyst,HR,0.0,3.0,Active,0.0,0.0,0.0
,,,70,,,,,,,,,,,,21545.0,manager.tech.706,HIGH,User,Finance,1.0,21.0,Active,0.0,0.0,0.0
,,,15,,,,,,,,,,,,167845.0,user.support.641,LOW,User,Finance,0.0,17.0,Active,0.0,0.0,0.0
,,,22,,,,,,,,,,,,176690.0,intern.support.923,LOW,Analyst,HR,0.0,24.0,Active,1.0,2.0,0.0
,,,41,,,,,,,,,,,,403883.0,engineer.risk.556,MEDIUM,Exec,IT,0.0,23.0,Active,1.0,0.0,0.0
,,,16,,,,,,,,,,,,378689.0,user.support.788,LOW,User,IT,0.0,24.0,Active,0.0,5.0,0.0
,,,73,,,,,,,,,,,,28203.0,director.tech.155,HIGH,Manager,Finance,1.0,11.0,Active,1.0,2.0,0.0
,,,40,,,,,,,,,,,,307218.0,admin.infra.243,MEDIUM,Analyst,Operations,0.0,20.0,Active,0.0,2.0,0.0
,,,15,,,,,,,,,,,,162352.0,temp.support.855,LOW,Analyst,Finance,0.0,0.0,Active,0.0,5.0,0.0
,,,76,,,,,,,,,,,,3882.0,director.trading.375,HIGH,User,HR,1.0,23.0,Active,0.0,1.0,0.0
,,,15,,,,,,,,,,,,427.0,intern.admin.396,LOW,User,Operations,0.0,5.0,Active,0.0,0.0,0.0
,,,19,,,,,,,,,,,,197689.0,temp.admin.709,LOW,Analyst,IT,0.0,10.0,Active,1.0,0.0,0.0
,,,77,,,,,,,,,,,,8294.0,lead.tech.108,HIGH,User,HR,1.0,20.0,Active,1.0,0.0,0.0
,,,79,,,,,,,,,,,,198252.0,manager.security.494,HIGH,User,Operations,1.0,9.0,Active,1.0,14.0,0.0
,,,40,,,,,,,,,,,,194579.0,admin.risk.727,MEDIUM,User,Legal,0.0,27.0,Inactive,0.0,14.0,0.0
,,,44,,,,,,,,,,,,33136.0,engineer.ops.749,MEDIUM,User,IT,0.0,18.0,Active,0.0,2.0,0.0
,,,40,,,,,,,,,,,,146002.0,admin.ops.00,MEDIUM,Analyst,Finance,0.0,21.0,Active,0.0,0.0,0.0
,,,48,,,,,,,,,,,,18411.0,engineer.security.538,MEDIUM,User,IT,0.0,13.0,Active,0.0,0.0,0.0
,,,90,,,,,,,,,,,,974.0,cto.exec.105,CRITICAL,User,Finance,1.0,17.0,Active,1.0,17.0,1.0
,,,77,,,,,,,,,,,,1405.0,manager.security.206,HIGH,User,Operations,1.0,0.0,Active,1.0,0.0,1.0
,,,46,,,,,,,,,,,,13664.0,specialist.infra.638,MEDIUM,Analyst,Operations,0.0,26.0,Active,0.0,1.0,0.0
,,,20,,,,,,,,,,,,832.0,user.admin.810,LOW,User,Operations,0.0,29.0,Inactive,0.0,4.0,0.0
,,,43,,,,,,,,,,,,326898.0,analyst.risk.401,MEDIUM,Analyst,IT,0.0,22.0,Active,1.0,0.0,0.0
,,,20,,,,,,,,,,,,300720.0,temp.admin.142,LOW,User,Finance,0.0,19.0,Active,1.0,0.0,0.0
,,,45,,,,,,,,,,,,251336.0,admin.infra.147,MEDIUM,Analyst,IT,0.0,29.0,Inactive,0.0,3.0,0.0
,,,20,,,,,,,,,,,,203866.0,temp.support.288,LOW,Manager,Finance,0.0,10.0,Active,0.0,0.0,0.0
,,,40,,,,,,,,,,,,36183.0,admin.infra.387,MEDIUM,Manager,Operations,0.0,17.0,Active,0.0,3.0,0.0
,,,42,,,,,,,,,,,,337574.0,specialist.risk.299,MEDIUM,User,IT,0.0,21.0,Active,0.0,0.0,0.0
,,,18,,,,,,,,,,,,169443.0,temp.support.975,LOW,User,Operations,0.0,9.0,Active,0.0,0.0,0.0
,,,24,,,,,,,,,,,,203340.0,user.ops.535,LOW,User,IT,0.0,5.0,Active,1.0,0.0,0.0
,,,45,,,,,,,,,,,,29939.0,engineer.risk.345,MEDIUM,User,Finance,0.0,19.0,Active,1.0,0.0,0.0
,,,72,,,,,,,,,,,,183540.0,lead.risk.162,HIGH,User,IT,1.0,1.0,Inactive,1.0,1.0,0.0
,,,20,,,,,,,,,,,,258062.0,intern.ops.979,LOW,User,IT,0.0,29.0,Active,0.0,3.0,0.0
,,,76,,,,,,,,,,,,385558.0,vp.trading.957,HIGH,User,Finance,1.0,26.0,Active,1.0,0.0,0.0
,,,75,,,,,,,,,,,,25069.0,manager.tech.617,HIGH,User,IT,1.0,1.0,Active,1.0,2.0,0.0
,,,42,,,,,,,,,,,,1154.0,specialist.ops.865,MEDIUM,User,Finance,0.0,14.0,Active,1.0,4.0,0.0
,,,46,,,,,,,,,,,,1605.0,specialist.risk.230,MEDIUM,Manager,Operations,0.0,1.0,Active,1.0,2.0,0.0
,,,44,,,,,,,,,,,,276560.0,engineer.ops.457,MEDIUM,Manager,Legal,0.0,27.0,Active,1.0,2.0,0.0
,,,17,,,,,,,,,,,,40986.0,temp.ops.02,LOW,User,Operations,0.0,5.0,Active,0.0,2.0,0.0
,,,79,,,,,,,,,,,,1967.0,vp.risk.21,HIGH,User,Finance,1.0,16.0,Active,1.0,9.0,0.0
,,,99,,,,,,,,,,,,6709.0,cto.board.30,CRITICAL,Manager,Finance,1.0,26.0,Active,1.0,0.0,0.0
,,,76,,,,,,,,,,,,82701.0,manager.tech.970,HIGH,Analyst,Operations,1.0,12.0,Active,0.0,0.0,0.0
,,,74,,,,,,,,,,,,61807.0,manager.tech.283,HIGH,Analyst,Finance,1.0,23.0,Active,1.0,0.0,0.0
,,,90,,,,,,,,,,,,53337.0,cfo.exec.77,CRITICAL,Manager,Finance,1.0,2.0,Active,1.0,0.0,0.0
,,,46,,,,,,,,,,,,165012.0,admin.ops.695,MEDIUM,Analyst,IT,0.0,29.0,Active,1.0,0.0,0.0
,,,95,,,,,,,,,,,,13019.0,cto.board.96,CRITICAL,Analyst,Finance,1.0,9.0,Active,1.0,10.0,0.0
,,,91,,,,,,,,,,,,32559.0,cfo.board.54,CRITICAL,Analyst,Finance,1.0,6.0,Active,1.0,14.0,0.0
,,,20,,,,,,,,,,,,79937.0,user.admin.849,LOW,Analyst,Operations,0.0,29.0,Active,0.0,0.0,0.0
,,,22,,,,,,,,,,,,25110.0,guest.support.481,LOW,Analyst,HR,0.0,22.0,Active,0.0,4.0,0.0
,,,22,,,,,,,,,,,,237271.0,temp.support.546,LOW,User,Finance,0.0,0.0,Active,0.0,1.0,0.0
,,,18,,,,,,,,,,,,5457.0,intern.ops.547,LOW,Analyst,Finance,0.0,22.0,Active,1.0,0.0,0.0
,,,24,,,,,,,,,,,,213631.0,temp.support.963,LOW,Analyst,Finance,0.0,20.0,Active,1.0,9.0,1.0
,,,77,,,,,,,,,,,,218173.0,manager.trading.179,HIGH,Exec,IT,1.0,24.0,Active,1.0,1.0,0.0
,,,17,,,,,,,,,,,,20476.0,guest.admin.431,LOW,User,Finance,0.0,17.0,Active,1.0,3.0,0.0
,,,45,,,,,,,,,,,,16539.0,specialist.ops.422,MEDIUM,Analyst,Finance,0.0,17.0,Active,0.0,0.0,0.0
,,,98,,,,,,,,,,,,9164.0,ceo.board.16,CRITICAL,Analyst,Finance,1.0,1.0,Active,1.0,1.0,0.0
,,,49,,,,,,,,,,,,4223.0,specialist.risk.195,MEDIUM,User,Operations,0.0,14.0,Active,0.0,5.0,0.0
,,,79,,,,,,,,,,,,202.0,manager.risk.184,HIGH,User,HR,1.0,29.0,Active,0.0,0.0,0.0
,,,43,,,,,,,,,,,,56241.0,specialist.risk.438,MEDIUM,Analyst,HR,0.0,12.0,Inactive,0.0,1.0,0.0
,,,46,,,,,,,,,,,,289608.0,admin.risk.932,MEDIUM,Analyst,Finance,0.0,16.0,Active,0.0,1.0,0.0
,,,46,,,,,,,,,,,,286422.0,analyst.ops.630,MEDIUM,User,Legal,0.0,29.0,Active,0.0,0.0,0.0
,,,92,,,,,,,,,,,,800.0,ceo.board.135,CRITICAL,Manager,IT,1.0,4.0,Active,0.0,9.0,0.0
,,,70,,,,,,,,,,,,74135.0,manager.security.571,HIGH,Manager,Operations,1.0,6.0,Active,1.0,0.0,0.0
,,,40,,,,,,,,,,,,21226.0,engineer.ops.678,MEDIUM,User,HR,0.0,25.0,Suspended,0.0,0.0,0.0
,,,43,,,,,,,,,,,,24976.0,admin.ops.395,MEDIUM,User,Finance,0.0,23.0,Active,1.0,2.0,0.0
,,,46,,,,,,,,,,,,47069.0,specialist.infra.339,MEDIUM,User,Operations,0.0,6.0,Active,0.0,0.0,0.0
,,,15,,,,,,,,,,,,66039.0,intern.support.983,LOW,User,Finance,0.0,13.0,Active,0.0,1.0,0.0
,,,44,,,,,,,,,,,,420784.0,analyst.risk.450,MEDIUM,Manager,Legal,0.0,9.0,Active,1.0,1.0,0.0
,,,21,,,,,,,,,,,,525.0,user.admin.675,LOW,User,Operations,0.0,2.0,Active,0.0,0.0,0.0
,,,74,,,,,,,,,,,,254707.0,vp.risk.692,HIGH,User,IT,1.0,9.0,Active,1.0,0.0,1.0
,,,49,,,,,,,,,,,,170023.0,analyst.risk.662,MEDIUM,Analyst,IT,0.0,26.0,Active,0.0,12.0,0.0
,,,41,,,,,,,,,,,,38139.0,specialist.infra.02,MEDIUM,User,IT,0.0,11.0,Active,1.0,0.0,0.0
,,,74,,,,,,,,,,,,94643.0,vp.tech.473,HIGH,Analyst,HR,1.0,21.0,Active,1.0,2.0,0.0
,,,40,,,,,,,,,,,,90974.0,analyst.infra.37,MEDIUM,Analyst,HR,0.0,6.0,Active,0.0,13.0,0.0
,,,48,,,,,,,,,,,,19835.0,analyst.ops.449,MEDIUM,Manager,Legal,0.0,29.0,Active,0.0,0.0,0.0
,,,24,,,,,,,,,,,,385298.0,guest.admin.560,LOW,User,IT,0.0,22.0,Active,1.0,3.0,0.0
,,,17,,,,,,,,,,,,8178.0,intern.admin.759,LOW,User,HR,0.0,25.0,Active,0.0,4.0,0.0
,,,42,,,,,,,,,,,,83704.0,analyst.risk.345,MEDIUM,Analyst,Finance,0.0,29.0,Active,1.0,1.0,0.0
,,,16,,,,,,,,,,,,8561.0,user.ops.421,LOW,User,Finance,0.0,0.0,Active,0.0,0.0,0.0
,,,15,,,,,,,,,,,,6557.0,intern.admin.630,LOW,Analyst,Legal,0.0,3.0,Active,0.0,2.0,0.0
,,,16,,,,,,,,,,,,64820.0,guest.support.184,LOW,User,HR,0.0,26.0,Active,1.0,2.0,0.0
,,,44,,,,,,,,,,,,86099.0,specialist.security.512,MEDIUM,Analyst,HR,0.0,12.0,Active,0.0,0.0,0.0
,,,23,,,,,,,,,,,,314407.0,intern.ops.547,LOW,Analyst,Finance,0.0,13.0,Active,1.0,0.0,0.0
,,,21,,,,,,,,,,,,53642.0,temp.support.315,LOW,User,IT,0.0,21.0,Active,0.0,5.0,0.0
,,,40,,,,,,,,,,,,425332.0,specialist.ops.12,MEDIUM,Analyst,Finance,0.0,18.0,Active,0.0,1.0,0.0
,,,24,,,,,,,,,,,,380700.0,intern.admin.726,LOW,Analyst,Finance,0.0,15.0,Active,0.0,1.0,0.0
,,,45,,,,,,,,,,,,422030.0,admin.risk.899,MEDIUM,Exec,Legal,0.0,25.0,Active,0.0,3.0,0.0
,,,19,,,,,,,,,,,,308956.0,temp.ops.47,LOW,Analyst,Finance,0.0,19.0,Active,1.0,0.0,0.0
,,,49,,,,,,,,,,,,20123.0,analyst.security.594,MEDIUM,User,HR,0.0,7.0,Active,1.0,18.0,0.0
,,,18,,,,,,,,,,,,53952.0,guest.support.931,LOW,User,Finance,0.0,13.0,Active,0.0,0.0,0.0
,,,96,,,,,,,,,,,,61945.0,cfo.board.63,CRITICAL,Analyst,IT,1.0,12.0,Active,1.0,0.0,0.0
,,,20,,,,,,,,,,,,17281.0,guest.admin.896,LOW,Analyst,IT,0.0,18.0,Active,1.0,2.0,0.0
,,,24,,,,,,,,,,,,14332.0,temp.ops.737,LOW,User,IT,0.0,7.0,Active,0.0,1.0,0.0
,,,44,,,,,,,,,,,,6244.0,engineer.ops.32,MEDIUM,Analyst,HR,0.0,11.0,Active,1.0,1.0,0.0
,,,70,,,,,,,,,,,,189758.0,manager.security.121,HIGH,User,Operations,1.0,3.0,Active,0.0,5.0,0.0
,,,21,,,,,,,,,,,,83877.0,user.admin.846,LOW,User,Finance,0.0,21.0,Suspended,0.0,3.0,0.0
,,,24,,,,,,,,,,,,89839.0,user.admin.927,LOW,Analyst,Legal,0.0,26.0,Active,0.0,2.0,0.0
,,,45,,,,,,,,,,,,32242.0,specialist.ops.367,MEDIUM,Exec,Finance,0.0,21.0,Active,0.0,5.0,0.0
,,,41,,,,,,,,,,,,40611.0,engineer.security.654,MEDIUM,Manager,Finance,0.0,6.0,Active,1.0,2.0,0.0
,,,46,,,,,,,,,,,,40079.0,admin.security.144,MEDIUM,Analyst,IT,0.0,1.0,Active,1.0,3.0,1.0
,,,73,,,,,,,,,,,,7833.0,director.trading.485,HIGH,Manager,Operations,1.0,24.0,Active,1.0,3.0,0.0
,,,72,,,,,,,,,,,,63264.0,director.tech.555,HIGH,User,IT,1.0,17.0,Inactive,1.0,0.0,0.0
,,,23,,,,,,,,,,,,5225.0,user.admin.840,LOW,Analyst,Operations,0.0,29.0,Active,1.0,0.0,0.0
,,,41,,,,,,,,,,,,18037.0,engineer.risk.963,MEDIUM,Analyst,Legal,0.0,18.0,Active,0.0,6.0,0.0
,,,18,,,,,,,,,,,,26587.0,user.support.416,LOW,User,IT,0.0,16.0,Active,1.0,1.0,0.0
,,,48,,,,,,,,,,,,2805.0,analyst.security.551,MEDIUM,Analyst,Legal,0.0,24.0,Active,1.0,1.0,0.0
,,,16,,,,,,,,,,,,183560.0,intern.admin.381,LOW,User,Finance,0.0,28.0,Active,0.0,3.0,0.0
,,,47,,,,,,,,,,,,5189.0,admin.risk.574,MEDIUM,Analyst,Operations,0.0,4.0,Inactive,0.0,2.0,0.0
,,,18,,,,,,,,,,,,8822.0,user.ops.496,LOW,User,IT,0.0,3.0,Active,1.0,1.0,1.0
,,,78,,,,,,,,,,,,70662.0,manager.tech.126,HIGH,Analyst,IT,1.0,27.0,Active,0.0,1.0,0.0
,,,15,,,,,,,,,,,,217205.0,guest.ops.957,LOW,Manager,IT,0.0,27.0,Active,1.0,2.0,0.0
,,,94,,,,,,,,,,,,1021.0,head_security.exec.99,CRITICAL,Analyst,IT,1.0,18.0,Active,1.0,5.0,0.0
,,,91,,,,,,,,,,,,357728.0,cto.board.446,CRITICAL,User,IT,1.0,24.0,Active,1.0,11.0,1.0
,,,18,,,,,,,,,,,,187383.0,intern.ops.517,LOW,User,Finance,0.0,28.0,Active,0.0,0.0,0.0
,,,43,,,,,,,,,,,,12854.0,analyst.infra.359,MEDIUM,User,IT,0.0,3.0,Suspended,0.0,17.0,1.0
,,,78,,,,,,,,,,,,426972.0,vp.tech.282,HIGH,User,IT,1.0,25.0,Active,1.0,4.0,1.0
,,,15,,,,,,,,,,,,84760.0,guest.ops.894,LOW,User,Operations,0.0,13.0,Active,0.0,2.0,0.0
,,,46,,,,,,,,,,,,54182.0,specialist.risk.465,MEDIUM,Analyst,IT,0.0,25.0,Active,1.0,3.0,0.0
,,,44,,,,,,,,,,,,6993.0,admin.security.472,MEDIUM,Manager,Finance,0.0,13.0,Active,1.0,6.0,0.0
,,,79,,,,,,,,,,,,357871.0,manager.trading.177,HIGH,User,Finance,1.0,17.0,Active,1.0,4.0,0.0
,,,79,,,,,,,,,,,,19006.0,manager.trading.132,HIGH,Analyst,HR,1.0,17.0,Active,0.0,1.0,0.0
,,,46,,,,,,,,,,,,405048.0,analyst.infra.744,MEDIUM,Manager,IT,0.0,6.0,Active,1.0,0.0,1.0
,,,79,,,,,,,,,,,,475.0,director.tech.296,HIGH,Manager,Operations,1.0,25.0,Active,0.0,1.0,0.0
,,,47,,,,,,,,,,,,175266.0,specialist.infra.471,MEDIUM,Manager,IT,0.0,15.0,Active,0.0,0.0,0.0
,,,19,,,,,,,,,,,,8532.0,intern.support.791,LOW,Analyst,Legal,0.0,16.0,Active,0.0,2.0,0.0
,,,40,,,,,,,,,,,,13842.0,analyst.ops.547,MEDIUM,User,IT,0.0,7.0,Active,1.0,1.0,0.0
,,,96,,,,,,,,,,,,141832.0,ceo.exec.22,CRITICAL,User,IT,1.0,13.0,Active,1.0,0.0,0.0
,,,47,,,,,,,,,,,,9391.0,analyst.infra.487,MEDIUM,Manager,HR,0.0,9.0,Active,1.0,3.0,0.0
,,,23,,,,,,,,,,,,243596.0,guest.support.730,LOW,User,Legal,0.0,29.0,Suspended,0.0,5.0,0.0
,,,16,,,,,,,,,,,,100351.0,user.ops.391,LOW,User,Legal,0.0,2.0,Active,1.0,1.0,0.0
,,,19,,,,,,,,,,,,95141.0,temp.support.690,LOW,User,Operations,0.0,4.0,Active,0.0,0.0,0.0
,,,23,,,,,,,,,,,,305445.0,temp.support.378,LOW,User,IT,0.0,16.0,Inactive,1.0,0.0,0.0
,,,92,,,,,,,,,,,,107202.0,head_security.board.64,CRITICAL,Analyst,Legal,1.0,24.0,Active,1.0,0.0,0.0
,,,20,,,,,,,,,,,,130386.0,user.support.800,LOW,Analyst,Finance,0.0,16.0,Active,1.0,0.0,0.0
,,,42,,,,,,,,,,,,6929.0,specialist.security.640,MEDIUM,Analyst,IT,0.0,16.0,Active,0.0,0.0,0.0
,,,41,,,,,,,,,,,,18115.0,analyst.infra.158,MEDIUM,User,IT,0.0,1.0,Active,0.0,2.0,0.0
,,,19,,,,,,,,,,,,240854.0,user.admin.735,LOW,Analyst,IT,0.0,26.0,Inactive,0.0,1.0,0.0
,,,45,,,,,,,,,,,,91131.0,admin.risk.875,MEDIUM,Analyst,HR,0.0,21.0,Active,1.0,1.0,0.0
,,,24,,,,,,,,,,,,388565.0,guest.support.733,LOW,Analyst,Operations,0.0,11.0,Active,1.0,0.0,0.0
,,,73,,,,,,,,,,,,92736.0,lead.tech.285,HIGH,Manager,Operations,1.0,18.0,Active,1.0,14.0,1.0
,,,43,,,,,,,,,,,,108187.0,analyst.infra.439,MEDIUM,User,IT,0.0,2.0,Active,0.0,16.0,0.0
,,,16,,,,,,,,,,,,194432.0,temp.support.18,LOW,User,HR,0.0,25.0,Active,1.0,8.0,0.0
,,,74,,,,,,,,,,,,1447.0,lead.security.464,HIGH,Analyst,Operations,1.0,1.0,Active,0.0,0.0,0.0
,,,46,,,,,,,,,,,,4698.0,analyst.ops.566,MEDIUM,Analyst,IT,0.0,3.0,Active,0.0,4.0,0.0
,,,78,,,,,,,,,,,,24642.0,director.risk.286,HIGH,User,IT,1.0,5.0,Active,1.0,15.0,1.0
,,,47,,,,,,,,,,,,17937.0,specialist.security.646,MEDIUM,Analyst,Finance,0.0,24.0,Active,1.0,0.0,0.0
,,,16,,,,,,,,,,,,27646.0,temp.ops.218,LOW,Analyst,IT,0.0,13.0,Active,1.0,10.0,0.0
,,,24,,,,,,,,,,,,287757.0,guest.admin.728,LOW,User,Finance,0.0,8.0,Active,1.0,16.0,0.0
,,,72,,,,,,,,,,,,419637.0,lead.tech.746,HIGH,Analyst,IT,1.0,27.0,Active,1.0,7.0,1.0
,,,45,,,,,,,,,,,,89360.0,analyst.security.359,MEDIUM,Manager,Finance,0.0,10.0,Active,1.0,19.0,1.0
,,,77,,,,,,,,,,,,13634.0,director.trading.302,HIGH,Analyst,Operations,1.0,19.0,Active,0.0,13.0,0.0
,,,76,,,,,,,,,,,,3465.0,manager.tech.663,HIGH,User,IT,1.0,19.0,Suspended,0.0,15.0,0.0
,,,23,,,,,,,,,,,,96307.0,guest.ops.927,LOW,Analyst,Operations,0.0,22.0,Active,0.0,15.0,0.0
,,,78,,,,,,,,,,,,103986.0,manager.security.230,HIGH,Analyst,IT,1.0,2.0,Active,0.0,7.0,0.0
,,,93,,,,,,,,,,,,235300.0,head_security.board.262,CRITICAL,User,Legal,1.0,11.0,Active,1.0,11.0,0.0
,,,77,,,,,,,,,,,,224785.0,director.trading.997,HIGH,User,Operations,1.0,4.0,Active,1.0,15.0,0.0
,,,40,,,,,,,,,,,,174481.0,engineer.ops.485,MEDIUM,Exec,HR,0.0,1.0,Active,0.0,4.0,0.0
,,,40,,,,,,,,,,,,359585.0,analyst.risk.47,MEDIUM,User,IT,0.0,6.0,Active,1.0,0.0,0.0
,,,49,,,,,,,,,,,,7663.0,engineer.risk.524,MEDIUM,Analyst,Legal,0.0,4.0,Active,1.0,7.0,0.0
,,,24,,,,,,,,,,,,294837.0,guest.admin.950,LOW,User,Finance,0.0,26.0,Active,1.0,0.0,0.0
,,,48,,,,,,,,,,,,976.0,engineer.ops.612,MEDIUM,User,Finance,0.0,19.0,Active,0.0,1.0,0.0
,,,46,,,,,,,,,,,,577.0,engineer.security.136,MEDIUM,User,Operations,0.0,3.0,Active,0.0,2.0,1.0
,,,18,,,,,,,,,,,,9858.0,temp.admin.697,LOW,Analyst,HR,0.0,4.0,Active,1.0,8.0,0.0
,,,74,,,,,,,,,,,,389259.0,vp.trading.173,HIGH,User,HR,1.0,9.0,Suspended,1.0,2.0,0.0
,,,43,,,,,,,,,,,,59093.0,specialist.ops.302,MEDIUM,Analyst,IT,0.0,4.0,Active,0.0,0.0,0.0
,,,16,,,,,,,,,,,,27515.0,intern.ops.367,LOW,User,Operations,0.0,6.0,Active,1.0,0.0,0.0
,,,40,,,,,,,,,,,,29016.0,analyst.infra.458,MEDIUM,Analyst,IT,0.0,14.0,Active,0.0,11.0,1.0
,,,17,,,,,,,,,,,,283575.0,temp.support.669,LOW,Analyst,HR,0.0,11.0,Active,0.0,0.0,0.0
,,,19,,,,,,,,,,,,172803.0,temp.support.120,LOW,User,Finance,0.0,21.0,Active,0.0,0.0,0.0
,,,21,,,,,,,,,,,,447276.0,intern.support.728,LOW,Analyst,Finance,0.0,16.0,Active,1.0,0.0,0.0
,,,15,,,,,,,,,,,,14945.0,user.ops.832,LOW,Manager,Operations,0.0,3.0,Active,1.0,14.0,1.0
,,,79,,,,,,,,,,,,114916.0,vp.tech.256,HIGH,User,Finance,1.0,3.0,Active,1.0,3.0,0.0
,,,46,,,,,,,,,,,,210031.0,engineer.security.426,MEDIUM,Analyst,Finance,0.0,21.0,Active,0.0,10.0,1.0
,,,93,,,,,,,,,,,,5952.0,head_security.exec.70,CRITICAL,Analyst,IT,1.0,8.0,Active,1.0,11.0,0.0
,,,40,,,,,,,,,,,,142530.0,engineer.risk.620,MEDIUM,Manager,Operations,0.0,1.0,Active,1.0,0.0,0.0
,,,22,,,,,,,,,,,,17510.0,user.support.221,LOW,Analyst,Legal,0.0,16.0,Active,0.0,7.0,0.0
,,,73,,,,,,,,,,,,10320.0,lead.trading.942,HIGH,Analyst,Finance,1.0,28.0,Active,1.0,0.0,0.0
,,,70,,,,,,,,,,,,30636.0,director.security.245,HIGH,Manager,IT,1.0,16.0,Active,1.0,7.0,0.0
,,,17,,,,,,,,,,,,140970.0,guest.support.874,LOW,User,IT,0.0,11.0,Active,1.0,13.0,0.0
,,,49,,,,,,,,,,,,142114.0,analyst.risk.440,MEDIUM,User,Operations,0.0,4.0,Active,1.0,6.0,0.0
,,,95,,,,,,,,,,,,96642.0,cto.board.174,CRITICAL,Analyst,Finance,1.0,7.0,Active,1.0,0.0,0.0
,,,43,,,,,,,,,,,,21390.0,engineer.security.462,MEDIUM,Analyst,Legal,0.0,20.0,Active,0.0,1.0,0.0
,,,47,,,,,,,,,,,,105280.0,specialist.infra.622,MEDIUM,Analyst,Finance,0.0,15.0,Active,1.0,0.0,0.0
,,,49,,,,,,,,,,,,15101.0,admin.infra.586,MEDIUM,User,Legal,0.0,26.0,Active,1.0,1.0,0.0
,,,15,,,,,,,,,,,,3019.0,intern.support.515,LOW,User,IT,0.0,8.0,Active,1.0,3.0,0.0
,,,16,,,,,,,,,,,,91852.0,guest.ops.774,LOW,Analyst,Operations,0.0,17.0,Active,0.0,1.0,0.0
,,,46,,,,,,,,,,,,118930.0,specialist.risk.771,MEDIUM,Analyst,IT,0.0,6.0,Active,1.0,2.0,0.0
,,,48,,,,,,,,,,,,101673.0,engineer.infra.946,MEDIUM,Analyst,Operations,0.0,25.0,Suspended,0.0,3.0,0.0
,,,24,,,,,,,,,,,,22886.0,user.support.752,LOW,Analyst,HR,0.0,3.0,Active,0.0,1.0,0.0
,,,74,,,,,,,,,,,,84004.0,vp.trading.114,HIGH,Manager,IT,1.0,27.0,Active,1.0,1.0,0.0
,,,76,,,,,,,,,,,,18931.0,lead.security.195,HIGH,User,Finance,1.0,27.0,Active,1.0,0.0,0.0
,,,19,,,,,,,,,,,,313145.0,user.admin.894,LOW,User,Finance,0.0,4.0,Active,1.0,2.0,0.0
,,,44,,,,,,,,,,,,23514.0,engineer.risk.421,MEDIUM,User,Operations,0.0,27.0,Active,1.0,3.0,0.0
,,,98,,,,,,,,,,,,199608.0,ceo.exec.64,CRITICAL,User,Legal,1.0,20.0,Suspended,1.0,0.0,0.0
,,,22,,,,,,,,,,,,8300.0,temp.support.366,LOW,Analyst,IT,0.0,5.0,Active,0.0,1.0,0.0
,,,21,,,,,,,,,,,,197095.0,temp.support.915,LOW,Exec,Operations,0.0,1.0,Active,0.0,0.0,0.0
,,,49,,,,,,,,,,,,42596.0,admin.security.533,MEDIUM,User,IT,0.0,17.0,Active,1.0,0.0,0.0
,,,99,,,,,,,,,,,,14376.0,ceo.exec.66,CRITICAL,Analyst,Legal,1.0,17.0,Active,1.0,2.0,0.0
,,,16,,,,,,,,,,,,43116.0,intern.admin.918,LOW,Analyst,Operations,0.0,21.0,Inactive,1.0,1.0,0.0
,,,46,,,,,,,,,,,,209865.0,engineer.security.198,MEDIUM,Analyst,Operations,0.0,8.0,Active,1.0,1.0,0.0
,,,74,,,,,,,,,,,,8187.0,lead.trading.558,HIGH,User,Legal,1.0,7.0,Suspended,1.0,2.0,0.0
,,,77,,,,,,,,,,,,8737.0,lead.security.72,HIGH,User,Operations,1.0,28.0,Active,1.0,2.0,0.0
,,,49,,,,,,,,,,,,127893.0,specialist.infra.570,MEDIUM,User,Operations,0.0,15.0,Active,1.0,1.0,1.0
,,,42,,,,,,,,,,,,2261.0,analyst.ops.833,MEDIUM,Analyst,IT,0.0,4.0,Active,0.0,0.0,0.0
,,,71,,,,,,,,,,,,20629.0,lead.trading.757,HIGH,Manager,IT,1.0,22.0,Active,1.0,10.0,0.0
,,,79,,,,,,,,,,,,243292.0,manager.security.100,HIGH,Analyst,Finance,1.0,9.0,Active,1.0,8.0,0.0
,,,19,,,,,,,,,,,,8271.0,intern.support.659,LOW,Analyst,Finance,0.0,26.0,Active,0.0,2.0,0.0
,,,48,,,,,,,,,,,,207890.0,analyst.risk.447,MEDIUM,Analyst,Operations,0.0,14.0,Active,0.0,1.0,0.0
,,,91,,,,,,,,,,,,11123.0,head_security.exec.913,CRITICAL,User,Operations,1.0,25.0,Active,1.0,2.0,0.0
,,,44,,,,,,,,,,,,112776.0,engineer.security.05,MEDIUM,Manager,Legal,0.0,20.0,Active,0.0,5.0,0.0
,,,48,,,,,,,,,,,,191295.0,specialist.ops.355,MEDIUM,Manager,Legal,0.0,17.0,Active,0.0,5.0,0.0
,,,97,,,,,,,,,,,,108932.0,head_security.board.640,CRITICAL,Analyst,Operations,1.0,23.0,Active,1.0,3.0,0.0
,,,43,,,,,,,,,,,,47534.0,admin.security.336,MEDIUM,User,HR,0.0,23.0,Active,0.0,2.0,0.0
,,,24,,,,,,,,,,,,65059.0,intern.ops.775,LOW,Manager,HR,0.0,20.0,Active,0.0,2.0,1.0
,,,42,,,,,,,,,,,,94224.0,admin.security.528,MEDIUM,Analyst,Finance,0.0,16.0,Active,0.0,0.0,0.0
,,,16,,,,,,,,,,,,90657.0,user.support.821,LOW,Analyst,Operations,0.0,7.0,Suspended,0.0,0.0,0.0
,,,46,,,,,,,,,,,,263257.0,admin.infra.10,MEDIUM,User,IT,0.0,3.0,Active,1.0,0.0,0.0
,,,70,,,,,,,,,,,,440778.0,lead.security.272,HIGH,User,Finance,1.0,4.0,Active,1.0,14.0,0.0
,,,48,,,,,,,,,,,,11754.0,engineer.security.216,MEDIUM,Manager,Finance,0.0,8.0,Active,0.0,0.0,0.0
,,,21,,,,,,,,,,,,258414.0,guest.admin.470,LOW,Analyst,IT,0.0,27.0,Active,1.0,0.0,0.0
,,,79,,,,,,,,,,,,206207.0,lead.tech.721,HIGH,Analyst,Operations,1.0,10.0,Active,1.0,12.0,1.0
,,,44,,,,,,,,,,,,7125.0,admin.infra.636,MEDIUM,Manager,IT,0.0,29.0,Active,1.0,1.0,0.0
,,,42,,,,,,,,,,,,121532.0,engineer.risk.673,MEDIUM,Analyst,Operations,0.0,21.0,Active,0.0,25.0,0.0
,,,16,,,,,,,,,,,,40761.0,guest.admin.38,LOW,User,Operations,0.0,9.0,Active,1.0,1.0,0.0
,,,18,,,,,,,,,,,,144750.0,user.ops.790,LOW,Manager,IT,0.0,23.0,Active,0.0,22.0,1.0
,,,47,,,,,,,,,,,,339212.0,specialist.security.662,MEDIUM,User,Operations,0.0,4.0,Active,0.0,0.0,0.0
,,,48,,,,,,,,,,,,351948.0,admin.ops.383,MEDIUM,User,Finance,0.0,14.0,Active,1.0,0.0,0.0
,,,77,,,,,,,,,,,,3214.0,lead.tech.275,HIGH,User,Legal,1.0,13.0,Active,1.0,1.0,0.0
,,,47,,,,,,,,,,,,9257.0,admin.infra.611,MEDIUM,Exec,IT,0.0,9.0,Active,0.0,2.0,0.0
,,,70,,,,,,,,,,,,348218.0,lead.risk.135,HIGH,Analyst,Legal,1.0,8.0,Active,0.0,1.0,0.0
,,,16,,,,,,,,,,,,210927.0,temp.ops.998,LOW,Manager,Legal,0.0,13.0,Active,1.0,0.0,0.0
,,,47,,,,,,,,,,,,3943.0,admin.ops.836,MEDIUM,User,HR,0.0,28.0,Active,1.0,6.0,0.0
,,,46,,,,,,,,,,,,190590.0,admin.infra.523,MEDIUM,Manager,Finance,0.0,29.0,Active,0.0,0.0,0.0
,,,49,,,,,,,,,,,,198403.0,admin.ops.989,MEDIUM,Analyst,Legal,0.0,20.0,Active,0.0,1.0,0.0
,,,98,,,,,,,,,,,,5380.0,head_security.board.574,CRITICAL,Analyst,IT,1.0,2.0,Active,1.0,0.0,0.0
,,,44,,,,,,,,,,,,388970.0,analyst.ops.961,MEDIUM,Exec,IT,0.0,18.0,Active,0.0,0.0,0.0
,,,79,,,,,,,,,,,,10375.0,lead.trading.745,HIGH,Analyst,IT,1.0,17.0,Inactive,1.0,4.0,0.0
,,,18,,,,,,,,,,,,57063.0,temp.support.936,LOW,Analyst,Operations,0.0,21.0,Active,0.0,2.0,0.0
,,,18,,,,,,,,,,,,252305.0,intern.support.107,LOW,User,Operations,0.0,19.0,Active,0.0,0.0,0.0
,,,41,,,,,,,,,,,,138025.0,admin.risk.523,MEDIUM,Analyst,Finance,0.0,14.0,Active,0.0,0.0,0.0
,,,98,,,,,,,,,,,,7962.0,ceo.exec.193,CRITICAL,Analyst,Operations,1.0,18.0,Active,1.0,11.0,1.0
,,,40,,,,,,,,,,,,29948.0,analyst.security.27,MEDIUM,Analyst,Legal,0.0,11.0,Active,0.0,0.0,0.0
,,,70,,,,,,,,,,,,208345.0,manager.tech.208,HIGH,User,IT,1.0,5.0,Active,1.0,0.0,0.0
,,,16,,,,,,,,,,,,22301.0,user.support.548,LOW,User,IT,0.0,12.0,Active,1.0,0.0,0.0
,,,74,,,,,,,,,,,,159516.0,manager.trading.235,HIGH,User,Legal,1.0,20.0,Inactive,1.0,2.0,0.0
,,,91,,,,,,,,,,,,41847.0,cfo.board.938,CRITICAL,Manager,Operations,1.0,21.0,Suspended,1.0,12.0,1.0
,,,44,,,,,,,,,,,,378360.0,admin.ops.560,MEDIUM,Analyst,Finance,0.0,12.0,Active,1.0,9.0,0.0
,,,75,,,,,,,,,,,,12379.0,lead.tech.266,HIGH,Exec,Legal,1.0,22.0,Active,1.0,2.0,1.0
,,,42,,,,,,,,,,,,59846.0,specialist.risk.388,MEDIUM,Analyst,Finance,0.0,22.0,Active,0.0,0.0,0.0
,,,47,,,,,,,,,,,,12849.0,admin.infra.783,MEDIUM,Analyst,Finance,0.0,6.0,Active,0.0,5.0,0.0
,,,48,,,,,,,,,,,,197378.0,engineer.ops.580,MEDIUM,User,Finance,0.0,27.0,Active,1.0,1.0,0.0
,,,42,,,,,,,,,,,,15776.0,admin.security.476,MEDIUM,Analyst,Operations,0.0,2.0,Active,1.0,3.0,0.0
,,,20,,,,,,,,,,,,232986.0,temp.admin.166,LOW,Analyst,Finance,0.0,20.0,Active,0.0,0.0,0.0
,,,47,,,,,,,,,,,,313195.0,engineer.infra.923,MEDIUM,Manager,Finance,0.0,25.0,Active,0.0,1.0,0.0
,,,45,,,,,,,,,,,,94321.0,engineer.risk.640,MEDIUM,User,Operations,0.0,6.0,Active,0.0,1.0,0.0
,,,40,,,,,,,,,,,,98646.0,specialist.security.41,MEDIUM,User,HR,0.0,4.0,Active,1.0,1.0,0.0
,,,44,,,,,,,,,,,,51412.0,admin.risk.693,MEDIUM,Analyst,IT,0.0,21.0,Active,1.0,6.0,0.0
,,,16,,,,,,,,,,,,3383.0,temp.support.630,LOW,Exec,IT,0.0,17.0,Active,0.0,2.0,0.0
,,,70,,,,,,,,,,,,67075.0,lead.tech.531,HIGH,Analyst,Operations,1.0,2.0,Active,1.0,9.0,0.0
,,,40,,,,,,,,,,,,224341.0,engineer.ops.519,MEDIUM,Analyst,Finance,0.0,3.0,Active,1.0,1.0,0.0
,,,40,,,,,,,,,,,,1355.0,analyst.ops.899,MEDIUM,Analyst,Operations,0.0,28.0,Active,1.0,23.0,1.0
,,,77,,,,,,,,,,,,37755.0,director.security.06,HIGH,User,Operations,1.0,15.0,Active,1.0,5.0,0.0
,,,41,,,,,,,,,,,,41015.0,engineer.ops.229,MEDIUM,Analyst,Operations,0.0,18.0,Active,1.0,6.0,0.0
,,,23,,,,,,,,,,,,95967.0,guest.ops.540,LOW,User,IT,0.0,4.0,Active,1.0,3.0,1.0
,,,42,,,,,,,,,,,,46608.0,analyst.security.158,MEDIUM,Analyst,IT,0.0,13.0,Active,0.0,1.0,0.0
,,,97,,,,,,,,,,,,8174.0,head_security.board.784,CRITICAL,User,IT,1.0,6.0,Active,1.0,11.0,0.0
,,,78,,,,,,,,,,,,12408.0,vp.risk.166,HIGH,Exec,Operations,1.0,11.0,Active,1.0,3.0,0.0
,,,70,,,,,,,,,,,,76029.0,manager.tech.169,HIGH,Analyst,IT,1.0,5.0,Active,1.0,3.0,0.0
,,,18,,,,,,,,,,,,445559.0,temp.admin.559,LOW,User,Finance,0.0,3.0,Inactive,0.0,2.0,0.0
,,,72,,,,,,,,,,,,103614.0,manager.risk.204,HIGH,Manager,Finance,1.0,7.0,Active,1.0,12.0,1.0
,,,74,,,,,,,,,,,,120153.0,vp.risk.821,HIGH,User,Operations,1.0,8.0,Suspended,1.0,8.0,0.0
,,,49,,,,,,,,,,,,193858.0,analyst.security.23,MEDIUM,User,Legal,0.0,18.0,Active,1.0,1.0,0.0
,,,70,,,,,,,,,,,,273100.0,vp.tech.814,HIGH,Manager,Legal,1.0,1.0,Active,1.0,3.0,0.0
,,,23,,,,,,,,,,,,720.0,intern.ops.895,LOW,User,HR,0.0,22.0,Active,0.0,7.0,0.0
,,,19,,,,,,,,,,,,320031.0,intern.admin.540,LOW,User,Legal,0.0,12.0,Active,1.0,0.0,0.0
,,,40,,,,,,,,,,,,28927.0,analyst.risk.511,MEDIUM,Analyst,IT,0.0,25.0,Active,1.0,1.0,1.0
,,,43,,,,,,,,,,,,267758.0,specialist.infra.279,MEDIUM,Analyst,IT,0.0,7.0,Inactive,1.0,4.0,0.0
,,,19,,,,,,,,,,,,242283.0,intern.admin.858,LOW,Manager,Finance,0.0,11.0,Active,0.0,2.0,0.0
,,,18,,,,,,,,,,,,332.0,guest.admin.233,LOW,Analyst,HR,0.0,0.0,Active,0.0,0.0,0.0
,,,43,,,,,,,,,,,,74724.0,engineer.risk.195,MEDIUM,Analyst,Operations,0.0,21.0,Active,0.0,2.0,0.0
,,,44,,,,,,,,,,,,362821.0,analyst.security.382,MEDIUM,Analyst,HR,0.0,18.0,Active,0.0,1.0,0.0
,,,17,,,,,,,,,,,,839.0,intern.support.323,LOW,Analyst,Finance,0.0,14.0,Active,1.0,1.0,0.0
,,,78,,,,,,,,,,,,115856.0,manager.security.171,HIGH,Analyst,Operations,1.0,16.0,Active,1.0,0.0,0.0
,,,19,,,,,,,,,,,,374284.0,intern.admin.408,LOW,Manager,Finance,0.0,0.0,Active,1.0,0.0,0.0
,,,90,,,,,,,,,,,,89023.0,cto.board.431,CRITICAL,Analyst,Operations,1.0,1.0,Active,1.0,0.0,0.0
,,,49,,,,,,,,,,,,60188.0,specialist.security.681,MEDIUM,Analyst,Operations,0.0,10.0,Active,1.0,1.0,0.0
,,,47,,,,,,,,,,,,245795.0,specialist.security.617,MEDIUM,User,Legal,0.0,20.0,Active,1.0,2.0,0.0
,,,16,,,,,,,,,,,,36604.0,intern.support.620,LOW,Analyst,Finance,0.0,19.0,Active,1.0,0.0,0.0
,,,46,,,,,,,,,,,,433382.0,admin.infra.452,MEDIUM,Analyst,Operations,0.0,3.0,Active,1.0,0.0,0.0
,,,46,,,,,,,,,,,,76118.0,analyst.security.557,MEDIUM,Manager,Finance,0.0,6.0,Active,0.0,0.0,0.0
,,,73,,,,,,,,,,,,1134.0,lead.tech.934,HIGH,Analyst,Operations,1.0,7.0,Active,1.0,11.0,0.0
,,,73,,,,,,,,,,,,386197.0,manager.trading.216,HIGH,User,IT,1.0,19.0,Active,1.0,0.0,0.0
,,,21,,,,,,,,,,,,176472.0,intern.admin.885,LOW,User,Legal,0.0,7.0,Active,0.0,1.0,0.0
,,,47,,,,,,,,,,,,3546.0,engineer.ops.877,MEDIUM,Analyst,HR,0.0,23.0,Active,1.0,7.0,0.0
,,,76,,,,,,,,,,,,119851.0,lead.risk.178,HIGH,User,IT,1.0,0.0,Active,1.0,0.0,0.0
,,,74,,,,,,,,,,,,12661.0,manager.tech.272,HIGH,Manager,Legal,1.0,15.0,Active,1.0,2.0,0.0
,,,40,,,,,,,,,,,,1025.0,analyst.security.368,MEDIUM,Manager,Legal,0.0,10.0,Active,0.0,19.0,0.0
,,,43,,,,,,,,,,,,74565.0,specialist.risk.678,MEDIUM,User,Finance,0.0,15.0,Active,0.0,0.0,0.0
,,,91,,,,,,,,,,,,124354.0,cfo.exec.444,CRITICAL,User,Finance,1.0,19.0,Active,1.0,0.0,0.0
,,,45,,,,,,,,,,,,12913.0,admin.infra.637,MEDIUM,Manager,IT,0.0,17.0,Active,0.0,4.0,0.0
,,,91,,,,,,,,,,,,111961.0,ceo.exec.344,CRITICAL,Analyst,Operations,1.0,10.0,Active,1.0,12.0,0.0
,,,22,,,,,,,,,,,,12771.0,temp.ops.566,LOW,Manager,IT,0.0,5.0,Suspended,0.0,0.0,0.0
,,,91,,,,,,,,,,,,351.0,head_security.exec.215,CRITICAL,User,IT,1.0,8.0,Active,1.0,0.0,0.0
,,,42,,,,,,,,,,,,183050.0,analyst.risk.313,MEDIUM,Exec,Legal,0.0,8.0,Active,0.0,2.0,0.0
,,,24,,,,,,,,,,,,60271.0,temp.admin.874,LOW,Manager,Legal,0.0,1.0,Active,0.0,10.0,1.0
,,,73,,,,,,,,,,,,144761.0,vp.trading.685,HIGH,Analyst,Operations,1.0,14.0,Suspended,1.0,4.0,0.0
,,,17,,,,,,,,,,,,276715.0,intern.admin.858,LOW,Manager,Operations,0.0,26.0,Active,1.0,3.0,0.0
,,,45,,,,,,,,,,,,148143.0,engineer.ops.809,MEDIUM,User,IT,0.0,23.0,Active,1.0,1.0,0.0
,,,91,,,,,,,,,,,,21681.0,cfo.board.74,CRITICAL,Manager,HR,1.0,20.0,Suspended,1.0,2.0,0.0
,,,47,,,,,,,,,,,,416920.0,engineer.risk.529,MEDIUM,User,Finance,0.0,4.0,Active,0.0,0.0,0.0
,,,44,,,,,,,,,,,,386464.0,engineer.infra.776,MEDIUM,Manager,HR,0.0,21.0,Active,1.0,1.0,0.0
,,,96,,,,,,,,,,,,169642.0,cto.exec.524,CRITICAL,Exec,Finance,1.0,12.0,Suspended,0.0,17.0,1.0
,,,46,,,,,,,,,,,,34433.0,engineer.ops.942,MEDIUM,User,Operations,0.0,26.0,Active,1.0,6.0,1.0
,,,23,,,,,,,,,,,,162184.0,guest.support.808,LOW,User,Finance,0.0,28.0,Active,0.0,1.0,0.0
,,,15,,,,,,,,,,,,148838.0,guest.admin.542,LOW,Manager,HR,0.0,26.0,Active,1.0,2.0,0.0
,,,47,,,,,,,,,,,,126434.0,admin.ops.678,MEDIUM,Analyst,Legal,0.0,8.0,Active,1.0,0.0,0.0
,,,99,,,,,,,,,,,,166338.0,cfo.board.391,CRITICAL,Analyst,HR,1.0,20.0,Active,1.0,17.0,0.0
,,,48,,,,,,,,,,,,118675.0,engineer.risk.240,MEDIUM,User,Operations,0.0,15.0,Active,1.0,14.0,0.0
,,,44,,,,,,,,,,,,208511.0,admin.security.520,MEDIUM,User,Legal,0.0,0.0,Inactive,1.0,1.0,0.0
,,,77,,,,,,,,,,,,118992.0,lead.security.108,HIGH,Manager,Finance,1.0,15.0,Active,1.0,0.0,0.0
,,,74,,,,,,,,,,,,20327.0,director.security.275,HIGH,Manager,Legal,1.0,14.0,Active,0.0,0.0,0.0
,,,42,,,,,,,,,,,,692.0,analyst.security.190,MEDIUM,Exec,Operations,0.0,15.0,Active,1.0,11.0,0.0
,,,41,,,,,,,,,,,,80658.0,admin.infra.787,MEDIUM,Exec,IT,0.0,13.0,Active,0.0,0.0,0.0
,,,78,,,,,,,,,,,,27174.0,manager.trading.116,HIGH,User,Legal,1.0,22.0,Active,1.0,0.0,0.0
,,,18,,,,,,,,,,,,237051.0,guest.support.940,LOW,User,HR,0.0,14.0,Active,0.0,17.0,0.0
,,,45,,,,,,,,,,,,7768.0,engineer.risk.455,MEDIUM,User,HR,0.0,10.0,Active,0.0,13.0,0.0
,,,79,,,,,,,,,,,,38921.0,vp.security.149,HIGH,User,Legal,1.0,2.0,Active,1.0,3.0,0.0
,,,72,,,,,,,,,,,,4.0,vp.security.901,HIGH,Exec,Operations,1.0,29.0,Active,0.0,0.0,0.0
,,,46,,,,,,,,,,,,247548.0,analyst.security.167,MEDIUM,User,HR,0.0,25.0,Active,0.0,0.0,0.0
,,,77,,,,,,,,,,,,130798.0,manager.tech.295,HIGH,Manager,Operations,1.0,5.0,Active,1.0,1.0,0.0
,,,41,,,,,,,,,,,,335838.0,analyst.risk.697,MEDIUM,Manager,Operations,0.0,0.0,Active,1.0,0.0,0.0
,,,40,,,,,,,,,,,,8022.0,specialist.security.414,MEDIUM,Analyst,IT,0.0,1.0,Active,0.0,0.0,0.0
,,,15,,,,,,,,,,,,4160.0,user.admin.831,LOW,User,Legal,0.0,4.0,Active,0.0,6.0,0.0
,,,45,,,,,,,,,,,,208395.0,analyst.security.109,MEDIUM,Analyst,Operations,0.0,19.0,Active,1.0,1.0,0.0
,,,23,,,,,,,,,,,,176960.0,user.support.767,LOW,User,Finance,0.0,25.0,Inactive,0.0,0.0,0.0
,,,17,,,,,,,,,,,,197155.0,intern.admin.795,LOW,Analyst,HR,0.0,6.0,Active,1.0,0.0,0.0
,,,49,,,,,,,,,,,,245593.0,engineer.security.867,MEDIUM,User,Operations,0.0,17.0,Active,1.0,0.0,0.0
,,,70,,,,,,,,,,,,39034.0,director.security.108,HIGH,User,Finance,1.0,2.0,Suspended,1.0,1.0,0.0
,,,96,,,,,,,,,,,,122692.0,head_security.board.604,CRITICAL,User,Finance,1.0,27.0,Active,1.0,16.0,1.0
,,,42,,,,,,,,,,,,191572.0,specialist.security.414,MEDIUM,User,Finance,0.0,29.0,Active,0.0,11.0,1.0
,,,94,,,,,,,,,,,,112430.0,cto.exec.345,CRITICAL,Analyst,Legal,1.0,11.0,Active,1.0,1.0,1.0
,,,73,,,,,,,,,,,,209559.0,manager.security.203,HIGH,User,Legal,1.0,6.0,Active,1.0,0.0,0.0
,,,47,,,,,,,,,,,,344159.0,analyst.security.277,MEDIUM,User,IT,0.0,25.0,Active,1.0,0.0,0.0
,,,71,,,,,,,,,,,,381109.0,manager.trading.180,HIGH,Analyst,Operations,1.0,22.0,Active,1.0,0.0,0.0
,,,43,,,,,,,,,,,,252164.0,admin.ops.308,MEDIUM,User,IT,0.0,9.0,Active,1.0,0.0,0.0
,,,18,,,,,,,,,,,,235728.0,guest.support.982,LOW,Analyst,Finance,0.0,8.0,Active,0.0,0.0,0.0
,,,99,,,,,,,,,,,,343954.0,ceo.exec.809,CRITICAL,Analyst,Legal,1.0,7.0,Active,1.0,10.0,0.0
,,,46,,,,,,,,,,,,182937.0,specialist.risk.370,MEDIUM,Analyst,Legal,0.0,22.0,Active,0.0,0.0,0.0
,,,46,,,,,,,,,,,,32081.0,admin.security.172,MEDIUM,Manager,HR,0.0,15.0,Active,1.0,16.0,1.0
,,,47,,,,,,,,,,,,529.0,engineer.ops.439,MEDIUM,Analyst,HR,0.0,9.0,Inactive,0.0,13.0,1.0
,,,15,,,,,,,,,,,,182107.0,temp.ops.785,LOW,Analyst,IT,0.0,21.0,Active,0.0,0.0,0.0
,,,41,,,,,,,,,,,,197476.0,analyst.security.354,MEDIUM,Analyst,Legal,0.0,5.0,Suspended,1.0,11.0,0.0
,,,72,,,,,,,,,,,,13625.0,vp.security.39,HIGH,User,Legal,1.0,28.0,Active,1.0,11.0,0.0
,,,22,,,,,,,,,,,,348.0,intern.admin.924,LOW,User,Legal,0.0,28.0,Active,1.0,1.0,0.0
,,,41,,,,,,,,,,,,280527.0,specialist.security.292,MEDIUM,User,Operations,0.0,0.0,Active,1.0,0.0,0.0
,,,15,,,,,,,,,,,,437679.0,user.ops.631,LOW,Analyst,Operations,0.0,25.0,Active,0.0,14.0,0.0
,,,92,,,,,,,,,,,,317857.0,ceo.exec.88,CRITICAL,Exec,Operations,1.0,27.0,Active,1.0,0.0,0.0
,,,21,,,,,,,,,,,,110234.0,temp.ops.863,LOW,User,IT,0.0,14.0,Active,0.0,11.0,1.0
,,,24,,,,,,,,,,,,11414.0,guest.support.937,LOW,Analyst,IT,0.0,29.0,Active,0.0,0.0,0.0
,,,79,,,,,,,,,,,,82042.0,lead.risk.219,HIGH,Analyst,Operations,1.0,7.0,Active,1.0,1.0,0.0
,,,44,,,,,,,,,,,,61147.0,admin.infra.908,MEDIUM,Exec,IT,0.0,19.0,Active,0.0,15.0,0.0
,,,17,,,,,,,,,,,,230740.0,intern.support.455,LOW,User,Legal,0.0,4.0,Active,0.0,13.0,1.0
,,,76,,,,,,,,,,,,9417.0,manager.tech.167,HIGH,User,Operations,1.0,19.0,Active,1.0,1.0,0.0
,,,23,,,,,,,,,,,,85473.0,intern.ops.520,LOW,Analyst,IT,0.0,24.0,Active,0.0,0.0,0.0
,,,46,,,,,,,,,,,,39091.0,analyst.infra.579,MEDIUM,User,Operations,0.0,6.0,Active,1.0,1.0,0.0
,,,49,,,,,,,,,,,,116952.0,analyst.risk.713,MEDIUM,Analyst,Finance,0.0,27.0,Active,0.0,0.0,0.0
,,,18,,,,,,,,,,,,26613.0,user.ops.229,LOW,Analyst,Finance,0.0,20.0,Active,1.0,1.0,0.0
,,,15,,,,,,,,,,,,3202.0,user.support.182,LOW,User,IT,0.0,19.0,Active,1.0,3.0,0.0
,,,17,,,,,,,,,,,,429379.0,temp.admin.664,LOW,Analyst,Finance,0.0,19.0,Active,0.0,0.0,0.0
,,,48,,,,,,,,,,,,364455.0,analyst.ops.403,MEDIUM,Analyst,Finance,0.0,25.0,Active,1.0,2.0,0.0
,,,74,,,,,,,,,,,,51486.0,vp.tech.298,HIGH,Analyst,HR,1.0,26.0,Active,0.0,0.0,0.0
,,,22,,,,,,,,,,,,359924.0,guest.admin.896,LOW,User,Finance,0.0,18.0,Active,0.0,15.0,0.0
,,,70,,,,,,,,,,,,85296.0,vp.security.325,HIGH,Manager,Finance,1.0,21.0,Active,1.0,15.0,1.0
,,,99,,,,,,,,,,,,2872.0,cto.exec.369,CRITICAL,User,Operations,1.0,23.0,Active,1.0,12.0,0.0
,,,90,,,,,,,,,,,,134163.0,head_security.board.45,CRITICAL,Exec,Finance,1.0,25.0,Active,1.0,2.0,0.0
,,,42,,,,,,,,,,,,298795.0,admin.risk.695,MEDIUM,Analyst,Legal,0.0,10.0,Active,0.0,2.0,0.0
,,,24,,,,,,,,,,,,14832.0,user.support.476,LOW,User,HR,0.0,2.0,Suspended,0.0,18.0,1.0
,,,45,,,,,,,,,,,,29037.0,specialist.risk.402,MEDIUM,Manager,IT,0.0,14.0,Active,0.0,19.0,0.0
,,,72,,,,,,,,,,,,26540.0,vp.tech.281,HIGH,Analyst,Finance,1.0,0.0,Active,0.0,0.0,0.0
,,,78,,,,,,,,,,,,61182.0,lead.risk.600,HIGH,Analyst,IT,1.0,10.0,Active,0.0,1.0,0.0
,,,18,,,,,,,,,,,,23582.0,guest.ops.219,LOW,User,IT,0.0,21.0,Active,1.0,3.0,0.0
,,,41,,,,,,,,,,,,304.0,analyst.security.592,MEDIUM,Analyst,IT,0.0,20.0,Active,0.0,0.0,0.0
,,,15,,,,,,,,,,,,398655.0,intern.support.566,LOW,Exec,Operations,0.0,8.0,Active,0.0,0.0,0.0
,,,77,,,,,,,,,,,,27886.0,manager.trading.86,HIGH,User,Operations,1.0,14.0,Active,1.0,4.0,0.0
,,,40,,,,,,,,,,,,55335.0,admin.ops.384,MEDIUM,Exec,Operations,0.0,6.0,Active,1.0,0.0,0.0
,,,41,,,,,,,,,,,,80906.0,engineer.infra.619,MEDIUM,Analyst,Operations,0.0,2.0,Active,1.0,2.0,0.0
,,,74,,,,,,,,,,,,10029.0,manager.security.263,HIGH,Analyst,IT,1.0,13.0,Active,1.0,3.0,0.0
,,,19,,,,,,,,,,,,52284.0,guest.support.472,LOW,Analyst,HR,0.0,14.0,Active,1.0,2.0,0.0
,,,20,,,,,,,,,,,,449443.0,intern.ops.781,LOW,User,HR,0.0,2.0,Active,0.0,4.0,0.0
,,,15,,,,,,,,,,,,30819.0,temp.admin.775,LOW,User,IT,0.0,20.0,Active,0.0,0.0,0.0
,,,44,,,,,,,,,,,,45931.0,specialist.risk.634,MEDIUM,Analyst,Operations,0.0,2.0,Active,0.0,1.0,0.0
,,,16,,,,,,,,,,,,240227.0,user.admin.324,LOW,Analyst,Operations,0.0,28.0,Active,0.0,5.0,0.0
,,,79,,,,,,,,,,,,405351.0,director.trading.110,HIGH,User,Operations,1.0,15.0,Active,0.0,1.0,0.0
,,,97,,,,,,,,,,,,1587.0,head_security.board.866,CRITICAL,Analyst,Finance,1.0,6.0,Active,1.0,4.0,0.0
,,,24,,,,,,,,,,,,373988.0,user.support.959,LOW,Analyst,Finance,0.0,0.0,Active,0.0,3.0,0.0
,,,44,,,,,,,,,,,,12471.0,engineer.security.641,MEDIUM,Analyst,Finance,0.0,23.0,Active,1.0,0.0,0.0
,,,48,,,,,,,,,,,,10034.0,analyst.security.684,MEDIUM,Analyst,Legal,0.0,20.0,Active,1.0,0.0,0.0
,,,20,,,,,,,,,,,,194492.0,temp.ops.887,LOW,User,HR,0.0,28.0,Active,0.0,3.0,0.0
,,,40,,,,,,,,,,,,6865.0,admin.security.318,MEDIUM,User,Operations,0.0,8.0,Inactive,1.0,1.0,0.0
,,,45,,,,,,,,,,,,419111.0,analyst.infra.551,MEDIUM,Manager,IT,0.0,15.0,Active,1.0,0.0,0.0
,,,20,,,,,,,,,,,,115849.0,user.support.800,LOW,User,Finance,0.0,11.0,Active,1.0,1.0,0.0
,,,71,,,,,,,,,,,,7762.0,lead.tech.403,HIGH,User,HR,1.0,13.0,Active,0.0,3.0,0.0
,,,16,,,,,,,,,,,,280157.0,intern.support.767,LOW,Manager,Legal,0.0,28.0,Inactive,0.0,0.0,0.0
,,,22,,,,,,,,,,,,4743.0,temp.admin.940,LOW,Analyst,HR,0.0,25.0,Active,0.0,0.0,0.0
,,,24,,,,,,,,,,,,3719.0,intern.admin.720,LOW,Manager,HR,0.0,2.0,Active,1.0,6.0,0.0
,,,40,,,,,,,,,,,,157756.0,analyst.risk.402,MEDIUM,Manager,IT,0.0,22.0,Active,0.0,2.0,0.0
,,,99,,,,,,,,,,,,5004.0,head_security.board.295,CRITICAL,Analyst,Operations,1.0,7.0,Active,1.0,3.0,0.0
,,,43,,,,,,,,,,,,34513.0,admin.infra.452,MEDIUM,User,Finance,0.0,10.0,Active,1.0,1.0,0.0
,,,19,,,,,,,,,,,,379142.0,intern.admin.972,LOW,Analyst,IT,0.0,7.0,Active,0.0,0.0,0.0
,,,79,,,,,,,,,,,,1195.0,director.trading.167,HIGH,User,IT,1.0,29.0,Active,1.0,0.0,0.0
,,,42,,,,,,,,,,,,187.0,engineer.security.760,MEDIUM,User,IT,0.0,15.0,Active,0.0,3.0,0.0
,,,72,,,,,,,,,,,,1272.0,director.trading.247,HIGH,User,IT,1.0,22.0,Suspended,1.0,2.0,0.0
,,,42,,,,,,,,,,,,208460.0,engineer.risk.405,MEDIUM,Analyst,Finance,0.0,22.0,Active,0.0,0.0,0.0
,,,73,,,,,,,,,,,,77.0,manager.security.862,HIGH,User,Finance,1.0,24.0,Active,1.0,0.0,0.0
,,,48,,,,,,,,,,,,908.0,analyst.security.55,MEDIUM,User,Finance,0.0,1.0,Active,0.0,2.0,0.0
,,,17,,,,,,,,,,,,78.0,temp.support.816,LOW,User,Finance,0.0,16.0,Active,0.0,1.0,0.0
,,,45,,,,,,,,,,,,441633.0,specialist.infra.681,MEDIUM,User,IT,0.0,11.0,Active,0.0,0.0,0.0
,,,20,,,,,,,,,,,,2868.0,temp.ops.833,LOW,Analyst,Legal,0.0,8.0,Active,1.0,1.0,0.0
,,,18,,,,,,,,,,,,181182.0,intern.ops.784,LOW,Analyst,Finance,0.0,21.0,Active,0.0,2.0,0.0
,,,22,,,,,,,,,,,,399842.0,temp.support.123,LOW,Analyst,Finance,0.0,21.0,Active,0.0,0.0,0.0
,,,23,,,,,,,,,,,,339573.0,intern.ops.355,LOW,Analyst,Legal,0.0,15.0,Active,0.0,1.0,0.0
,,,49,,,,,,,,,,,,235960.0,specialist.security.265,MEDIUM,User,Finance,0.0,1.0,Active,1.0,0.0,0.0
,,,98,,,,,,,,,,,,364789.0,cfo.board.82,CRITICAL,User,Operations,1.0,22.0,Suspended,1.0,0.0,0.0
,,,71,,,,,,,,,,,,4760.0,lead.tech.863,HIGH,Analyst,Operations,1.0,9.0,Active,1.0,2.0,0.0
,,,74,,,,,,,,,,,,216663.0,lead.security.684,HIGH,Analyst,HR,1.0,4.0,Active,0.0,0.0,0.0
,,,48,,,,,,,,,,,,16429.0,analyst.risk.804,MEDIUM,Manager,HR,0.0,19.0,Active,0.0,0.0,0.0
,,,97,,,,,,,,,,,,109890.0,cfo.exec.272,CRITICAL,Analyst,HR,1.0,17.0,Active,1.0,0.0,0.0
,,,72,,,,,,,,,,,,22241.0,vp.risk.986,HIGH,User,HR,1.0,27.0,Active,1.0,4.0,0.0
,,,45,,,,,,,,,,,,192760.0,analyst.infra.981,MEDIUM,Exec,Operations,0.0,17.0,Active,0.0,1.0,0.0
,,,79,,,,,,,,,,,,290529.0,lead.tech.182,HIGH,User,Finance,1.0,17.0,Active,1.0,0.0,0.0
,,,19,,,,,,,,,,,,60670.0,temp.ops.878,LOW,User,Operations,0.0,20.0,Active,1.0,1.0,0.0
,,,18,,,,,,,,,,,,85187.0,guest.ops.486,LOW,Exec,Operations,0.0,1.0,Inactive,1.0,0.0,0.0
,,,76,,,,,,,,,,,,202617.0,vp.risk.872,HIGH,User,IT,1.0,0.0,Active,1.0,4.0,0.0
,,,22,,,,,,,,,,,,102428.0,guest.admin.983,LOW,Analyst,Operations,0.0,21.0,Active,1.0,3.0,0.0
,,,22,,,,,,,,,,,,41145.0,user.admin.876,LOW,User,Finance,0.0,5.0,Active,0.0,13.0,0.0
,,,24,,,,,,,,,,,,435.0,intern.admin.915,LOW,Analyst,IT,0.0,0.0,Active,1.0,0.0,0.0
,,,22,,,,,,,,,,,,112821.0,user.support.668,LOW,Analyst,Legal,0.0,6.0,Active,0.0,2.0,0.0
,,,77,,,,,,,,,,,,172805.0,director.security.17,HIGH,User,Operations,1.0,11.0,Active,1.0,15.0,0.0
,,,40,,,,,,,,,,,,73978.0,analyst.security.893,MEDIUM,Analyst,Legal,0.0,10.0,Active,0.0,0.0,0.0
,,,17,,,,,,,,,,,,58945.0,temp.admin.940,LOW,Analyst,Operations,0.0,20.0,Active,1.0,0.0,0.0
,,,19,,,,,,,,,,,,195659.0,user.support.56,LOW,User,Finance,0.0,17.0,Active,0.0,0.0,0.0
,,,46,,,,,,,,,,,,150469.0,analyst.infra.515,MEDIUM,Manager,Legal,0.0,6.0,Active,1.0,2.0,0.0
,,,98,,,,,,,,,,,,12085.0,cto.board.227,CRITICAL,User,Legal,1.0,10.0,Active,0.0,4.0,0.0
,,,49,,,,,,,,,,,,21798.0,analyst.ops.127,MEDIUM,Exec,IT,0.0,29.0,Active,0.0,3.0,1.0
,,,43,,,,,,,,,,,,133.0,admin.risk.59,MEDIUM,Analyst,Finance,0.0,2.0,Suspended,0.0,5.0,0.0
,,,96,,,,,,,,,,,,70381.0,cto.board.42,CRITICAL,Analyst,Operations,1.0,25.0,Active,1.0,0.0,0.0
,,,74,,,,,,,,,,,,191.0,vp.security.308,HIGH,User,Finance,1.0,28.0,Active,0.0,2.0,0.0
,,,76,,,,,,,,,,,,13468.0,manager.tech.210,HIGH,User,Finance,1.0,9.0,Active,1.0,1.0,0.0
,,,21,,,,,,,,,,,,43885.0,user.admin.732,LOW,Exec,Finance,0.0,0.0,Active,0.0,1.0,0.0
,,,74,,,,,,,,,,,,60084.0,vp.tech.252,HIGH,User,Finance,1.0,26.0,Active,1.0,13.0,1.0
,,,70,,,,,,,,,,,,1007.0,director.security.163,HIGH,Manager,Finance,1.0,9.0,Active,1.0,14.0,0.0
,,,40,,,,,,,,,,,,1811.0,analyst.infra.400,MEDIUM,Manager,IT,0.0,20.0,Active,1.0,8.0,0.0
,,,15,,,,,,,,,,,,42100.0,user.admin.540,LOW,User,HR,0.0,3.0,Active,0.0,8.0,0.0
,,,72,,,,,,,,,,,,139620.0,vp.tech.190,HIGH,Manager,Legal,1.0,9.0,Active,1.0,2.0,0.0
,,,19,,,,,,,,,,,,13661.0,intern.ops.814,LOW,Analyst,IT,0.0,3.0,Active,0.0,19.0,0.0
,,,18,,,,,,,,,,,,48963.0,guest.ops.966,LOW,User,Legal,0.0,28.0,Suspended,1.0,3.0,1.0
,,,77,,,,,,,,,,,,56972.0,lead.security.255,HIGH,User,IT,1.0,7.0,Active,0.0,3.0,0.0
,,,18,,,,,,,,,,,,4445.0,guest.ops.273,LOW,Analyst,IT,0.0,22.0,Active,0.0,2.0,0.0
,,,71,,,,,,,,,,,,397941.0,vp.trading.242,HIGH,User,IT,1.0,13.0,Suspended,1.0,4.0,0.0
,,,75,,,,,,,,,,,,6846.0,lead.tech.164,HIGH,Analyst,HR,1.0,18.0,Active,0.0,13.0,0.0
,,,20,,,,,,,,,,,,46929.0,guest.ops.930,LOW,Analyst,Finance,0.0,3.0,Active,1.0,1.0,0.0
,,,43,,,,,,,,,,,,21101.0,admin.ops.438,MEDIUM,Analyst,Finance,0.0,0.0,Active,1.0,3.0,0.0
,,,24,,,,,,,,,,,,21111.0,guest.support.691,LOW,Analyst,Legal,0.0,19.0,Active,1.0,2.0,0.0
,,,43,,,,,,,,,,,,83641.0,engineer.risk.41,MEDIUM,Analyst,Finance,0.0,24.0,Active,1.0,1.0,0.0
,,,22,,,,,,,,,,,,185539.0,user.admin.429,LOW,Analyst,IT,0.0,28.0,Active,1.0,3.0,0.0
,,,42,,,,,,,,,,,,14862.0,analyst.risk.422,MEDIUM,Manager,Legal,0.0,22.0,Active,1.0,3.0,0.0
,,,91,,,,,,,,,,,,5005.0,cfo.board.900,CRITICAL,Analyst,Finance,1.0,23.0,Active,1.0,17.0,0.0
,,,41,,,,,,,,,,,,40554.0,specialist.security.854,MEDIUM,User,HR,0.0,10.0,Active,1.0,0.0,0.0
,,,72,,,,,,,,,,,,18811.0,director.trading.243,HIGH,User,HR,1.0,9.0,Active,1.0,0.0,0.0
,,,49,,,,,,,,,,,,8019.0,specialist.infra.720,MEDIUM,Analyst,HR,0.0,5.0,Active,0.0,0.0,1.0
,,,47,,,,,,,,,,,,270.0,specialist.security.779,MEDIUM,Analyst,HR,0.0,18.0,Active,0.0,4.0,0.0
,,,72,,,,,,,,,,,,1804.0,vp.security.269,HIGH,Analyst,Legal,1.0,3.0,Active,1.0,2.0,0.0
,,,79,,,,,,,,,,,,11462.0,director.tech.538,HIGH,Exec,Finance,1.0,9.0,Active,0.0,4.0,0.0
,,,76,,,,,,,,,,,,80724.0,vp.tech.247,HIGH,Analyst,IT,1.0,14.0,Active,0.0,2.0,0.0
,,,18,,,,,,,,,,,,116641.0,guest.ops.324,LOW,Exec,Legal,0.0,19.0,Inactive,0.0,0.0,0.0
,,,49,,,,,,,,,,,,7780.0,analyst.security.546,MEDIUM,Analyst,Legal,0.0,13.0,Active,1.0,1.0,0.0
,,,15,,,,,,,,,,,,43224.0,guest.ops.600,LOW,User,HR,0.0,25.0,Active,0.0,6.0,0.0
,,,17,,,,,,,,,,,,171520.0,guest.support.88,LOW,Analyst,HR,0.0,7.0,Active,0.0,3.0,0.0
,,,45,,,,,,,,,,,,208439.0,analyst.infra.250,MEDIUM,User,Finance,0.0,16.0,Active,1.0,1.0,0.0
,,,43,,,,,,,,,,,,185466.0,admin.infra.05,MEDIUM,Exec,IT,0.0,6.0,Active,1.0,0.0,0.0
,,,20,,,,,,,,,,,,30867.0,temp.support.840,LOW,Analyst,IT,0.0,5.0,Active,0.0,0.0,0.0
,,,77,,,,,,,,,,,,21922.0,manager.trading.177,HIGH,Analyst,IT,1.0,16.0,Active,1.0,0.0,0.0
,,,16,,,,,,,,,,,,133616.0,user.support.821,LOW,Analyst,Operations,0.0,3.0,Active,0.0,1.0,0.0
,,,15,,,,,,,,,,,,137310.0,user.support.113,LOW,Analyst,Legal,0.0,4.0,Active,0.0,2.0,0.0
,,,19,,,,,,,,,,,,93092.0,user.ops.823,LOW,Manager,IT,0.0,2.0,Active,0.0,5.0,1.0
,,,20,,,,,,,,,,,,54945.0,intern.admin.828,LOW,Manager,IT,0.0,9.0,Active,0.0,3.0,0.0
,,,76,,,,,,,,,,,,17861.0,vp.risk.08,HIGH,User,HR,1.0,23.0,Inactive,1.0,6.0,0.0
,,,23,,,,,,,,,,,,261055.0,intern.support.911,LOW,Analyst,Operations,0.0,24.0,Suspended,0.0,0.0,0.0
,,,24,,,,,,,,,,,,433854.0,guest.ops.861,LOW,User,IT,0.0,14.0,Active,0.0,2.0,0.0
,,,40,,,,,,,,,,,,144721.0,engineer.infra.664,MEDIUM,User,IT,0.0,6.0,Active,1.0,1.0,1.0
,,,72,,,,,,,,,,,,116556.0,vp.trading.594,HIGH,Analyst,Operations,1.0,12.0,Active,1.0,4.0,0.0
,,,41,,,,,,,,,,,,5177.0,admin.ops.121,MEDIUM,User,Finance,0.0,12.0,Active,0.0,0.0,0.0
,,,41,,,,,,,,,,,,185643.0,engineer.security.694,MEDIUM,Analyst,Legal,0.0,26.0,Active,0.0,11.0,1.0
,,,40,,,,,,,,,,,,90950.0,specialist.security.263,MEDIUM,Analyst,IT,0.0,27.0,Active,0.0,1.0,0.0
,,,47,,,,,,,,,,,,41518.0,admin.security.673,MEDIUM,Analyst,Finance,0.0,28.0,Active,1.0,11.0,1.0
,,,49,,,,,,,,,,,,444687.0,admin.security.579,MEDIUM,User,IT,0.0,8.0,Active,1.0,0.0,0.0
,,,43,,,,,,,,,,,,118240.0,admin.infra.922,MEDIUM,User,Finance,0.0,25.0,Active,0.0,1.0,1.0
,,,48,,,,,,,,,,,,257874.0,specialist.infra.636,MEDIUM,Analyst,HR,0.0,22.0,Active,1.0,0.0,0.0
,,,19,,,,,,,,,,,,407504.0,user.admin.882,LOW,User,Finance,0.0,25.0,Active,1.0,0.0,0.0
,,,47,,,,,,,,,,,,182329.0,analyst.ops.525,MEDIUM,Analyst,HR,0.0,24.0,Active,1.0,4.0,0.0
,,,46,,,,,,,,,,,,258788.0,engineer.risk.700,MEDIUM,User,IT,0.0,12.0,Active,0.0,2.0,0.0
,,,46,,,,,,,,,,,,3440.0,engineer.security.504,MEDIUM,User,Legal,0.0,3.0,Suspended,0.0,8.0,0.0
,,,90,,,,,,,,,,,,20177.0,ceo.exec.38,CRITICAL,Analyst,Finance,1.0,18.0,Active,1.0,9.0,0.0
,,,41,,,,,,,,,,,,3264.0,engineer.security.682,MEDIUM,Analyst,Finance,0.0,26.0,Active,1.0,2.0,0.0
,,,94,,,,,,,,,,,,337672.0,head_security.board.32,CRITICAL,Analyst,HR,1.0,12.0,Active,1.0,3.0,1.0
,,,79,,,,,,,,,,,,18993.0,vp.security.263,HIGH,User,HR,1.0,5.0,Active,0.0,0.0,0.0
,,,21,,,,,,,,,,,,164797.0,intern.support.845,LOW,User,Operations,0.0,0.0,Active,0.0,6.0,0.0
,,,21,,,,,,,,,,,,102234.0,user.admin.408,LOW,Analyst,IT,0.0,8.0,Suspended,1.0,0.0,0.0
,,,44,,,,,,,,,,,,109337.0,analyst.security.668,MEDIUM,User,Legal,0.0,21.0,Active,1.0,2.0,0.0
,,,17,,,,,,,,,,,,9478.0,guest.ops.834,LOW,Analyst,HR,0.0,19.0,Active,0.0,0.0,0.0
,,,73,,,,,,,,,,,,39042.0,director.trading.206,HIGH,Analyst,Finance,1.0,2.0,Active,1.0,2.0,0.0
,,,42,,,,,,,,,,,,86223.0,admin.risk.53,MEDIUM,User,HR,0.0,26.0,Active,0.0,0.0,0.0
,,,23,,,,,,,,,,,,434692.0,temp.admin.739,LOW,Manager,Operations,0.0,15.0,Active,0.0,1.0,0.0
,,,97,,,,,,,,,,,,8327.0,cto.exec.897,CRITICAL,User,Legal,1.0,21.0,Active,0.0,12.0,0.0
,,,40,,,,,,,,,,,,17337.0,engineer.risk.665,MEDIUM,User,Finance,0.0,18.0,Active,0.0,8.0,0.0
,,,22,,,,,,,,,,,,14274.0,guest.support.991,LOW,Analyst,Operations,0.0,19.0,Active,1.0,12.0,0.0
,,,71,,,,,,,,,,,,85205.0,director.tech.106,HIGH,User,IT,1.0,19.0,Active,1.0,12.0,0.0
,,,20,,,,,,,,,,,,17622.0,guest.ops.354,LOW,User,Finance,0.0,25.0,Active,0.0,13.0,0.0
,,,15,,,,,,,,,,,,173532.0,guest.admin.770,LOW,User,HR,0.0,21.0,Active,1.0,0.0,0.0
,,,92,,,,,,,,,,,,40601.0,ceo.exec.120,CRITICAL,Analyst,Legal,1.0,22.0,Active,1.0,2.0,0.0
,,,96,,,,,,,,,,,,149.0,cfo.exec.219,CRITICAL,Analyst,IT,1.0,21.0,Active,1.0,3.0,0.0
,,,21,,,,,,,,,,,,64311.0,user.ops.823,LOW,User,Legal,0.0,7.0,Active,0.0,9.0,0.0
,,,70,,,,,,,,,,,,228482.0,vp.trading.244,HIGH,User,IT,1.0,26.0,Active,1.0,11.0,1.0
,,,79,,,,,,,,,,,,451539.0,vp.trading.171,HIGH,Manager,Operations,1.0,14.0,Inactive,1.0,5.0,1.0
,,,77,,,,,,,,,,,,12.0,vp.trading.120,HIGH,User,HR,1.0,5.0,Active,1.0,1.0,0.0
,,,46,,,,,,,,,,,,6578.0,analyst.infra.808,MEDIUM,User,Legal,0.0,13.0,Active,0.0,0.0,1.0
,,,15,,,,,,,,,,,,15964.0,guest.admin.818,LOW,User,Finance,0.0,6.0,Active,1.0,2.0,0.0
,,,20,,,,,,,,,,,,43215.0,guest.ops.882,LOW,Analyst,Finance,0.0,27.0,Active,1.0,0.0,0.0
,,,46,,,,,,,,,,,,296880.0,admin.security.412,MEDIUM,Analyst,IT,0.0,29.0,Active,1.0,3.0,0.0
,,,46,,,,,,,,,,,,3838.0,admin.security.679,MEDIUM,User,Legal,0.0,7.0,Active,1.0,8.0,1.0
,,,22,,,,,,,,,,,,1548.0,user.ops.496,LOW,User,HR,0.0,27.0,Active,0.0,2.0,1.0
,,,78,,,,,,,,,,,,50564.0,director.tech.470,HIGH,Analyst,HR,1.0,16.0,Active,1.0,0.0,0.0
,,,49,,,,,,,,,,,,1190.0,specialist.risk.525,MEDIUM,User,Finance,0.0,1.0,Inactive,0.0,11.0,0.0
,,,41,,,,,,,,,,,,73133.0,engineer.ops.292,MEDIUM,Manager,Finance,0.0,6.0,Active,0.0,13.0,0.0
,,,43,,,,,,,,,,,,194748.0,admin.risk.446,MEDIUM,Analyst,Operations,0.0,1.0,Active,0.0,0.0,0.0
,,,46,,,,,,,,,,,,221266.0,specialist.infra.807,MEDIUM,Analyst,Legal,0.0,1.0,Active,0.0,1.0,0.0
,,,17,,,,,,,,,,,,11661.0,temp.support.261,LOW,Analyst,Legal,0.0,22.0,Active,1.0,0.0,0.0
,,,76,,,,,,,,,,,,179247.0,director.tech.898,HIGH,Manager,Legal,1.0,8.0,Active,0.0,11.0,1.0
,,,40,,,,,,,,,,,,210982.0,admin.infra.35,MEDIUM,Manager,IT,0.0,18.0,Active,1.0,2.0,0.0
,,,71,,,,,,,,,,,,156184.0,vp.trading.168,HIGH,Analyst,Finance,1.0,27.0,Active,0.0,1.0,0.0
,,,21,,,,,,,,,,,,8078.0,temp.admin.133,LOW,User,Finance,0.0,20.0,Active,0.0,0.0,1.0
,,,78,,,,,,,,,,,,14264.0,manager.trading.849,HIGH,User,IT,1.0,21.0,Active,1.0,15.0,1.0
,,,16,,,,,,,,,,,,377161.0,user.ops.130,LOW,Analyst,Finance,0.0,14.0,Active,0.0,1.0,0.0
,,,49,,,,,,,,,,,,367346.0,specialist.security.238,MEDIUM,Manager,IT,0.0,20.0,Active,1.0,3.0,0.0
,,,22,,,,,,,,,,,,38824.0,intern.admin.774,LOW,Analyst,IT,0.0,5.0,Inactive,1.0,2.0,0.0
,,,18,,,,,,,,,,,,12841.0,guest.support.82,LOW,Analyst,IT,0.0,14.0,Active,0.0,3.0,0.0
,,,48,,,,,,,,,,,,339541.0,analyst.ops.707,MEDIUM,User,Finance,0.0,17.0,Active,1.0,2.0,0.0
,,,43,,,,,,,,,,,,174876.0,engineer.security.817,MEDIUM,User,Legal,0.0,6.0,Active,1.0,2.0,0.0
,,,40,,,,,,,,,,,,433075.0,specialist.security.270,MEDIUM,User,IT,0.0,2.0,Active,1.0,5.0,0.0
,,,76,,,,,,,,,,,,105282.0,director.risk.224,HIGH,Analyst,IT,1.0,0.0,Active,1.0,3.0,0.0
,,,77,,,,,,,,,,,,358734.0,vp.security.244,HIGH,User,Legal,1.0,5.0,Active,0.0,12.0,0.0
,,,45,,,,,,,,,,,,360908.0,specialist.infra.459,MEDIUM,Analyst,HR,0.0,0.0,Active,0.0,14.0,0.0
,,,48,,,,,,,,,,,,249424.0,specialist.security.393,MEDIUM,User,Finance,0.0,23.0,Active,0.0,8.0,0.0
,,,49,,,,,,,,,,,,67964.0,admin.infra.70,MEDIUM,User,HR,0.0,24.0,Active,1.0,2.0,0.0
,,,22,,,,,,,,,,,,2559.0,intern.support.638,LOW,User,Operations,0.0,28.0,Active,0.0,1.0,0.0
,,,15,,,,,,,,,,,,442917.0,guest.admin.02,LOW,User,Operations,0.0,29.0,Active,0.0,3.0,0.0
,,,72,,,,,,,,,,,,385400.0,lead.tech.563,HIGH,User,IT,1.0,0.0,Active,0.0,0.0,0.0
,,,15,,,,,,,,,,,,205650.0,user.admin.837,LOW,Analyst,Finance,0.0,21.0,Active,0.0,3.0,0.0
,,,46,,,,,,,,,,,,120537.0,specialist.ops.556,MEDIUM,Analyst,Legal,0.0,22.0,Active,0.0,1.0,1.0
,,,71,,,,,,,,,,,,116558.0,lead.security.261,HIGH,User,IT,1.0,19.0,Active,1.0,0.0,0.0
,,,71,,,,,,,,,,,,83697.0,lead.security.174,HIGH,Analyst,IT,1.0,15.0,Active,1.0,1.0,0.0
,,,16,,,,,,,,,,,,120560.0,guest.admin.827,LOW,Analyst,Finance,0.0,22.0,Active,1.0,0.0,0.0
,,,16,,,,,,,,,,,,199391.0,guest.support.871,LOW,Analyst,HR,0.0,9.0,Active,0.0,0.0,0.0
,,,17,,,,,,,,,,,,84232.0,user.ops.820,LOW,Analyst,Finance,0.0,15.0,Active,0.0,1.0,0.0
,,,24,,,,,,,,,,,,80844.0,user.support.764,LOW,Analyst,Legal,0.0,19.0,Active,0.0,0.0,0.0
,,,45,,,,,,,,,,,,84624.0,engineer.security.506,MEDIUM,Analyst,Finance,0.0,11.0,Active,0.0,2.0,0.0
,,,78,,,,,,,,,,,,33615.0,manager.trading.161,HIGH,Analyst,IT,1.0,26.0,Active,1.0,5.0,0.0
,,,75,,,,,,,,,,,,116060.0,manager.tech.787,HIGH,Manager,IT,1.0,0.0,Active,0.0,0.0,0.0
,,,73,,,,,,,,,,,,48651.0,director.tech.145,HIGH,Manager,Legal,1.0,21.0,Active,1.0,1.0,0.0
,,,23,,,,,,,,,,,,24305.0,temp.support.459,LOW,Analyst,Finance,0.0,28.0,Suspended,1.0,1.0,0.0
,,,46,,,,,,,,,,,,67948.0,admin.security.536,MEDIUM,Analyst,IT,0.0,24.0,Active,0.0,3.0,0.0
,,,74,,,,,,,,,,,,8810.0,lead.risk.159,HIGH,User,HR,1.0,19.0,Active,1.0,3.0,0.0
,,,22,,,,,,,,,,,,113236.0,user.support.17,LOW,Analyst,IT,0.0,17.0,Active,1.0,2.0,0.0
,,,18,,,,,,,,,,,,25490.0,intern.ops.46,LOW,User,HR,0.0,8.0,Active,0.0,0.0,0.0
,,,90,,,,,,,,,,,,21558.0,head_security.board.28,CRITICAL,Analyst,Operations,1.0,6.0,Active,1.0,2.0,0.0
,,,42,,,,,,,,,,,,3774.0,analyst.security.558,MEDIUM,User,HR,0.0,5.0,Active,0.0,4.0,0.0
,,,71,,,,,,,,,,,,393908.0,manager.risk.671,HIGH,Analyst,Operations,1.0,11.0,Active,1.0,1.0,1.0
,,,21,,,,,,,,,,,,88410.0,user.admin.147,LOW,Analyst,Finance,0.0,15.0,Active,0.0,2.0,0.0
,,,49,,,,,,,,,,,,20463.0,specialist.ops.623,MEDIUM,Manager,Operations,0.0,19.0,Active,1.0,1.0,0.0
,,,76,,,,,,,,,,,,148604.0,vp.tech.225,HIGH,Analyst,Finance,1.0,22.0,Active,1.0,3.0,0.0
,,,15,,,,,,,,,,,,260465.0,temp.admin.49,LOW,Analyst,HR,0.0,6.0,Active,1.0,1.0,0.0
,,,48,,,,,,,,,,,,81312.0,specialist.risk.678,MEDIUM,User,Operations,0.0,16.0,Active,0.0,3.0,0.0
,,,15,,,,,,,,,,,,49483.0,user.ops.85,LOW,Analyst,Finance,0.0,28.0,Active,0.0,2.0,0.0
,,,79,,,,,,,,,,,,29024.0,lead.security.120,HIGH,User,Finance,1.0,11.0,Active,1.0,1.0,0.0
,,,98,,,,,,,,,,,,58918.0,ceo.exec.772,CRITICAL,User,Legal,1.0,7.0,Active,1.0,1.0,0.0
,,,17,,,,,,,,,,,,316220.0,guest.ops.216,LOW,User,Legal,0.0,24.0,Active,1.0,1.0,0.0
,,,49,,,,,,,,,,,,33228.0,analyst.risk.493,MEDIUM,Manager,IT,0.0,6.0,Active,1.0,0.0,0.0
,,,48,,,,,,,,,,,,62796.0,admin.risk.508,MEDIUM,Exec,IT,0.0,4.0,Active,1.0,1.0,0.0
,,,79,,,,,,,,,,,,11589.0,director.tech.114,HIGH,Analyst,Operations,1.0,24.0,Active,1.0,1.0,0.0
,,,17,,,,,,,,,,,,86185.0,intern.support.644,LOW,User,Finance,0.0,25.0,Active,1.0,10.0,1.0
,,,42,,,,,,,,,,,,4787.0,specialist.security.311,MEDIUM,User,IT,0.0,26.0,Active,1.0,0.0,0.0
,,,74,,,,,,,,,,,,160984.0,lead.tech.892,HIGH,Analyst,IT,1.0,11.0,Active,0.0,2.0,1.0
,,,78,,,,,,,,,,,,1156.0,director.risk.254,HIGH,Analyst,Operations,1.0,22.0,Active,1.0,4.0,0.0
,,,20,,,,,,,,,,,,1178.0,temp.ops.833,LOW,Analyst,IT,0.0,20.0,Active,0.0,1.0,0.0
,,,19,,,,,,,,,,,,8006.0,temp.ops.968,LOW,User,Finance,0.0,25.0,Active,0.0,1.0,0.0
,,,22,,,,,,,,,,,,59512.0,user.ops.898,LOW,Analyst,Finance,0.0,8.0,Suspended,1.0,2.0,0.0
,,,74,,,,,,,,,,,,1722.0,manager.tech.149,HIGH,Manager,Operations,1.0,5.0,Active,1.0,1.0,1.0
,,,72,,,,,,,,,,,,25697.0,vp.tech.384,HIGH,Analyst,Finance,1.0,12.0,Active,0.0,8.0,0.0
,,,15,,,,,,,,,,,,3352.0,temp.support.156,LOW,Analyst,HR,0.0,0.0,Active,0.0,0.0,0.0
,,,77,,,,,,,,,,,,30056.0,director.tech.105,HIGH,Manager,Finance,1.0,17.0,Active,1.0,2.0,0.0
,,,21,,,,,,,,,,,,154323.0,guest.ops.957,LOW,User,Finance,0.0,0.0,Active,0.0,2.0,0.0
,,,40,,,,,,,,,,,,3472.0,admin.infra.399,MEDIUM,Analyst,IT,0.0,3.0,Active,1.0,0.0,0.0
,,,44,,,,,,,,,,,,3079.0,engineer.infra.244,MEDIUM,Manager,Finance,0.0,6.0,Active,1.0,1.0,0.0
,,,15,,,,,,,,,,,,3374.0,intern.admin.147,LOW,Analyst,Finance,0.0,13.0,Active,0.0,0.0,0.0
,,,43,,,,,,,,,,,,64274.0,specialist.risk.18,MEDIUM,User,IT,0.0,1.0,Active,1.0,0.0,1.0
,,,46,,,,,,,,,,,,87639.0,admin.ops.482,MEDIUM,Analyst,IT,0.0,0.0,Active,0.0,0.0,0.0
,,,48,,,,,,,,,,,,293158.0,engineer.security.318,MEDIUM,Manager,HR,0.0,29.0,Active,1.0,4.0,0.0
,,,42,,,,,,,,,,,,106552.0,engineer.risk.249,MEDIUM,Manager,HR,0.0,20.0,Active,0.0,3.0,0.0
,,,49,,,,,,,,,,,,150153.0,specialist.infra.718,MEDIUM,User,IT,0.0,14.0,Active,0.0,4.0,0.0
,,,21,,,,,,,,,,,,27129.0,guest.support.631,LOW,User,Finance,0.0,16.0,Inactive,0.0,5.0,0.0
,,,48,,,,,,,,,,,,303766.0,engineer.ops.758,MEDIUM,Manager,Finance,0.0,3.0,Active,0.0,0.0,1.0
,,,22,,,,,,,,,,,,85851.0,temp.ops.380,LOW,User,Legal,0.0,16.0,Active,0.0,2.0,0.0
,,,73,,,,,,,,,,,,24271.0,vp.tech.169,HIGH,User,HR,1.0,13.0,Active,1.0,1.0,0.0
,,,44,,,,,,,,,,,,200146.0,engineer.ops.311,MEDIUM,Manager,Operations,0.0,0.0,Active,1.0,14.0,1.0
,,,22,,,,,,,,,,,,115315.0,guest.admin.758,LOW,Analyst,IT,0.0,14.0,Active,0.0,0.0,0.0
,,,17,,,,,,,,,,,,53987.0,intern.admin.678,LOW,Manager,IT,0.0,5.0,Active,0.0,2.0,0.0
,,,95,,,,,,,,,,,,138443.0,cfo.exec.65,CRITICAL,Analyst,Finance,1.0,19.0,Active,0.0,0.0,0.0
,,,90,,,,,,,,,,,,18975.0,ceo.exec.08,CRITICAL,User,Operations,1.0,7.0,Active,1.0,2.0,0.0
,,,74,,,,,,,,,,,,54178.0,manager.risk.579,HIGH,Analyst,IT,1.0,13.0,Active,1.0,2.0,0.0
,,,73,,,,,,,,,,,,57942.0,vp.trading.536,HIGH,User,HR,1.0,13.0,Inactive,1.0,15.0,1.0
,,,46,,,,,,,,,,,,379817.0,analyst.risk.985,MEDIUM,User,Operations,0.0,17.0,Active,1.0,12.0,0.0
,,,96,,,,,,,,,,,,189532.0,cfo.board.90,CRITICAL,User,Operations,1.0,9.0,Active,1.0,17.0,0.0
,,,73,,,,,,,,,,,,178493.0,manager.tech.188,HIGH,User,IT,1.0,14.0,Active,1.0,4.0,0.0
,,,40,,,,,,,,,,,,111525.0,engineer.ops.455,MEDIUM,Analyst,Finance,0.0,21.0,Active,0.0,4.0,0.0
,,,71,,,,,,,,,,,,117959.0,lead.security.527,HIGH,User,Operations,1.0,28.0,Active,1.0,1.0,0.0
,,,15,,,,,,,,,,,,356670.0,intern.support.908,LOW,Analyst,HR,0.0,24.0,Active,1.0,2.0,0.0
,,,19,,,,,,,,,,,,227681.0,guest.admin.596,LOW,Manager,HR,0.0,14.0,Active,1.0,14.0,1.0
,,,46,,,,,,,,,,,,76995.0,admin.ops.511,MEDIUM,User,Legal,0.0,26.0,Active,1.0,3.0,1.0
,,,41,,,,,,,,,,,,3610.0,engineer.risk.748,MEDIUM,Analyst,Operations,0.0,25.0,Active,1.0,14.0,0.0
,,,92,,,,,,,,,,,,274135.0,head_security.board.145,CRITICAL,User,HR,1.0,20.0,Active,1.0,16.0,0.0
,,,77,,,,,,,,,,,,2160.0,manager.trading.643,HIGH,User,Legal,1.0,18.0,Active,1.0,15.0,1.0
,,,49,,,,,,,,,,,,35070.0,analyst.risk.546,MEDIUM,User,IT,0.0,21.0,Active,0.0,6.0,1.0
,,,18,,,,,,,,,,,,74778.0,temp.support.909,LOW,User,Finance,0.0,0.0,Active,1.0,7.0,1.0
,,,20,,,,,,,,,,,,4621.0,user.ops.712,LOW,Analyst,Finance,0.0,3.0,Active,0.0,4.0,1.0
,,,49,,,,,,,,,,,,20159.0,specialist.infra.434,MEDIUM,User,Legal,0.0,6.0,Active,0.0,11.0,1.0
,,,48,,,,,,,,,,,,3980.0,analyst.infra.547,MEDIUM,Analyst,Operations,0.0,26.0,Active,0.0,9.0,1.0
,,,77,,,,,,,,,,,,261661.0,manager.security.633,HIGH,User,HR,1.0,12.0,Active,1.0,12.0,0.0
,,,49,,,,,,,,,,,,1554.0,specialist.risk.129,MEDIUM,User,Finance,0.0,5.0,Active,1.0,12.0,0.0
,,,17,,,,,,,,,,,,121436.0,user.ops.385,LOW,Manager,Legal,0.0,13.0,Active,0.0,3.0,0.0
,,,41,,,,,,,,,,,,5315.0,analyst.security.398,MEDIUM,Analyst,Finance,0.0,8.0,Active,1.0,0.0,0.0
,,,78,,,,,,,,,,,,2168.0,vp.trading.224,HIGH,Analyst,HR,1.0,29.0,Active,1.0,8.0,1.0
,,,79,,,,,,,,,,,,211821.0,manager.tech.268,HIGH,User,Finance,1.0,19.0,Inactive,1.0,17.0,0.0
,,,74,,,,,,,,,,,,353717.0,manager.risk.149,HIGH,Analyst,Legal,1.0,8.0,Active,1.0,20.0,0.0
,,,72,,,,,,,,,,,,41812.0,director.security.518,HIGH,User,Legal,1.0,9.0,Active,1.0,21.0,1.0
,,,46,,,,,,,,,,,,10962.0,specialist.infra.635,MEDIUM,Analyst,HR,0.0,2.0,Active,0.0,6.0,1.0
,,,47,,,,,,,,,,,,80918.0,analyst.risk.705,MEDIUM,User,Legal,0.0,18.0,Active,1.0,10.0,0.0
,,,46,,,,,,,,,,,,6749.0,analyst.risk.34,MEDIUM,Analyst,IT,0.0,2.0,Active,0.0,1.0,0.0
,,,78,,,,,,,,,,,,141274.0,director.trading.901,HIGH,Analyst,Legal,1.0,24.0,Active,1.0,18.0,0.0
,,,47,,,,,,,,,,,,435170.0,specialist.infra.603,MEDIUM,User,Finance,0.0,1.0,Active,0.0,1.0,0.0
,,,21,,,,,,,,,,,,209066.0,intern.support.947,LOW,User,IT,0.0,19.0,Suspended,1.0,2.0,0.0
,,,23,,,,,,,,,,,,180560.0,temp.support.489,LOW,Analyst,Operations,0.0,11.0,Inactive,0.0,3.0,0.0
,,,78,,,,,,,,,,,,89820.0,manager.trading.472,HIGH,Analyst,HR,1.0,9.0,Active,1.0,0.0,0.0
,,,44,,,,,,,,,,,,267940.0,analyst.risk.354,MEDIUM,User,HR,0.0,15.0,Active,0.0,0.0,0.0
,,,78,,,,,,,,,,,,268342.0,vp.risk.332,HIGH,User,IT,1.0,17.0,Active,1.0,1.0,0.0
,,,74,,,,,,,,,,,,17839.0,vp.trading.541,HIGH,Analyst,IT,1.0,10.0,Active,1.0,0.0,0.0
,,,40,,,,,,,,,,,,1274.0,admin.ops.344,MEDIUM,User,HR,0.0,11.0,Active,1.0,0.0,0.0
,,,48,,,,,,,,,,,,5059.0,admin.infra.259,MEDIUM,User,HR,0.0,5.0,Active,0.0,0.0,0.0
,,,43,,,,,,,,,,,,12727.0,specialist.ops.298,MEDIUM,User,IT,0.0,7.0,Active,1.0,0.0,1.0
,,,41,,,,,,,,,,,,2869.0,admin.security.179,MEDIUM,User,Finance,0.0,19.0,Active,1.0,0.0,0.0
,,,49,,,,,,,,,,,,41881.0,specialist.ops.476,MEDIUM,User,Finance,0.0,12.0,Inactive,1.0,2.0,0.0
,,,15,,,,,,,,,,,,37831.0,user.admin.144,LOW,Analyst,HR,0.0,21.0,Active,0.0,1.0,0.0
,,,47,,,,,,,,,,,,271949.0,engineer.security.568,MEDIUM,User,Legal,0.0,11.0,Active,1.0,3.0,0.0
,,,73,,,,,,,,,,,,184913.0,director.risk.174,HIGH,Manager,HR,1.0,16.0,Active,1.0,13.0,0.0
,,,21,,,,,,,,,,,,104803.0,temp.support.765,LOW,User,Finance,0.0,0.0,Active,1.0,4.0,0.0
,,,17,,,,,,,,,,,,239944.0,temp.ops.470,LOW,Manager,Legal,0.0,9.0,Active,0.0,11.0,0.0
,,,92,,,,,,,,,,,,33053.0,cto.board.542,CRITICAL,Manager,Legal,1.0,5.0,Active,1.0,14.0,0.0
,,,95,,,,,,,,,,,,179920.0,head_security.exec.83,CRITICAL,User,IT,1.0,2.0,Active,1.0,16.0,0.0
,,,47,,,,,,,,,,,,78587.0,admin.security.238,MEDIUM,Manager,Finance,0.0,17.0,Active,0.0,14.0,0.0
,,,40,,,,,,,,,,,,289890.0,specialist.ops.558,MEDIUM,Analyst,IT,0.0,10.0,Active,1.0,17.0,0.0
,,,43,,,,,,,,,,,,418710.0,engineer.risk.288,MEDIUM,Exec,Finance,0.0,21.0,Active,1.0,0.0,0.0
,,,49,,,,,,,,,,,,13055.0,specialist.infra.466,MEDIUM,Analyst,Finance,0.0,29.0,Active,1.0,3.0,0.0
,,,71,,,,,,,,,,,,8856.0,director.tech.586,HIGH,Analyst,HR,1.0,14.0,Active,1.0,4.0,0.0
,,,24,,,,,,,,,,,,300544.0,intern.support.836,LOW,User,Legal,0.0,3.0,Active,0.0,0.0,0.0
,,,71,,,,,,,,,,,,6064.0,vp.trading.146,HIGH,User,Operations,1.0,24.0,Active,1.0,0.0,0.0
,,,19,,,,,,,,,,,,147872.0,intern.admin.723,LOW,Manager,Finance,0.0,25.0,Active,0.0,0.0,1.0
,,,74,,,,,,,,,,,,412011.0,lead.trading.252,HIGH,Exec,IT,1.0,26.0,Active,1.0,0.0,1.0
,,,47,,,,,,,,,,,,658.0,engineer.infra.537,MEDIUM,User,Operations,0.0,23.0,Active,1.0,0.0,0.0
,,,77,,,,,,,,,,,,410960.0,manager.tech.203,HIGH,Exec,Operations,1.0,19.0,Active,1.0,9.0,0.0
,,,70,,,,,,,,,,,,406973.0,director.security.134,HIGH,Analyst,IT,1.0,3.0,Active,1.0,0.0,0.0
,,,70,,,,,,,,,,,,168763.0,vp.security.130,HIGH,Analyst,Legal,1.0,21.0,Active,0.0,4.0,0.0
,,,95,,,,,,,,,,,,380994.0,cto.exec.123,CRITICAL,User,Finance,1.0,4.0,Active,1.0,0.0,0.0
,,,40,,,,,,,,,,,,53830.0,admin.risk.533,MEDIUM,Analyst,Finance,0.0,1.0,Active,1.0,16.0,1.0
,,,71,,,,,,,,,,,,153079.0,lead.security.545,HIGH,Analyst,Operations,1.0,8.0,Active,1.0,0.0,0.0
,,,23,,,,,,,,,,,,112187.0,guest.ops.786,LOW,User,Operations,0.0,9.0,Active,1.0,1.0,0.0
,,,22,,,,,,,,,,,,182349.0,guest.support.757,LOW,Analyst,IT,0.0,15.0,Active,0.0,0.0,0.0
,,,18,,,,,,,,,,,,21405.0,intern.admin.573,LOW,Exec,HR,0.0,27.0,Active,1.0,4.0,0.0
,,,76,,,,,,,,,,,,101972.0,lead.tech.184,HIGH,User,Finance,1.0,29.0,Suspended,1.0,2.0,0.0
,,,42,,,,,,,,,,,,8548.0,engineer.ops.68,MEDIUM,Analyst,Operations,0.0,25.0,Active,1.0,3.0,0.0
,,,22,,,,,,,,,,,,157864.0,intern.support.602,LOW,User,Finance,0.0,6.0,Active,0.0,0.0,0.0
,,,15,,,,,,,,,,,,151020.0,intern.support.167,LOW,User,Finance,0.0,26.0,Active,1.0,0.0,0.0
,,,45,,,,,,,,,,,,64256.0,admin.risk.555,MEDIUM,Analyst,IT,0.0,17.0,Active,0.0,0.0,0.0
,,,94,,,,,,,,,,,,185485.0,ceo.exec.76,CRITICAL,Analyst,Legal,1.0,15.0,Active,1.0,0.0,0.0
,,,15,,,,,,,,,,,,88645.0,user.ops.805,LOW,User,IT,0.0,25.0,Active,0.0,3.0,0.0
,,,49,,,,,,,,,,,,27645.0,admin.infra.424,MEDIUM,Analyst,Finance,0.0,4.0,Active,0.0,2.0,0.0
,,,18,,,,,,,,,,,,65652.0,temp.support.942,LOW,User,Finance,0.0,21.0,Active,0.0,3.0,0.0
,,,21,,,,,,,,,,,,35571.0,guest.admin.335,LOW,User,IT,0.0,19.0,Active,0.0,0.0,0.0
,,,17,,,,,,,,,,,,242758.0,temp.ops.221,LOW,User,Finance,0.0,15.0,Active,1.0,0.0,0.0
,,,21,,,,,,,,,,,,116839.0,temp.support.756,LOW,Manager,Finance,0.0,5.0,Active,0.0,8.0,0.0
,,,91,,,,,,,,,,,,193070.0,ceo.exec.863,CRITICAL,Analyst,HR,1.0,14.0,Active,1.0,2.0,1.0
,,,45,,,,,,,,,,,,53901.0,admin.security.344,MEDIUM,User,Legal,0.0,18.0,Active,1.0,0.0,0.0
,,,16,,,,,,,,,,,,49260.0,guest.admin.869,LOW,User,IT,0.0,9.0,Active,0.0,2.0,0.0
,,,45,,,,,,,,,,,,75023.0,specialist.ops.458,MEDIUM,Analyst,Finance,0.0,21.0,Active,0.0,0.0,0.0
,,,20,,,,,,,,,,,,85761.0,user.support.02,LOW,Analyst,HR,0.0,3.0,Active,0.0,1.0,0.0
,,,15,,,,,,,,,,,,33646.0,user.support.671,LOW,User,Legal,0.0,10.0,Active,1.0,1.0,0.0
,,,79,,,,,,,,,,,,370846.0,lead.trading.275,HIGH,Analyst,IT,1.0,2.0,Active,1.0,0.0,0.0
,,,47,,,,,,,,,,,,30576.0,analyst.ops.63,MEDIUM,Analyst,Finance,0.0,10.0,Active,0.0,1.0,0.0
,,,18,,,,,,,,,,,,44480.0,intern.support.989,LOW,User,Operations,0.0,23.0,Active,1.0,4.0,0.0
,,,24,,,,,,,,,,,,159583.0,temp.ops.98,LOW,Analyst,HR,0.0,22.0,Active,0.0,4.0,0.0
,,,20,,,,,,,,,,,,340390.0,guest.support.802,LOW,Analyst,Finance,0.0,9.0,Active,0.0,2.0,0.0
,,,18,,,,,,,,,,,,43438.0,temp.support.714,LOW,Analyst,IT,0.0,15.0,Active,0.0,0.0,0.0
,,,24,,,,,,,,,,,,76351.0,user.support.845,LOW,User,IT,0.0,0.0,Active,0.0,1.0,0.0
,,,94,,,,,,,,,,,,19608.0,ceo.board.795,CRITICAL,User,IT,1.0,20.0,Active,1.0,1.0,0.0
,,,17,,,,,,,,,,,,93216.0,guest.ops.762,LOW,Manager,Legal,0.0,18.0,Active,0.0,0.0,0.0
,,,42,,,,,,,,,,,,158.0,analyst.ops.348,MEDIUM,Analyst,Legal,0.0,16.0,Active,0.0,12.0,0.0
,,,90,,,,,,,,,,,,397710.0,head_security.exec.554,CRITICAL,Analyst,Operations,1.0,13.0,Active,1.0,1.0,0.0
,,,22,,,,,,,,,,,,123553.0,temp.admin.742,LOW,Manager,Finance,0.0,21.0,Active,0.0,0.0,0.0
,,,44,,,,,,,,,,,,36842.0,admin.risk.421,MEDIUM,User,Finance,0.0,19.0,Active,1.0,1.0,0.0
,,,18,,,,,,,,,,,,11445.0,temp.ops.761,LOW,Analyst,IT,0.0,1.0,Active,1.0,0.0,0.0
,,,20,,,,,,,,,,,,45504.0,user.admin.885,LOW,User,Legal,0.0,12.0,Active,0.0,1.0,0.0
,,,20,,,,,,,,,,,,603.0,temp.support.798,LOW,User,Operations,0.0,2.0,Active,0.0,0.0,0.0
,,,49,,,,,,,,,,,,442435.0,admin.infra.406,MEDIUM,User,IT,0.0,19.0,Active,1.0,0.0,0.0
,,,15,,,,,,,,,,,,129396.0,intern.admin.786,LOW,Analyst,Finance,0.0,22.0,Active,0.0,3.0,0.0
,,,49,,,,,,,,,,,,208163.0,admin.infra.477,MEDIUM,Analyst,Operations,0.0,26.0,Active,1.0,1.0,0.0
,,,79,,,,,,,,,,,,6306.0,director.trading.121,HIGH,Analyst,HR,1.0,28.0,Active,1.0,8.0,0.0
,,,19,,,,,,,,,,,,123544.0,intern.ops.748,LOW,Manager,Legal,0.0,18.0,Active,0.0,0.0,0.0
,,,43,,,,,,,,,,,,44594.0,engineer.security.149,MEDIUM,Manager,IT,0.0,12.0,Active,1.0,0.0,0.0
,,,43,,,,,,,,,,,,143835.0,specialist.risk.849,MEDIUM,User,Operations,0.0,29.0,Active,0.0,0.0,0.0
,,,42,,,,,,,,,,,,7505.0,engineer.infra.578,MEDIUM,Analyst,IT,0.0,1.0,Active,0.0,3.0,0.0
,,,19,,,,,,,,,,,,20542.0,temp.support.786,LOW,Analyst,HR,0.0,10.0,Active,1.0,0.0,0.0
,,,49,,,,,,,,,,,,162605.0,analyst.security.476,MEDIUM,Manager,Operations,0.0,25.0,Active,1.0,3.0,0.0
,,,42,,,,,,,,,,,,49691.0,analyst.infra.218,MEDIUM,Manager,Finance,0.0,2.0,Active,0.0,1.0,0.0
,,,97,,,,,,,,,,,,2200.0,cto.exec.686,CRITICAL,Exec,Finance,1.0,29.0,Active,0.0,15.0,0.0
,,,40,,,,,,,,,,,,28076.0,admin.security.623,MEDIUM,Manager,Operations,0.0,17.0,Active,1.0,0.0,0.0
,,,49,,,,,,,,,,,,1461.0,admin.risk.494,MEDIUM,Analyst,HR,0.0,18.0,Active,1.0,14.0,0.0
,,,40,,,,,,,,,,,,3999.0,analyst.ops.314,MEDIUM,Analyst,Operations,0.0,14.0,Active,0.0,9.0,1.0
,,,46,,,,,,,,,,,,34814.0,admin.infra.650,MEDIUM,Manager,Legal,0.0,25.0,Active,1.0,0.0,0.0
,,,22,,,,,,,,,,,,52285.0,user.admin.972,LOW,Manager,Legal,0.0,20.0,Active,0.0,0.0,0.0
,,,19,,,,,,,,,,,,16001.0,intern.ops.949,LOW,Analyst,Finance,0.0,7.0,Active,0.0,0.0,0.0
,,,78,,,,,,,,,,,,2031.0,lead.tech.307,HIGH,User,Operations,1.0,16.0,Active,1.0,0.0,0.0
,,,48,,,,,,,,,,,,1836.0,specialist.risk.66,MEDIUM,Manager,Legal,0.0,7.0,Active,1.0,1.0,0.0
,,,98,,,,,,,,,,,,72808.0,cfo.board.463,CRITICAL,User,Operations,1.0,15.0,Active,1.0,14.0,0.0
,,,20,,,,,,,,,,,,351055.0,user.support.809,LOW,User,Legal,0.0,29.0,Active,1.0,3.0,0.0
,,,70,,,,,,,,,,,,195943.0,vp.security.583,HIGH,Analyst,Finance,1.0,4.0,Active,1.0,2.0,0.0
,,,16,,,,,,,,,,,,120174.0,user.ops.784,LOW,User,IT,0.0,16.0,Active,1.0,1.0,0.0
,,,17,,,,,,,,,,,,19025.0,temp.admin.958,LOW,Analyst,Legal,0.0,22.0,Active,0.0,0.0,0.0
,,,49,,,,,,,,,,,,56702.0,engineer.risk.514,MEDIUM,Manager,Operations,0.0,18.0,Active,1.0,5.0,0.0
,,,19,,,,,,,,,,,,11143.0,guest.ops.831,LOW,Analyst,HR,0.0,8.0,Active,1.0,6.0,0.0
,,,18,,,,,,,,,,,,112585.0,temp.ops.926,LOW,Analyst,HR,0.0,21.0,Active,0.0,4.0,0.0
,,,47,,,,,,,,,,,,25628.0,analyst.security.548,MEDIUM,User,Finance,0.0,22.0,Active,1.0,2.0,0.0
,,,22,,,,,,,,,,,,51676.0,guest.ops.777,LOW,Analyst,IT,0.0,19.0,Inactive,0.0,1.0,0.0
,,,23,,,,,,,,,,,,126808.0,intern.support.839,LOW,User,Legal,0.0,7.0,Active,0.0,2.0,0.0
,,,23,,,,,,,,,,,,35282.0,intern.ops.601,LOW,User,IT,0.0,17.0,Active,1.0,4.0,1.0
,,,78,,,,,,,,,,,,1894.0,vp.trading.267,HIGH,User,Finance,1.0,4.0,Active,1.0,13.0,1.0
,,,18,,,,,,,,,,,,197899.0,intern.support.32,LOW,User,HR,0.0,28.0,Active,1.0,3.0,0.0
,,,41,,,,,,,,,,,,181162.0,engineer.risk.254,MEDIUM,User,Finance,0.0,14.0,Active,0.0,0.0,0.0
,,,43,,,,,,,,,,,,6619.0,analyst.ops.472,MEDIUM,Exec,Operations,0.0,4.0,Active,0.0,2.0,0.0
,,,45,,,,,,,,,,,,6210.0,engineer.ops.473,MEDIUM,Analyst,Finance,0.0,5.0,Active,1.0,0.0,0.0
,,,42,,,,,,,,,,,,269168.0,admin.security.128,MEDIUM,Exec,Finance,0.0,2.0,Active,0.0,0.0,0.0
,,,23,,,,,,,,,,,,245794.0,guest.ops.27,LOW,Analyst,Finance,0.0,28.0,Active,0.0,2.0,0.0
,,,16,,,,,,,,,,,,338511.0,temp.admin.790,LOW,User,Operations,0.0,7.0,Active,0.0,3.0,0.0
,,,21,,,,,,,,,,,,123594.0,user.support.845,LOW,User,Operations,0.0,15.0,Active,1.0,1.0,0.0
,,,49,,,,,,,,,,,,368134.0,analyst.security.844,MEDIUM,Exec,Finance,0.0,1.0,Inactive,1.0,0.0,0.0
,,,43,,,,,,,,,,,,385006.0,admin.infra.842,MEDIUM,Analyst,IT,0.0,21.0,Active,0.0,3.0,0.0
,,,79,,,,,,,,,,,,60453.0,vp.trading.239,HIGH,Analyst,IT,1.0,23.0,Active,0.0,4.0,0.0
,,,48,,,,,,,,,,,,296147.0,analyst.ops.645,MEDIUM,User,Finance,0.0,5.0,Active,1.0,4.0,0.0
,,,24,,,,,,,,,,,,118665.0,temp.ops.23,LOW,Analyst,IT,0.0,1.0,Active,0.0,0.0,0.0
,,,23,,,,,,,,,,,,193221.0,intern.ops.904,LOW,User,IT,0.0,3.0,Active,1.0,2.0,1.0
,,,78,,,,,,,,,,,,320979.0,director.risk.189,HIGH,User,Legal,1.0,22.0,Active,0.0,0.0,0.0
,,,77,,,,,,,,,,,,212725.0,vp.tech.158,HIGH,Manager,Legal,1.0,7.0,Active,1.0,4.0,0.0
,,,20,,,,,,,,,,,,230032.0,temp.admin.409,LOW,Manager,Legal,0.0,4.0,Active,1.0,2.0,0.0
,,,47,,,,,,,,,,,,429442.0,analyst.security.749,MEDIUM,Analyst,Operations,0.0,5.0,Active,1.0,0.0,0.0
,,,17,,,,,,,,,,,,260620.0,user.admin.159,LOW,User,Finance,0.0,17.0,Active,0.0,0.0,0.0
,,,23,,,,,,,,,,,,90018.0,guest.ops.579,LOW,Analyst,Finance,0.0,0.0,Active,1.0,0.0,0.0
,,,43,,,,,,,,,,,,79807.0,analyst.risk.482,MEDIUM,User,Operations,0.0,13.0,Active,0.0,1.0,0.0
,,,75,,,,,,,,,,,,323104.0,lead.tech.815,HIGH,Analyst,Legal,1.0,5.0,Active,0.0,3.0,0.0
,,,15,,,,,,,,,,,,115483.0,intern.admin.927,LOW,User,Finance,0.0,5.0,Active,0.0,0.0,0.0
,,,77,,,,,,,,,,,,224185.0,vp.trading.829,HIGH,Analyst,Finance,1.0,9.0,Active,1.0,2.0,0.0
,,,41,,,,,,,,,,,,366313.0,admin.ops.391,MEDIUM,Analyst,IT,0.0,2.0,Active,0.0,1.0,0.0
,,,74,,,,,,,,,,,,126060.0,lead.security.224,HIGH,User,IT,1.0,13.0,Active,1.0,0.0,0.0
,,,41,,,,,,,,,,,,139673.0,analyst.security.89,MEDIUM,User,HR,0.0,11.0,Active,1.0,2.0,0.0
,,,47,,,,,,,,,,,,178846.0,analyst.security.142,MEDIUM,Analyst,Legal,0.0,9.0,Active,1.0,1.0,0.0
,,,40,,,,,,,,,,,,58710.0,admin.risk.517,MEDIUM,Analyst,IT,0.0,19.0,Suspended,1.0,0.0,0.0
,,,75,,,,,,,,,,,,311493.0,director.tech.260,HIGH,Analyst,IT,1.0,29.0,Active,1.0,2.0,0.0
,,,18,,,,,,,,,,,,328218.0,user.support.392,LOW,User,HR,0.0,10.0,Active,0.0,1.0,0.0
,,,71,,,,,,,,,,,,7999.0,manager.risk.341,HIGH,User,Operations,1.0,9.0,Active,1.0,17.0,1.0
,,,71,,,,,,,,,,,,64977.0,lead.risk.344,HIGH,Manager,Legal,1.0,26.0,Active,1.0,6.0,0.0
,,,77,,,,,,,,,,,,37207.0,manager.security.105,HIGH,Analyst,Finance,1.0,4.0,Active,1.0,14.0,0.0
,,,75,,,,,,,,,,,,27560.0,lead.risk.263,HIGH,Analyst,Operations,1.0,2.0,Active,1.0,1.0,0.0
,,,43,,,,,,,,,,,,9357.0,admin.risk.53,MEDIUM,User,HR,0.0,14.0,Active,0.0,1.0,0.0
,,,41,,,,,,,,,,,,29860.0,admin.security.511,MEDIUM,User,HR,0.0,12.0,Active,0.0,0.0,0.0
,,,44,,,,,,,,,,,,203947.0,engineer.infra.81,MEDIUM,Analyst,Legal,0.0,24.0,Active,1.0,0.0,0.0
,,,21,,,,,,,,,,,,79811.0,temp.ops.881,LOW,Manager,IT,0.0,9.0,Active,0.0,0.0,0.0
,,,79,,,,,,,,,,,,22288.0,director.risk.258,HIGH,User,Operations,1.0,14.0,Suspended,0.0,9.0,1.0
,,,17,,,,,,,,,,,,28441.0,guest.admin.794,LOW,User,Finance,0.0,2.0,Active,1.0,4.0,0.0
,,,44,,,,,,,,,,,,232592.0,engineer.security.115,MEDIUM,User,Operations,0.0,24.0,Inactive,0.0,2.0,0.0
,,,74,,,,,,,,,,,,19664.0,lead.risk.134,HIGH,User,HR,1.0,24.0,Active,0.0,0.0,0.0
,,,41,,,,,,,,,,,,16120.0,analyst.risk.525,MEDIUM,User,IT,0.0,6.0,Active,1.0,1.0,0.0
,,,75,,,,,,,,,,,,16384.0,lead.risk.486,HIGH,User,Legal,1.0,28.0,Active,0.0,0.0,0.0
,,,45,,,,,,,,,,,,53268.0,specialist.ops.531,MEDIUM,Analyst,Finance,0.0,2.0,Active,1.0,1.0,0.0
,,,46,,,,,,,,,,,,279573.0,engineer.security.620,MEDIUM,Manager,Operations,0.0,6.0,Active,0.0,10.0,1.0
,,,73,,,,,,,,,,,,8627.0,vp.tech.736,HIGH,Exec,Finance,1.0,21.0,Active,1.0,7.0,0.0
,,,18,,,,,,,,,,,,21336.0,guest.support.892,LOW,Analyst,Legal,0.0,29.0,Active,0.0,14.0,1.0
,,,96,,,,,,,,,,,,80610.0,cfo.exec.738,CRITICAL,User,IT,1.0,7.0,Active,1.0,13.0,1.0
,,,71,,,,,,,,,,,,199811.0,director.risk.133,HIGH,User,Finance,1.0,1.0,Inactive,1.0,0.0,1.0
,,,49,,,,,,,,,,,,44184.0,engineer.risk.857,MEDIUM,User,IT,0.0,4.0,Active,1.0,10.0,0.0
,,,19,,,,,,,,,,,,52840.0,guest.admin.131,LOW,Manager,Finance,0.0,20.0,Active,0.0,19.0,1.0
,,,16,,,,,,,,,,,,78464.0,temp.admin.25,LOW,User,Finance,0.0,28.0,Active,0.0,6.0,0.0
,,,79,,,,,,,,,,,,224579.0,manager.tech.811,HIGH,Analyst,HR,1.0,0.0,Active,1.0,0.0,1.0
,,,43,,,,,,,,,,,,120063.0,engineer.risk.332,MEDIUM,Analyst,Finance,0.0,10.0,Suspended,0.0,10.0,0.0
,,,79,,,,,,,,,,,,232648.0,director.trading.236,HIGH,Analyst,Legal,1.0,2.0,Active,1.0,18.0,0.0
,,,72,,,,,,,,,,,,190609.0,director.risk.631,HIGH,Analyst,IT,1.0,2.0,Active,1.0,8.0,0.0
,,,44,,,,,,,,,,,,88977.0,engineer.risk.706,MEDIUM,Analyst,Finance,0.0,17.0,Active,1.0,18.0,0.0
,,,43,,,,,,,,,,,,59369.0,analyst.security.381,MEDIUM,User,Operations,0.0,25.0,Active,1.0,2.0,0.0
,,,91,,,,,,,,,,,,39590.0,cfo.board.09,CRITICAL,Exec,IT,1.0,19.0,Active,1.0,0.0,0.0
,,,41,,,,,,,,,,,,111257.0,specialist.infra.752,MEDIUM,User,Operations,0.0,0.0,Active,0.0,2.0,0.0
,,,98,,,,,,,,,,,,2866.0,cfo.board.175,CRITICAL,Analyst,IT,1.0,29.0,Active,1.0,13.0,1.0
,,,70,,,,,,,,,,,,49089.0,director.security.291,HIGH,Exec,Operations,1.0,10.0,Active,1.0,1.0,0.0
,,,78,,,,,,,,,,,,93361.0,lead.tech.584,HIGH,User,IT,1.0,6.0,Inactive,1.0,2.0,0.0
,,,46,,,,,,,,,,,,17722.0,specialist.infra.818,MEDIUM,Analyst,Operations,0.0,0.0,Active,0.0,3.0,0.0
,,,48,,,,,,,,,,,,479.0,admin.security.243,MEDIUM,Analyst,Finance,0.0,9.0,Active,1.0,12.0,1.0
,,,17,,,,,,,,,,,,11003.0,temp.admin.829,LOW,User,Finance,0.0,7.0,Active,1.0,3.0,0.0
,,,18,,,,,,,,,,,,82085.0,user.ops.523,LOW,Exec,Operations,0.0,20.0,Active,1.0,3.0,0.0
,,,49,,,,,,,,,,,,74090.0,admin.security.584,MEDIUM,User,Operations,0.0,24.0,Active,1.0,2.0,0.0
,,,42,,,,,,,,,,,,50450.0,specialist.infra.432,MEDIUM,Analyst,Operations,0.0,20.0,Active,1.0,1.0,0.0
,,,93,,,,,,,,,,,,206568.0,cto.board.508,CRITICAL,User,Finance,1.0,4.0,Active,1.0,0.0,0.0
,,,75,,,,,,,,,,,,31434.0,director.risk.297,HIGH,Analyst,Legal,1.0,26.0,Active,1.0,0.0,0.0
,,,22,,,,,,,,,,,,60997.0,intern.support.926,LOW,Analyst,Finance,0.0,7.0,Active,1.0,1.0,0.0
,,,15,,,,,,,,,,,,153030.0,user.admin.777,LOW,Analyst,Finance,0.0,15.0,Active,0.0,0.0,0.0
,,,19,,,,,,,,,,,,97172.0,guest.support.289,LOW,User,Finance,0.0,27.0,Inactive,0.0,0.0,0.0
,,,43,,,,,,,,,,,,66963.0,analyst.risk.971,MEDIUM,Analyst,HR,0.0,12.0,Active,1.0,0.0,0.0
,,,47,,,,,,,,,,,,82185.0,engineer.risk.325,MEDIUM,Analyst,Finance,0.0,14.0,Active,0.0,0.0,0.0
,,,77,,,,,,,,,,,,3447.0,director.trading.174,HIGH,Manager,IT,1.0,25.0,Active,1.0,3.0,0.0
,,,74,,,,,,,,,,,,435680.0,lead.security.471,HIGH,User,Legal,1.0,7.0,Active,1.0,4.0,0.0
,,,20,,,,,,,,,,,,85656.0,guest.support.994,LOW,Analyst,Operations,0.0,14.0,Active,0.0,12.0,0.0
,,,40,,,,,,,,,,,,349714.0,admin.security.151,MEDIUM,Exec,Operations,0.0,18.0,Active,1.0,1.0,0.0
,,,96,,,,,,,,,,,,346084.0,cfo.board.540,CRITICAL,User,Legal,1.0,15.0,Active,1.0,3.0,0.0
,,,73,,,,,,,,,,,,209658.0,manager.trading.195,HIGH,Exec,Operations,1.0,23.0,Active,1.0,22.0,0.0
,,,18,,,,,,,,,,,,1233.0,user.support.350,LOW,Analyst,HR,0.0,13.0,Active,0.0,1.0,0.0
,,,95,,,,,,,,,,,,17411.0,cfo.exec.79,CRITICAL,User,IT,1.0,5.0,Active,1.0,1.0,0.0
,,,71,,,,,,,,,,,,20518.0,vp.trading.447,HIGH,Analyst,Finance,1.0,16.0,Active,1.0,0.0,0.0
,,,42,,,,,,,,,,,,327253.0,admin.security.723,MEDIUM,Analyst,IT,0.0,16.0,Active,1.0,0.0,0.0
,,,23,,,,,,,,,,,,46861.0,guest.ops.891,LOW,Analyst,Legal,0.0,9.0,Active,0.0,0.0,0.0
,,,48,,,,,,,,,,,,403202.0,admin.security.435,MEDIUM,Analyst,IT,0.0,7.0,Active,0.0,0.0,0.0
,,,49,,,,,,,,,,,,371185.0,specialist.infra.531,MEDIUM,Manager,Legal,0.0,14.0,Active,0.0,4.0,0.0
,,,96,,,,,,,,,,,,186044.0,head_security.board.69,CRITICAL,User,HR,1.0,12.0,Active,1.0,1.0,0.0
,,,49,,,,,,,,,,,,66583.0,specialist.security.495,MEDIUM,Exec,Legal,0.0,26.0,Active,1.0,2.0,0.0
,,,48,,,,,,,,,,,,118820.0,specialist.ops.835,MEDIUM,User,IT,0.0,19.0,Active,1.0,1.0,0.0
,,,47,,,,,,,,,,,,336160.0,specialist.security.701,MEDIUM,User,Finance,0.0,14.0,Active,1.0,4.0,0.0
,,,22,,,,,,,,,,,,115705.0,user.support.155,LOW,User,IT,0.0,23.0,Active,1.0,1.0,0.0
,,,90,,,,,,,,,,,,450871.0,head_security.board.25,CRITICAL,Analyst,IT,1.0,4.0,Active,1.0,1.0,0.0
,,,22,,,,,,,,,,,,89609.0,temp.support.774,LOW,User,HR,0.0,2.0,Active,0.0,0.0,0.0
,,,75,,,,,,,,,,,,102831.0,director.risk.720,HIGH,Analyst,Operations,1.0,4.0,Active,1.0,0.0,0.0
,,,17,,,,,,,,,,,,10415.0,temp.support.948,LOW,User,IT,0.0,6.0,Suspended,0.0,0.0,0.0
,,,41,,,,,,,,,,,,130130.0,specialist.infra.631,MEDIUM,User,HR,0.0,29.0,Active,0.0,0.0,0.0
,,,18,,,,,,,,,,,,301572.0,guest.support.727,LOW,User,Operations,0.0,16.0,Active,1.0,2.0,0.0
,,,98,,,,,,,,,,,,44085.0,ceo.exec.80,CRITICAL,Analyst,Finance,1.0,5.0,Active,0.0,0.0,0.0
,,,20,,,,,,,,,,,,117077.0,intern.ops.877,LOW,User,Finance,0.0,22.0,Active,0.0,3.0,0.0
,,,70,,,,,,,,,,,,13821.0,vp.tech.284,HIGH,Analyst,IT,1.0,26.0,Active,1.0,2.0,0.0
,,,46,,,,,,,,,,,,188443.0,admin.infra.703,MEDIUM,User,Finance,0.0,24.0,Active,1.0,4.0,0.0
,,,23,,,,,,,,,,,,37877.0,user.admin.774,LOW,User,IT,0.0,3.0,Active,0.0,0.0,0.0
,,,48,,,,,,,,,,,,23462.0,admin.security.463,MEDIUM,User,Finance,0.0,12.0,Active,0.0,1.0,0.0
,,,17,,,,,,,,,,,,67091.0,temp.ops.749,LOW,User,HR,0.0,24.0,Active,0.0,1.0,0.0
,,,18,,,,,,,,,,,,189320.0,temp.admin.109,LOW,Manager,Finance,0.0,22.0,Active,0.0,0.0,0.0
,,,22,,,,,,,,,,,,6871.0,user.admin.456,LOW,Exec,IT,0.0,23.0,Inactive,1.0,2.0,0.0
,,,43,,,,,,,,,,,,155766.0,analyst.security.480,MEDIUM,Manager,Operations,0.0,2.0,Active,0.0,2.0,0.0
,,,41,,,,,,,,,,,,125780.0,engineer.risk.458,MEDIUM,Manager,Legal,0.0,0.0,Active,1.0,0.0,0.0
,,,72,,,,,,,,,,,,111914.0,vp.security.203,HIGH,Exec,Legal,1.0,29.0,Active,1.0,1.0,0.0
,,,21,,,,,,,,,,,,23983.0,intern.support.155,LOW,Analyst,IT,0.0,12.0,Active,1.0,2.0,0.0
,,,42,,,,,,,,,,,,53783.0,engineer.infra.262,MEDIUM,User,HR,0.0,13.0,Active,0.0,1.0,0.0
,,,17,,,,,,,,,,,,32834.0,user.admin.972,LOW,User,Operations,0.0,10.0,Inactive,0.0,1.0,0.0
,,,41,,,,,,,,,,,,42694.0,analyst.risk.449,MEDIUM,User,Finance,0.0,23.0,Active,0.0,0.0,0.0
,,,46,,,,,,,,,,,,55813.0,specialist.security.526,MEDIUM,Analyst,HR,0.0,11.0,Active,0.0,5.0,0.0
,,,98,,,,,,,,,,,,61297.0,ceo.exec.890,CRITICAL,User,IT,1.0,0.0,Active,1.0,0.0,0.0
,,,72,,,,,,,,,,,,344716.0,vp.tech.222,HIGH,User,Finance,1.0,0.0,Inactive,1.0,0.0,0.0
,,,45,,,,,,,,,,,,43769.0,admin.risk.372,MEDIUM,User,IT,0.0,3.0,Active,1.0,1.0,0.0
,,,48,,,,,,,,,,,,25966.0,analyst.infra.391,MEDIUM,User,Finance,0.0,4.0,Active,0.0,0.0,0.0
,,,16,,,,,,,,,,,,54078.0,temp.ops.773,LOW,User,Operations,0.0,29.0,Active,1.0,2.0,0.0
,,,41,,,,,,,,,,,,90095.0,admin.risk.620,MEDIUM,User,IT,0.0,4.0,Active,1.0,0.0,0.0
,,,48,,,,,,,,,,,,47571.0,analyst.security.693,MEDIUM,User,Operations,0.0,28.0,Active,0.0,0.0,0.0
,,,41,,,,,,,,,,,,54042.0,admin.security.751,MEDIUM,Analyst,Operations,0.0,8.0,Active,1.0,1.0,1.0
,,,18,,,,,,,,,,,,132920.0,guest.ops.774,LOW,Analyst,Finance,0.0,5.0,Active,1.0,5.0,0.0
,,,22,,,,,,,,,,,,102605.0,guest.admin.926,LOW,User,Legal,0.0,0.0,Active,1.0,4.0,0.0
,,,73,,,,,,,,,,,,114625.0,vp.trading.148,HIGH,User,Finance,1.0,7.0,Active,1.0,3.0,0.0
,,,43,,,,,,,,,,,,21404.0,specialist.infra.770,MEDIUM,Analyst,IT,0.0,7.0,Suspended,1.0,1.0,0.0
,,,46,,,,,,,,,,,,38776.0,analyst.ops.671,MEDIUM,User,Finance,0.0,9.0,Active,1.0,0.0,0.0
,,,17,,,,,,,,,,,,93587.0,guest.support.793,LOW,Analyst,IT,0.0,14.0,Active,0.0,0.0,0.0
,,,40,,,,,,,,,,,,13154.0,analyst.risk.137,MEDIUM,Analyst,Finance,0.0,14.0,Active,0.0,2.0,0.0
,,,47,,,,,,,,,,,,107917.0,specialist.infra.338,MEDIUM,User,Finance,0.0,6.0,Active,1.0,2.0,0.0
,,,77,,,,,,,,,,,,120954.0,lead.risk.223,HIGH,Analyst,IT,1.0,3.0,Active,1.0,1.0,0.0
,,,15,,,,,,,,,,,,88936.0,guest.support.466,LOW,Analyst,HR,0.0,8.0,Inactive,1.0,4.0,0.0
,,,77,,,,,,,,,,,,21028.0,director.tech.168,HIGH,Analyst,IT,1.0,26.0,Active,0.0,2.0,0.0
,,,95,,,,,,,,,,,,18888.0,cfo.board.230,CRITICAL,Manager,Finance,1.0,3.0,Active,1.0,1.0,0.0
,,,21,,,,,,,,,,,,199612.0,guest.admin.260,LOW,Manager,IT,0.0,28.0,Active,0.0,4.0,0.0
,,,23,,,,,,,,,,,,58533.0,temp.support.900,LOW,User,HR,0.0,29.0,Active,1.0,4.0,1.0
,,,15,,,,,,,,,,,,17772.0,user.support.821,LOW,Analyst,Operations,0.0,14.0,Active,0.0,2.0,0.0
,,,23,,,,,,,,,,,,19383.0,user.support.713,LOW,Analyst,Finance,0.0,29.0,Active,1.0,5.0,1.0
,,,75,,,,,,,,,,,,87661.0,vp.security.265,HIGH,Analyst,HR,1.0,21.0,Active,0.0,2.0,0.0
,,,71,,,,,,,,,,,,14738.0,lead.risk.258,HIGH,User,Operations,1.0,3.0,Active,0.0,2.0,0.0
,,,92,,,,,,,,,,,,249555.0,cto.exec.84,CRITICAL,Manager,Legal,1.0,1.0,Suspended,0.0,0.0,0.0
,,,47,,,,,,,,,,,,84499.0,specialist.infra.197,MEDIUM,Analyst,Legal,0.0,2.0,Active,1.0,2.0,0.0
,,,40,,,,,,,,,,,,96268.0,admin.ops.455,MEDIUM,Analyst,Operations,0.0,12.0,Active,0.0,2.0,0.0
,,,40,,,,,,,,,,,,46522.0,admin.infra.557,MEDIUM,Analyst,Finance,0.0,16.0,Active,0.0,0.0,0.0
,,,49,,,,,,,,,,,,18236.0,analyst.risk.897,MEDIUM,User,Operations,0.0,14.0,Active,1.0,3.0,0.0
,,,45,,,,,,,,,,,,238670.0,engineer.ops.286,MEDIUM,Analyst,Operations,0.0,2.0,Active,1.0,2.0,0.0
,,,72,,,,,,,,,,,,285510.0,director.trading.158,HIGH,Analyst,Operations,1.0,0.0,Active,0.0,2.0,0.0
,,,49,,,,,,,,,,,,56384.0,analyst.infra.426,MEDIUM,Analyst,IT,0.0,0.0,Active,0.0,2.0,0.0
,,,43,,,,,,,,,,,,17762.0,engineer.infra.902,MEDIUM,User,Finance,0.0,23.0,Active,0.0,1.0,0.0
,,,46,,,,,,,,,,,,100254.0,admin.risk.523,MEDIUM,User,Finance,0.0,20.0,Active,0.0,1.0,0.0
,,,79,,,,,,,,,,,,71339.0,lead.tech.107,HIGH,User,Legal,1.0,4.0,Active,1.0,0.0,0.0
,,,78,,,,,,,,,,,,16194.0,director.trading.611,HIGH,User,IT,1.0,29.0,Active,1.0,6.0,0.0
,,,16,,,,,,,,,,,,53021.0,temp.admin.781,LOW,User,Legal,0.0,4.0,Active,0.0,3.0,0.0
,,,24,,,,,,,,,,,,84642.0,intern.ops.898,LOW,Analyst,IT,0.0,14.0,Active,0.0,3.0,1.0
,,,73,,,,,,,,,,,,8459.0,director.risk.174,HIGH,Analyst,Operations,1.0,25.0,Active,1.0,3.0,0.0
,,,72,,,,,,,,,,,,65410.0,manager.risk.238,HIGH,User,IT,1.0,28.0,Suspended,1.0,0.0,0.0
,,,75,,,,,,,,,,,,33940.0,manager.trading.386,HIGH,User,Finance,1.0,21.0,Active,0.0,3.0,1.0
,,,22,,,,,,,,,,,,40191.0,user.admin.936,LOW,User,Finance,0.0,6.0,Active,0.0,3.0,1.0
,,,42,,,,,,,,,,,,29256.0,engineer.ops.580,MEDIUM,Analyst,Finance,0.0,28.0,Active,0.0,0.0,0.0
,,,74,,,,,,,,,,,,38970.0,vp.trading.433,HIGH,Analyst,HR,1.0,9.0,Inactive,1.0,1.0,1.0
,,,43,,,,,,,,,,,,406142.0,specialist.ops.858,MEDIUM,User,IT,0.0,10.0,Active,1.0,3.0,0.0
,,,16,,,,,,,,,,,,43557.0,intern.admin.234,LOW,Analyst,Finance,0.0,4.0,Active,0.0,0.0,0.0
,,,18,,,,,,,,,,,,186085.0,intern.admin.900,LOW,Analyst,Legal,0.0,17.0,Active,1.0,0.0,0.0
,,,76,,,,,,,,,,,,6147.0,lead.security.192,HIGH,Analyst,Finance,1.0,12.0,Active,0.0,0.0,0.0
,,,93,,,,,,,,,,,,43133.0,cfo.board.89,CRITICAL,Manager,HR,1.0,0.0,Active,1.0,4.0,0.0
,,,21,,,,,,,,,,,,19353.0,intern.ops.307,LOW,Exec,Legal,0.0,26.0,Inactive,0.0,2.0,0.0
,,,79,,,,,,,,,,,,153673.0,manager.tech.206,HIGH,User,HR,1.0,9.0,Active,1.0,1.0,0.0
,,,93,,,,,,,,,,,,4623.0,cto.exec.630,CRITICAL,Analyst,IT,1.0,26.0,Suspended,1.0,3.0,0.0
,,,45,,,,,,,,,,,,437202.0,analyst.infra.583,MEDIUM,User,Finance,0.0,23.0,Active,1.0,0.0,0.0
,,,49,,,,,,,,,,,,155206.0,analyst.infra.704,MEDIUM,Analyst,Legal,0.0,8.0,Active,1.0,2.0,0.0
,,,41,,,,,,,,,,,,54031.0,specialist.ops.170,MEDIUM,Analyst,Operations,0.0,28.0,Active,0.0,2.0,0.0
,,,79,,,,,,,,,,,,171580.0,director.risk.294,HIGH,Analyst,Operations,1.0,3.0,Active,1.0,3.0,0.0
,,,79,,,,,,,,,,,,18963.0,vp.risk.362,HIGH,Exec,IT,1.0,15.0,Active,1.0,2.0,0.0
,,,18,,,,,,,,,,,,40738.0,user.ops.964,LOW,Analyst,Finance,0.0,1.0,Active,0.0,2.0,0.0
,,,46,,,,,,,,,,,,63426.0,analyst.security.695,MEDIUM,Analyst,HR,0.0,24.0,Active,0.0,1.0,0.0
,,,16,,,,,,,,,,,,127637.0,guest.ops.888,LOW,Manager,IT,0.0,7.0,Active,0.0,2.0,0.0
,,,42,,,,,,,,,,,,6016.0,analyst.risk.596,MEDIUM,Manager,IT,0.0,28.0,Active,1.0,4.0,0.0
,,,94,,,,,,,,,,,,112699.0,head_security.exec.980,CRITICAL,Manager,IT,1.0,6.0,Active,1.0,3.0,0.0
,,,43,,,,,,,,,,,,155279.0,admin.security.506,MEDIUM,User,IT,0.0,21.0,Active,1.0,1.0,1.0
,,,43,,,,,,,,,,,,14746.0,engineer.risk.279,MEDIUM,Analyst,Operations,0.0,23.0,Active,1.0,5.0,0.0
,,,46,,,,,,,,,,,,56713.0,admin.security.661,MEDIUM,Analyst,IT,0.0,4.0,Active,0.0,0.0,0.0
,,,18,,,,,,,,,,,,90799.0,temp.ops.857,LOW,User,IT,0.0,17.0,Active,0.0,0.0,0.0
,,,15,,,,,,,,,,,,15110.0,temp.ops.944,LOW,Analyst,HR,0.0,9.0,Inactive,1.0,1.0,0.0
,,,21,,,,,,,,,,,,338476.0,temp.admin.844,LOW,User,IT,0.0,1.0,Active,0.0,1.0,0.0
,,,70,,,,,,,,,,,,325237.0,vp.tech.375,HIGH,User,Finance,1.0,0.0,Active,1.0,2.0,0.0
,,,18,,,,,,,,,,,,211718.0,intern.admin.771,LOW,Analyst,Finance,0.0,16.0,Inactive,0.0,1.0,0.0
,,,77,,,,,,,,,,,,71061.0,vp.security.302,HIGH,User,HR,1.0,3.0,Active,1.0,0.0,0.0
,,,76,,,,,,,,,,,,26945.0,vp.trading.180,HIGH,Exec,Operations,1.0,21.0,Active,1.0,0.0,0.0
,,,23,,,,,,,,,,,,207427.0,intern.admin.270,LOW,Manager,Operations,0.0,0.0,Active,0.0,1.0,0.0
,,,73,,,,,,,,,,,,245462.0,manager.risk.207,HIGH,User,Finance,1.0,15.0,Active,1.0,2.0,0.0
,,,49,,,,,,,,,,,,442011.0,specialist.infra.474,MEDIUM,Analyst,Finance,0.0,7.0,Active,1.0,0.0,0.0
,,,45,,,,,,,,,,,,117251.0,specialist.ops.118,MEDIUM,Analyst,Finance,0.0,23.0,Active,1.0,0.0,0.0
,,,75,,,,,,,,,,,,10247.0,manager.risk.104,HIGH,User,Finance,1.0,23.0,Active,1.0,0.0,0.0
,,,40,,,,,,,,,,,,7431.0,specialist.ops.47,MEDIUM,Analyst,Operations,0.0,15.0,Active,1.0,0.0,0.0
,,,17,,,,,,,,,,,,5709.0,intern.support.812,LOW,User,IT,0.0,0.0,Active,0.0,1.0,0.0
,,,46,,,,,,,,,,,,21326.0,admin.risk.350,MEDIUM,Manager,HR,0.0,4.0,Active,0.0,0.0,0.0
,,,41,,,,,,,,,,,,1734.0,analyst.infra.604,MEDIUM,Exec,IT,0.0,2.0,Active,1.0,0.0,0.0
,,,23,,,,,,,,,,,,85257.0,guest.admin.746,LOW,Manager,HR,0.0,25.0,Active,0.0,0.0,0.0
,,,45,,,,,,,,,,,,90208.0,engineer.ops.644,MEDIUM,Manager,IT,0.0,11.0,Active,0.0,3.0,1.0
,,,15,,,,,,,,,,,,89580.0,temp.ops.179,LOW,User,IT,0.0,13.0,Active,0.0,1.0,0.0
,,,48,,,,,,,,,,,,44050.0,engineer.infra.105,MEDIUM,Exec,Finance,0.0,29.0,Active,0.0,0.0,0.0
,,,47,,,,,,,,,,,,53604.0,specialist.security.466,MEDIUM,Analyst,Operations,0.0,20.0,Active,1.0,5.0,0.0
,,,73,,,,,,,,,,,,66476.0,manager.risk.195,HIGH,Manager,Operations,1.0,20.0,Active,1.0,4.0,1.0
,,,98,,,,,,,,,,,,53794.0,cto.exec.88,CRITICAL,User,Finance,1.0,2.0,Active,1.0,0.0,0.0
,,,74,,,,,,,,,,,,96941.0,director.trading.162,HIGH,User,Finance,1.0,17.0,Active,0.0,1.0,0.0
,,,42,,,,,,,,,,,,76177.0,admin.risk.956,MEDIUM,User,Operations,0.0,22.0,Active,1.0,1.0,0.0
,,,99,,,,,,,,,,,,115029.0,ceo.exec.992,CRITICAL,Analyst,IT,1.0,19.0,Active,1.0,0.0,0.0
,,,21,,,,,,,,,,,,66004.0,temp.admin.742,LOW,User,IT,0.0,22.0,Active,0.0,4.0,0.0
,,,21,,,,,,,,,,,,46219.0,intern.ops.559,LOW,Manager,IT,0.0,11.0,Active,0.0,1.0,0.0
,,,19,,,,,,,,,,,,74690.0,intern.ops.448,LOW,User,Legal,0.0,18.0,Active,0.0,0.0,0.0
,,,42,,,,,,,,,,,,6010.0,specialist.security.471,MEDIUM,User,Finance,0.0,11.0,Active,0.0,3.0,0.0
,,,73,,,,,,,,,,,,16618.0,manager.trading.130,HIGH,User,Finance,1.0,25.0,Active,1.0,4.0,0.0
,,,46,,,,,,,,,,,,85623.0,specialist.ops.630,MEDIUM,Analyst,Operations,0.0,18.0,Active,1.0,1.0,0.0
,,,49,,,,,,,,,,,,41273.0,admin.infra.326,MEDIUM,User,IT,0.0,8.0,Active,1.0,2.0,1.0
,,,45,,,,,,,,,,,,299125.0,engineer.ops.317,MEDIUM,User,Finance,0.0,25.0,Active,0.0,5.0,0.0
,,,49,,,,,,,,,,,,37552.0,engineer.risk.334,MEDIUM,User,Finance,0.0,22.0,Inactive,0.0,2.0,0.0
,,,41,,,,,,,,,,,,56731.0,analyst.infra.661,MEDIUM,User,Operations,0.0,20.0,Active,1.0,5.0,0.0
,,,42,,,,,,,,,,,,32063.0,analyst.infra.636,MEDIUM,User,Legal,0.0,15.0,Active,0.0,0.0,0.0
,,,20,,,,,,,,,,,,55606.0,user.ops.754,LOW,User,Finance,0.0,23.0,Active,0.0,5.0,0.0
,,,42,,,,,,,,,,,,40221.0,admin.risk.603,MEDIUM,Analyst,Finance,0.0,12.0,Active,1.0,0.0,0.0
,,,49,,,,,,,,,,,,139014.0,analyst.ops.273,MEDIUM,Manager,IT,0.0,29.0,Active,0.0,1.0,0.0
,,,44,,,,,,,,,,,,215.0,engineer.ops.640,MEDIUM,Analyst,Finance,0.0,26.0,Active,0.0,4.0,1.0
,,,74,,,,,,,,,,,,149598.0,director.tech.218,HIGH,Analyst,Finance,1.0,8.0,Active,1.0,0.0,0.0
,,,48,,,,,,,,,,,,292380.0,engineer.infra.745,MEDIUM,User,Operations,0.0,0.0,Inactive,1.0,1.0,0.0
,,,22,,,,,,,,,,,,983.0,temp.ops.266,LOW,User,Legal,0.0,16.0,Active,0.0,0.0,0.0
,,,22,,,,,,,,,,,,202049.0,user.ops.766,LOW,User,Finance,0.0,20.0,Suspended,0.0,5.0,0.0
,,,77,,,,,,,,,,,,71175.0,vp.risk.454,HIGH,Analyst,Finance,1.0,2.0,Active,1.0,19.0,1.0
,,,44,,,,,,,,,,,,179230.0,analyst.risk.977,MEDIUM,Manager,HR,0.0,16.0,Active,1.0,7.0,0.0
,,,76,,,,,,,,,,,,200649.0,lead.security.920,HIGH,Analyst,Legal,1.0,4.0,Active,1.0,17.0,0.0
,,,47,,,,,,,,,,,,225231.0,analyst.security.697,MEDIUM,Analyst,IT,0.0,3.0,Active,1.0,14.0,0.0
,,,71,,,,,,,,,,,,386052.0,manager.tech.110,HIGH,User,HR,1.0,0.0,Active,1.0,5.0,0.0
,,,72,,,,,,,,,,,,355591.0,lead.security.976,HIGH,Manager,HR,1.0,10.0,Active,1.0,0.0,0.0
,,,43,,,,,,,,,,,,80437.0,specialist.risk.723,MEDIUM,Exec,Finance,0.0,10.0,Active,1.0,5.0,0.0
,,,44,,,,,,,,,,,,45403.0,admin.risk.476,MEDIUM,Analyst,Legal,0.0,14.0,Active,1.0,0.0,0.0
,,,41,,,,,,,,,,,,60047.0,specialist.ops.968,MEDIUM,Analyst,Operations,0.0,0.0,Inactive,1.0,1.0,1.0
,,,41,,,,,,,,,,,,64283.0,analyst.ops.597,MEDIUM,Manager,Legal,0.0,27.0,Active,0.0,0.0,1.0
,,,21,,,,,,,,,,,,418345.0,user.admin.240,LOW,User,Operations,0.0,0.0,Active,1.0,0.0,0.0
,,,42,,,,,,,,,,,,254138.0,admin.risk.68,MEDIUM,User,Legal,0.0,13.0,Active,1.0,4.0,0.0
,,,70,,,,,,,,,,,,40259.0,director.risk.137,HIGH,Analyst,Finance,1.0,23.0,Active,1.0,2.0,0.0
,,,23,,,,,,,,,,,,84089.0,intern.ops.463,LOW,Analyst,HR,0.0,5.0,Active,0.0,5.0,0.0
,,,47,,,,,,,,,,,,209239.0,analyst.risk.639,MEDIUM,Exec,HR,0.0,21.0,Active,1.0,1.0,0.0
,,,42,,,,,,,,,,,,405837.0,specialist.ops.694,MEDIUM,Analyst,IT,0.0,29.0,Active,0.0,3.0,0.0
,,,93,,,,,,,,,,,,160909.0,cto.exec.37,CRITICAL,Manager,Finance,1.0,20.0,Active,1.0,2.0,0.0
,,,49,,,,,,,,,,,,22648.0,engineer.security.92,MEDIUM,Manager,Operations,0.0,23.0,Active,1.0,1.0,0.0
,,,94,,,,,,,,,,,,390110.0,ceo.board.68,CRITICAL,Analyst,IT,1.0,0.0,Active,0.0,0.0,0.0
,,,48,,,,,,,,,,,,209519.0,admin.risk.627,MEDIUM,Analyst,Operations,0.0,9.0,Active,1.0,4.0,1.0
,,,40,,,,,,,,,,,,58155.0,specialist.risk.648,MEDIUM,User,Operations,0.0,27.0,Active,1.0,3.0,0.0
,,,40,,,,,,,,,,,,37054.0,admin.infra.314,MEDIUM,User,Legal,0.0,10.0,Active,0.0,2.0,1.0
,,,47,,,,,,,,,,,,377392.0,engineer.risk.677,MEDIUM,Analyst,HR,0.0,6.0,Active,1.0,4.0,0.0
,,,15,,,,,,,,,,,,50949.0,guest.ops.846,LOW,User,Legal,0.0,8.0,Active,0.0,0.0,0.0
,,,24,,,,,,,,,,,,49888.0,temp.support.993,LOW,User,IT,0.0,7.0,Active,1.0,0.0,0.0
,,,49,,,,,,,,,,,,95698.0,engineer.infra.356,MEDIUM,Manager,IT,0.0,12.0,Active,1.0,3.0,0.0
,,,42,,,,,,,,,,,,110276.0,specialist.infra.169,MEDIUM,Manager,HR,0.0,29.0,Active,1.0,3.0,0.0
,,,42,,,,,,,,,,,,212164.0,engineer.risk.01,MEDIUM,Manager,IT,0.0,18.0,Active,1.0,4.0,0.0
,,,75,,,,,,,,,,,,88493.0,lead.risk.148,HIGH,Manager,IT,1.0,9.0,Active,1.0,4.0,0.0
,,,43,,,,,,,,,,,,294757.0,engineer.risk.87,MEDIUM,Analyst,HR,0.0,6.0,Active,1.0,0.0,0.0
,,,78,,,,,,,,,,,,43411.0,lead.trading.304,HIGH,Analyst,Finance,1.0,21.0,Active,0.0,18.0,0.0
,,,40,,,,,,,,,,,,214600.0,admin.risk.675,MEDIUM,Manager,Legal,0.0,23.0,Active,1.0,11.0,0.0
,,,47,,,,,,,,,,,,65028.0,engineer.infra.694,MEDIUM,Manager,Legal,0.0,20.0,Active,0.0,6.0,0.0
,,,77,,,,,,,,,,,,271254.0,lead.tech.124,HIGH,Analyst,HR,1.0,1.0,Active,0.0,2.0,1.0
,,,44,,,,,,,,,,,,113757.0,specialist.risk.461,MEDIUM,User,Legal,0.0,9.0,Active,0.0,14.0,0.0
,,,93,,,,,,,,,,,,195235.0,cfo.exec.732,CRITICAL,Manager,Operations,1.0,17.0,Active,1.0,15.0,1.0
,,,94,,,,,,,,,,,,237593.0,ceo.board.476,CRITICAL,User,IT,1.0,22.0,Active,1.0,14.0,0.0
,,,23,,,,,,,,,,,,121278.0,user.support.821,LOW,Analyst,Finance,0.0,13.0,Active,0.0,19.0,0.0
,,,79,,,,,,,,,,,,45197.0,director.tech.109,HIGH,Manager,Legal,1.0,6.0,Active,0.0,13.0,1.0
,,,22,,,,,,,,,,,,117845.0,user.admin.363,LOW,Analyst,Finance,0.0,3.0,Active,0.0,7.0,1.0
,,,22,,,,,,,,,,,,83883.0,user.support.989,LOW,Analyst,Finance,0.0,27.0,Active,0.0,0.0,0.0
,,,73,,,,,,,,,,,,52364.0,director.trading.284,HIGH,Analyst,Finance,1.0,5.0,Active,1.0,13.0,0.0
,,,77,,,,,,,,,,,,421143.0,vp.tech.257,HIGH,User,Finance,1.0,11.0,Active,1.0,16.0,0.0
,,,95,,,,,,,,,,,,449170.0,cfo.exec.103,CRITICAL,User,Finance,1.0,16.0,Active,1.0,11.0,0.0
,,,75,,,,,,,,,,,,181020.0,lead.tech.252,HIGH,User,Operations,1.0,17.0,Active,1.0,22.0,1.0
,,,75,,,,,,,,,,,,413961.0,vp.risk.996,HIGH,Analyst,IT,1.0,21.0,Suspended,1.0,11.0,1.0
,,,45,,,,,,,,,,,,386491.0,analyst.security.679,MEDIUM,Analyst,HR,0.0,26.0,Active,1.0,9.0,0.0
,,,49,,,,,,,,,,,,34555.0,admin.ops.223,MEDIUM,User,IT,0.0,14.0,Active,1.0,4.0,0.0
,,,42,,,,,,,,,,,,27874.0,analyst.security.30,MEDIUM,User,Finance,0.0,14.0,Active,1.0,1.0,0.0
,,,70,,,,,,,,,,,,374039.0,manager.risk.248,HIGH,User,Legal,1.0,6.0,Active,0.0,4.0,0.0
,,,90,,,,,,,,,,,,228997.0,ceo.board.18,CRITICAL,User,IT,1.0,15.0,Active,1.0,6.0,0.0
,,,76,,,,,,,,,,,,56422.0,lead.tech.908,HIGH,Analyst,Legal,1.0,24.0,Active,1.0,1.0,0.0
,,,40,,,,,,,,,,,,440643.0,specialist.ops.668,MEDIUM,Manager,Finance,0.0,18.0,Active,0.0,4.0,0.0
,,,17,,,,,,,,,,,,109440.0,temp.ops.374,LOW,Analyst,IT,0.0,11.0,Active,1.0,0.0,0.0
,,,41,,,,,,,,,,,,305018.0,admin.infra.187,MEDIUM,Analyst,IT,0.0,18.0,Active,1.0,4.0,1.0
,,,22,,,,,,,,,,,,250565.0,guest.ops.456,LOW,User,IT,0.0,6.0,Active,0.0,0.0,0.0
,,,91,,,,,,,,,,,,68091.0,head_security.exec.59,CRITICAL,Exec,HR,1.0,21.0,Active,1.0,0.0,0.0
,,,18,,,,,,,,,,,,112724.0,user.support.860,LOW,Analyst,IT,0.0,15.0,Active,0.0,1.0,0.0
,,,17,,,,,,,,,,,,129466.0,guest.ops.828,LOW,User,IT,0.0,27.0,Active,1.0,1.0,0.0
,,,43,,,,,,,,,,,,94699.0,specialist.security.167,MEDIUM,Analyst,IT,0.0,13.0,Active,0.0,6.0,0.0
,,,24,,,,,,,,,,,,28001.0,guest.admin.992,LOW,Analyst,Finance,0.0,2.0,Active,1.0,5.0,0.0
,,,40,,,,,,,,,,,,86359.0,engineer.infra.127,MEDIUM,Analyst,Operations,0.0,29.0,Active,0.0,5.0,0.0
,,,24,,,,,,,,,,,,46415.0,intern.admin.942,LOW,User,IT,0.0,3.0,Active,0.0,0.0,0.0
,,,76,,,,,,,,,,,,119412.0,lead.tech.278,HIGH,User,HR,1.0,12.0,Active,0.0,0.0,0.0
,,,94,,,,,,,,,,,,379214.0,cfo.exec.777,CRITICAL,User,HR,1.0,3.0,Inactive,1.0,3.0,0.0
,,,48,,,,,,,,,,,,136908.0,admin.infra.324,MEDIUM,Analyst,Finance,0.0,25.0,Active,0.0,2.0,0.0
,,,46,,,,,,,,,,,,199015.0,admin.ops.966,MEDIUM,User,Finance,0.0,11.0,Active,1.0,3.0,0.0
,,,17,,,,,,,,,,,,109284.0,temp.admin.307,LOW,User,Operations,0.0,11.0,Active,1.0,0.0,0.0
,,,46,,,,,,,,,,,,2806.0,engineer.ops.359,MEDIUM,Analyst,HR,0.0,15.0,Active,1.0,11.0,1.0
,,,42,,,,,,,,,,,,411959.0,admin.security.526,MEDIUM,Analyst,IT,0.0,3.0,Active,1.0,0.0,0.0
,,,47,,,,,,,,,,,,57652.0,analyst.security.25,MEDIUM,User,Operations,0.0,16.0,Active,0.0,6.0,0.0
,,,23,,,,,,,,,,,,2630.0,user.admin.783,LOW,User,IT,0.0,28.0,Active,0.0,13.0,0.0
,,,24,,,,,,,,,,,,106923.0,temp.ops.704,LOW,Manager,IT,0.0,16.0,Active,0.0,0.0,0.0
,,,43,,,,,,,,,,,,48189.0,analyst.security.633,MEDIUM,Analyst,Operations,0.0,18.0,Active,1.0,0.0,1.0
,,,93,,,,,,,,,,,,128106.0,cfo.exec.26,CRITICAL,Analyst,Legal,1.0,13.0,Active,1.0,2.0,0.0
,,,23,,,,,,,,,,,,6761.0,temp.support.486,LOW,User,IT,0.0,7.0,Active,1.0,0.0,0.0
,,,94,,,,,,,,,,,,35654.0,cto.exec.46,CRITICAL,Manager,Operations,1.0,24.0,Active,1.0,4.0,0.0
,,,20,,,,,,,,,,,,20760.0,temp.support.789,LOW,Analyst,HR,0.0,29.0,Active,0.0,13.0,1.0
,,,76,,,,,,,,,,,,57045.0,lead.tech.299,HIGH,User,Finance,1.0,1.0,Active,1.0,1.0,0.0
,,,43,,,,,,,,,,,,15410.0,admin.security.344,MEDIUM,User,HR,0.0,6.0,Active,1.0,2.0,1.0
,,,40,,,,,,,,,,,,9116.0,engineer.infra.502,MEDIUM,User,Operations,0.0,25.0,Active,1.0,4.0,0.0
,,,73,,,,,,,,,,,,30118.0,vp.trading.04,HIGH,Manager,Legal,1.0,8.0,Active,1.0,5.0,0.0
,,,98,,,,,,,,,,,,14181.0,head_security.board.272,CRITICAL,Analyst,IT,1.0,25.0,Active,1.0,1.0,0.0
,,,45,,,,,,,,,,,,84974.0,analyst.ops.550,MEDIUM,Analyst,Finance,0.0,22.0,Active,0.0,5.0,0.0
,,,47,,,,,,,,,,,,27627.0,analyst.infra.106,MEDIUM,User,Finance,0.0,14.0,Active,0.0,1.0,1.0
,,,42,,,,,,,,,,,,114202.0,engineer.security.684,MEDIUM,User,Operations,0.0,6.0,Active,1.0,4.0,0.0
,,,18,,,,,,,,,,,,301988.0,user.support.980,LOW,Analyst,IT,0.0,2.0,Active,0.0,1.0,0.0
,,,41,,,,,,,,,,,,193951.0,analyst.ops.794,MEDIUM,User,Operations,0.0,22.0,Active,0.0,0.0,0.0
,,,17,,,,,,,,,,,,39345.0,guest.admin.890,LOW,Analyst,Finance,0.0,8.0,Active,0.0,0.0,0.0
,,,18,,,,,,,,,,,,64444.0,user.admin.324,LOW,Manager,Operations,0.0,3.0,Active,1.0,0.0,0.0
,,,17,,,,,,,,,,,,400824.0,temp.support.504,LOW,Analyst,Finance,0.0,20.0,Inactive,0.0,10.0,0.0
,,,24,,,,,,,,,,,,243742.0,intern.ops.850,LOW,Manager,HR,0.0,0.0,Active,0.0,1.0,0.0
,,,47,,,,,,,,,,,,308467.0,admin.risk.704,MEDIUM,Analyst,IT,0.0,25.0,Active,1.0,0.0,0.0
,,,44,,,,,,,,,,,,55284.0,analyst.risk.587,MEDIUM,Analyst,HR,0.0,2.0,Active,0.0,21.0,1.0
,,,41,,,,,,,,,,,,68763.0,analyst.ops.538,MEDIUM,Manager,Legal,0.0,20.0,Active,1.0,0.0,0.0
,,,18,,,,,,,,,,,,12241.0,intern.ops.421,LOW,User,Legal,0.0,2.0,Active,1.0,0.0,0.0
,,,47,,,,,,,,,,,,310551.0,specialist.security.415,MEDIUM,Analyst,Finance,0.0,12.0,Active,1.0,2.0,0.0
,,,24,,,,,,,,,,,,32524.0,user.support.737,LOW,Analyst,Finance,0.0,28.0,Suspended,0.0,1.0,0.0
,,,19,,,,,,,,,,,,42917.0,temp.ops.887,LOW,User,Finance,0.0,8.0,Active,0.0,1.0,1.0
,,,99,,,,,,,,,,,,329650.0,ceo.board.100,CRITICAL,User,IT,1.0,27.0,Active,1.0,1.0,0.0
,,,17,,,,,,,,,,,,367549.0,user.support.761,LOW,Manager,Operations,0.0,29.0,Inactive,1.0,0.0,0.0
,,,47,,,,,,,,,,,,31405.0,admin.infra.214,MEDIUM,User,IT,0.0,15.0,Active,0.0,2.0,1.0
,,,74,,,,,,,,,,,,20104.0,lead.risk.333,HIGH,Analyst,Legal,1.0,25.0,Active,0.0,0.0,0.0
,,,77,,,,,,,,,,,,58420.0,director.tech.294,HIGH,User,Finance,1.0,1.0,Active,1.0,12.0,0.0
,,,43,,,,,,,,,,,,769.0,engineer.security.366,MEDIUM,Manager,IT,0.0,21.0,Active,0.0,0.0,0.0
,,,96,,,,,,,,,,,,53568.0,cfo.exec.338,CRITICAL,Analyst,IT,1.0,7.0,Active,1.0,15.0,1.0
,,,40,,,,,,,,,,,,72352.0,engineer.security.161,MEDIUM,Analyst,IT,0.0,10.0,Active,1.0,1.0,0.0
,,,94,,,,,,,,,,,,221416.0,ceo.exec.88,CRITICAL,Analyst,HR,1.0,23.0,Active,1.0,1.0,0.0
,,,21,,,,,,,,,,,,2593.0,guest.support.376,LOW,User,HR,0.0,15.0,Active,1.0,11.0,1.0
,,,75,,,,,,,,,,,,404957.0,manager.security.231,HIGH,Manager,Finance,1.0,3.0,Active,1.0,4.0,0.0
,,,47,,,,,,,,,,,,5796.0,admin.security.641,MEDIUM,Analyst,IT,0.0,4.0,Active,0.0,2.0,0.0
,,,43,,,,,,,,,,,,375790.0,engineer.security.700,MEDIUM,User,Finance,0.0,15.0,Active,1.0,10.0,0.0
,,,74,,,,,,,,,,,,444862.0,manager.security.303,HIGH,Exec,HR,1.0,8.0,Active,0.0,3.0,0.0
,,,43,,,,,,,,,,,,442987.0,specialist.security.438,MEDIUM,User,Operations,0.0,13.0,Active,1.0,3.0,0.0
,,,76,,,,,,,,,,,,449756.0,vp.trading.132,HIGH,User,IT,1.0,27.0,Active,1.0,3.0,0.0
,,,93,,,,,,,,,,,,196495.0,cfo.board.166,CRITICAL,Analyst,Operations,1.0,22.0,Active,1.0,2.0,0.0
,,,22,,,,,,,,,,,,383001.0,user.ops.718,LOW,Analyst,Legal,0.0,12.0,Active,0.0,2.0,0.0
,,,79,,,,,,,,,,,,419119.0,lead.security.176,HIGH,Analyst,Finance,1.0,7.0,Active,0.0,4.0,0.0
,,,41,,,,,,,,,,,,26614.0,analyst.risk.914,MEDIUM,User,IT,0.0,12.0,Active,0.0,4.0,0.0
,,,22,,,,,,,,,,,,67644.0,guest.support.952,LOW,Manager,HR,0.0,14.0,Active,0.0,2.0,0.0
,,,70,,,,,,,,,,,,33648.0,lead.tech.600,HIGH,User,Legal,1.0,1.0,Active,0.0,10.0,0.0
,,,70,,,,,,,,,,,,25393.0,lead.risk.151,HIGH,Exec,IT,1.0,14.0,Active,1.0,14.0,1.0
,,,47,,,,,,,,,,,,999.0,specialist.infra.615,MEDIUM,User,Operations,0.0,7.0,Active,1.0,0.0,0.0
,,,47,,,,,,,,,,,,132718.0,admin.ops.541,MEDIUM,User,Operations,0.0,17.0,Active,1.0,0.0,0.0
,,,47,,,,,,,,,,,,449555.0,analyst.risk.447,MEDIUM,Analyst,Operations,0.0,1.0,Active,1.0,1.0,0.0
,,,73,,,,,,,,,,,,423299.0,lead.tech.237,HIGH,User,Legal,1.0,26.0,Active,1.0,17.0,0.0
,,,17,,,,,,,,,,,,65569.0,guest.ops.75,LOW,User,Operations,0.0,27.0,Active,0.0,0.0,0.0
,,,46,,,,,,,,,,,,136016.0,admin.risk.116,MEDIUM,User,Finance,0.0,9.0,Active,1.0,3.0,0.0
,,,41,,,,,,,,,,,,6636.0,engineer.security.797,MEDIUM,Analyst,IT,0.0,5.0,Active,1.0,1.0,0.0
,,,49,,,,,,,,,,,,8454.0,engineer.ops.626,MEDIUM,Analyst,IT,0.0,19.0,Inactive,0.0,0.0,0.0
,,,72,,,,,,,,,,,,14407.0,manager.trading.171,HIGH,Analyst,IT,1.0,24.0,Active,1.0,3.0,0.0
,,,74,,,,,,,,,,,,400041.0,director.trading.293,HIGH,Manager,IT,1.0,25.0,Inactive,0.0,18.0,0.0
,,,42,,,,,,,,,,,,336009.0,admin.infra.851,MEDIUM,Analyst,Operations,0.0,1.0,Active,1.0,1.0,0.0
,,,75,,,,,,,,,,,,42556.0,manager.security.41,HIGH,Analyst,Legal,1.0,19.0,Active,1.0,10.0,1.0
,,,45,,,,,,,,,,,,114215.0,admin.ops.585,MEDIUM,User,Legal,0.0,13.0,Suspended,0.0,1.0,0.0
,,,40,,,,,,,,,,,,9468.0,engineer.ops.368,MEDIUM,User,Legal,0.0,0.0,Active,0.0,1.0,0.0
,,,70,,,,,,,,,,,,56825.0,vp.tech.249,HIGH,Analyst,Finance,1.0,19.0,Active,0.0,2.0,0.0
,,,48,,,,,,,,,,,,44033.0,analyst.security.596,MEDIUM,Analyst,IT,0.0,21.0,Active,1.0,3.0,0.0
,,,18,,,,,,,,,,,,93637.0,intern.admin.84,LOW,Exec,Operations,0.0,25.0,Active,0.0,2.0,0.0
,,,48,,,,,,,,,,,,21472.0,specialist.ops.581,MEDIUM,Analyst,Finance,0.0,15.0,Active,0.0,4.0,0.0
,,,75,,,,,,,,,,,,88766.0,vp.security.718,HIGH,Manager,IT,1.0,24.0,Active,1.0,2.0,0.0
,,,46,,,,,,,,,,,,44137.0,admin.security.693,MEDIUM,User,HR,0.0,22.0,Active,1.0,1.0,0.0
,,,41,,,,,,,,,,,,174981.0,admin.risk.21,MEDIUM,Manager,Finance,0.0,2.0,Active,0.0,0.0,0.0
,,,16,,,,,,,,,,,,82937.0,user.support.929,LOW,User,IT,0.0,16.0,Active,1.0,0.0,0.0
,,,42,,,,,,,,,,,,20208.0,specialist.security.338,MEDIUM,Analyst,Operations,0.0,19.0,Active,0.0,4.0,0.0
,,,46,,,,,,,,,,,,118787.0,analyst.security.894,MEDIUM,Manager,IT,0.0,17.0,Active,0.0,3.0,0.0
,,,40,,,,,,,,,,,,244604.0,specialist.security.713,MEDIUM,Analyst,IT,0.0,2.0,Active,1.0,2.0,0.0
,,,19,,,,,,,,,,,,226562.0,temp.ops.797,LOW,Analyst,Finance,0.0,7.0,Active,1.0,2.0,1.0
,,,79,,,,,,,,,,,,398880.0,director.security.961,HIGH,User,HR,1.0,26.0,Active,0.0,2.0,0.0
,,,73,,,,,,,,,,,,116067.0,director.trading.569,HIGH,User,Operations,1.0,12.0,Active,1.0,0.0,0.0
,,,15,,,,,,,,,,,,54593.0,temp.admin.955,LOW,Manager,Legal,0.0,24.0,Inactive,0.0,4.0,0.0
,,,42,,,,,,,,,,,,60300.0,analyst.risk.736,MEDIUM,Analyst,Finance,0.0,10.0,Active,0.0,0.0,0.0
,,,78,,,,,,,,,,,,26475.0,vp.risk.102,HIGH,Analyst,IT,1.0,12.0,Active,1.0,4.0,0.0
,,,20,,,,,,,,,,,,362200.0,intern.support.332,LOW,User,IT,0.0,15.0,Active,0.0,1.0,0.0
,,,42,,,,,,,,,,,,91815.0,admin.infra.556,MEDIUM,Manager,IT,0.0,23.0,Active,1.0,0.0,0.0
,,,16,,,,,,,,,,,,172612.0,temp.admin.727,LOW,User,IT,0.0,1.0,Active,0.0,1.0,1.0
,,,21,,,,,,,,,,,,288497.0,temp.ops.470,LOW,Analyst,IT,0.0,23.0,Active,0.0,0.0,0.0
,,,16,,,,,,,,,,,,432909.0,user.support.818,LOW,User,Legal,0.0,9.0,Active,0.0,3.0,0.0
,,,22,,,,,,,,,,,,52956.0,intern.support.911,LOW,Analyst,Operations,0.0,4.0,Inactive,0.0,0.0,0.0
,,,43,,,,,,,,,,,,98937.0,specialist.risk.637,MEDIUM,User,HR,0.0,2.0,Active,0.0,5.0,0.0
,,,44,,,,,,,,,,,,49055.0,analyst.infra.441,MEDIUM,Analyst,Finance,0.0,14.0,Active,1.0,0.0,0.0
,,,46,,,,,,,,,,,,231961.0,specialist.infra.178,MEDIUM,Manager,Operations,0.0,25.0,Active,1.0,4.0,0.0
,,,20,,,,,,,,,,,,319926.0,guest.admin.788,LOW,User,Legal,0.0,5.0,Active,0.0,5.0,0.0
,,,24,,,,,,,,,,,,198769.0,user.ops.874,LOW,Manager,IT,0.0,14.0,Active,0.0,0.0,0.0
,,,70,,,,,,,,,,,,23644.0,manager.trading.129,HIGH,User,Operations,1.0,7.0,Active,1.0,0.0,0.0
,,,71,,,,,,,,,,,,49473.0,manager.security.265,HIGH,Analyst,Finance,1.0,19.0,Active,1.0,3.0,0.0
,,,23,,,,,,,,,,,,30810.0,guest.support.904,LOW,Analyst,IT,0.0,13.0,Active,0.0,1.0,0.0
,,,78,,,,,,,,,,,,47083.0,lead.risk.399,HIGH,User,Legal,1.0,12.0,Active,1.0,0.0,0.0
,,,21,,,,,,,,,,,,62584.0,user.admin.705,LOW,Manager,Operations,0.0,8.0,Active,0.0,0.0,1.0
,,,70,,,,,,,,,,,,55512.0,manager.security.201,HIGH,User,Operations,1.0,23.0,Active,1.0,0.0,0.0
,,,49,,,,,,,,,,,,123665.0,admin.ops.715,MEDIUM,User,Legal,0.0,24.0,Active,1.0,6.0,0.0
,,,44,,,,,,,,,,,,60612.0,specialist.ops.407,MEDIUM,User,Legal,0.0,18.0,Active,1.0,2.0,0.0
,,,98,,,,,,,,,,,,145103.0,head_security.board.437,CRITICAL,Analyst,HR,1.0,15.0,Suspended,1.0,9.0,1.0
,,,44,,,,,,,,,,,,227961.0,engineer.ops.318,MEDIUM,User,Legal,0.0,10.0,Active,1.0,3.0,0.0
,,,92,,,,,,,,,,,,10941.0,ceo.exec.368,CRITICAL,Manager,IT,1.0,10.0,Active,1.0,14.0,1.0
,,,49,,,,,,,,,,,,19272.0,admin.infra.104,MEDIUM,Analyst,Finance,0.0,20.0,Suspended,1.0,0.0,0.0
,,,49,,,,,,,,,,,,376796.0,analyst.security.386,MEDIUM,Analyst,IT,0.0,12.0,Active,0.0,1.0,0.0
,,,40,,,,,,,,,,,,16406.0,admin.ops.04,MEDIUM,User,Finance,0.0,21.0,Active,0.0,0.0,0.0
,,,49,,,,,,,,,,,,427348.0,admin.risk.27,MEDIUM,User,IT,0.0,9.0,Active,1.0,1.0,0.0
,,,42,,,,,,,,,,,,338864.0,engineer.ops.804,MEDIUM,User,Finance,0.0,20.0,Active,0.0,0.0,0.0
,,,19,,,,,,,,,,,,80355.0,intern.ops.433,LOW,Analyst,Operations,0.0,1.0,Active,0.0,0.0,0.0
,,,47,,,,,,,,,,,,9003.0,engineer.security.630,MEDIUM,User,Finance,0.0,17.0,Active,0.0,0.0,0.0
,,,49,,,,,,,,,,,,49078.0,specialist.risk.509,MEDIUM,Analyst,IT,0.0,18.0,Active,0.0,0.0,0.0
,,,71,,,,,,,,,,,,12892.0,director.tech.612,HIGH,Manager,Operations,1.0,2.0,Active,1.0,1.0,0.0
,,,18,,,,,,,,,,,,105605.0,temp.ops.884,LOW,Analyst,HR,0.0,6.0,Active,0.0,1.0,0.0
,,,43,,,,,,,,,,,,6029.0,admin.infra.403,MEDIUM,User,Finance,0.0,10.0,Active,1.0,1.0,0.0
,,,20,,,,,,,,,,,,86307.0,guest.ops.54,LOW,User,Operations,0.0,3.0,Active,0.0,2.0,0.0
,,,90,,,,,,,,,,,,54109.0,ceo.board.869,CRITICAL,User,Finance,1.0,10.0,Active,1.0,13.0,0.0
,,,78,,,,,,,,,,,,72395.0,director.risk.261,HIGH,User,HR,1.0,0.0,Active,1.0,1.0,0.0
,,,17,,,,,,,,,,,,130633.0,temp.ops.854,LOW,User,Finance,0.0,19.0,Active,0.0,0.0,0.0
,,,20,,,,,,,,,,,,278460.0,temp.support.225,LOW,User,HR,0.0,13.0,Active,0.0,0.0,0.0
,,,74,,,,,,,,,,,,285130.0,vp.tech.222,HIGH,User,Operations,1.0,27.0,Active,1.0,2.0,0.0
,,,47,,,,,,,,,,,,1614.0,analyst.security.352,MEDIUM,Analyst,Legal,0.0,2.0,Active,1.0,2.0,0.0
,,,16,,,,,,,,,,,,13597.0,guest.ops.774,LOW,Manager,IT,0.0,18.0,Active,1.0,15.0,0.0
,,,16,,,,,,,,,,,,208166.0,temp.admin.07,LOW,Analyst,Operations,0.0,9.0,Active,0.0,0.0,0.0
,,,43,,,,,,,,,,,,386061.0,specialist.infra.352,MEDIUM,User,Legal,0.0,13.0,Active,0.0,1.0,0.0
,,,45,,,,,,,,,,,,345308.0,specialist.security.80,MEDIUM,User,IT,0.0,0.0,Active,1.0,1.0,0.0
,,,47,,,,,,,,,,,,9114.0,analyst.risk.623,MEDIUM,Exec,Legal,0.0,9.0,Active,0.0,1.0,1.0
,,,70,,,,,,,,,,,,441898.0,lead.risk.153,HIGH,User,IT,1.0,18.0,Active,1.0,0.0,0.0
,,,47,,,,,,,,,,,,425277.0,admin.risk.745,MEDIUM,Analyst,IT,0.0,27.0,Suspended,0.0,1.0,0.0
,,,22,,,,,,,,,,,,353360.0,guest.ops.384,LOW,Analyst,Operations,0.0,1.0,Suspended,1.0,0.0,0.0
,,,93,,,,,,,,,,,,113450.0,head_security.board.23,CRITICAL,Manager,HR,1.0,9.0,Active,1.0,0.0,0.0
,,,40,,,,,,,,,,,,261593.0,analyst.risk.849,MEDIUM,Manager,HR,0.0,22.0,Active,1.0,1.0,0.0
,,,49,,,,,,,,,,,,4436.0,analyst.security.315,MEDIUM,Analyst,IT,0.0,18.0,Active,1.0,0.0,0.0
,,,17,,,,,,,,,,,,61214.0,guest.ops.939,LOW,User,Operations,0.0,14.0,Active,1.0,1.0,0.0
,,,98,,,,,,,,,,,,387963.0,cfo.exec.50,CRITICAL,User,IT,1.0,0.0,Active,1.0,2.0,0.0
,,,41,,,,,,,,,,,,335031.0,engineer.risk.48,MEDIUM,Analyst,HR,0.0,8.0,Active,0.0,2.0,0.0
,,,24,,,,,,,,,,,,100597.0,guest.ops.336,LOW,Manager,Finance,0.0,15.0,Inactive,1.0,1.0,0.0
,,,44,,,,,,,,,,,,350944.0,analyst.infra.650,MEDIUM,User,IT,0.0,23.0,Suspended,1.0,3.0,0.0
,,,71,,,,,,,,,,,,24730.0,manager.tech.809,HIGH,User,Operations,1.0,28.0,Active,1.0,4.0,0.0
,,,71,,,,,,,,,,,,307398.0,manager.trading.214,HIGH,Manager,IT,1.0,21.0,Active,1.0,0.0,0.0
,,,79,,,,,,,,,,,,39362.0,vp.trading.301,HIGH,Analyst,HR,1.0,6.0,Active,0.0,0.0,0.0
,,,22,,,,,,,,,,,,338265.0,user.ops.880,LOW,Analyst,Legal,0.0,7.0,Active,0.0,16.0,0.0
,,,20,,,,,,,,,,,,554.0,temp.support.477,LOW,Analyst,Finance,0.0,17.0,Active,0.0,2.0,0.0
,,,41,,,,,,,,,,,,21423.0,engineer.security.926,MEDIUM,User,Operations,0.0,16.0,Active,1.0,14.0,0.0
,,,41,,,,,,,,,,,,366316.0,admin.ops.658,MEDIUM,User,Legal,0.0,5.0,Active,1.0,1.0,0.0
,,,95,,,,,,,,,,,,291989.0,cto.exec.102,CRITICAL,Analyst,HR,1.0,3.0,Active,1.0,1.0,0.0
,,,43,,,,,,,,,,,,429545.0,engineer.security.543,MEDIUM,Manager,Legal,0.0,7.0,Active,1.0,4.0,0.0
,,,48,,,,,,,,,,,,20040.0,admin.infra.40,MEDIUM,Analyst,HR,0.0,11.0,Active,1.0,0.0,0.0
,,,96,,,,,,,,,,,,309783.0,cfo.board.94,CRITICAL,Analyst,IT,1.0,29.0,Active,1.0,0.0,0.0
,,,95,,,,,,,,,,,,217645.0,cto.board.445,CRITICAL,Analyst,Finance,1.0,28.0,Active,1.0,3.0,0.0
,,,95,,,,,,,,,,,,42841.0,cto.exec.42,CRITICAL,User,IT,1.0,28.0,Active,1.0,3.0,0.0
,,,49,,,,,,,,,,,,355604.0,admin.risk.372,MEDIUM,Manager,Operations,0.0,5.0,Active,1.0,0.0,0.0
,,,74,,,,,,,,,,,,51980.0,manager.risk.654,HIGH,Manager,IT,1.0,11.0,Active,0.0,5.0,0.0
,,,21,,,,,,,,,,,,230087.0,guest.admin.812,LOW,Manager,Operations,0.0,27.0,Inactive,0.0,1.0,0.0
,,,47,,,,,,,,,,,,105965.0,analyst.ops.424,MEDIUM,User,Operations,0.0,0.0,Active,0.0,1.0,0.0
,,,78,,,,,,,,,,,,43624.0,lead.risk.457,HIGH,User,Operations,1.0,29.0,Active,1.0,3.0,0.0
,,,48,,,,,,,,,,,,334589.0,admin.infra.467,MEDIUM,Analyst,IT,0.0,23.0,Active,1.0,0.0,0.0
,,,77,,,,,,,,,,,,176274.0,manager.risk.271,HIGH,Analyst,HR,1.0,9.0,Active,0.0,13.0,0.0
,,,93,,,,,,,,,,,,193835.0,cfo.board.244,CRITICAL,User,Finance,1.0,21.0,Inactive,1.0,9.0,0.0
,,,42,,,,,,,,,,,,334817.0,admin.ops.514,MEDIUM,User,IT,0.0,7.0,Active,0.0,0.0,1.0
,,,42,,,,,,,,,,,,18710.0,admin.security.284,MEDIUM,Analyst,Operations,0.0,27.0,Active,0.0,15.0,0.0
,,,44,,,,,,,,,,,,111165.0,admin.risk.322,MEDIUM,Manager,Finance,0.0,18.0,Active,1.0,16.0,0.0
,,,40,,,,,,,,,,,,368.0,admin.risk.434,MEDIUM,Manager,IT,0.0,9.0,Active,1.0,6.0,0.0
,,,90,,,,,,,,,,,,4095.0,cto.board.166,CRITICAL,Analyst,Finance,1.0,10.0,Active,1.0,9.0,0.0
,,,23,,,,,,,,,,,,31267.0,guest.admin.827,LOW,Analyst,Operations,0.0,29.0,Active,0.0,12.0,0.0
,,,72,,,,,,,,,,,,7255.0,manager.risk.485,HIGH,Analyst,HR,1.0,3.0,Active,1.0,10.0,0.0
,,,15,,,,,,,,,,,,21104.0,guest.ops.819,LOW,Analyst,Operations,0.0,5.0,Active,0.0,13.0,1.0
,,,79,,,,,,,,,,,,5387.0,director.risk.230,HIGH,User,IT,1.0,5.0,Active,1.0,9.0,0.0
,,,20,,,,,,,,,,,,15928.0,temp.admin.796,LOW,User,Finance,0.0,14.0,Active,1.0,11.0,0.0
,,,75,,,,,,,,,,,,6228.0,director.security.876,HIGH,Exec,Legal,1.0,6.0,Active,0.0,7.0,0.0
,,,94,,,,,,,,,,,,9254.0,ceo.exec.436,CRITICAL,User,IT,1.0,3.0,Active,1.0,15.0,0.0
,,,44,,,,,,,,,,,,197539.0,specialist.infra.443,MEDIUM,Analyst,Legal,0.0,28.0,Active,1.0,0.0,0.0
,,,76,,,,,,,,,,,,8382.0,manager.tech.875,HIGH,User,Operations,1.0,12.0,Active,1.0,18.0,0.0
,,,95,,,,,,,,,,,,9490.0,ceo.exec.331,CRITICAL,Analyst,Operations,1.0,18.0,Active,1.0,18.0,0.0
,,,22,,,,,,,,,,,,8762.0,temp.admin.955,LOW,User,IT,0.0,25.0,Inactive,0.0,0.0,0.0
,,,43,,,,,,,,,,,,339980.0,engineer.ops.290,MEDIUM,User,HR,0.0,15.0,Active,1.0,16.0,0.0
,,,41,,,,,,,,,,,,397.0,engineer.security.387,MEDIUM,User,Operations,0.0,6.0,Active,0.0,7.0,1.0
,,,71,,,,,,,,,,,,29223.0,vp.risk.186,HIGH,Analyst,Operations,1.0,27.0,Active,0.0,11.0,0.0
,,,95,,,,,,,,,,,,26116.0,cfo.board.581,CRITICAL,User,IT,1.0,13.0,Active,1.0,12.0,0.0
,,,74,,,,,,,,,,,,20611.0,vp.tech.167,HIGH,User,Operations,1.0,20.0,Active,1.0,9.0,1.0
,,,73,,,,,,,,,,,,14909.0,vp.security.777,HIGH,Exec,Operations,1.0,11.0,Suspended,1.0,7.0,1.0
,,,46,,,,,,,,,,,,33027.0,specialist.security.507,MEDIUM,User,IT,0.0,5.0,Active,0.0,16.0,0.0
,,,15,,,,,,,,,,,,4633.0,guest.ops.816,LOW,User,Finance,0.0,0.0,Active,0.0,17.0,1.0
,,,92,,,,,,,,,,,,204.0,ceo.board.996,CRITICAL,User,Finance,1.0,7.0,Active,1.0,15.0,0.0
,,,44,,,,,,,,,,,,293.0,analyst.ops.564,MEDIUM,User,Finance,0.0,24.0,Active,1.0,14.0,0.0
,,,42,,,,,,,,,,,,480.0,specialist.ops.542,MEDIUM,User,Legal,0.0,25.0,Active,0.0,20.0,0.0
,,,91,,,,,,,,,,,,434693.0,ceo.board.768,CRITICAL,Analyst,Finance,1.0,5.0,Active,1.0,0.0,0.0
,,,94,,,,,,,,,,,,318637.0,cto.board.46,CRITICAL,User,IT,1.0,7.0,Active,0.0,0.0,0.0
,,,40,,,,,,,,,,,,200392.0,admin.infra.219,MEDIUM,Exec,IT,0.0,25.0,Active,1.0,8.0,0.0
,,,76,,,,,,,,,,,,1841.0,director.security.312,HIGH,User,HR,1.0,2.0,Active,1.0,11.0,1.0
,,,71,,,,,,,,,,,,305556.0,director.trading.66,HIGH,User,HR,1.0,13.0,Active,0.0,13.0,0.0
,,,40,,,,,,,,,,,,142086.0,specialist.risk.555,MEDIUM,User,IT,0.0,2.0,Active,1.0,3.0,0.0
,,,44,,,,,,,,,,,,378643.0,specialist.risk.562,MEDIUM,Analyst,Finance,0.0,3.0,Active,0.0,0.0,0.0
,,,15,,,,,,,,,,,,450082.0,guest.admin.02,LOW,Manager,Legal,0.0,20.0,Active,0.0,1.0,0.0
,,,17,,,,,,,,,,,,84155.0,temp.admin.04,LOW,User,Finance,0.0,12.0,Active,0.0,0.0,0.0
,,,45,,,,,,,,,,,,304999.0,analyst.security.779,MEDIUM,Analyst,Finance,0.0,27.0,Inactive,0.0,0.0,0.0
,,,48,,,,,,,,,,,,249102.0,specialist.risk.623,MEDIUM,Analyst,Legal,0.0,0.0,Active,1.0,0.0,0.0
,,,24,,,,,,,,,,,,195918.0,guest.ops.33,LOW,User,Operations,0.0,2.0,Active,1.0,1.0,0.0
,,,19,,,,,,,,,,,,335112.0,temp.admin.979,LOW,User,Finance,0.0,9.0,Active,1.0,0.0,0.0
,,,44,,,,,,,,,,,,64239.0,specialist.risk.170,MEDIUM,Exec,Legal,0.0,21.0,Active,0.0,0.0,0.0
,,,49,,,,,,,,,,,,213640.0,specialist.risk.851,MEDIUM,Analyst,Legal,0.0,2.0,Active,1.0,0.0,0.0
,,,73,,,,,,,,,,,,117865.0,vp.tech.270,HIGH,Manager,IT,1.0,19.0,Active,1.0,1.0,0.0
,,,24,,,,,,,,,,,,288339.0,guest.admin.104,LOW,Analyst,Operations,0.0,17.0,Inactive,0.0,2.0,0.0
,,,92,,,,,,,,,,,,205236.0,head_security.board.337,CRITICAL,Analyst,HR,1.0,6.0,Active,1.0,0.0,0.0
,,,17,,,,,,,,,,,,39344.0,temp.ops.137,LOW,Manager,IT,0.0,8.0,Active,0.0,1.0,0.0
,,,77,,,,,,,,,,,,348442.0,manager.risk.56,HIGH,Manager,Legal,1.0,18.0,Active,1.0,0.0,0.0
,,,42,,,,,,,,,,,,474.0,specialist.risk.618,MEDIUM,Analyst,Operations,0.0,15.0,Active,0.0,12.0,0.0
,,,44,,,,,,,,,,,,325446.0,engineer.security.556,MEDIUM,User,Legal,0.0,27.0,Active,0.0,1.0,0.0
,,,16,,,,,,,,,,,,396865.0,guest.support.883,LOW,Analyst,HR,0.0,14.0,Active,1.0,0.0,0.0
,,,73,,,,,,,,,,,,374326.0,director.trading.226,HIGH,Manager,HR,1.0,24.0,Inactive,0.0,1.0,0.0
,,,93,,,,,,,,,,,,346780.0,cfo.board.361,CRITICAL,Analyst,IT,1.0,4.0,Active,1.0,0.0,0.0
,,,46,,,,,,,,,,,,189557.0,specialist.ops.360,MEDIUM,User,IT,0.0,11.0,Active,1.0,2.0,0.0
,,,49,,,,,,,,,,,,110520.0,admin.risk.494,MEDIUM,User,HR,0.0,15.0,Active,0.0,1.0,0.0
,,,43,,,,,,,,,,,,302344.0,specialist.infra.419,MEDIUM,Analyst,IT,0.0,19.0,Inactive,1.0,0.0,0.0
,,,75,,,,,,,,,,,,308821.0,manager.tech.272,HIGH,Analyst,Operations,1.0,27.0,Active,1.0,1.0,0.0
,,,44,,,,,,,,,,,,250731.0,engineer.security.792,MEDIUM,User,Finance,0.0,15.0,Active,0.0,1.0,0.0
,,,96,,,,,,,,,,,,199541.0,cto.exec.100,CRITICAL,User,HR,1.0,3.0,Active,1.0,0.0,0.0
,,,17,,,,,,,,,,,,283785.0,temp.support.942,LOW,User,Operations,0.0,4.0,Active,0.0,0.0,0.0
,,,71,,,,,,,,,,,,143889.0,lead.security.115,HIGH,User,Finance,1.0,15.0,Active,0.0,2.0,0.0
,,,45,,,,,,,,,,,,230832.0,admin.risk.372,MEDIUM,User,Operations,0.0,11.0,Active,1.0,0.0,0.0
,,,43,,,,,,,,,,,,214093.0,analyst.security.521,MEDIUM,Analyst,Legal,0.0,0.0,Active,1.0,1.0,0.0
,,,24,,,,,,,,,,,,311734.0,guest.ops.738,LOW,User,IT,0.0,29.0,Active,0.0,2.0,0.0
,,,93,,,,,,,,,,,,369908.0,ceo.exec.10,CRITICAL,User,IT,1.0,26.0,Active,1.0,2.0,0.0
,,,40,,,,,,,,,,,,331626.0,admin.security.495,MEDIUM,User,Finance,0.0,25.0,Active,0.0,0.0,0.0
,,,79,,,,,,,,,,,,183763.0,manager.tech.190,HIGH,User,IT,1.0,21.0,Active,1.0,0.0,0.0
,,,71,,,,,,,,,,,,404892.0,director.security.289,HIGH,Analyst,Finance,1.0,29.0,Active,0.0,0.0,0.0
,,,41,,,,,,,,,,,,324976.0,analyst.infra.636,MEDIUM,Analyst,Legal,0.0,0.0,Active,1.0,1.0,0.0
,,,93,,,,,,,,,,,,181997.0,cfo.exec.19,CRITICAL,Exec,Operations,1.0,10.0,Active,1.0,1.0,0.0
,,,43,,,,,,,,,,,,392452.0,admin.ops.132,MEDIUM,Manager,Operations,0.0,27.0,Active,0.0,1.0,0.0
,,,48,,,,,,,,,,,,345697.0,specialist.security.383,MEDIUM,User,Operations,0.0,24.0,Active,0.0,0.0,0.0
,,,48,,,,,,,,,,,,346909.0,specialist.infra.592,MEDIUM,Analyst,Finance,0.0,0.0,Active,1.0,0.0,0.0
,,,75,,,,,,,,,,,,292042.0,manager.tech.259,HIGH,Analyst,Legal,1.0,23.0,Active,1.0,1.0,0.0
,,,98,,,,,,,,,,,,193194.0,ceo.board.49,CRITICAL,Analyst,Finance,1.0,2.0,Active,1.0,0.0,0.0
,,,74,,,,,,,,,,,,210472.0,vp.risk.211,HIGH,Analyst,Legal,1.0,9.0,Inactive,1.0,0.0,0.0
,,,44,,,,,,,,,,,,181731.0,specialist.risk.550,MEDIUM,Analyst,Finance,0.0,27.0,Active,0.0,1.0,0.0
,,,19,,,,,,,,,,,,305324.0,guest.support.937,LOW,User,IT,0.0,17.0,Active,0.0,0.0,0.0
,,,41,,,,,,,,,,,,441471.0,specialist.risk.459,MEDIUM,Analyst,IT,0.0,0.0,Active,1.0,2.0,0.0
,,,24,,,,,,,,,,,,317052.0,user.support.314,LOW,User,IT,0.0,2.0,Active,1.0,1.0,0.0
,,,19,,,,,,,,,,,,322585.0,user.ops.970,LOW,User,Legal,0.0,12.0,Active,1.0,0.0,0.0
,,,46,,,,,,,,,,,,126339.0,specialist.ops.279,MEDIUM,Analyst,IT,0.0,14.0,Active,1.0,0.0,0.0
,,,41,,,,,,,,,,,,173570.0,specialist.security.612,MEDIUM,Analyst,HR,0.0,12.0,Active,1.0,0.0,0.0
,,,16,,,,,,,,,,,,300799.0,temp.admin.352,LOW,Analyst,IT,0.0,15.0,Active,1.0,3.0,0.0
,,,90,,,,,,,,,,,,123325.0,cfo.board.285,CRITICAL,User,Finance,1.0,16.0,Inactive,1.0,2.0,0.0
,,,74,,,,,,,,,,,,321884.0,lead.tech.198,HIGH,User,Finance,1.0,9.0,Active,1.0,0.0,0.0
,,,46,,,,,,,,,,,,303194.0,analyst.risk.589,MEDIUM,User,IT,0.0,2.0,Active,0.0,0.0,0.0
,,,18,,,,,,,,,,,,181130.0,user.ops.748,LOW,Analyst,Finance,0.0,8.0,Active,0.0,1.0,0.0
,,,40,,,,,,,,,,,,218600.0,specialist.infra.539,MEDIUM,Analyst,Finance,0.0,29.0,Active,1.0,1.0,0.0
,,,15,,,,,,,,,,,,259154.0,user.ops.517,LOW,Analyst,HR,0.0,9.0,Active,0.0,0.0,0.0
,,,76,,,,,,,,,,,,291765.0,manager.risk.271,HIGH,User,Finance,1.0,26.0,Active,0.0,0.0,0.0
,,,79,,,,,,,,,,,,255697.0,director.security.803,HIGH,User,Finance,1.0,20.0,Active,0.0,2.0,0.0
,,,46,,,,,,,,,,,,412604.0,analyst.security.908,MEDIUM,Exec,HR,0.0,12.0,Suspended,0.0,1.0,0.0
,,,15,,,,,,,,,,,,304414.0,temp.admin.865,LOW,Analyst,Legal,0.0,15.0,Active,0.0,1.0,0.0
,,,48,,,,,,,,,,,,317638.0,admin.risk.965,MEDIUM,Analyst,IT,0.0,7.0,Active,1.0,1.0,0.0
,,,47,,,,,,,,,,,,183327.0,engineer.ops.308,MEDIUM,Analyst,Operations,0.0,27.0,Active,1.0,2.0,0.0
,,,22,,,,,,,,,,,,300031.0,temp.ops.17,LOW,User,IT,0.0,11.0,Active,0.0,1.0,1.0
,,,76,,,,,,,,,,,,232920.0,director.risk.398,HIGH,Exec,Operations,1.0,11.0,Active,0.0,2.0,0.0
,,,22,,,,,,,,,,,,206404.0,intern.admin.261,LOW,User,IT,0.0,22.0,Active,0.0,1.0,0.0
,,,17,,,,,,,,,,,,10856.0,user.ops.655,LOW,Analyst,Legal,0.0,3.0,Active,0.0,6.0,0.0
,,,42,,,,,,,,,,,,346141.0,admin.infra.780,MEDIUM,User,HR,0.0,21.0,Active,0.0,0.0,0.0
,,,70,,,,,,,,,,,,452848.0,lead.security.225,HIGH,Analyst,Finance,1.0,5.0,Active,1.0,0.0,0.0
,,,49,,,,,,,,,,,,254789.0,analyst.infra.899,MEDIUM,User,Legal,0.0,26.0,Active,0.0,0.0,0.0
,,,78,,,,,,,,,,,,366494.0,lead.risk.313,HIGH,Exec,Finance,1.0,10.0,Active,0.0,1.0,0.0
,,,71,,,,,,,,,,,,192770.0,director.security.270,HIGH,User,Finance,1.0,25.0,Active,0.0,1.0,0.0
,,,79,,,,,,,,,,,,340681.0,vp.security.452,HIGH,Manager,IT,1.0,27.0,Active,1.0,1.0,0.0
,,,49,,,,,,,,,,,,280831.0,admin.risk.318,MEDIUM,User,Finance,0.0,25.0,Active,0.0,1.0,0.0
,,,16,,,,,,,,,,,,443423.0,guest.support.316,LOW,User,Legal,0.0,7.0,Active,1.0,2.0,0.0
,,,48,,,,,,,,,,,,369518.0,specialist.infra.690,MEDIUM,Analyst,Operations,0.0,18.0,Active,0.0,2.0,0.0
,,,48,,,,,,,,,,,,1046.0,engineer.security.278,MEDIUM,Manager,Legal,0.0,24.0,Active,0.0,5.0,0.0
,,,72,,,,,,,,,,,,14485.0,lead.risk.735,HIGH,Analyst,HR,1.0,18.0,Active,1.0,23.0,1.0
,,,91,,,,,,,,,,,,443978.0,cfo.board.368,CRITICAL,Analyst,IT,1.0,28.0,Active,1.0,1.0,0.0
,,,72,,,,,,,,,,,,122479.0,manager.tech.268,HIGH,User,Legal,1.0,26.0,Active,0.0,10.0,1.0
,,,40,,,,,,,,,,,,190731.0,specialist.risk.45,MEDIUM,Analyst,IT,0.0,18.0,Active,1.0,1.0,0.0
,,,73,,,,,,,,,,,,385562.0,manager.tech.791,HIGH,Analyst,Legal,1.0,13.0,Active,1.0,2.0,0.0
,,,71,,,,,,,,,,,,57400.0,vp.tech.55,HIGH,Manager,Finance,1.0,11.0,Active,0.0,3.0,0.0
,,,75,,,,,,,,,,,,430861.0,manager.security.413,HIGH,Analyst,Operations,1.0,13.0,Active,1.0,0.0,0.0
,,,43,,,,,,,,,,,,337739.0,admin.risk.640,MEDIUM,User,IT,0.0,3.0,Active,1.0,2.0,0.0
,,,43,,,,,,,,,,,,439447.0,engineer.infra.361,MEDIUM,Analyst,HR,0.0,28.0,Inactive,0.0,1.0,0.0
,,,17,,,,,,,,,,,,357244.0,temp.admin.745,LOW,Manager,Operations,0.0,4.0,Active,0.0,1.0,0.0
,,,76,,,,,,,,,,,,445518.0,director.risk.173,HIGH,User,HR,1.0,14.0,Active,1.0,0.0,0.0
,,,17,,,,,,,,,,,,424659.0,intern.admin.795,LOW,Analyst,Legal,0.0,12.0,Active,1.0,0.0,0.0
,,,18,,,,,,,,,,,,178356.0,guest.support.619,LOW,User,Operations,0.0,6.0,Active,0.0,2.0,0.0
,,,43,,,,,,,,,,,,235821.0,specialist.ops.614,MEDIUM,Manager,IT,0.0,27.0,Active,1.0,0.0,0.0
,,,40,,,,,,,,,,,,38110.0,engineer.risk.663,MEDIUM,User,Legal,0.0,4.0,Active,0.0,9.0,0.0
,,,79,,,,,,,,,,,,48950.0,lead.risk.226,HIGH,Manager,Operations,1.0,26.0,Active,1.0,0.0,0.0
,,,75,,,,,,,,,,,,78266.0,director.trading.129,HIGH,Analyst,Operations,1.0,20.0,Suspended,1.0,4.0,1.0
,,,93,,,,,,,,,,,,377740.0,cto.board.12,CRITICAL,Manager,Legal,1.0,8.0,Active,1.0,1.0,0.0
,,,22,,,,,,,,,,,,208149.0,guest.ops.798,LOW,Analyst,HR,0.0,19.0,Active,0.0,0.0,0.0
,,,18,,,,,,,,,,,,12522.0,user.support.740,LOW,User,IT,0.0,23.0,Active,1.0,1.0,0.0
,,,41,,,,,,,,,,,,285564.0,specialist.risk.707,MEDIUM,Analyst,Operations,0.0,6.0,Active,0.0,0.0,0.0
,,,46,,,,,,,,,,,,420380.0,analyst.risk.516,MEDIUM,User,IT,0.0,24.0,Active,0.0,0.0,0.0
,,,70,,,,,,,,,,,,6668.0,director.security.238,HIGH,User,Operations,1.0,12.0,Active,1.0,4.0,0.0
,,,42,,,,,,,,,,,,384236.0,engineer.ops.509,MEDIUM,User,Legal,0.0,28.0,Active,0.0,3.0,0.0
,,,77,,,,,,,,,,,,423673.0,lead.security.526,HIGH,User,IT,1.0,24.0,Active,1.0,1.0,0.0
,,,71,,,,,,,,,,,,71170.0,director.trading.128,HIGH,User,IT,1.0,18.0,Active,0.0,12.0,1.0
,,,49,,,,,,,,,,,,295555.0,analyst.risk.127,MEDIUM,Manager,IT,0.0,10.0,Active,1.0,12.0,1.0
,,,49,,,,,,,,,,,,432978.0,engineer.ops.450,MEDIUM,User,HR,0.0,2.0,Active,1.0,11.0,0.0
,,,91,,,,,,,,,,,,2199.0,head_security.board.237,CRITICAL,User,Operations,1.0,11.0,Active,0.0,1.0,0.0
,,,16,,,,,,,,,,,,10052.0,intern.admin.489,LOW,Manager,Legal,0.0,27.0,Active,0.0,3.0,0.0
,,,15,,,,,,,,,,,,4531.0,temp.admin.22,LOW,Manager,IT,0.0,24.0,Inactive,1.0,2.0,0.0
,,,44,,,,,,,,,,,,7026.0,analyst.risk.239,MEDIUM,Analyst,Finance,0.0,0.0,Active,0.0,5.0,0.0
,,,71,,,,,,,,,,,,1147.0,manager.tech.277,HIGH,User,IT,1.0,19.0,Active,1.0,2.0,0.0
,,,90,,,,,,,,,,,,441377.0,head_security.board.959,CRITICAL,Analyst,Operations,1.0,25.0,Active,1.0,1.0,0.0
,,,21,,,,,,,,,,,,214756.0,user.admin.870,LOW,User,Finance,0.0,15.0,Inactive,0.0,1.0,0.0
,,,70,,,,,,,,,,,,108138.0,director.trading.206,HIGH,Manager,Finance,1.0,17.0,Active,0.0,0.0,0.0
,,,22,,,,,,,,,,,,17435.0,user.admin.447,LOW,Manager,Finance,0.0,5.0,Inactive,0.0,0.0,0.0
,,,76,,,,,,,,,,,,364011.0,vp.tech.112,HIGH,Manager,Finance,1.0,2.0,Active,0.0,0.0,0.0
,,,40,,,,,,,,,,,,150485.0,analyst.infra.348,MEDIUM,User,Finance,0.0,27.0,Active,1.0,0.0,1.0
,,,47,,,,,,,,,,,,104596.0,admin.risk.629,MEDIUM,Analyst,HR,0.0,7.0,Active,0.0,6.0,0.0
,,,94,,,,,,,,,,,,188847.0,head_security.exec.29,CRITICAL,Analyst,IT,1.0,14.0,Active,1.0,1.0,0.0
,,,76,,,,,,,,,,,,1026.0,vp.security.156,HIGH,Exec,IT,1.0,29.0,Active,1.0,3.0,0.0
,,,16,,,,,,,,,,,,13204.0,user.support.305,LOW,Analyst,HR,0.0,16.0,Active,0.0,0.0,0.0
,,,97,,,,,,,,,,,,337993.0,head_security.exec.96,CRITICAL,User,IT,1.0,19.0,Active,1.0,2.0,0.0
,,,19,,,,,,,,,,,,429694.0,intern.support.425,LOW,Analyst,Finance,0.0,29.0,Active,0.0,2.0,0.0
,,,19,,,,,,,,,,,,218397.0,temp.admin.496,LOW,User,Finance,0.0,5.0,Active,0.0,2.0,0.0
,,,48,,,,,,,,,,,,158390.0,analyst.infra.510,MEDIUM,User,Legal,0.0,11.0,Active,1.0,0.0,0.0
,,,47,,,,,,,,,,,,175349.0,engineer.ops.198,MEDIUM,User,HR,0.0,13.0,Active,1.0,2.0,0.0
,,,17,,,,,,,,,,,,259608.0,temp.support.45,LOW,Manager,Finance,0.0,12.0,Active,0.0,0.0,0.0
,,,48,,,,,,,,,,,,184103.0,specialist.security.425,MEDIUM,User,Finance,0.0,10.0,Active,1.0,1.0,0.0
,,,77,,,,,,,,,,,,328486.0,director.security.401,HIGH,User,Operations,1.0,13.0,Active,1.0,9.0,0.0
,,,71,,,,,,,,,,,,2203.0,director.security.191,HIGH,Analyst,Finance,1.0,11.0,Active,0.0,1.0,0.0
,,,15,,,,,,,,,,,,51033.0,user.ops.979,LOW,Analyst,HR,0.0,13.0,Active,1.0,0.0,0.0
,,,15,,,,,,,,,,,,318808.0,temp.support.930,LOW,User,Finance,0.0,18.0,Active,1.0,2.0,0.0
,,,20,,,,,,,,,,,,39633.0,user.support.728,LOW,User,IT,0.0,3.0,Suspended,0.0,6.0,0.0
,,,90,,,,,,,,,,,,56333.0,cfo.board.847,CRITICAL,User,Finance,1.0,1.0,Active,1.0,0.0,0.0
,,,23,,,,,,,,,,,,83803.0,intern.support.332,LOW,Analyst,Finance,0.0,14.0,Active,1.0,2.0,0.0
,,,42,,,,,,,,,,,,87331.0,engineer.ops.566,MEDIUM,User,Legal,0.0,8.0,Suspended,0.0,1.0,0.0
,,,46,,,,,,,,,,,,87169.0,specialist.security.878,MEDIUM,Exec,Finance,0.0,16.0,Active,0.0,1.0,0.0
,,,42,,,,,,,,,,,,543.0,analyst.risk.385,MEDIUM,User,Finance,0.0,17.0,Active,0.0,19.0,0.0
,,,48,,,,,,,,,,,,396206.0,specialist.ops.741,MEDIUM,User,HR,0.0,25.0,Active,1.0,0.0,0.0
,,,45,,,,,,,,,,,,26174.0,admin.security.487,MEDIUM,Exec,IT,0.0,13.0,Active,1.0,0.0,0.0
,,,19,,,,,,,,,,,,220909.0,guest.ops.831,LOW,Analyst,Operations,0.0,10.0,Active,0.0,0.0,0.0
,,,47,,,,,,,,,,,,350159.0,analyst.infra.316,MEDIUM,Exec,Legal,0.0,9.0,Active,1.0,0.0,0.0
,,,47,,,,,,,,,,,,321.0,specialist.infra.409,MEDIUM,Analyst,Operations,0.0,10.0,Active,0.0,15.0,1.0
,,,48,,,,,,,,,,,,151.0,admin.security.323,MEDIUM,Analyst,Operations,0.0,26.0,Active,0.0,12.0,1.0
,,,41,,,,,,,,,,,,9.0,specialist.ops.382,MEDIUM,User,Operations,0.0,26.0,Active,1.0,20.0,0.0
,,,74,,,,,,,,,,,,547.0,vp.security.460,HIGH,User,Finance,1.0,15.0,Active,0.0,19.0,1.0
,,,24,,,,,,,,,,,,239624.0,intern.admin.711,LOW,Analyst,IT,0.0,11.0,Active,0.0,0.0,0.0
,,,42,,,,,,,,,,,,27.0,analyst.risk.333,MEDIUM,User,Operations,0.0,9.0,Active,0.0,20.0,0.0
,,,40,,,,,,,,,,,,460.0,engineer.risk.522,MEDIUM,Exec,Finance,0.0,28.0,Active,1.0,0.0,0.0
,,,47,,,,,,,,,,,,159.0,specialist.security.100,MEDIUM,User,IT,0.0,17.0,Active,0.0,2.0,0.0
,,,21,,,,,,,,,,,,391499.0,user.support.923,LOW,User,Finance,0.0,26.0,Active,0.0,15.0,0.0
,,,22,,,,,,,,,,,,400602.0,user.ops.805,LOW,User,Finance,0.0,8.0,Active,0.0,0.0,0.0
,,,95,,,,,,,,,,,,264940.0,ceo.exec.80,CRITICAL,User,Legal,1.0,6.0,Active,1.0,1.0,0.0
,,,17,,,,,,,,,,,,87164.0,guest.ops.759,LOW,Manager,HR,0.0,4.0,Active,1.0,3.0,0.0
,,,23,,,,,,,,,,,,380288.0,intern.ops.277,LOW,Analyst,Finance,0.0,17.0,Active,0.0,1.0,0.0
,,,90,,,,,,,,,,,,10698.0,cfo.board.101,CRITICAL,Manager,Finance,1.0,12.0,Active,1.0,2.0,0.0
,,,49,,,,,,,,,,,,6942.0,admin.risk.453,MEDIUM,Analyst,HR,0.0,24.0,Active,1.0,0.0,0.0
,,,15,,,,,,,,,,,,390799.0,temp.admin.178,LOW,Manager,Legal,0.0,2.0,Inactive,0.0,1.0,0.0
,,,76,,,,,,,,,,,,449723.0,vp.tech.936,HIGH,Manager,IT,1.0,24.0,Active,1.0,3.0,0.0
,,,93,,,,,,,,,,,,9394.0,ceo.exec.807,CRITICAL,User,IT,1.0,25.0,Active,1.0,4.0,0.0
,,,78,,,,,,,,,,,,365452.0,lead.security.129,HIGH,User,IT,1.0,20.0,Suspended,0.0,6.0,0.0
,,,43,,,,,,,,,,,,298462.0,specialist.security.09,MEDIUM,User,Finance,0.0,15.0,Active,0.0,0.0,0.0
,,,78,,,,,,,,,,,,115356.0,lead.trading.261,HIGH,Analyst,Legal,1.0,16.0,Active,1.0,1.0,0.0
,,,49,,,,,,,,,,,,4546.0,analyst.ops.570,MEDIUM,User,IT,0.0,26.0,Active,1.0,8.0,0.0
,,,23,,,,,,,,,,,,233167.0,guest.ops.186,LOW,User,HR,0.0,3.0,Active,0.0,0.0,0.0
,,,70,,,,,,,,,,,,54676.0,director.risk.144,HIGH,User,Finance,1.0,5.0,Suspended,0.0,1.0,0.0
,,,15,,,,,,,,,,,,427420.0,user.admin.798,LOW,Exec,Finance,0.0,25.0,Active,0.0,0.0,0.0
,,,24,,,,,,,,,,,,71141.0,temp.admin.883,LOW,Analyst,Finance,0.0,0.0,Suspended,1.0,1.0,0.0
,,,94,,,,,,,,,,,,97995.0,ceo.exec.371,CRITICAL,Analyst,Finance,1.0,23.0,Active,1.0,1.0,0.0
,,,17,,,,,,,,,,,,291589.0,guest.ops.378,LOW,Manager,HR,0.0,22.0,Active,0.0,1.0,0.0
,,,16,,,,,,,,,,,,262640.0,guest.admin.920,LOW,Manager,Operations,0.0,6.0,Active,1.0,2.0,0.0
,,,49,,,,,,,,,,,,179557.0,engineer.ops.452,MEDIUM,Analyst,IT,0.0,12.0,Active,1.0,1.0,0.0
,,,45,,,,,,,,,,,,444304.0,analyst.security.84,MEDIUM,User,Finance,0.0,0.0,Active,1.0,1.0,0.0
,,,20,,,,,,,,,,,,19229.0,temp.admin.157,LOW,User,Operations,0.0,4.0,Active,0.0,3.0,0.0
,,,23,,,,,,,,,,,,2025.0,temp.ops.494,LOW,Analyst,HR,0.0,19.0,Active,1.0,1.0,0.0
,,,40,,,,,,,,,,,,85295.0,specialist.security.681,MEDIUM,User,Finance,0.0,4.0,Active,0.0,0.0,0.0
,,,18,,,,,,,,,,,,1084.0,user.ops.760,LOW,Manager,HR,0.0,8.0,Active,0.0,1.0,0.0
,,,46,,,,,,,,,,,,85116.0,specialist.security.978,MEDIUM,Analyst,HR,0.0,12.0,Active,1.0,0.0,0.0
,,,74,,,,,,,,,,,,2131.0,vp.tech.24,HIGH,User,HR,1.0,13.0,Active,0.0,1.0,0.0
,,,94,,,,,,,,,,,,5845.0,ceo.board.65,CRITICAL,User,IT,1.0,26.0,Active,1.0,0.0,0.0
,,,49,,,,,,,,,,,,409941.0,engineer.risk.848,MEDIUM,User,HR,0.0,6.0,Active,0.0,0.0,0.0
,,,17,,,,,,,,,,,,872.0,temp.support.369,LOW,Analyst,HR,0.0,8.0,Active,0.0,5.0,1.0
,,,23,,,,,,,,,,,,10567.0,user.admin.837,LOW,User,IT,0.0,5.0,Active,1.0,0.0,0.0
,,,20,,,,,,,,,,,,156514.0,temp.admin.877,LOW,Manager,IT,0.0,22.0,Active,0.0,1.0,0.0
,,,48,,,,,,,,,,,,164537.0,analyst.ops.621,MEDIUM,Manager,Operations,0.0,15.0,Active,0.0,17.0,0.0
,,,43,,,,,,,,,,,,9887.0,admin.ops.415,MEDIUM,Analyst,Legal,0.0,21.0,Active,0.0,19.0,0.0
,,,45,,,,,,,,,,,,3155.0,engineer.security.106,MEDIUM,Analyst,Finance,0.0,6.0,Active,1.0,0.0,1.0
,,,22,,,,,,,,,,,,302710.0,intern.admin.891,LOW,Analyst,Legal,0.0,23.0,Active,1.0,14.0,0.0
,,,98,,,,,,,,,,,,330168.0,cfo.board.353,CRITICAL,User,Finance,1.0,11.0,Active,1.0,1.0,0.0
,,,18,,,,,,,,,,,,18791.0,intern.ops.112,LOW,Analyst,Operations,0.0,5.0,Active,0.0,1.0,0.0
,,,23,,,,,,,,,,,,4108.0,temp.admin.268,LOW,Analyst,Operations,0.0,20.0,Active,1.0,0.0,0.0
,,,20,,,,,,,,,,,,4500.0,intern.ops.289,LOW,Analyst,Legal,0.0,21.0,Active,1.0,1.0,0.0
,,,16,,,,,,,,,,,,27077.0,temp.support.423,LOW,Manager,Finance,0.0,8.0,Active,0.0,1.0,1.0
,,,24,,,,,,,,,,,,262320.0,guest.admin.530,LOW,User,Finance,0.0,21.0,Suspended,0.0,0.0,0.0
,,,21,,,,,,,,,,,,305937.0,temp.support.867,LOW,Manager,IT,0.0,0.0,Active,0.0,1.0,0.0
,,,75,,,,,,,,,,,,271692.0,manager.tech.218,HIGH,Analyst,IT,1.0,18.0,Active,0.0,1.0,0.0
,,,44,,,,,,,,,,,,257119.0,engineer.infra.362,MEDIUM,Analyst,IT,0.0,0.0,Active,0.0,2.0,0.0
,,,22,,,,,,,,,,,,319080.0,temp.admin.907,LOW,User,HR,0.0,0.0,Active,0.0,8.0,1.0
,,,22,,,,,,,,,,,,8216.0,guest.support.970,LOW,Analyst,Legal,0.0,8.0,Active,0.0,27.0,0.0
,,,40,,,,,,,,,,,,368269.0,specialist.risk.58,MEDIUM,Analyst,IT,0.0,20.0,Active,0.0,0.0,0.0
,,,48,,,,,,,,,,,,379744.0,admin.risk.510,MEDIUM,User,Finance,0.0,6.0,Active,0.0,3.0,0.0
,,,18,,,,,,,,,,,,421678.0,temp.support.684,LOW,Analyst,Operations,0.0,18.0,Active,0.0,0.0,0.0
,,,43,,,,,,,,,,,,152697.0,engineer.ops.614,MEDIUM,Analyst,Finance,0.0,19.0,Active,1.0,4.0,1.0
,,,40,,,,,,,,,,,,20170.0,admin.risk.587,MEDIUM,Analyst,Operations,0.0,17.0,Active,1.0,1.0,0.0
,,,18,,,,,,,,,,,,392423.0,temp.admin.610,LOW,Analyst,IT,0.0,6.0,Active,0.0,3.0,0.0
,,,15,,,,,,,,,,,,433480.0,temp.admin.325,LOW,Manager,Operations,0.0,11.0,Active,0.0,2.0,0.0
,,,44,,,,,,,,,,,,444319.0,specialist.ops.51,MEDIUM,User,HR,0.0,23.0,Active,0.0,3.0,0.0
,,,21,,,,,,,,,,,,115161.0,user.admin.798,LOW,User,Legal,0.0,3.0,Active,0.0,1.0,0.0
,,,43,,,,,,,,,,,,344777.0,specialist.ops.323,MEDIUM,Manager,Finance,0.0,19.0,Active,0.0,0.0,0.0
,,,23,,,,,,,,,,,,100702.0,guest.ops.762,LOW,Exec,Legal,0.0,2.0,Active,0.0,3.0,1.0
,,,41,,,,,,,,,,,,175.0,analyst.ops.840,MEDIUM,User,HR,0.0,14.0,Inactive,0.0,3.0,0.0
,,,40,,,,,,,,,,,,141621.0,specialist.ops.462,MEDIUM,User,IT,0.0,19.0,Active,1.0,12.0,1.0
,,,16,,,,,,,,,,,,213737.0,guest.support.199,LOW,User,Operations,0.0,4.0,Active,1.0,0.0,0.0
,,,77,,,,,,,,,,,,233661.0,director.security.133,HIGH,Analyst,Operations,1.0,9.0,Active,1.0,0.0,0.0
,,,76,,,,,,,,,,,,330507.0,vp.tech.341,HIGH,Manager,HR,1.0,10.0,Active,0.0,8.0,0.0
,,,41,,,,,,,,,,,,206454.0,analyst.security.313,MEDIUM,Analyst,Finance,0.0,9.0,Active,1.0,11.0,0.0
,,,75,,,,,,,,,,,,8794.0,vp.security.130,HIGH,User,Legal,1.0,21.0,Active,1.0,0.0,0.0
,,,42,,,,,,,,,,,,21377.0,analyst.risk.630,MEDIUM,User,Legal,0.0,2.0,Active,1.0,0.0,0.0
,,,22,,,,,,,,,,,,82034.0,temp.support.630,LOW,Analyst,Finance,0.0,10.0,Active,1.0,1.0,0.0
,,,40,,,,,,,,,,,,2042.0,analyst.risk.710,MEDIUM,User,Operations,0.0,28.0,Active,1.0,4.0,0.0
,,,47,,,,,,,,,,,,1109.0,analyst.infra.152,MEDIUM,Manager,IT,0.0,29.0,Active,1.0,3.0,0.0
,,,70,,,,,,,,,,,,745.0,director.tech.26,HIGH,Analyst,IT,1.0,26.0,Active,1.0,7.0,0.0
,,,15,,,,,,,,,,,,4769.0,intern.ops.04,LOW,Analyst,Operations,0.0,15.0,Suspended,0.0,5.0,0.0
,,,73,,,,,,,,,,,,37704.0,vp.trading.452,HIGH,Analyst,Finance,1.0,19.0,Active,1.0,4.0,1.0
,,,46,,,,,,,,,,,,436696.0,admin.ops.169,MEDIUM,Manager,Finance,0.0,18.0,Active,0.0,3.0,0.0
,,,49,,,,,,,,,,,,265253.0,engineer.ops.909,MEDIUM,User,Operations,0.0,5.0,Active,1.0,0.0,0.0
,,,47,,,,,,,,,,,,265729.0,analyst.risk.514,MEDIUM,Manager,IT,0.0,8.0,Active,0.0,0.0,0.0
,,,21,,,,,,,,,,,,130849.0,intern.admin.891,LOW,Analyst,Legal,0.0,3.0,Active,1.0,0.0,0.0
,,,49,,,,,,,,,,,,120670.0,analyst.ops.472,MEDIUM,Analyst,Finance,0.0,24.0,Active,1.0,1.0,0.0
,,,18,,,,,,,,,,,,65938.0,intern.admin.816,LOW,User,IT,0.0,15.0,Inactive,0.0,0.0,0.0
,,,21,,,,,,,,,,,,10321.0,temp.ops.44,LOW,User,Operations,0.0,27.0,Inactive,0.0,2.0,0.0
,,,41,,,,,,,,,,,,32270.0,admin.security.303,MEDIUM,User,HR,0.0,24.0,Active,0.0,4.0,0.0
,,,75,,,,,,,,,,,,343985.0,lead.tech.182,HIGH,User,Finance,1.0,16.0,Active,0.0,1.0,0.0
,,,73,,,,,,,,,,,,8419.0,vp.risk.266,HIGH,Analyst,IT,1.0,18.0,Active,1.0,2.0,0.0
,,,97,,,,,,,,,,,,195099.0,cto.exec.50,CRITICAL,Analyst,HR,1.0,22.0,Inactive,1.0,1.0,0.0
,,,16,,,,,,,,,,,,66885.0,user.support.827,LOW,User,IT,0.0,18.0,Active,0.0,3.0,0.0
,,,15,,,,,,,,,,,,55178.0,guest.support.799,LOW,Analyst,Finance,0.0,28.0,Active,0.0,0.0,0.0
,,,40,,,,,,,,,,,,119624.0,specialist.risk.321,MEDIUM,Analyst,IT,0.0,2.0,Active,1.0,0.0,0.0
,,,70,,,,,,,,,,,,35933.0,manager.risk.440,HIGH,User,IT,1.0,11.0,Active,0.0,0.0,0.0
,,,90,,,,,,,,,,,,84221.0,ceo.exec.185,CRITICAL,Analyst,Operations,1.0,25.0,Active,1.0,3.0,0.0
,,,74,,,,,,,,,,,,120218.0,lead.trading.274,HIGH,Analyst,Finance,1.0,3.0,Inactive,1.0,0.0,0.0
,,,49,,,,,,,,,,,,5098.0,specialist.infra.526,MEDIUM,User,IT,0.0,21.0,Active,0.0,0.0,0.0
,,,22,,,,,,,,,,,,144001.0,temp.ops.212,LOW,User,Legal,0.0,7.0,Active,0.0,1.0,0.0
,,,40,,,,,,,,,,,,13665.0,specialist.ops.342,MEDIUM,User,Operations,0.0,4.0,Active,1.0,0.0,0.0
,,,72,,,,,,,,,,,,7911.0,manager.security.146,HIGH,Analyst,Finance,1.0,26.0,Active,0.0,3.0,0.0
,,,18,,,,,,,,,,,,1462.0,temp.ops.452,LOW,Analyst,IT,0.0,20.0,Active,0.0,12.0,0.0
,,,76,,,,,,,,,,,,35764.0,lead.tech.200,HIGH,User,IT,1.0,0.0,Active,1.0,5.0,0.0
,,,40,,,,,,,,,,,,128.0,analyst.security.604,MEDIUM,Manager,Operations,0.0,22.0,Active,0.0,4.0,0.0
,,,40,,,,,,,,,,,,24275.0,engineer.ops.738,MEDIUM,User,IT,0.0,29.0,Active,1.0,1.0,0.0
,,,46,,,,,,,,,,,,190420.0,specialist.infra.302,MEDIUM,Analyst,Legal,0.0,24.0,Active,0.0,19.0,0.0
,,,91,,,,,,,,,,,,311434.0,ceo.board.75,CRITICAL,Analyst,Legal,1.0,23.0,Active,1.0,0.0,0.0
,,,24,,,,,,,,,,,,377418.0,user.ops.715,LOW,Manager,Finance,0.0,15.0,Active,1.0,0.0,0.0
,,,46,,,,,,,,,,,,288658.0,specialist.infra.87,MEDIUM,Exec,HR,0.0,4.0,Active,1.0,0.0,0.0
,,,22,,,,,,,,,,,,175355.0,intern.admin.321,LOW,Analyst,Legal,0.0,23.0,Active,0.0,0.0,0.0
,,,40,,,,,,,,,,,,322628.0,engineer.risk.188,MEDIUM,Manager,IT,0.0,26.0,Active,1.0,1.0,0.0
,,,24,,,,,,,,,,,,102166.0,user.admin.129,LOW,Manager,Finance,0.0,26.0,Active,0.0,1.0,0.0
,,,47,,,,,,,,,,,,38093.0,specialist.infra.480,MEDIUM,Analyst,Operations,0.0,7.0,Active,1.0,0.0,0.0
,,,70,,,,,,,,,,,,106462.0,vp.security.247,HIGH,Analyst,Operations,1.0,23.0,Active,1.0,1.0,0.0
,,,23,,,,,,,,,,,,5993.0,temp.admin.595,LOW,Analyst,Operations,0.0,10.0,Active,1.0,3.0,0.0
,,,76,,,,,,,,,,,,69299.0,director.risk.150,HIGH,Analyst,Operations,1.0,15.0,Active,0.0,0.0,0.0
,,,48,,,,,,,,,,,,108417.0,analyst.ops.607,MEDIUM,User,IT,0.0,8.0,Active,0.0,1.0,0.0
,,,97,,,,,,,,,,,,193755.0,ceo.exec.09,CRITICAL,Analyst,IT,1.0,29.0,Active,1.0,13.0,0.0
,,,41,,,,,,,,,,,,323411.0,engineer.ops.754,MEDIUM,Exec,Operations,0.0,28.0,Active,1.0,0.0,0.0
,,,90,,,,,,,,,,,,56289.0,cfo.exec.574,CRITICAL,Analyst,Operations,1.0,1.0,Active,0.0,0.0,0.0
,,,40,,,,,,,,,,,,350584.0,engineer.ops.274,MEDIUM,Manager,HR,0.0,19.0,Inactive,0.0,1.0,0.0
,,,18,,,,,,,,,,,,14630.0,user.admin.678,LOW,User,Legal,0.0,15.0,Active,1.0,1.0,1.0
,,,22,,,,,,,,,,,,123406.0,intern.support.560,LOW,User,Finance,0.0,15.0,Active,1.0,1.0,0.0
,,,42,,,,,,,,,,,,179697.0,specialist.risk.667,MEDIUM,Analyst,IT,0.0,25.0,Active,1.0,0.0,0.0
,,,45,,,,,,,,,,,,277252.0,engineer.security.237,MEDIUM,Analyst,Finance,0.0,18.0,Active,1.0,0.0,0.0
,,,73,,,,,,,,,,,,146415.0,vp.trading.310,HIGH,Analyst,Legal,1.0,25.0,Active,1.0,0.0,0.0
,,,20,,,,,,,,,,,,63695.0,intern.ops.676,LOW,Analyst,Finance,0.0,4.0,Active,0.0,0.0,0.0
,,,76,,,,,,,,,,,,775.0,vp.trading.244,HIGH,User,Operations,1.0,28.0,Active,1.0,1.0,0.0
,,,99,,,,,,,,,,,,198388.0,ceo.exec.583,CRITICAL,Manager,IT,1.0,27.0,Active,1.0,0.0,0.0
,,,75,,,,,,,,,,,,191783.0,lead.risk.518,HIGH,User,Finance,1.0,1.0,Active,1.0,0.0,0.0
,,,96,,,,,,,,,,,,23704.0,head_security.board.583,CRITICAL,User,IT,1.0,29.0,Active,1.0,0.0,0.0
,,,43,,,,,,,,,,,,421367.0,specialist.ops.367,MEDIUM,User,Finance,0.0,1.0,Active,1.0,2.0,1.0
,,,15,,,,,,,,,,,,452191.0,temp.admin.166,LOW,Manager,Finance,0.0,0.0,Active,0.0,0.0,0.0
,,,15,,,,,,,,,,,,385264.0,guest.ops.675,LOW,User,IT,0.0,21.0,Inactive,0.0,1.0,0.0
,,,77,,,,,,,,,,,,3977.0,vp.tech.195,HIGH,Analyst,HR,1.0,1.0,Suspended,0.0,6.0,0.0
,,,17,,,,,,,,,,,,213305.0,intern.ops.577,LOW,User,Legal,0.0,22.0,Active,0.0,0.0,0.0
,,,94,,,,,,,,,,,,314712.0,ceo.board.48,CRITICAL,User,Legal,1.0,21.0,Active,1.0,0.0,0.0
,,,40,,,,,,,,,,,,239857.0,specialist.infra.592,MEDIUM,User,Legal,0.0,14.0,Active,0.0,2.0,0.0
,,,16,,,,,,,,,,,,329701.0,intern.admin.495,LOW,User,Finance,0.0,21.0,Active,0.0,2.0,0.0
,,,49,,,,,,,,,,,,664.0,analyst.risk.363,MEDIUM,Exec,HR,0.0,15.0,Active,1.0,2.0,0.0
,,,46,,,,,,,,,,,,220306.0,engineer.infra.402,MEDIUM,Analyst,Operations,0.0,2.0,Active,0.0,1.0,1.0
,,,76,,,,,,,,,,,,407734.0,manager.trading.260,HIGH,Analyst,Operations,1.0,23.0,Active,1.0,2.0,0.0
,,,20,,,,,,,,,,,,338177.0,guest.admin.815,LOW,User,HR,0.0,5.0,Active,0.0,1.0,1.0
,,,15,,,,,,,,,,,,307378.0,guest.admin.353,LOW,Manager,Legal,0.0,18.0,Active,0.0,1.0,0.0
,,,70,,,,,,,,,,,,263106.0,vp.risk.116,HIGH,Analyst,IT,1.0,24.0,Suspended,1.0,1.0,0.0
,,,18,,,,,,,,,,,,296684.0,intern.ops.844,LOW,Analyst,Operations,0.0,10.0,Suspended,0.0,0.0,0.0
,,,46,,,,,,,,,,,,260873.0,engineer.infra.587,MEDIUM,User,Legal,0.0,26.0,Active,1.0,1.0,0.0
,,,75,,,,,,,,,,,,84843.0,lead.risk.132,HIGH,Analyst,Operations,1.0,3.0,Active,1.0,0.0,0.0
,,,21,,,,,,,,,,,,97274.0,temp.admin.796,LOW,Analyst,HR,0.0,14.0,Active,0.0,1.0,0.0
,,,49,,,,,,,,,,,,18598.0,analyst.risk.79,MEDIUM,User,Operations,0.0,18.0,Active,1.0,0.0,0.0
,,,47,,,,,,,,,,,,209843.0,engineer.security.301,MEDIUM,User,Operations,0.0,29.0,Active,1.0,0.0,0.0
,,,41,,,,,,,,,,,,340941.0,engineer.ops.341,MEDIUM,Analyst,HR,0.0,16.0,Suspended,0.0,3.0,0.0
,,,75,,,,,,,,,,,,33547.0,director.tech.923,HIGH,User,IT,1.0,23.0,Active,0.0,0.0,0.0
,,,44,,,,,,,,,,,,89897.0,analyst.ops.516,MEDIUM,Analyst,Operations,0.0,16.0,Active,1.0,0.0,0.0
,,,21,,,,,,,,,,,,377513.0,guest.ops.600,LOW,User,Operations,0.0,7.0,Active,1.0,0.0,0.0
,,,46,,,,,,,,,,,,186749.0,analyst.infra.458,MEDIUM,User,IT,0.0,11.0,Suspended,1.0,0.0,0.0
,,,22,,,,,,,,,,,,719.0,guest.ops.972,LOW,Analyst,Finance,0.0,28.0,Active,1.0,9.0,1.0
,,,77,,,,,,,,,,,,379901.0,vp.security.562,HIGH,User,Operations,1.0,18.0,Active,0.0,0.0,0.0
,,,19,,,,,,,,,,,,279532.0,temp.ops.887,LOW,Analyst,HR,0.0,12.0,Inactive,1.0,0.0,0.0
,,,19,,,,,,,,,,,,62437.0,guest.support.937,LOW,User,Finance,0.0,21.0,Active,0.0,14.0,0.0
,,,74,,,,,,,,,,,,189086.0,director.tech.280,HIGH,Exec,Operations,1.0,8.0,Active,1.0,2.0,0.0
,,,71,,,,,,,,,,,,278599.0,lead.risk.717,HIGH,User,IT,1.0,19.0,Active,1.0,2.0,0.0
,,,76,,,,,,,,,,,,133173.0,manager.tech.290,HIGH,Analyst,IT,1.0,27.0,Active,1.0,1.0,0.0
,,,22,,,,,,,,,,,,43260.0,temp.support.990,LOW,Analyst,Finance,0.0,7.0,Active,0.0,2.0,0.0
,,,16,,,,,,,,,,,,398267.0,user.admin.522,LOW,User,Finance,0.0,0.0,Active,0.0,1.0,0.0
,,,48,,,,,,,,,,,,206516.0,engineer.infra.358,MEDIUM,User,Finance,0.0,2.0,Active,0.0,1.0,0.0
,,,18,,,,,,,,,,,,60684.0,intern.support.860,LOW,Analyst,Operations,0.0,25.0,Active,1.0,0.0,0.0
,,,44,,,,,,,,,,,,7167.0,analyst.risk.617,MEDIUM,User,Finance,0.0,27.0,Inactive,1.0,0.0,0.0
,,,75,,,,,,,,,,,,49832.0,director.tech.292,HIGH,Manager,Operations,1.0,7.0,Active,1.0,0.0,0.0
,,,73,,,,,,,,,,,,276174.0,director.risk.962,HIGH,User,Operations,1.0,2.0,Active,1.0,1.0,0.0
,,,15,,,,,,,,,,,,307681.0,user.admin.777,LOW,Analyst,Operations,0.0,5.0,Active,1.0,0.0,0.0
,,,43,,,,,,,,,,,,78541.0,engineer.infra.559,MEDIUM,User,IT,0.0,4.0,Active,1.0,1.0,0.0
,,,41,,,,,,,,,,,,228570.0,engineer.ops.411,MEDIUM,Analyst,Finance,0.0,2.0,Active,1.0,0.0,0.0
,,,20,,,,,,,,,,,,29373.0,temp.admin.847,LOW,Analyst,Finance,0.0,11.0,Active,0.0,1.0,0.0
,,,40,,,,,,,,,,,,6849.0,analyst.security.404,MEDIUM,Analyst,IT,0.0,6.0,Active,0.0,2.0,0.0
,,,74,,,,,,,,,,,,319375.0,manager.tech.14,HIGH,Manager,Operations,1.0,19.0,Active,1.0,16.0,0.0
,,,77,,,,,,,,,,,,105233.0,lead.security.133,HIGH,Manager,IT,1.0,28.0,Active,0.0,2.0,1.0
,,,95,,,,,,,,,,,,176107.0,cfo.exec.99,CRITICAL,Analyst,IT,1.0,8.0,Active,1.0,1.0,0.0
,,,45,,,,,,,,,,,,33432.0,specialist.risk.546,MEDIUM,Manager,HR,0.0,3.0,Active,0.0,1.0,0.0
,,,46,,,,,,,,,,,,84381.0,engineer.infra.454,MEDIUM,Analyst,HR,0.0,14.0,Active,0.0,0.0,0.0
,,,72,,,,,,,,,,,,15814.0,lead.tech.179,HIGH,Analyst,Finance,1.0,2.0,Inactive,1.0,1.0,0.0
,,,46,,,,,,,,,,,,8141.0,analyst.ops.177,MEDIUM,User,IT,0.0,11.0,Active,0.0,0.0,0.0
,,,41,,,,,,,,,,,,91251.0,admin.security.424,MEDIUM,Analyst,Finance,0.0,5.0,Active,0.0,0.0,0.0
,,,24,,,,,,,,,,,,3544.0,temp.admin.979,LOW,Manager,Finance,0.0,0.0,Suspended,0.0,2.0,0.0
,,,16,,,,,,,,,,,,50160.0,guest.support.976,LOW,User,HR,0.0,11.0,Active,0.0,0.0,0.0
,,,20,,,,,,,,,,,,7115.0,user.support.467,LOW,User,Finance,0.0,12.0,Active,0.0,2.0,0.0
,,,15,,,,,,,,,,,,17666.0,user.admin.03,LOW,User,Legal,0.0,23.0,Active,0.0,0.0,0.0
,,,15,,,,,,,,,,,,6932.0,guest.support.526,LOW,Exec,HR,0.0,16.0,Active,0.0,1.0,0.0
,,,18,,,,,,,,,,,,6267.0,temp.ops.887,LOW,User,HR,0.0,5.0,Active,0.0,0.0,0.0
,,,73,,,,,,,,,,,,43560.0,manager.trading.955,HIGH,User,Finance,1.0,12.0,Active,1.0,0.0,0.0
,,,72,,,,,,,,,,,,293247.0,vp.trading.985,HIGH,User,HR,1.0,7.0,Active,1.0,1.0,0.0
,,,45,,,,,,,,,,,,333667.0,analyst.ops.209,MEDIUM,User,Finance,0.0,0.0,Inactive,1.0,0.0,0.0
,,,17,,,,,,,,,,,,36987.0,guest.ops.894,LOW,User,HR,0.0,29.0,Active,0.0,7.0,0.0
,,,42,,,,,,,,,,,,37185.0,engineer.security.421,MEDIUM,Analyst,Operations,0.0,15.0,Active,0.0,2.0,0.0
,,,74,,,,,,,,,,,,37345.0,lead.tech.221,HIGH,User,IT,1.0,5.0,Active,1.0,0.0,0.0
,,,44,,,,,,,,,,,,3495.0,engineer.infra.378,MEDIUM,User,Legal,0.0,11.0,Active,1.0,1.0,0.0
,,,77,,,,,,,,,,,,734.0,director.trading.145,HIGH,Analyst,Legal,1.0,20.0,Active,1.0,2.0,0.0
,,,43,,,,,,,,,,,,5791.0,analyst.infra.629,MEDIUM,Analyst,Operations,0.0,25.0,Active,1.0,0.0,0.0
,,,97,,,,,,,,,,,,85959.0,cto.board.14,CRITICAL,User,Operations,1.0,11.0,Active,0.0,2.0,0.0
,,,17,,,,,,,,,,,,17527.0,intern.admin.888,LOW,Analyst,IT,0.0,23.0,Active,0.0,1.0,0.0
,,,43,,,,,,,,,,,,66866.0,analyst.security.756,MEDIUM,Analyst,Legal,0.0,8.0,Active,0.0,1.0,0.0
,,,17,,,,,,,,,,,,402504.0,guest.support.946,LOW,User,Finance,0.0,6.0,Active,1.0,2.0,0.0
,,,23,,,,,,,,,,,,339458.0,intern.admin.771,LOW,Analyst,IT,0.0,19.0,Active,0.0,12.0,0.0
,,,94,,,,,,,,,,,,23729.0,head_security.exec.711,CRITICAL,User,IT,1.0,17.0,Active,0.0,1.0,0.0
,,,73,,,,,,,,,,,,54296.0,manager.risk.101,HIGH,Exec,Legal,1.0,4.0,Active,1.0,0.0,0.0
,,,41,,,,,,,,,,,,28552.0,engineer.risk.418,MEDIUM,User,Operations,0.0,7.0,Active,1.0,0.0,0.0
,,,77,,,,,,,,,,,,13514.0,manager.security.287,HIGH,User,HR,1.0,2.0,Active,0.0,0.0,0.0
,,,20,,,,,,,,,,,,30949.0,intern.ops.985,LOW,User,Legal,0.0,8.0,Active,0.0,0.0,0.0
,,,70,,,,,,,,,,,,121449.0,director.risk.617,HIGH,User,Finance,1.0,9.0,Active,1.0,0.0,0.0
,,,22,,,,,,,,,,,,3416.0,guest.ops.741,LOW,Analyst,IT,0.0,18.0,Active,0.0,1.0,0.0
,,,23,,,,,,,,,,,,99640.0,temp.admin.865,LOW,Analyst,HR,0.0,19.0,Active,0.0,3.0,0.0
,,,20,,,,,,,,,,,,233789.0,temp.ops.743,LOW,User,HR,0.0,26.0,Active,0.0,0.0,0.0
,,,48,,,,,,,,,,,,38211.0,admin.infra.698,MEDIUM,Analyst,IT,0.0,21.0,Active,1.0,1.0,0.0
,,,22,,,,,,,,,,,,251054.0,user.ops.925,LOW,User,Finance,0.0,6.0,Active,0.0,0.0,0.0
,,,20,,,,,,,,,,,,283443.0,intern.support.770,LOW,Analyst,Operations,0.0,6.0,Active,0.0,0.0,0.0
,,,23,,,,,,,,,,,,111395.0,user.admin.786,LOW,Exec,Legal,0.0,2.0,Active,1.0,0.0,0.0
,,,44,,,,,,,,,,,,295339.0,analyst.infra.508,MEDIUM,User,HR,0.0,23.0,Active,0.0,2.0,0.0
,,,73,,,,,,,,,,,,10868.0,vp.tech.174,HIGH,Manager,Finance,1.0,6.0,Active,1.0,0.0,0.0
,,,47,,,,,,,,,,,,257903.0,engineer.infra.520,MEDIUM,Analyst,IT,0.0,2.0,Active,0.0,1.0,0.0
,,,97,,,,,,,,,,,,5612.0,cfo.exec.57,CRITICAL,User,HR,1.0,18.0,Active,1.0,16.0,0.0
,,,49,,,,,,,,,,,,337279.0,admin.risk.596,MEDIUM,Analyst,Operations,0.0,17.0,Active,0.0,2.0,0.0
,,,21,,,,,,,,,,,,353793.0,intern.admin.24,LOW,Analyst,HR,0.0,23.0,Suspended,1.0,0.0,0.0
,,,78,,,,,,,,,,,,374865.0,vp.tech.273,HIGH,Analyst,Operations,1.0,23.0,Active,1.0,1.0,0.0
,,,16,,,,,,,,,,,,399995.0,intern.ops.826,LOW,Manager,Finance,0.0,25.0,Active,1.0,3.0,0.0
,,,49,,,,,,,,,,,,35863.0,analyst.risk.512,MEDIUM,Analyst,Finance,0.0,27.0,Active,1.0,0.0,0.0
,,,22,,,,,,,,,,,,298031.0,user.support.788,LOW,User,Finance,0.0,15.0,Active,0.0,0.0,0.0
,,,43,,,,,,,,,,,,153974.0,admin.security.334,MEDIUM,Analyst,HR,0.0,13.0,Active,1.0,1.0,0.0
,,,47,,,,,,,,,,,,254566.0,engineer.risk.117,MEDIUM,Analyst,Finance,0.0,29.0,Active,1.0,1.0,0.0
,,,20,,,,,,,,,,,,311611.0,user.support.554,LOW,Manager,Legal,0.0,23.0,Active,1.0,0.0,1.0
,,,41,,,,,,,,,,,,191074.0,specialist.security.489,MEDIUM,Analyst,HR,0.0,26.0,Active,1.0,1.0,0.0
,,,19,,,,,,,,,,,,212912.0,user.support.746,LOW,User,Operations,0.0,18.0,Active,0.0,0.0,0.0
,,,46,,,,,,,,,,,,228541.0,analyst.risk.672,MEDIUM,User,HR,0.0,0.0,Active,1.0,0.0,0.0
,,,48,,,,,,,,,,,,353043.0,analyst.risk.306,MEDIUM,User,Operations,0.0,8.0,Active,1.0,2.0,0.0
,,,71,,,,,,,,,,,,152870.0,director.tech.114,HIGH,Manager,Operations,1.0,2.0,Active,1.0,1.0,0.0
,,,49,,,,,,,,,,,,361752.0,engineer.infra.367,MEDIUM,Analyst,HR,0.0,12.0,Active,0.0,0.0,0.0
,,,46,,,,,,,,,,,,177771.0,engineer.security.691,MEDIUM,User,HR,0.0,20.0,Suspended,1.0,0.0,0.0
,,,46,,,,,,,,,,,,427429.0,engineer.security.963,MEDIUM,Analyst,IT,0.0,24.0,Active,0.0,0.0,0.0
,,,40,,,,,,,,,,,,354408.0,admin.infra.449,MEDIUM,User,Operations,0.0,15.0,Active,0.0,1.0,0.0
,,,40,,,,,,,,,,,,218252.0,engineer.risk.434,MEDIUM,User,Finance,0.0,26.0,Suspended,1.0,3.0,0.0
,,,15,,,,,,,,,,,,266518.0,user.support.677,LOW,User,HR,0.0,13.0,Active,1.0,1.0,0.0
,,,46,,,,,,,,,,,,372289.0,admin.ops.493,MEDIUM,Analyst,Finance,0.0,4.0,Active,0.0,0.0,0.0
,,,19,,,,,,,,,,,,84732.0,guest.support.631,LOW,User,IT,0.0,23.0,Active,0.0,0.0,0.0
,,,21,,,,,,,,,,,,226580.0,temp.admin.283,LOW,Analyst,IT,0.0,22.0,Active,0.0,1.0,0.0
,,,79,,,,,,,,,,,,251763.0,vp.security.391,HIGH,User,IT,1.0,11.0,Active,1.0,0.0,0.0
,,,40,,,,,,,,,,,,88051.0,specialist.ops.687,MEDIUM,User,Legal,0.0,18.0,Active,1.0,1.0,0.0
,,,22,,,,,,,,,,,,279895.0,temp.admin.970,LOW,User,Operations,0.0,11.0,Active,0.0,1.0,0.0
,,,18,,,,,,,,,,,,55745.0,guest.ops.630,LOW,Analyst,IT,0.0,20.0,Active,0.0,1.0,0.0
,,,45,,,,,,,,,,,,2415.0,specialist.infra.330,MEDIUM,Analyst,Finance,0.0,18.0,Active,1.0,0.0,0.0
,,,49,,,,,,,,,,,,171009.0,admin.security.03,MEDIUM,Exec,Legal,0.0,9.0,Active,1.0,0.0,0.0
,,,75,,,,,,,,,,,,291972.0,lead.tech.125,HIGH,Analyst,IT,1.0,29.0,Active,0.0,1.0,0.0
,,,42,,,,,,,,,,,,236796.0,admin.infra.534,MEDIUM,Manager,Finance,0.0,16.0,Active,0.0,1.0,0.0
,,,78,,,,,,,,,,,,366258.0,vp.risk.520,HIGH,Analyst,Legal,1.0,12.0,Active,1.0,0.0,0.0
,,,42,,,,,,,,,,,,7127.0,engineer.security.374,MEDIUM,User,Finance,0.0,4.0,Active,0.0,0.0,0.0
,,,78,,,,,,,,,,,,186546.0,lead.tech.252,HIGH,Analyst,Legal,1.0,0.0,Active,1.0,1.0,0.0
,,,41,,,,,,,,,,,,33308.0,specialist.risk.573,MEDIUM,User,Operations,0.0,2.0,Active,0.0,2.0,0.0
,,,77,,,,,,,,,,,,185625.0,vp.trading.294,HIGH,Analyst,Finance,1.0,10.0,Active,1.0,1.0,0.0
,,,23,,,,,,,,,,,,980.0,guest.admin.779,LOW,User,Finance,0.0,22.0,Active,1.0,0.0,0.0
,,,23,,,,,,,,,,,,83051.0,user.ops.538,LOW,User,Operations,0.0,1.0,Active,1.0,0.0,0.0
,,,16,,,,,,,,,,,,432901.0,intern.admin.324,LOW,Analyst,HR,0.0,2.0,Active,0.0,0.0,0.0
,,,48,,,,,,,,,,,,7822.0,analyst.security.44,MEDIUM,Manager,Operations,0.0,29.0,Active,1.0,0.0,0.0
,,,41,,,,,,,,,,,,275697.0,specialist.infra.122,MEDIUM,User,Legal,0.0,3.0,Active,0.0,0.0,0.0
,,,44,,,,,,,,,,,,182090.0,analyst.risk.699,MEDIUM,Manager,Finance,0.0,21.0,Inactive,1.0,1.0,0.0
,,,48,,,,,,,,,,,,1186.0,specialist.infra.126,MEDIUM,Analyst,Legal,0.0,15.0,Suspended,0.0,0.0,0.0
,,,48,,,,,,,,,,,,184953.0,admin.risk.700,MEDIUM,Analyst,Finance,0.0,3.0,Active,1.0,0.0,0.0
,,,72,,,,,,,,,,,,248516.0,vp.risk.138,HIGH,User,Operations,1.0,10.0,Active,1.0,0.0,0.0
,,,73,,,,,,,,,,,,440168.0,director.trading.202,HIGH,Analyst,Operations,1.0,21.0,Active,0.0,1.0,0.0
,,,43,,,,,,,,,,,,201869.0,engineer.infra.84,MEDIUM,Analyst,IT,0.0,13.0,Active,0.0,0.0,0.0
,,,22,,,,,,,,,,,,191794.0,temp.ops.965,LOW,Manager,IT,0.0,23.0,Inactive,0.0,0.0,0.0
,,,46,,,,,,,,,,,,317219.0,engineer.risk.508,MEDIUM,User,Finance,0.0,8.0,Active,0.0,0.0,0.0
,,,45,,,,,,,,,,,,203435.0,analyst.security.521,MEDIUM,User,HR,0.0,21.0,Inactive,1.0,0.0,0.0
,,,75,,,,,,,,,,,,185299.0,director.trading.377,HIGH,User,Legal,1.0,19.0,Active,0.0,0.0,0.0
,,,46,,,,,,,,,,,,200982.0,analyst.security.836,MEDIUM,Analyst,Legal,0.0,13.0,Active,1.0,2.0,0.0
,,,92,,,,,,,,,,,,19684.0,cto.board.72,CRITICAL,User,IT,1.0,8.0,Active,1.0,0.0,0.0
,,,20,,,,,,,,,,,,338401.0,temp.support.957,LOW,Analyst,Finance,0.0,21.0,Active,0.0,1.0,0.0
,,,40,,,,,,,,,,,,340612.0,specialist.security.829,MEDIUM,Manager,IT,0.0,25.0,Active,1.0,2.0,0.0
,,,16,,,,,,,,,,,,204941.0,user.support.740,LOW,User,Operations,0.0,10.0,Inactive,0.0,2.0,0.0
,,,16,,,,,,,,,,,,306560.0,intern.admin.264,LOW,User,Finance,0.0,14.0,Active,1.0,1.0,0.0
,,,76,,,,,,,,,,,,194808.0,lead.risk.223,HIGH,Manager,HR,1.0,27.0,Active,1.0,1.0,0.0
,,,19,,,,,,,,,,,,429716.0,guest.admin.476,LOW,User,Legal,0.0,5.0,Active,1.0,3.0,0.0
,,,16,,,,,,,,,,,,2864.0,intern.admin.789,LOW,User,Finance,0.0,12.0,Active,1.0,0.0,0.0
,,,20,,,,,,,,,,,,7357.0,guest.admin.899,LOW,Manager,Operations,0.0,28.0,Active,0.0,1.0,0.0
,,,43,,,,,,,,,,,,120056.0,engineer.security.150,MEDIUM,Manager,Legal,0.0,29.0,Active,0.0,1.0,0.0
,,,47,,,,,,,,,,,,184770.0,admin.risk.174,MEDIUM,Analyst,IT,0.0,17.0,Active,1.0,1.0,1.0
,,,71,,,,,,,,,,,,321816.0,lead.security.161,HIGH,User,Legal,1.0,4.0,Inactive,0.0,0.0,0.0
,,,45,,,,,,,,,,,,189386.0,admin.ops.580,MEDIUM,Manager,HR,0.0,15.0,Active,0.0,0.0,0.0
,,,48,,,,,,,,,,,,136886.0,engineer.risk.108,MEDIUM,Analyst,Finance,0.0,22.0,Active,0.0,0.0,0.0
,,,16,,,,,,,,,,,,110452.0,guest.ops.768,LOW,Analyst,IT,0.0,0.0,Active,1.0,0.0,0.0
,,,48,,,,,,,,,,,,323234.0,specialist.ops.28,MEDIUM,Analyst,IT,0.0,2.0,Active,1.0,0.0,1.0
,,,49,,,,,,,,,,,,1275.0,admin.ops.589,MEDIUM,Manager,IT,0.0,3.0,Active,0.0,1.0,0.0
,,,78,,,,,,,,,,,,447778.0,vp.tech.138,HIGH,User,Legal,1.0,15.0,Active,1.0,1.0,0.0
,,,49,,,,,,,,,,,,314859.0,engineer.ops.406,MEDIUM,User,Finance,0.0,26.0,Active,1.0,0.0,0.0
,,,75,,,,,,,,,,,,99392.0,director.tech.216,HIGH,Manager,IT,1.0,9.0,Active,0.0,0.0,0.0
,,,73,,,,,,,,,,,,198757.0,lead.risk.480,HIGH,Exec,Legal,1.0,23.0,Active,1.0,0.0,0.0
,,,71,,,,,,,,,,,,208079.0,lead.risk.308,HIGH,Analyst,Legal,1.0,0.0,Active,1.0,0.0,0.0
,,,96,,,,,,,,,,,,18592.0,cfo.board.31,CRITICAL,User,Legal,1.0,1.0,Active,1.0,0.0,0.0
,,,22,,,,,,,,,,,,8691.0,intern.support.668,LOW,Exec,IT,0.0,23.0,Suspended,0.0,1.0,0.0
,,,73,,,,,,,,,,,,3260.0,vp.trading.731,HIGH,Analyst,Finance,1.0,6.0,Active,0.0,0.0,0.0
,,,75,,,,,,,,,,,,316494.0,manager.risk.166,HIGH,Analyst,Finance,1.0,26.0,Suspended,1.0,0.0,0.0
,,,48,,,,,,,,,,,,5562.0,admin.ops.32,MEDIUM,Analyst,Legal,0.0,28.0,Suspended,1.0,1.0,0.0
,,,44,,,,,,,,,,,,264650.0,engineer.infra.649,MEDIUM,Analyst,Operations,0.0,28.0,Active,0.0,1.0,0.0
,,,40,,,,,,,,,,,,112316.0,admin.security.280,MEDIUM,Analyst,HR,0.0,9.0,Active,1.0,1.0,0.0
,,,44,,,,,,,,,,,,87914.0,specialist.infra.515,MEDIUM,User,Finance,0.0,27.0,Active,1.0,1.0,0.0
,,,42,,,,,,,,,,,,179712.0,analyst.ops.796,MEDIUM,Exec,Legal,0.0,25.0,Active,0.0,0.0,0.0
,,,40,,,,,,,,,,,,227641.0,admin.ops.352,MEDIUM,Analyst,Finance,0.0,5.0,Active,0.0,0.0,0.0
,,,21,,,,,,,,,,,,16904.0,guest.admin.797,LOW,User,IT,0.0,3.0,Active,0.0,0.0,0.0
,,,43,,,,,,,,,,,,23768.0,engineer.security.661,MEDIUM,Exec,HR,0.0,11.0,Active,1.0,0.0,0.0
,,,77,,,,,,,,,,,,183005.0,manager.tech.163,HIGH,User,IT,1.0,11.0,Inactive,0.0,0.0,0.0
,,,44,,,,,,,,,,,,208834.0,analyst.ops.900,MEDIUM,User,Finance,0.0,14.0,Active,1.0,2.0,0.0
,,,22,,,,,,,,,,,,9705.0,user.ops.898,LOW,User,IT,0.0,23.0,Active,1.0,2.0,0.0
,,,49,,,,,,,,,,,,90991.0,engineer.security.419,MEDIUM,Manager,Operations,0.0,2.0,Active,0.0,3.0,0.0
,,,42,,,,,,,,,,,,31240.0,analyst.risk.217,MEDIUM,User,IT,0.0,3.0,Active,0.0,0.0,0.0
,,,44,,,,,,,,,,,,206531.0,engineer.risk.977,MEDIUM,Manager,HR,0.0,14.0,Active,1.0,2.0,0.0
,,,48,,,,,,,,,,,,177213.0,specialist.infra.574,MEDIUM,User,Finance,0.0,17.0,Active,0.0,1.0,0.0
,,,79,,,,,,,,,,,,4965.0,manager.trading.173,HIGH,User,Finance,1.0,7.0,Active,0.0,1.0,1.0
,,,17,,,,,,,,,,,,118950.0,user.ops.46,LOW,Analyst,Operations,0.0,0.0,Active,0.0,2.0,0.0
,,,18,,,,,,,,,,,,446250.0,intern.ops.283,LOW,User,HR,0.0,13.0,Inactive,1.0,9.0,0.0
,,,74,,,,,,,,,,,,181373.0,manager.risk.248,HIGH,Analyst,Operations,1.0,12.0,Active,1.0,0.0,0.0
,,,16,,,,,,,,,,,,207020.0,user.ops.793,LOW,Analyst,IT,0.0,18.0,Active,1.0,1.0,0.0
,,,47,,,,,,,,,,,,26351.0,specialist.infra.407,MEDIUM,Manager,IT,0.0,17.0,Active,0.0,1.0,0.0
,,,23,,,,,,,,,,,,289354.0,guest.support.148,LOW,Analyst,Legal,0.0,27.0,Active,0.0,0.0,0.0
,,,48,,,,,,,,,,,,139488.0,analyst.infra.391,MEDIUM,Analyst,Finance,0.0,18.0,Active,0.0,4.0,1.0
,,,47,,,,,,,,,,,,325111.0,engineer.security.810,MEDIUM,Analyst,Finance,0.0,16.0,Inactive,1.0,2.0,0.0
,,,41,,,,,,,,,,,,6698.0,specialist.security.475,MEDIUM,Manager,HR,0.0,19.0,Active,0.0,11.0,0.0
,,,15,,,,,,,,,,,,183430.0,intern.admin.516,LOW,Analyst,IT,0.0,16.0,Inactive,1.0,0.0,0.0
,,,47,,,,,,,,,,,,1516.0,engineer.risk.138,MEDIUM,User,Finance,0.0,25.0,Active,1.0,0.0,0.0
,,,79,,,,,,,,,,,,234616.0,manager.tech.142,HIGH,User,IT,1.0,15.0,Active,1.0,1.0,0.0
,,,42,,,,,,,,,,,,28177.0,admin.risk.210,MEDIUM,User,IT,0.0,28.0,Active,1.0,0.0,0.0
,,,19,,,,,,,,,,,,209141.0,guest.admin.632,LOW,User,IT,0.0,4.0,Active,0.0,0.0,0.0
,,,23,,,,,,,,,,,,36823.0,intern.admin.684,LOW,User,Legal,0.0,15.0,Active,0.0,0.0,0.0
,,,94,,,,,,,,,,,,216017.0,cto.exec.81,CRITICAL,Analyst,Operations,1.0,14.0,Active,1.0,1.0,0.0
,,,20,,,,,,,,,,,,39523.0,intern.ops.274,LOW,User,Operations,0.0,3.0,Active,0.0,1.0,0.0
,,,40,,,,,,,,,,,,294311.0,admin.security.88,MEDIUM,Analyst,HR,0.0,23.0,Active,1.0,0.0,0.0
,,,21,,,,,,,,,,,,113709.0,temp.admin.667,LOW,Manager,Finance,0.0,0.0,Active,0.0,0.0,0.0
,,,46,,,,,,,,,,,,12389.0,engineer.ops.498,MEDIUM,Analyst,Legal,0.0,26.0,Suspended,1.0,1.0,0.0
,,,24,,,,,,,,,,,,176719.0,intern.admin.834,LOW,User,Legal,0.0,2.0,Active,0.0,0.0,0.0
,,,18,,,,,,,,,,,,184286.0,intern.support.983,LOW,Exec,HR,0.0,27.0,Active,1.0,1.0,0.0
,,,40,,,,,,,,,,,,116903.0,analyst.infra.588,MEDIUM,Analyst,Finance,0.0,1.0,Active,1.0,0.0,0.0
,,,92,,,,,,,,,,,,196072.0,cto.exec.03,CRITICAL,User,Operations,1.0,28.0,Active,1.0,1.0,0.0
,,,49,,,,,,,,,,,,194372.0,specialist.risk.26,MEDIUM,Exec,Finance,0.0,20.0,Active,1.0,3.0,0.0
,,,75,,,,,,,,,,,,291114.0,manager.trading.452,HIGH,Manager,Operations,1.0,15.0,Active,1.0,1.0,0.0
,,,93,,,,,,,,,,,,125358.0,ceo.exec.25,CRITICAL,Manager,IT,1.0,2.0,Active,1.0,1.0,0.0
,,,48,,,,,,,,,,,,29476.0,admin.ops.360,MEDIUM,User,Operations,0.0,17.0,Active,1.0,0.0,0.0
,,,19,,,,,,,,,,,,23945.0,user.admin.804,LOW,Exec,Operations,0.0,9.0,Active,1.0,2.0,0.0
,,,75,,,,,,,,,,,,381889.0,manager.trading.978,HIGH,User,Finance,1.0,17.0,Active,1.0,2.0,0.0
,,,21,,,,,,,,,,,,114783.0,intern.ops.574,LOW,User,HR,0.0,7.0,Active,1.0,0.0,0.0
,,,73,,,,,,,,,,,,173505.0,vp.tech.40,HIGH,Manager,IT,1.0,27.0,Active,0.0,0.0,0.0
,,,41,,,,,,,,,,,,182827.0,engineer.infra.690,MEDIUM,User,IT,0.0,25.0,Active,0.0,0.0,0.0
,,,22,,,,,,,,,,,,286923.0,temp.ops.170,LOW,Analyst,Finance,0.0,20.0,Active,0.0,1.0,0.0
,,,19,,,,,,,,,,,,2041.0,user.ops.898,LOW,Analyst,IT,0.0,19.0,Active,1.0,2.0,0.0
,,,19,,,,,,,,,,,,144845.0,user.ops.880,LOW,User,Legal,0.0,1.0,Active,1.0,1.0,0.0
,,,20,,,,,,,,,,,,187930.0,temp.admin.82,LOW,User,IT,0.0,21.0,Active,1.0,0.0,0.0
,,,48,,,,,,,,,,,,6526.0,specialist.infra.330,MEDIUM,User,Finance,0.0,1.0,Active,0.0,17.0,1.0
,,,17,,,,,,,,,,,,84792.0,temp.ops.482,LOW,Manager,HR,0.0,28.0,Active,0.0,1.0,0.0
,,,40,,,,,,,,,,,,207535.0,admin.infra.413,MEDIUM,User,Legal,0.0,23.0,Inactive,0.0,1.0,0.0
,,,42,,,,,,,,,,,,180022.0,engineer.security.383,MEDIUM,Exec,IT,0.0,19.0,Inactive,1.0,0.0,0.0
,,,73,,,,,,,,,,,,151604.0,manager.tech.238,HIGH,User,Finance,1.0,10.0,Active,1.0,1.0,0.0
,,,18,,,,,,,,,,,,134985.0,intern.admin.564,LOW,User,IT,0.0,23.0,Active,0.0,0.0,0.0
,,,23,,,,,,,,,,,,9226.0,temp.support.186,LOW,Analyst,Operations,0.0,13.0,Suspended,0.0,0.0,0.0
,,,18,,,,,,,,,,,,426715.0,guest.support.934,LOW,User,HR,0.0,5.0,Suspended,0.0,0.0,0.0
,,,20,,,,,,,,,,,,198266.0,user.admin.546,LOW,Manager,IT,0.0,11.0,Active,0.0,2.0,0.0
,,,18,,,,,,,,,,,,179865.0,user.support.764,LOW,Analyst,IT,0.0,26.0,Active,1.0,0.0,0.0
,,,78,,,,,,,,,,,,201321.0,director.tech.255,HIGH,User,Finance,1.0,26.0,Active,0.0,2.0,0.0
,,,42,,,,,,,,,,,,7611.0,specialist.risk.369,MEDIUM,Analyst,Operations,0.0,19.0,Active,0.0,0.0,0.0
,,,49,,,,,,,,,,,,198223.0,admin.security.366,MEDIUM,User,Finance,0.0,28.0,Active,1.0,0.0,0.0
,,,44,,,,,,,,,,,,204909.0,engineer.ops.626,MEDIUM,Manager,Legal,0.0,14.0,Active,1.0,0.0,0.0
,,,98,,,,,,,,,,,,4013.0,cfo.exec.104,CRITICAL,Analyst,Finance,1.0,18.0,Active,1.0,1.0,0.0
,,,77,,,,,,,,,,,,177315.0,vp.risk.972,HIGH,User,Legal,1.0,25.0,Active,0.0,0.0,0.0
,,,41,,,,,,,,,,,,292323.0,admin.infra.477,MEDIUM,User,Operations,0.0,16.0,Active,1.0,0.0,0.0
,,,41,,,,,,,,,,,,184700.0,specialist.ops.725,MEDIUM,Analyst,HR,0.0,22.0,Active,0.0,0.0,0.0
,,,70,,,,,,,,,,,,223718.0,lead.trading.887,HIGH,Manager,HR,1.0,2.0,Active,1.0,1.0,0.0
,,,47,,,,,,,,,,,,301264.0,engineer.security.913,MEDIUM,User,Operations,0.0,23.0,Active,1.0,0.0,0.0
,,,22,,,,,,,,,,,,6798.0,temp.support.576,LOW,User,Legal,0.0,2.0,Active,0.0,1.0,0.0
,,,44,,,,,,,,,,,,178168.0,admin.infra.950,MEDIUM,Analyst,Operations,0.0,7.0,Active,0.0,0.0,0.0
,,,24,,,,,,,,,,,,377104.0,temp.ops.869,LOW,User,Operations,0.0,27.0,Active,0.0,2.0,0.0
,,,18,,,,,,,,,,,,319989.0,intern.admin.831,LOW,Manager,HR,0.0,8.0,Active,1.0,0.0,0.0
,,,42,,,,,,,,,,,,427076.0,engineer.risk.529,MEDIUM,Analyst,HR,0.0,11.0,Active,1.0,3.0,0.0
,,,19,,,,,,,,,,,,7631.0,temp.support.747,LOW,Manager,Legal,0.0,13.0,Active,0.0,2.0,0.0
,,,79,,,,,,,,,,,,3563.0,director.trading.798,HIGH,User,HR,1.0,12.0,Active,1.0,1.0,0.0
,,,24,,,,,,,,,,,,3220.0,guest.ops.714,LOW,User,Operations,0.0,0.0,Active,0.0,2.0,0.0
,,,23,,,,,,,,,,,,105427.0,guest.support.883,LOW,Manager,HR,0.0,26.0,Active,0.0,1.0,0.0
,,,20,,,,,,,,,,,,6226.0,temp.ops.209,LOW,Analyst,Finance,0.0,15.0,Active,0.0,2.0,0.0
,,,17,,,,,,,,,,,,3276.0,guest.support.763,LOW,User,Finance,0.0,11.0,Suspended,0.0,1.0,0.0
,,,93,,,,,,,,,,,,235.0,cfo.board.38,CRITICAL,User,Operations,1.0,14.0,Active,1.0,1.0,0.0
,,,24,,,,,,,,,,,,229949.0,intern.ops.931,LOW,Analyst,Finance,0.0,12.0,Active,1.0,0.0,0.0
,,,78,,,,,,,,,,,,316924.0,manager.risk.248,HIGH,User,Finance,1.0,26.0,Active,1.0,0.0,0.0
,,,49,,,,,,,,,,,,184832.0,engineer.risk.510,MEDIUM,User,Finance,0.0,11.0,Active,1.0,1.0,0.0
,,,79,,,,,,,,,,,,281142.0,director.trading.188,HIGH,Manager,IT,1.0,3.0,Active,1.0,1.0,0.0
,,,47,,,,,,,,,,,,193586.0,admin.ops.951,MEDIUM,Exec,Legal,0.0,27.0,Suspended,0.0,0.0,0.0
,,,18,,,,,,,,,,,,26317.0,guest.support.844,LOW,Analyst,Finance,0.0,2.0,Active,0.0,0.0,0.0
,,,43,,,,,,,,,,,,179204.0,specialist.infra.610,MEDIUM,User,Operations,0.0,2.0,Active,0.0,1.0,0.0
,,,49,,,,,,,,,,,,125670.0,admin.risk.723,MEDIUM,Analyst,Finance,0.0,26.0,Active,0.0,0.0,0.0
,,,40,,,,,,,,,,,,77257.0,admin.infra.827,MEDIUM,Analyst,HR,0.0,16.0,Active,0.0,1.0,0.0
,,,42,,,,,,,,,,,,192444.0,engineer.security.253,MEDIUM,Analyst,IT,0.0,15.0,Active,1.0,0.0,1.0
,,,44,,,,,,,,,,,,185764.0,analyst.ops.404,MEDIUM,User,HR,0.0,23.0,Active,1.0,1.0,1.0
,,,49,,,,,,,,,,,,216400.0,analyst.ops.696,MEDIUM,User,Operations,0.0,23.0,Inactive,1.0,2.0,0.0
,,,45,,,,,,,,,,,,5394.0,engineer.security.524,MEDIUM,Analyst,IT,0.0,16.0,Active,1.0,0.0,0.0
,,,42,,,,,,,,,,,,7684.0,specialist.risk.312,MEDIUM,Exec,Legal,0.0,2.0,Active,1.0,0.0,0.0
,,,74,,,,,,,,,,,,871.0,vp.risk.260,HIGH,Analyst,IT,1.0,4.0,Active,0.0,0.0,0.0
,,,79,,,,,,,,,,,,58992.0,vp.security.283,HIGH,User,Legal,1.0,15.0,Active,0.0,0.0,0.0
,,,20,,,,,,,,,,,,12728.0,intern.support.719,LOW,User,IT,0.0,23.0,Active,1.0,0.0,0.0
,,,21,,,,,,,,,,,,19589.0,intern.ops.934,LOW,Analyst,Operations,0.0,11.0,Active,0.0,0.0,0.0
,,,46,,,,,,,,,,,,204054.0,specialist.infra.565,MEDIUM,Exec,Finance,0.0,7.0,Active,0.0,0.0,0.0
,,,23,,,,,,,,,,,,416012.0,temp.support.906,LOW,User,IT,0.0,5.0,Active,0.0,0.0,0.0
,,,19,,,,,,,,,,,,201237.0,guest.admin.923,LOW,Analyst,Legal,0.0,29.0,Active,1.0,0.0,0.0
,,,23,,,,,,,,,,,,309932.0,user.admin.813,LOW,Analyst,Operations,0.0,23.0,Active,1.0,0.0,0.0
,,,76,,,,,,,,,,,,422985.0,manager.trading.296,HIGH,User,HR,1.0,19.0,Active,1.0,18.0,0.0
,,,73,,,,,,,,,,,,7883.0,manager.security.475,HIGH,User,Legal,1.0,16.0,Active,1.0,0.0,0.0
,,,99,,,,,,,,,,,,7784.0,cfo.board.101,CRITICAL,User,Operations,1.0,0.0,Active,1.0,1.0,0.0
,,,21,,,,,,,,,,,,261142.0,guest.ops.915,LOW,User,Finance,0.0,0.0,Active,0.0,1.0,0.0
,,,46,,,,,,,,,,,,194905.0,engineer.security.664,MEDIUM,User,Operations,0.0,20.0,Active,1.0,0.0,0.0
,,,44,,,,,,,,,,,,356297.0,engineer.risk.391,MEDIUM,Analyst,Finance,0.0,0.0,Active,1.0,0.0,0.0
,,,24,,,,,,,,,,,,4197.0,temp.support.330,LOW,User,Operations,0.0,23.0,Active,0.0,0.0,0.0
,,,78,,,,,,,,,,,,253578.0,director.tech.107,HIGH,Analyst,IT,1.0,3.0,Active,1.0,2.0,0.0
,,,47,,,,,,,,,,,,25742.0,analyst.risk.660,MEDIUM,Exec,Operations,0.0,29.0,Active,1.0,0.0,0.0
,,,17,,,,,,,,,,,,193256.0,guest.admin.839,LOW,User,Operations,0.0,18.0,Active,0.0,0.0,0.0
,,,42,,,,,,,,,,,,178584.0,engineer.security.915,MEDIUM,User,Legal,0.0,4.0,Active,1.0,0.0,0.0
,,,74,,,,,,,,,,,,178373.0,director.tech.182,HIGH,Analyst,IT,1.0,29.0,Active,1.0,0.0,0.0
,,,46,,,,,,,,,,,,2512.0,admin.ops.311,MEDIUM,User,Finance,0.0,0.0,Active,1.0,1.0,0.0
,,,75,,,,,,,,,,,,8280.0,director.risk.782,HIGH,User,Finance,1.0,24.0,Active,1.0,3.0,0.0
,,,90,,,,,,,,,,,,200669.0,ceo.exec.984,CRITICAL,User,Operations,1.0,29.0,Active,1.0,2.0,0.0
,,,17,,,,,,,,,,,,5121.0,intern.support.884,LOW,Analyst,Operations,0.0,8.0,Active,0.0,2.0,0.0
,,,77,,,,,,,,,,,,37814.0,lead.trading.871,HIGH,Analyst,HR,1.0,1.0,Active,1.0,0.0,0.0
,,,96,,,,,,,,,,,,451315.0,ceo.exec.100,CRITICAL,User,HR,1.0,3.0,Inactive,1.0,0.0,0.0
,,,17,,,,,,,,,,,,15720.0,intern.admin.435,LOW,User,Finance,0.0,8.0,Active,0.0,2.0,0.0
,,,15,,,,,,,,,,,,376344.0,intern.admin.792,LOW,Analyst,Legal,0.0,25.0,Active,0.0,1.0,0.0
,,,47,,,,,,,,,,,,274375.0,engineer.infra.239,MEDIUM,User,Finance,0.0,3.0,Active,1.0,0.0,0.0
,,,73,,,,,,,,,,,,341386.0,director.trading.138,HIGH,Analyst,Legal,1.0,7.0,Active,1.0,4.0,0.0
,,,79,,,,,,,,,,,,23260.0,vp.risk.758,HIGH,User,IT,1.0,25.0,Active,1.0,2.0,0.0
,,,18,,,,,,,,,,,,3111.0,temp.admin.922,LOW,Analyst,HR,0.0,23.0,Active,0.0,0.0,0.0
,,,77,,,,,,,,,,,,266159.0,lead.risk.432,HIGH,User,Finance,1.0,29.0,Active,0.0,0.0,0.0
,,,42,,,,,,,,,,,,36569.0,engineer.ops.695,MEDIUM,Analyst,IT,0.0,23.0,Active,0.0,2.0,0.0
,,,78,,,,,,,,,,,,382291.0,lead.risk.160,HIGH,Analyst,Legal,1.0,4.0,Active,1.0,1.0,0.0
,,,16,,,,,,,,,,,,377030.0,user.admin.801,LOW,User,IT,0.0,18.0,Active,0.0,1.0,0.0
,,,72,,,,,,,,,,,,328319.0,lead.trading.290,HIGH,Manager,Operations,1.0,24.0,Active,1.0,0.0,0.0
,,,47,,,,,,,,,,,,294683.0,specialist.ops.462,MEDIUM,User,Legal,0.0,28.0,Active,1.0,0.0,0.0
,,,16,,,,,,,,,,,,167553.0,user.admin.786,LOW,User,IT,0.0,15.0,Active,0.0,0.0,0.0
,,,49,,,,,,,,,,,,43836.0,engineer.risk.30,MEDIUM,Analyst,Finance,0.0,11.0,Active,0.0,2.0,0.0
,,,49,,,,,,,,,,,,329334.0,admin.ops.578,MEDIUM,User,Finance,0.0,28.0,Active,0.0,1.0,0.0
,,,18,,,,,,,,,,,,227462.0,user.admin.744,LOW,Analyst,HR,0.0,1.0,Active,1.0,0.0,0.0
,,,71,,,,,,,,,,,,13978.0,manager.security.402,HIGH,Analyst,IT,1.0,28.0,Active,0.0,1.0,0.0
,,,75,,,,,,,,,,,,118593.0,vp.tech.435,HIGH,Manager,Legal,1.0,8.0,Active,1.0,1.0,0.0
,,,42,,,,,,,,,,,,10191.0,analyst.security.125,MEDIUM,Manager,HR,0.0,28.0,Active,0.0,0.0,0.0
,,,23,,,,,,,,,,,,12932.0,temp.support.930,LOW,Analyst,IT,0.0,28.0,Active,0.0,1.0,0.0
,,,46,,,,,,,,,,,,80351.0,engineer.ops.25,MEDIUM,Analyst,IT,0.0,25.0,Inactive,1.0,2.0,0.0
,,,49,,,,,,,,,,,,54092.0,admin.ops.959,MEDIUM,Manager,IT,0.0,27.0,Inactive,0.0,1.0,0.0
,,,19,,,,,,,,,,,,25875.0,user.admin.888,LOW,Analyst,Operations,0.0,14.0,Active,1.0,0.0,0.0
,,,75,,,,,,,,,,,,297948.0,vp.tech.616,HIGH,Analyst,IT,1.0,26.0,Active,0.0,2.0,0.0
,,,78,,,,,,,,,,,,65590.0,director.trading.919,HIGH,Exec,HR,1.0,18.0,Active,1.0,0.0,0.0
,,,17,,,,,,,,,,,,224907.0,user.support.800,LOW,Analyst,Finance,0.0,23.0,Active,1.0,0.0,0.0
,,,20,,,,,,,,,,,,178.0,intern.support.518,LOW,User,Legal,0.0,17.0,Active,1.0,1.0,0.0
,,,20,,,,,,,,,,,,23211.0,guest.admin.968,LOW,Analyst,Legal,0.0,16.0,Inactive,1.0,1.0,0.0
,,,17,,,,,,,,,,,,1489.0,temp.support.387,LOW,Manager,IT,0.0,4.0,Active,1.0,2.0,0.0
,,,96,,,,,,,,,,,,307988.0,cfo.exec.29,CRITICAL,Analyst,Operations,1.0,24.0,Active,1.0,0.0,1.0
,,,21,,,,,,,,,,,,6436.0,intern.admin.546,LOW,Analyst,Finance,0.0,5.0,Active,0.0,0.0,0.0
,,,41,,,,,,,,,,,,447779.0,specialist.ops.166,MEDIUM,Analyst,Finance,0.0,14.0,Active,0.0,0.0,0.0
,,,22,,,,,,,,,,,,357984.0,temp.admin.826,LOW,Analyst,IT,0.0,19.0,Inactive,0.0,2.0,0.0
,,,17,,,,,,,,,,,,399522.0,user.admin.945,LOW,User,HR,0.0,19.0,Active,0.0,0.0,0.0
,,,43,,,,,,,,,,,,16378.0,engineer.infra.425,MEDIUM,Analyst,Legal,0.0,4.0,Active,1.0,0.0,0.0
,,,19,,,,,,,,,,,,409625.0,intern.ops.658,LOW,User,Finance,0.0,21.0,Active,0.0,0.0,0.0
,,,79,,,,,,,,,,,,4088.0,manager.risk.250,HIGH,Manager,Finance,1.0,22.0,Active,1.0,0.0,0.0
,,,23,,,,,,,,,,,,216301.0,temp.support.75,LOW,Analyst,IT,0.0,5.0,Inactive,0.0,0.0,0.0
,,,23,,,,,,,,,,,,188447.0,intern.admin.885,LOW,User,HR,0.0,25.0,Active,1.0,0.0,0.0
,,,41,,,,,,,,,,,,7216.0,engineer.risk.798,MEDIUM,User,Operations,0.0,21.0,Active,0.0,0.0,0.0
,,,47,,,,,,,,,,,,59018.0,engineer.ops.852,MEDIUM,Manager,Finance,0.0,5.0,Active,1.0,1.0,0.0
,,,46,,,,,,,,,,,,9646.0,analyst.risk.504,MEDIUM,Manager,Finance,0.0,1.0,Active,1.0,0.0,0.0
,,,23,,,,,,,,,,,,1474.0,guest.ops.534,LOW,User,Operations,0.0,4.0,Active,1.0,0.0,0.0
,,,40,,,,,,,,,,,,2983.0,admin.ops.493,MEDIUM,User,Legal,0.0,22.0,Active,1.0,1.0,0.0
,,,46,,,,,,,,,,,,892.0,engineer.risk.482,MEDIUM,User,HR,0.0,13.0,Active,1.0,0.0,0.0
,,,99,,,,,,,,,,,,6345.0,cfo.board.07,CRITICAL,Manager,Legal,1.0,12.0,Active,1.0,0.0,0.0
,,,18,,,,,,,,,,,,285.0,temp.admin.877,LOW,User,Finance,0.0,12.0,Active,0.0,1.0,0.0
,,,17,,,,,,,,,,,,236693.0,intern.admin.939,LOW,Analyst,HR,0.0,18.0,Active,1.0,1.0,0.0
,,,41,,,,,,,,,,,,200075.0,specialist.infra.514,MEDIUM,Manager,Operations,0.0,6.0,Inactive,0.0,0.0,0.0
,,,17,,,,,,,,,,,,95223.0,intern.admin.870,LOW,User,Legal,0.0,4.0,Active,1.0,1.0,0.0
,,,70,,,,,,,,,,,,11777.0,director.trading.211,HIGH,Manager,Finance,1.0,3.0,Suspended,1.0,0.0,0.0
,,,22,,,,,,,,,,,,339856.0,intern.admin.927,LOW,Manager,IT,0.0,18.0,Active,0.0,0.0,0.0
,,,21,,,,,,,,,,,,1117.0,guest.support.661,LOW,Analyst,Finance,0.0,18.0,Active,0.0,1.0,0.0
,,,44,,,,,,,,,,,,3578.0,admin.infra.632,MEDIUM,Manager,IT,0.0,13.0,Active,1.0,0.0,0.0
,,,47,,,,,,,,,,,,11782.0,specialist.security.118,MEDIUM,Manager,IT,0.0,22.0,Active,0.0,2.0,0.0
,,,77,,,,,,,,,,,,1218.0,director.tech.169,HIGH,Analyst,IT,1.0,9.0,Inactive,0.0,1.0,0.0
,,,21,,,,,,,,,,,,4963.0,guest.ops.162,LOW,Analyst,Finance,0.0,2.0,Active,1.0,1.0,0.0
,,,23,,,,,,,,,,,,27777.0,temp.admin.238,LOW,Analyst,HR,0.0,9.0,Active,1.0,1.0,0.0
,,,24,,,,,,,,,,,,625.0,guest.ops.918,LOW,User,Finance,0.0,12.0,Active,0.0,2.0,0.0
,,,15,,,,,,,,,,,,5411.0,temp.support.312,LOW,Analyst,IT,0.0,23.0,Active,0.0,0.0,0.0
,,,22,,,,,,,,,,,,263148.0,intern.support.986,LOW,User,Finance,0.0,14.0,Active,1.0,0.0,0.0
,,,21,,,,,,,,,,,,292126.0,temp.support.900,LOW,Manager,HR,0.0,3.0,Active,0.0,0.0,0.0
,,,75,,,,,,,,,,,,12323.0,vp.risk.141,HIGH,User,Operations,1.0,4.0,Active,1.0,1.0,0.0
,,,47,,,,,,,,,,,,1220.0,admin.ops.475,MEDIUM,Manager,Legal,0.0,28.0,Active,1.0,1.0,0.0
,,,47,,,,,,,,,,,,150950.0,engineer.security.339,MEDIUM,User,HR,0.0,24.0,Active,0.0,2.0,0.0
,,,95,,,,,,,,,,,,197004.0,head_security.exec.104,CRITICAL,User,Operations,1.0,15.0,Active,1.0,0.0,0.0
,,,22,,,,,,,,,,,,392804.0,temp.support.447,LOW,Analyst,Legal,0.0,24.0,Active,0.0,1.0,0.0
,,,22,,,,,,,,,,,,8611.0,temp.support.795,LOW,Exec,Operations,0.0,12.0,Active,0.0,1.0,0.0
,,,48,,,,,,,,,,,,4883.0,admin.risk.451,MEDIUM,Manager,IT,0.0,25.0,Active,1.0,2.0,0.0
,,,19,,,,,,,,,,,,372884.0,temp.ops.938,LOW,Analyst,IT,0.0,17.0,Active,0.0,0.0,0.0
,,,15,,,,,,,,,,,,7630.0,temp.support.921,LOW,User,IT,0.0,9.0,Active,1.0,0.0,0.0
,,,22,,,,,,,,,,,,4281.0,user.ops.181,LOW,Manager,Finance,0.0,12.0,Active,1.0,1.0,0.0
,,,48,,,,,,,,,,,,13979.0,admin.risk.535,MEDIUM,Analyst,Finance,0.0,22.0,Active,1.0,0.0,0.0
,,,40,,,,,,,,,,,,350679.0,engineer.risk.844,MEDIUM,User,HR,0.0,13.0,Active,0.0,0.0,0.0
,,,75,,,,,,,,,,,,302476.0,lead.security.304,HIGH,Analyst,Finance,1.0,3.0,Active,1.0,1.0,0.0
,,,70,,,,,,,,,,,,399570.0,manager.trading.195,HIGH,Analyst,Operations,1.0,24.0,Active,1.0,0.0,0.0
,,,73,,,,,,,,,,,,309504.0,lead.security.280,HIGH,Exec,Finance,1.0,10.0,Active,1.0,1.0,0.0
,,,49,,,,,,,,,,,,288356.0,specialist.ops.961,MEDIUM,User,IT,0.0,17.0,Active,1.0,0.0,0.0
,,,18,,,,,,,,,,,,1905.0,guest.ops.822,LOW,Manager,HR,0.0,13.0,Active,1.0,0.0,0.0
,,,40,,,,,,,,,,,,246109.0,specialist.ops.199,MEDIUM,Analyst,Operations,0.0,24.0,Active,1.0,2.0,0.0
,,,16,,,,,,,,,,,,27797.0,intern.ops.760,LOW,Analyst,Legal,0.0,22.0,Active,1.0,0.0,0.0
,,,23,,,,,,,,,,,,932.0,intern.admin.33,LOW,Analyst,HR,0.0,22.0,Active,0.0,2.0,0.0
,,,72,,,,,,,,,,,,452263.0,vp.security.796,HIGH,Exec,Legal,1.0,27.0,Active,0.0,3.0,0.0
,,,48,,,,,,,,,,,,272925.0,specialist.ops.86,MEDIUM,Analyst,Operations,0.0,26.0,Suspended,0.0,2.0,0.0
,,,77,,,,,,,,,,,,208178.0,vp.security.192,HIGH,User,Operations,1.0,9.0,Active,0.0,1.0,0.0
,,,17,,,,,,,,,,,,4549.0,intern.support.227,LOW,User,Finance,0.0,23.0,Active,1.0,1.0,0.0
,,,41,,,,,,,,,,,,281605.0,admin.infra.465,MEDIUM,Analyst,Operations,0.0,26.0,Active,1.0,0.0,0.0
,,,16,,,,,,,,,,,,264642.0,guest.ops.750,LOW,Analyst,Operations,0.0,23.0,Active,0.0,0.0,0.0
,,,48,,,,,,,,,,,,176643.0,analyst.ops.06,MEDIUM,User,Legal,0.0,5.0,Active,0.0,2.0,0.0
,,,42,,,,,,,,,,,,9166.0,engineer.ops.686,MEDIUM,User,Legal,0.0,3.0,Active,0.0,0.0,0.0
,,,46,,,,,,,,,,,,6783.0,specialist.security.994,MEDIUM,Manager,IT,0.0,22.0,Active,1.0,0.0,0.0
,,,15,,,,,,,,,,,,86432.0,temp.support.816,LOW,Analyst,IT,0.0,1.0,Active,0.0,3.0,0.0
,,,71,,,,,,,,,,,,7657.0,vp.security.197,HIGH,Analyst,Finance,1.0,27.0,Active,1.0,0.0,0.0
,,,40,,,,,,,,,,,,24550.0,specialist.ops.376,MEDIUM,Manager,Legal,0.0,21.0,Active,1.0,0.0,0.0
,,,44,,,,,,,,,,,,3482.0,admin.infra.655,MEDIUM,Analyst,Finance,0.0,22.0,Active,0.0,0.0,0.0
,,,46,,,,,,,,,,,,35657.0,admin.ops.888,MEDIUM,User,Operations,0.0,2.0,Active,0.0,0.0,0.0
,,,19,,,,,,,,,,,,26513.0,user.admin.834,LOW,User,Finance,0.0,10.0,Active,1.0,1.0,0.0
,,,44,,,,,,,,,,,,7628.0,engineer.risk.862,MEDIUM,Analyst,Legal,0.0,18.0,Suspended,0.0,0.0,0.0
,,,43,,,,,,,,,,,,27991.0,admin.security.464,MEDIUM,User,Finance,0.0,21.0,Active,0.0,1.0,0.0
,,,24,,,,,,,,,,,,43710.0,temp.admin.769,LOW,Manager,HR,0.0,6.0,Active,1.0,2.0,0.0
,,,22,,,,,,,,,,,,22584.0,intern.ops.832,LOW,Analyst,Finance,0.0,8.0,Active,0.0,0.0,0.0
,,,44,,,,,,,,,,,,15244.0,admin.security.384,MEDIUM,Analyst,IT,0.0,29.0,Active,1.0,0.0,0.0
,,,45,,,,,,,,,,,,231699.0,engineer.risk.494,MEDIUM,Manager,HR,0.0,4.0,Active,1.0,0.0,0.0
,,,22,,,,,,,,,,,,21680.0,temp.ops.398,LOW,User,HR,0.0,27.0,Active,0.0,1.0,0.0
,,,48,,,,,,,,,,,,1002.0,analyst.risk.880,MEDIUM,Analyst,HR,0.0,0.0,Active,0.0,1.0,0.0
,,,22,,,,,,,,,,,,255522.0,temp.ops.416,LOW,User,Finance,0.0,11.0,Active,0.0,0.0,0.0
,,,79,,,,,,,,,,,,230871.0,vp.security.130,HIGH,Analyst,Finance,1.0,12.0,Active,1.0,0.0,0.0
,,,71,,,,,,,,,,,,18124.0,director.security.289,HIGH,Analyst,Finance,1.0,0.0,Active,1.0,2.0,0.0
,,,15,,,,,,,,,,,,7048.0,guest.support.847,LOW,Analyst,IT,0.0,25.0,Active,1.0,1.0,0.0
,,,23,,,,,,,,,,,,4103.0,intern.support.968,LOW,Analyst,IT,0.0,9.0,Active,1.0,1.0,0.0
,,,24,,,,,,,,,,,,327615.0,temp.ops.902,LOW,Analyst,Finance,0.0,20.0,Active,0.0,11.0,1.0
,,,73,,,,,,,,,,,,10063.0,manager.tech.122,HIGH,User,HR,1.0,16.0,Active,1.0,0.0,0.0
,,,42,,,,,,,,,,,,29802.0,analyst.infra.474,MEDIUM,User,Legal,0.0,29.0,Active,1.0,1.0,0.0
,,,90,,,,,,,,,,,,39536.0,head_security.board.24,CRITICAL,Manager,Legal,1.0,16.0,Active,1.0,0.0,0.0
,,,44,,,,,,,,,,,,198703.0,engineer.ops.498,MEDIUM,Analyst,IT,0.0,24.0,Active,0.0,0.0,0.0
,,,92,,,,,,,,,,,,139855.0,cfo.board.758,CRITICAL,Manager,Operations,1.0,16.0,Active,1.0,1.0,1.0
,,,47,,,,,,,,,,,,30453.0,engineer.infra.667,MEDIUM,Analyst,Operations,0.0,19.0,Active,1.0,0.0,0.0
,,,40,,,,,,,,,,,,156837.0,admin.security.415,MEDIUM,User,IT,0.0,12.0,Active,1.0,10.0,0.0
,,,92,,,,,,,,,,,,28036.0,head_security.exec.18,CRITICAL,Manager,IT,1.0,19.0,Active,1.0,2.0,0.0
,,,42,,,,,,,,,,,,18465.0,analyst.infra.700,MEDIUM,Analyst,Operations,0.0,14.0,Active,0.0,3.0,0.0
,,,15,,,,,,,,,,,,86790.0,intern.ops.733,LOW,User,Operations,0.0,9.0,Active,0.0,7.0,1.0
,,,99,,,,,,,,,,,,38406.0,ceo.board.505,CRITICAL,User,Finance,1.0,23.0,Active,1.0,13.0,0.0
,,,48,,,,,,,,,,,,388749.0,specialist.infra.471,MEDIUM,Manager,Finance,0.0,23.0,Active,1.0,7.0,0.0
,,,16,,,,,,,,,,,,49328.0,temp.support.849,LOW,Exec,Operations,0.0,4.0,Active,0.0,9.0,1.0
,,,70,,,,,,,,,,,,62275.0,lead.tech.163,HIGH,User,IT,1.0,12.0,Active,1.0,0.0,0.0
,,,72,,,,,,,,,,,,6857.0,manager.trading.29,HIGH,Analyst,Legal,1.0,20.0,Active,1.0,1.0,0.0
,,,49,,,,,,,,,,,,254450.0,specialist.infra.469,MEDIUM,User,IT,0.0,23.0,Active,0.0,3.0,0.0
,,,47,,,,,,,,,,,,592.0,analyst.ops.629,MEDIUM,Analyst,Operations,0.0,15.0,Active,0.0,0.0,0.0
,,,43,,,,,,,,,,,,89090.0,analyst.infra.410,MEDIUM,User,Operations,0.0,4.0,Active,0.0,4.0,0.0
,,,22,,,,,,,,,,,,201496.0,intern.ops.256,LOW,Exec,IT,0.0,6.0,Active,0.0,2.0,0.0
,,,92,,,,,,,,,,,,286.0,ceo.exec.985,CRITICAL,Exec,IT,1.0,10.0,Active,1.0,4.0,0.0
,,,77,,,,,,,,,,,,158370.0,vp.tech.248,HIGH,Analyst,HR,1.0,3.0,Suspended,1.0,0.0,0.0
,,,22,,,,,,,,,,,,440426.0,user.ops.916,LOW,Analyst,Finance,0.0,29.0,Active,0.0,14.0,0.0
,,,76,,,,,,,,,,,,378842.0,lead.risk.667,HIGH,Analyst,IT,1.0,24.0,Active,1.0,0.0,0.0
,,,17,,,,,,,,,,,,294.0,intern.support.860,LOW,User,Operations,0.0,24.0,Active,0.0,1.0,0.0
,,,45,,,,,,,,,,,,91548.0,specialist.ops.526,MEDIUM,User,Finance,0.0,17.0,Suspended,0.0,0.0,0.0
,,,46,,,,,,,,,,,,153713.0,analyst.risk.338,MEDIUM,User,IT,0.0,2.0,Active,0.0,1.0,0.0
,,,78,,,,,,,,,,,,30068.0,vp.risk.230,HIGH,User,Operations,1.0,25.0,Active,1.0,0.0,0.0
,,,45,,,,,,,,,,,,380309.0,engineer.infra.692,MEDIUM,User,Finance,0.0,0.0,Active,0.0,0.0,0.0
,,,24,,,,,,,,,,,,180149.0,user.ops.61,LOW,Analyst,HR,0.0,15.0,Active,0.0,1.0,0.0
,,,15,,,,,,,,,,,,52.0,user.admin.684,LOW,Analyst,Legal,0.0,14.0,Inactive,0.0,0.0,0.0
,,,40,,,,,,,,,,,,30861.0,engineer.risk.243,MEDIUM,User,Legal,0.0,18.0,Active,0.0,2.0,0.0
,,,73,,,,,,,,,,,,16054.0,director.security.120,HIGH,Manager,Operations,1.0,21.0,Active,1.0,11.0,0.0
,,,91,,,,,,,,,,,,72310.0,cto.board.29,CRITICAL,Manager,HR,1.0,16.0,Active,1.0,11.0,1.0
,,,42,,,,,,,,,,,,290112.0,specialist.infra.755,MEDIUM,User,Finance,0.0,2.0,Active,1.0,1.0,0.0
,,,23,,,,,,,,,,,,31850.0,guest.ops.885,LOW,Analyst,Legal,0.0,21.0,Active,1.0,0.0,0.0
,,,99,,,,,,,,,,,,92148.0,cfo.board.213,CRITICAL,User,Finance,1.0,2.0,Inactive,1.0,1.0,0.0
,,,40,,,,,,,,,,,,1308.0,analyst.infra.593,MEDIUM,User,Finance,0.0,14.0,Active,1.0,0.0,0.0
,,,46,,,,,,,,,,,,220.0,admin.ops.534,MEDIUM,User,IT,0.0,16.0,Suspended,1.0,1.0,0.0
,,,45,,,,,,,,,,,,289776.0,analyst.security.900,MEDIUM,Analyst,HR,0.0,20.0,Active,1.0,2.0,0.0
,,,20,,,,,,,,,,,,1379.0,intern.support.965,LOW,Manager,Operations,0.0,12.0,Inactive,0.0,0.0,0.0
,,,22,,,,,,,,,,,,49279.0,intern.support.404,LOW,Analyst,Finance,0.0,17.0,Active,1.0,0.0,0.0
,,,42,,,,,,,,,,,,107027.0,admin.security.465,MEDIUM,Analyst,Finance,0.0,14.0,Active,1.0,0.0,0.0
,,,17,,,,,,,,,,,,239387.0,guest.admin.821,LOW,Analyst,Operations,0.0,10.0,Active,0.0,0.0,0.0
,,,17,,,,,,,,,,,,91617.0,guest.admin.719,LOW,Analyst,Finance,0.0,10.0,Active,0.0,2.0,0.0
,,,19,,,,,,,,,,,,24781.0,temp.ops.461,LOW,Analyst,HR,0.0,25.0,Active,0.0,0.0,0.0
,,,16,,,,,,,,,,,,391502.0,user.ops.289,LOW,Analyst,Finance,0.0,3.0,Active,0.0,0.0,0.0
,,,78,,,,,,,,,,,,256943.0,lead.risk.153,HIGH,User,Operations,1.0,21.0,Active,1.0,0.0,0.0
,,,75,,,,,,,,,,,,99656.0,director.tech.130,HIGH,Analyst,Legal,1.0,9.0,Active,1.0,0.0,0.0
,,,41,,,,,,,,,,,,13750.0,admin.security.458,MEDIUM,User,IT,0.0,25.0,Inactive,1.0,1.0,0.0
,,,18,,,,,,,,,,,,307942.0,temp.support.561,LOW,Analyst,Finance,0.0,9.0,Active,1.0,1.0,0.0
,,,40,,,,,,,,,,,,30431.0,specialist.risk.532,MEDIUM,User,Operations,0.0,20.0,Active,1.0,0.0,0.0
,,,93,,,,,,,,,,,,4639.0,ceo.exec.57,CRITICAL,Analyst,IT,1.0,26.0,Active,0.0,0.0,0.0
,,,77,,,,,,,,,,,,121100.0,director.tech.189,HIGH,User,Finance,1.0,26.0,Active,1.0,14.0,0.0
,,,44,,,,,,,,,,,,30163.0,admin.ops.599,MEDIUM,Analyst,Legal,0.0,16.0,Active,0.0,7.0,1.0
,,,91,,,,,,,,,,,,289557.0,cto.exec.983,CRITICAL,User,HR,1.0,15.0,Active,1.0,7.0,0.0
,,,43,,,,,,,,,,,,339157.0,specialist.ops.513,MEDIUM,Exec,Finance,0.0,14.0,Active,1.0,10.0,0.0
,,,17,,,,,,,,,,,,14791.0,guest.ops.861,LOW,Manager,Finance,0.0,15.0,Active,0.0,14.0,0.0
,,,73,,,,,,,,,,,,274304.0,lead.tech.316,HIGH,User,Legal,1.0,16.0,Active,0.0,11.0,0.0
,,,73,,,,,,,,,,,,417529.0,manager.trading.678,HIGH,Exec,Legal,1.0,23.0,Active,1.0,0.0,0.0
,,,20,,,,,,,,,,,,382274.0,user.support.341,LOW,User,Finance,0.0,1.0,Active,0.0,0.0,0.0
,,,75,,,,,,,,,,,,387768.0,manager.security.594,HIGH,Analyst,Legal,1.0,21.0,Active,1.0,6.0,1.0
,,,43,,,,,,,,,,,,81529.0,admin.ops.416,MEDIUM,Manager,IT,0.0,3.0,Active,0.0,12.0,0.0
,,,43,,,,,,,,,,,,217715.0,specialist.security.836,MEDIUM,User,Finance,0.0,11.0,Active,0.0,1.0,0.0
,,,21,,,,,,,,,,,,151908.0,guest.support.991,LOW,User,HR,0.0,10.0,Active,0.0,4.0,0.0
,,,21,,,,,,,,,,,,387794.0,intern.admin.306,LOW,User,Finance,0.0,17.0,Active,0.0,1.0,0.0
,,,43,,,,,,,,,,,,117894.0,specialist.infra.818,MEDIUM,User,Legal,0.0,18.0,Active,1.0,1.0,0.0
,,,24,,,,,,,,,,,,237989.0,user.support.812,LOW,Manager,Legal,0.0,20.0,Active,0.0,0.0,0.0
,,,17,,,,,,,,,,,,365367.0,intern.admin.744,LOW,Exec,Legal,0.0,2.0,Active,1.0,2.0,0.0
,,,48,,,,,,,,,,,,15135.0,engineer.security.542,MEDIUM,User,IT,0.0,27.0,Active,1.0,0.0,0.0
,,,21,,,,,,,,,,,,45644.0,temp.support.921,LOW,Exec,IT,0.0,27.0,Active,0.0,0.0,0.0
,,,22,,,,,,,,,,,,128362.0,intern.ops.757,LOW,Analyst,IT,0.0,12.0,Active,1.0,0.0,0.0
,,,93,,,,,,,,,,,,286999.0,cfo.board.116,CRITICAL,Analyst,Legal,1.0,3.0,Active,1.0,3.0,0.0
,,,76,,,,,,,,,,,,1424.0,director.risk.528,HIGH,User,Legal,1.0,24.0,Active,1.0,0.0,0.0
,,,18,,,,,,,,,,,,44943.0,user.support.692,LOW,Analyst,Finance,0.0,20.0,Suspended,0.0,0.0,0.0
,,,18,,,,,,,,,,,,13784.0,intern.ops.979,LOW,Analyst,Legal,0.0,29.0,Active,0.0,0.0,0.0
,,,77,,,,,,,,,,,,10039.0,director.security.319,HIGH,Manager,IT,1.0,17.0,Active,0.0,0.0,0.0
,,,40,,,,,,,,,,,,163254.0,specialist.security.578,MEDIUM,User,Operations,0.0,24.0,Active,0.0,6.0,0.0
,,,42,,,,,,,,,,,,32944.0,analyst.infra.963,MEDIUM,Analyst,IT,0.0,28.0,Active,1.0,1.0,1.0
,,,44,,,,,,,,,,,,7420.0,engineer.risk.300,MEDIUM,Manager,Legal,0.0,24.0,Suspended,1.0,0.0,0.0
,,,93,,,,,,,,,,,,636.0,cfo.board.23,CRITICAL,User,Finance,1.0,28.0,Active,0.0,1.0,0.0
,,,78,,,,,,,,,,,,274928.0,director.tech.114,HIGH,User,IT,1.0,18.0,Active,0.0,1.0,0.0
,,,22,,,,,,,,,,,,4467.0,temp.admin.712,LOW,Manager,Operations,0.0,10.0,Active,1.0,3.0,0.0
,,,41,,,,,,,,,,,,198588.0,admin.risk.708,MEDIUM,Exec,IT,0.0,0.0,Active,0.0,3.0,0.0
,,,22,,,,,,,,,,,,84633.0,temp.admin.136,LOW,Manager,Operations,0.0,28.0,Active,0.0,1.0,0.0
,,,24,,,,,,,,,,,,148615.0,temp.admin.841,LOW,User,IT,0.0,6.0,Active,0.0,0.0,0.0
,,,76,,,,,,,,,,,,879.0,manager.trading.223,HIGH,Analyst,Legal,1.0,19.0,Active,1.0,2.0,0.0
,,,71,,,,,,,,,,,,31522.0,director.tech.123,HIGH,User,IT,1.0,25.0,Active,1.0,2.0,0.0
,,,40,,,,,,,,,,,,187335.0,analyst.security.669,MEDIUM,Manager,Finance,0.0,0.0,Active,0.0,0.0,0.0
,,,42,,,,,,,,,,,,249954.0,specialist.ops.659,MEDIUM,Analyst,HR,0.0,2.0,Active,0.0,1.0,0.0
,,,99,,,,,,,,,,,,84027.0,cfo.board.161,CRITICAL,Analyst,IT,1.0,29.0,Active,1.0,2.0,0.0
,,,79,,,,,,,,,,,,62486.0,director.trading.145,HIGH,Analyst,HR,1.0,15.0,Active,0.0,3.0,0.0
,,,47,,,,,,,,,,,,225643.0,admin.infra.442,MEDIUM,Exec,Legal,0.0,0.0,Active,1.0,2.0,0.0
,,,93,,,,,,,,,,,,148282.0,cfo.exec.312,CRITICAL,User,IT,1.0,21.0,Active,1.0,0.0,0.0
,,,43,,,,,,,,,,,,357068.0,engineer.risk.115,MEDIUM,User,Finance,0.0,18.0,Active,1.0,2.0,0.0
,,,90,,,,,,,,,,,,395355.0,cfo.board.52,CRITICAL,User,IT,1.0,28.0,Active,1.0,0.0,1.0
,,,47,,,,,,,,,,,,91558.0,admin.risk.107,MEDIUM,Analyst,Operations,0.0,13.0,Active,0.0,0.0,0.0
,,,24,,,,,,,,,,,,162746.0,user.support.05,LOW,User,HR,0.0,25.0,Active,1.0,2.0,1.0
,,,99,,,,,,,,,,,,63907.0,cfo.board.830,CRITICAL,Manager,HR,1.0,18.0,Active,1.0,3.0,0.0
,,,19,,,,,,,,,,,,376846.0,guest.ops.60,LOW,Analyst,Operations,0.0,7.0,Active,1.0,4.0,0.0
,,,92,,,,,,,,,,,,266157.0,ceo.exec.414,CRITICAL,User,Finance,1.0,4.0,Active,1.0,5.0,0.0
,,,45,,,,,,,,,,,,848.0,specialist.ops.476,MEDIUM,Analyst,Operations,0.0,23.0,Active,1.0,2.0,0.0
,,,99,,,,,,,,,,,,293876.0,cfo.board.13,CRITICAL,Analyst,Operations,1.0,0.0,Active,1.0,5.0,0.0
,,,48,,,,,,,,,,,,177438.0,engineer.risk.512,MEDIUM,Manager,Operations,0.0,24.0,Active,0.0,0.0,0.0
,,,42,,,,,,,,,,,,282052.0,analyst.security.471,MEDIUM,User,Finance,0.0,23.0,Active,0.0,1.0,0.0
,,,18,,,,,,,,,,,,52962.0,guest.ops.891,LOW,User,Finance,0.0,8.0,Active,1.0,2.0,0.0
,,,41,,,,,,,,,,,,9092.0,admin.risk.430,MEDIUM,User,Operations,0.0,2.0,Active,0.0,5.0,0.0
,,,23,,,,,,,,,,,,11697.0,temp.ops.806,LOW,User,Finance,0.0,16.0,Active,0.0,5.0,0.0
,,,17,,,,,,,,,,,,162180.0,guest.ops.996,LOW,Manager,Finance,0.0,2.0,Active,0.0,1.0,0.0
,,,24,,,,,,,,,,,,175311.0,user.ops.856,LOW,Analyst,Operations,0.0,5.0,Inactive,0.0,3.0,0.0
,,,74,,,,,,,,,,,,1530.0,lead.trading.291,HIGH,Exec,Operations,1.0,11.0,Active,1.0,1.0,0.0
,,,98,,,,,,,,,,,,249713.0,cfo.board.750,CRITICAL,User,IT,1.0,5.0,Active,1.0,0.0,0.0
,,,17,,,,,,,,,,,,97605.0,guest.support.760,LOW,User,Finance,0.0,20.0,Active,1.0,5.0,1.0
,,,20,,,,,,,,,,,,171263.0,intern.support.941,LOW,User,HR,0.0,1.0,Active,1.0,2.0,0.0
,,,70,,,,,,,,,,,,24951.0,lead.security.775,HIGH,Analyst,HR,1.0,18.0,Active,1.0,0.0,0.0
,,,18,,,,,,,,,,,,80095.0,intern.support.875,LOW,User,Finance,0.0,27.0,Active,1.0,0.0,0.0
,,,41,,,,,,,,,,,,204720.0,engineer.risk.844,MEDIUM,User,Finance,0.0,9.0,Active,1.0,0.0,0.0
,,,76,,,,,,,,,,,,23424.0,manager.risk.534,HIGH,Analyst,Legal,1.0,29.0,Active,1.0,0.0,0.0
,,,49,,,,,,,,,,,,4542.0,specialist.infra.410,MEDIUM,Analyst,HR,0.0,24.0,Active,0.0,2.0,0.0
,,,72,,,,,,,,,,,,23796.0,manager.tech.487,HIGH,Analyst,Operations,1.0,26.0,Active,1.0,1.0,0.0
,,,16,,,,,,,,,,,,3324.0,user.admin.273,LOW,Exec,Legal,0.0,10.0,Active,0.0,0.0,0.0
,,,42,,,,,,,,,,,,191986.0,analyst.ops.959,MEDIUM,User,HR,0.0,17.0,Active,0.0,5.0,0.0
,,,40,,,,,,,,,,,,68528.0,admin.ops.166,MEDIUM,User,IT,0.0,16.0,Active,0.0,1.0,0.0
,,,78,,,,,,,,,,,,24000.0,lead.security.152,HIGH,User,Finance,1.0,24.0,Active,0.0,0.0,0.0
,,,70,,,,,,,,,,,,437909.0,manager.security.278,HIGH,User,Finance,1.0,20.0,Active,1.0,0.0,1.0
,,,47,,,,,,,,,,,,3394.0,engineer.ops.372,MEDIUM,User,Legal,0.0,27.0,Active,1.0,0.0,0.0
,,,22,,,,,,,,,,,,44620.0,user.admin.420,LOW,Analyst,Operations,0.0,11.0,Active,0.0,0.0,0.0
,,,46,,,,,,,,,,,,26404.0,specialist.risk.491,MEDIUM,User,HR,0.0,22.0,Suspended,0.0,5.0,0.0
,,,70,,,,,,,,,,,,5132.0,manager.tech.426,HIGH,Analyst,Operations,1.0,1.0,Active,1.0,2.0,0.0
,,,46,,,,,,,,,,,,143228.0,analyst.infra.595,MEDIUM,Analyst,Operations,0.0,11.0,Active,0.0,3.0,0.0
,,,19,,,,,,,,,,,,196.0,temp.ops.680,LOW,Analyst,HR,0.0,18.0,Active,0.0,2.0,0.0
,,,17,,,,,,,,,,,,332575.0,temp.support.870,LOW,Analyst,IT,0.0,0.0,Active,1.0,0.0,0.0
,,,47,,,,,,,,,,,,18695.0,analyst.ops.938,MEDIUM,Exec,Operations,0.0,20.0,Active,1.0,0.0,0.0
,,,20,,,,,,,,,,,,128437.0,guest.admin.893,LOW,User,Operations,0.0,22.0,Active,0.0,0.0,0.0
,,,74,,,,,,,,,,,,421037.0,lead.tech.360,HIGH,User,IT,1.0,14.0,Active,0.0,0.0,0.0
,,,71,,,,,,,,,,,,15576.0,director.trading.142,HIGH,User,Legal,1.0,27.0,Inactive,1.0,4.0,0.0
,,,49,,,,,,,,,,,,14530.0,specialist.ops.95,MEDIUM,Exec,Finance,0.0,3.0,Active,1.0,2.0,0.0
,,,71,,,,,,,,,,,,289669.0,manager.trading.141,HIGH,User,Legal,1.0,27.0,Active,1.0,4.0,0.0
,,,94,,,,,,,,,,,,163690.0,ceo.exec.751,CRITICAL,Analyst,IT,1.0,10.0,Active,0.0,0.0,0.0
,,,48,,,,,,,,,,,,15268.0,engineer.security.993,MEDIUM,User,IT,0.0,5.0,Suspended,0.0,2.0,0.0
,,,44,,,,,,,,,,,,26820.0,admin.risk.706,MEDIUM,User,Finance,0.0,8.0,Active,0.0,0.0,0.0
,,,48,,,,,,,,,,,,12139.0,analyst.risk.870,MEDIUM,Manager,IT,0.0,18.0,Active,1.0,4.0,0.0
,,,79,,,,,,,,,,,,107914.0,manager.security.909,HIGH,User,Finance,1.0,16.0,Inactive,1.0,1.0,0.0
,,,47,,,,,,,,,,,,1009.0,engineer.security.504,MEDIUM,User,IT,0.0,15.0,Active,0.0,2.0,0.0
,,,45,,,,,,,,,,,,657.0,analyst.infra.325,MEDIUM,User,IT,0.0,25.0,Inactive,0.0,0.0,0.0
,,,40,,,,,,,,,,,,49224.0,admin.ops.459,MEDIUM,User,Finance,0.0,2.0,Active,1.0,2.0,0.0
,,,40,,,,,,,,,,,,12449.0,engineer.infra.575,MEDIUM,Analyst,HR,0.0,18.0,Active,0.0,6.0,0.0
,,,16,,,,,,,,,,,,230534.0,user.support.137,LOW,User,Legal,0.0,26.0,Active,0.0,2.0,0.0
,,,92,,,,,,,,,,,,40668.0,ceo.exec.68,CRITICAL,User,Legal,1.0,13.0,Active,0.0,0.0,0.0
,,,45,,,,,,,,,,,,230975.0,engineer.risk.305,MEDIUM,User,Finance,0.0,15.0,Active,0.0,2.0,0.0
,,,19,,,,,,,,,,,,452034.0,temp.ops.599,LOW,Analyst,IT,0.0,22.0,Active,1.0,3.0,0.0
,,,76,,,,,,,,,,,,10141.0,lead.trading.809,HIGH,Exec,HR,1.0,6.0,Active,1.0,0.0,0.0
,,,44,,,,,,,,,,,,25282.0,specialist.infra.466,MEDIUM,Analyst,Legal,0.0,6.0,Active,0.0,5.0,1.0
,,,46,,,,,,,,,,,,206340.0,engineer.ops.697,MEDIUM,User,Legal,0.0,9.0,Active,0.0,3.0,1.0
,,,24,,,,,,,,,,,,302460.0,temp.admin.25,LOW,Analyst,Legal,0.0,20.0,Active,0.0,0.0,0.0
,,,23,,,,,,,,,,,,6978.0,user.ops.883,LOW,Manager,HR,0.0,15.0,Active,0.0,0.0,0.0
,,,45,,,,,,,,,,,,426212.0,analyst.risk.545,MEDIUM,Analyst,IT,0.0,19.0,Active,0.0,4.0,0.0
,,,44,,,,,,,,,,,,85468.0,analyst.security.652,MEDIUM,Manager,Finance,0.0,14.0,Active,1.0,0.0,0.0
,,,44,,,,,,,,,,,,11369.0,analyst.infra.403,MEDIUM,Analyst,Operations,0.0,10.0,Active,0.0,4.0,0.0
,,,40,,,,,,,,,,,,414558.0,engineer.infra.457,MEDIUM,Analyst,Legal,0.0,1.0,Suspended,0.0,0.0,1.0
,,,19,,,,,,,,,,,,431407.0,temp.support.768,LOW,Exec,Legal,0.0,26.0,Active,1.0,2.0,0.0
,,,77,,,,,,,,,,,,421.0,vp.risk.597,HIGH,User,Operations,1.0,10.0,Inactive,1.0,0.0,0.0
,,,76,,,,,,,,,,,,41757.0,lead.risk.532,HIGH,Analyst,Operations,1.0,0.0,Active,1.0,1.0,0.0
,,,15,,,,,,,,,,,,18244.0,guest.ops.837,LOW,User,Finance,0.0,18.0,Active,1.0,2.0,0.0
,,,22,,,,,,,,,,,,339748.0,temp.support.630,LOW,Analyst,Operations,0.0,14.0,Active,0.0,3.0,0.0
,,,21,,,,,,,,,,,,17815.0,guest.ops.819,LOW,Manager,Operations,0.0,4.0,Active,1.0,1.0,0.0
,,,16,,,,,,,,,,,,27340.0,user.support.329,LOW,User,IT,0.0,21.0,Active,1.0,6.0,0.0
,,,15,,,,,,,,,,,,127769.0,temp.ops.488,LOW,Manager,IT,0.0,18.0,Active,1.0,1.0,0.0
,,,46,,,,,,,,,,,,164636.0,specialist.infra.211,MEDIUM,Analyst,IT,0.0,0.0,Active,0.0,3.0,0.0
,,,20,,,,,,,,,,,,382293.0,intern.admin.963,LOW,User,Finance,0.0,2.0,Active,0.0,0.0,0.0
,,,19,,,,,,,,,,,,11260.0,intern.support.401,LOW,User,IT,0.0,14.0,Active,0.0,3.0,0.0
,,,47,,,,,,,,,,,,194869.0,engineer.risk.361,MEDIUM,Analyst,IT,0.0,0.0,Active,1.0,0.0,0.0
,,,47,,,,,,,,,,,,63113.0,analyst.ops.337,MEDIUM,User,Finance,0.0,22.0,Active,1.0,0.0,0.0
,,,18,,,,,,,,,,,,18172.0,intern.support.797,LOW,User,Finance,0.0,2.0,Active,1.0,3.0,0.0
,,,99,,,,,,,,,,,,301340.0,ceo.board.802,CRITICAL,Analyst,IT,1.0,0.0,Active,1.0,3.0,0.0
,,,43,,,,,,,,,,,,220387.0,engineer.risk.332,MEDIUM,User,IT,0.0,6.0,Active,0.0,0.0,0.0
,,,76,,,,,,,,,,,,816.0,director.trading.220,HIGH,Analyst,Finance,1.0,24.0,Active,1.0,0.0,0.0
,,,46,,,,,,,,,,,,148900.0,analyst.ops.518,MEDIUM,Analyst,IT,0.0,24.0,Inactive,1.0,4.0,0.0
,,,21,,,,,,,,,,,,96547.0,intern.ops.820,LOW,Analyst,IT,0.0,13.0,Active,0.0,1.0,0.0
,,,47,,,,,,,,,,,,17852.0,analyst.infra.346,MEDIUM,Analyst,Operations,0.0,28.0,Active,0.0,2.0,0.0
,,,24,,,,,,,,,,,,52564.0,user.admin.762,LOW,User,Finance,0.0,3.0,Active,0.0,4.0,0.0
,,,17,,,,,,,,,,,,364083.0,intern.support.956,LOW,User,IT,0.0,18.0,Active,1.0,1.0,1.0
,,,40,,,,,,,,,,,,109453.0,admin.ops.423,MEDIUM,User,Operations,0.0,28.0,Active,1.0,6.0,0.0
,,,21,,,,,,,,,,,,89286.0,temp.admin.826,LOW,Analyst,IT,0.0,8.0,Suspended,0.0,2.0,0.0
,,,15,,,,,,,,,,,,201713.0,user.admin.855,LOW,User,HR,0.0,16.0,Active,1.0,2.0,1.0
,,,18,,,,,,,,,,,,67436.0,guest.admin.110,LOW,Analyst,HR,0.0,5.0,Active,0.0,1.0,0.0
,,,77,,,,,,,,,,,,1810.0,manager.trading.184,HIGH,User,HR,1.0,7.0,Suspended,1.0,5.0,0.0
,,,91,,,,,,,,,,,,280671.0,cto.exec.548,CRITICAL,User,Finance,1.0,14.0,Active,1.0,1.0,0.0
,,,42,,,,,,,,,,,,162951.0,analyst.risk.249,MEDIUM,Analyst,HR,0.0,24.0,Active,0.0,0.0,0.0
,,,47,,,,,,,,,,,,39705.0,analyst.ops.394,MEDIUM,Analyst,Operations,0.0,11.0,Suspended,0.0,4.0,0.0
,,,17,,,,,,,,,,,,136678.0,guest.support.925,LOW,User,Legal,0.0,20.0,Active,0.0,1.0,0.0
,,,45,,,,,,,,,,,,267847.0,analyst.infra.953,MEDIUM,Analyst,Operations,0.0,8.0,Active,0.0,0.0,0.0
,,,16,,,,,,,,,,,,61353.0,guest.support.526,LOW,Analyst,IT,0.0,1.0,Active,0.0,14.0,0.0
,,,16,,,,,,,,,,,,9237.0,guest.ops.786,LOW,User,Operations,0.0,20.0,Active,1.0,12.0,0.0
,,,46,,,,,,,,,,,,25945.0,engineer.ops.06,MEDIUM,Analyst,Legal,0.0,5.0,Active,1.0,12.0,1.0
,,,70,,,,,,,,,,,,56549.0,manager.tech.279,HIGH,Manager,Operations,1.0,7.0,Active,1.0,21.0,0.0
,,,93,,,,,,,,,,,,51853.0,head_security.board.609,CRITICAL,User,Finance,1.0,10.0,Active,1.0,3.0,0.0
,,,95,,,,,,,,,,,,12965.0,ceo.board.42,CRITICAL,Analyst,IT,1.0,1.0,Active,1.0,8.0,0.0
,,,47,,,,,,,,,,,,33910.0,specialist.infra.204,MEDIUM,Manager,Legal,0.0,7.0,Active,1.0,18.0,0.0
,,,49,,,,,,,,,,,,37225.0,analyst.infra.320,MEDIUM,Manager,Operations,0.0,9.0,Active,1.0,14.0,0.0
,,,70,,,,,,,,,,,,6907.0,manager.risk.614,HIGH,Analyst,Finance,1.0,27.0,Active,1.0,3.0,0.0
,,,47,,,,,,,,,,,,7596.0,admin.risk.596,MEDIUM,Analyst,Operations,0.0,3.0,Active,1.0,10.0,0.0
,,,98,,,,,,,,,,,,367618.0,head_security.board.307,CRITICAL,Manager,Finance,1.0,25.0,Inactive,1.0,1.0,0.0
,,,47,,,,,,,,,,,,4872.0,admin.risk.368,MEDIUM,User,Operations,0.0,4.0,Active,0.0,15.0,0.0
,,,93,,,,,,,,,,,,9368.0,cto.exec.954,CRITICAL,Analyst,Legal,1.0,3.0,Active,1.0,10.0,1.0
,,,42,,,,,,,,,,,,451046.0,admin.infra.68,MEDIUM,Analyst,Operations,0.0,17.0,Active,1.0,22.0,0.0
,,,43,,,,,,,,,,,,116168.0,specialist.risk.915,MEDIUM,User,Finance,0.0,9.0,Active,1.0,1.0,0.0
,,,43,,,,,,,,,,,,53602.0,engineer.infra.665,MEDIUM,User,IT,0.0,23.0,Active,1.0,9.0,0.0
,,,77,,,,,,,,,,,,30076.0,vp.risk.282,HIGH,User,Operations,1.0,24.0,Active,1.0,4.0,1.0
,,,19,,,,,,,,,,,,39394.0,guest.support.880,LOW,User,Finance,0.0,10.0,Active,0.0,11.0,0.0
,,,18,,,,,,,,,,,,1388.0,guest.admin.617,LOW,Manager,Legal,0.0,3.0,Active,1.0,3.0,0.0
,,,78,,,,,,,,,,,,13737.0,manager.trading.203,HIGH,Analyst,Legal,1.0,29.0,Active,1.0,14.0,0.0
,,,16,,,,,,,,,,,,53897.0,user.admin.717,LOW,Manager,Finance,0.0,25.0,Active,0.0,14.0,0.0
,,,17,,,,,,,,,,,,89075.0,temp.support.396,LOW,Analyst,IT,0.0,25.0,Active,1.0,8.0,0.0
,,,18,,,,,,,,,,,,25483.0,intern.ops.916,LOW,Analyst,Finance,0.0,22.0,Active,0.0,13.0,0.0
,,,23,,,,,,,,,,,,43723.0,guest.ops.792,LOW,User,IT,0.0,8.0,Active,0.0,11.0,1.0
,,,20,,,,,,,,,,,,10633.0,intern.admin.690,LOW,User,Legal,0.0,17.0,Active,0.0,11.0,0.0
,,,40,,,,,,,,,,,,8462.0,specialist.ops.323,MEDIUM,Exec,HR,0.0,24.0,Active,0.0,12.0,0.0
,,,93,,,,,,,,,,,,31289.0,cfo.exec.304,CRITICAL,User,HR,1.0,27.0,Active,1.0,9.0,1.0
,,,49,,,,,,,,,,,,103575.0,specialist.security.450,MEDIUM,User,Finance,0.0,3.0,Active,0.0,0.0,1.0
,,,96,,,,,,,,,,,,326190.0,cto.board.450,CRITICAL,User,Legal,1.0,21.0,Active,1.0,11.0,1.0
,,,20,,,,,,,,,,,,309070.0,guest.support.04,LOW,Manager,Finance,0.0,28.0,Active,0.0,3.0,0.0
,,,43,,,,,,,,,,,,22158.0,admin.security.23,MEDIUM,Analyst,IT,0.0,4.0,Suspended,0.0,13.0,0.0
,,,74,,,,,,,,,,,,10031.0,director.risk.736,HIGH,User,HR,1.0,9.0,Active,1.0,7.0,1.0
,,,20,,,,,,,,,,,,12920.0,guest.support.832,LOW,Manager,HR,0.0,21.0,Active,0.0,1.0,0.0
,,,16,,,,,,,,,,,,413340.0,temp.admin.841,LOW,Manager,IT,0.0,9.0,Active,0.0,16.0,0.0
,,,40,,,,,,,,,,,,388308.0,specialist.security.429,MEDIUM,User,Finance,0.0,28.0,Active,0.0,23.0,1.0
,,,90,,,,,,,,,,,,3060.0,cto.exec.738,CRITICAL,User,Operations,1.0,21.0,Active,1.0,6.0,0.0
,,,46,,,,,,,,,,,,396044.0,specialist.risk.319,MEDIUM,Exec,IT,0.0,26.0,Active,1.0,3.0,0.0
,,,70,,,,,,,,,,,,81.0,lead.tech.518,HIGH,Analyst,Operations,1.0,0.0,Active,1.0,6.0,1.0
,,,43,,,,,,,,,,,,188114.0,engineer.security.318,MEDIUM,Analyst,Legal,0.0,14.0,Active,1.0,4.0,0.0
,,,70,,,,,,,,,,,,197517.0,lead.trading.862,HIGH,Analyst,Legal,1.0,10.0,Active,1.0,2.0,0.0
,,,16,,,,,,,,,,,,12581.0,intern.support.245,LOW,Analyst,Legal,0.0,14.0,Suspended,0.0,15.0,0.0
,,,45,,,,,,,,,,,,39169.0,admin.risk.517,MEDIUM,User,IT,0.0,9.0,Active,0.0,0.0,0.0
,,,46,,,,,,,,,,,,73005.0,specialist.risk.685,MEDIUM,User,IT,0.0,22.0,Active,1.0,2.0,0.0
,,,74,,,,,,,,,,,,88269.0,director.trading.174,HIGH,Analyst,IT,1.0,18.0,Inactive,0.0,0.0,0.0
,,,19,,,,,,,,,,,,207495.0,temp.ops.23,LOW,Analyst,IT,0.0,10.0,Active,1.0,1.0,0.0
,,,43,,,,,,,,,,,,60304.0,admin.infra.481,MEDIUM,Analyst,Operations,0.0,4.0,Active,0.0,14.0,0.0
,,,46,,,,,,,,,,,,142001.0,specialist.security.491,MEDIUM,Exec,IT,0.0,2.0,Active,0.0,2.0,0.0
,,,22,,,,,,,,,,,,11404.0,temp.ops.965,LOW,Analyst,Finance,0.0,19.0,Active,1.0,2.0,0.0
,,,96,,,,,,,,,,,,594.0,head_security.exec.387,CRITICAL,Analyst,Legal,1.0,15.0,Active,0.0,19.0,1.0
,,,46,,,,,,,,,,,,2051.0,admin.ops.774,MEDIUM,User,Finance,0.0,22.0,Active,0.0,13.0,1.0
,,,44,,,,,,,,,,,,64055.0,engineer.security.589,MEDIUM,User,IT,0.0,0.0,Active,1.0,7.0,0.0
,,,70,,,,,,,,,,,,3506.0,vp.trading.968,HIGH,Analyst,Operations,1.0,21.0,Active,0.0,16.0,0.0
,,,78,,,,,,,,,,,,3921.0,lead.security.565,HIGH,Analyst,HR,1.0,27.0,Active,1.0,0.0,0.0
,,,48,,,,,,,,,,,,11093.0,engineer.security.444,MEDIUM,Analyst,Legal,0.0,8.0,Active,1.0,15.0,0.0
,,,43,,,,,,,,,,,,14660.0,specialist.infra.924,MEDIUM,Analyst,Operations,0.0,6.0,Active,1.0,0.0,0.0
,,,44,,,,,,,,,,,,331824.0,admin.infra.379,MEDIUM,Analyst,Operations,0.0,11.0,Active,0.0,0.0,0.0
,,,42,,,,,,,,,,,,43185.0,engineer.ops.798,MEDIUM,User,Finance,0.0,2.0,Active,0.0,3.0,0.0
,,,47,,,,,,,,,,,,20621.0,engineer.security.890,MEDIUM,Analyst,IT,0.0,7.0,Active,1.0,4.0,0.0
,,,79,,,,,,,,,,,,54758.0,vp.security.445,HIGH,Analyst,IT,1.0,27.0,Active,1.0,2.0,0.0
,,,44,,,,,,,,,,,,351978.0,analyst.ops.692,MEDIUM,Manager,HR,0.0,14.0,Active,0.0,1.0,0.0
,,,79,,,,,,,,,,,,29431.0,lead.tech.764,HIGH,Analyst,Legal,1.0,3.0,Active,1.0,2.0,0.0
,,,46,,,,,,,,,,,,137096.0,engineer.risk.384,MEDIUM,Exec,Finance,0.0,3.0,Active,0.0,4.0,0.0
,,,94,,,,,,,,,,,,381563.0,cfo.exec.45,CRITICAL,User,Operations,1.0,24.0,Active,1.0,2.0,0.0
,,,15,,,,,,,,,,,,33398.0,user.support.884,LOW,Analyst,Operations,0.0,18.0,Inactive,0.0,1.0,0.0
,,,77,,,,,,,,,,,,10645.0,manager.tech.178,HIGH,Analyst,Legal,1.0,29.0,Active,1.0,1.0,0.0
,,,43,,,,,,,,,,,,176848.0,analyst.risk.306,MEDIUM,Analyst,HR,0.0,13.0,Active,1.0,4.0,0.0
,,,96,,,,,,,,,,,,120408.0,ceo.exec.60,CRITICAL,Analyst,HR,1.0,27.0,Active,1.0,1.0,0.0
,,,97,,,,,,,,,,,,143839.0,ceo.board.435,CRITICAL,Manager,Operations,1.0,15.0,Inactive,1.0,2.0,0.0
,,,90,,,,,,,,,,,,118928.0,cto.board.70,CRITICAL,Manager,Finance,1.0,28.0,Active,1.0,0.0,0.0
,,,73,,,,,,,,,,,,113670.0,manager.trading.253,HIGH,User,Finance,1.0,28.0,Active,1.0,0.0,0.0
,,,71,,,,,,,,,,,,217071.0,manager.trading.626,HIGH,Exec,Finance,1.0,29.0,Active,1.0,13.0,1.0
,,,45,,,,,,,,,,,,392851.0,analyst.infra.663,MEDIUM,User,Operations,0.0,22.0,Active,0.0,0.0,0.0
,,,16,,,,,,,,,,,,19811.0,user.admin.729,LOW,Analyst,Finance,0.0,0.0,Active,0.0,0.0,0.0
,,,91,,,,,,,,,,,,6250.0,cto.exec.868,CRITICAL,User,IT,1.0,18.0,Inactive,1.0,15.0,1.0
,,,90,,,,,,,,,,,,8075.0,cfo.exec.49,CRITICAL,User,IT,1.0,23.0,Suspended,1.0,1.0,0.0
,,,74,,,,,,,,,,,,62245.0,vp.trading.864,HIGH,User,Finance,1.0,4.0,Active,1.0,3.0,0.0
,,,74,,,,,,,,,,,,28473.0,director.security.291,HIGH,User,Operations,1.0,28.0,Active,0.0,11.0,1.0
,,,21,,,,,,,,,,,,869.0,user.ops.436,LOW,Analyst,Finance,0.0,9.0,Active,0.0,5.0,0.0
,,,78,,,,,,,,,,,,15763.0,lead.security.142,HIGH,Exec,IT,1.0,2.0,Active,1.0,8.0,0.0
,,,98,,,,,,,,,,,,8429.0,cto.board.864,CRITICAL,Analyst,IT,1.0,27.0,Active,0.0,14.0,1.0
,,,75,,,,,,,,,,,,7992.0,lead.security.327,HIGH,Analyst,HR,1.0,21.0,Active,1.0,4.0,0.0
,,,42,,,,,,,,,,,,355195.0,analyst.risk.349,MEDIUM,Analyst,Finance,0.0,29.0,Active,1.0,0.0,0.0
,,,22,,,,,,,,,,,,88321.0,guest.admin.302,LOW,Manager,Operations,0.0,4.0,Active,0.0,0.0,0.0
,,,98,,,,,,,,,,,,9886.0,cto.board.85,CRITICAL,Manager,Finance,1.0,12.0,Active,1.0,14.0,1.0
,,,47,,,,,,,,,,,,1586.0,admin.ops.215,MEDIUM,Analyst,Finance,0.0,25.0,Active,1.0,1.0,0.0
,,,79,,,,,,,,,,,,6884.0,vp.security.128,HIGH,User,Operations,1.0,15.0,Active,1.0,10.0,1.0
,,,44,,,,,,,,,,,,3712.0,engineer.security.351,MEDIUM,User,IT,0.0,18.0,Active,0.0,1.0,0.0
,,,46,,,,,,,,,,,,272873.0,engineer.security.435,MEDIUM,Analyst,Finance,0.0,1.0,Active,0.0,5.0,0.0
,,,44,,,,,,,,,,,,58096.0,engineer.security.373,MEDIUM,Analyst,Legal,0.0,4.0,Active,1.0,10.0,1.0
,,,99,,,,,,,,,,,,239480.0,cto.exec.50,CRITICAL,Analyst,Legal,1.0,0.0,Active,1.0,2.0,0.0
,,,23,,,,,,,,,,,,61091.0,user.admin.855,LOW,Analyst,Legal,0.0,18.0,Active,0.0,0.0,0.0
,,,76,,,,,,,,,,,,10484.0,director.security.177,HIGH,Analyst,Legal,1.0,28.0,Active,1.0,3.0,0.0
,,,41,,,,,,,,,,,,81113.0,specialist.risk.319,MEDIUM,User,IT,0.0,7.0,Suspended,0.0,2.0,0.0
,,,23,,,,,,,,,,,,52052.0,user.admin.654,LOW,User,IT,0.0,21.0,Active,0.0,0.0,0.0
,,,15,,,,,,,,,,,,191279.0,guest.admin.29,LOW,Analyst,HR,0.0,1.0,Active,0.0,1.0,0.0
,,,40,,,,,,,,,,,,70541.0,engineer.infra.422,MEDIUM,Analyst,IT,0.0,15.0,Active,0.0,2.0,0.0
,,,23,,,,,,,,,,,,38158.0,user.admin.81,LOW,User,Legal,0.0,5.0,Suspended,0.0,1.0,0.0
,,,74,,,,,,,,,,,,200326.0,lead.risk.64,HIGH,Exec,Operations,1.0,1.0,Active,0.0,1.0,0.0
,,,16,,,,,,,,,,,,264563.0,temp.support.753,LOW,Analyst,IT,0.0,6.0,Active,0.0,1.0,0.0
,,,42,,,,,,,,,,,,386231.0,admin.infra.90,MEDIUM,User,Legal,0.0,1.0,Inactive,0.0,12.0,0.0
,,,72,,,,,,,,,,,,15593.0,lead.tech.865,HIGH,Exec,HR,1.0,28.0,Active,1.0,10.0,1.0
,,,23,,,,,,,,,,,,28951.0,guest.ops.570,LOW,User,Legal,0.0,4.0,Active,0.0,3.0,0.0
,,,43,,,,,,,,,,,,192387.0,engineer.risk.426,MEDIUM,User,Finance,0.0,0.0,Active,0.0,2.0,0.0
,,,78,,,,,,,,,,,,308822.0,vp.tech.88,HIGH,Manager,IT,1.0,21.0,Active,1.0,0.0,0.0
,,,16,,,,,,,,,,,,273694.0,temp.support.174,LOW,Analyst,Finance,0.0,1.0,Active,0.0,0.0,1.0
,,,47,,,,,,,,,,,,6628.0,engineer.security.429,MEDIUM,User,Operations,0.0,12.0,Active,1.0,14.0,1.0
,,,41,,,,,,,,,,,,3894.0,specialist.security.466,MEDIUM,User,HR,0.0,17.0,Inactive,1.0,1.0,0.0
,,,44,,,,,,,,,,,,2500.0,admin.risk.311,MEDIUM,Exec,Legal,0.0,2.0,Active,1.0,13.0,1.0
,,,42,,,,,,,,,,,,405543.0,specialist.ops.622,MEDIUM,Analyst,Legal,0.0,27.0,Active,0.0,3.0,0.0
,,,48,,,,,,,,,,,,28329.0,analyst.ops.595,MEDIUM,Manager,Finance,0.0,27.0,Active,0.0,4.0,0.0
,,,92,,,,,,,,,,,,41130.0,cfo.board.559,CRITICAL,User,Operations,1.0,11.0,Active,1.0,3.0,0.0
,,,78,,,,,,,,,,,,356280.0,lead.risk.429,HIGH,User,HR,1.0,16.0,Inactive,1.0,0.0,0.0
,,,70,,,,,,,,,,,,19096.0,director.trading.887,HIGH,User,Operations,1.0,22.0,Active,1.0,12.0,0.0
,,,72,,,,,,,,,,,,323720.0,director.trading.640,HIGH,Analyst,HR,1.0,24.0,Active,1.0,0.0,0.0
,,,78,,,,,,,,,,,,368904.0,vp.tech.104,HIGH,Manager,HR,1.0,16.0,Active,1.0,4.0,0.0
,,,45,,,,,,,,,,,,344943.0,admin.risk.546,MEDIUM,User,IT,0.0,26.0,Active,0.0,1.0,0.0
,,,42,,,,,,,,,,,,380769.0,admin.risk.564,MEDIUM,Exec,Finance,0.0,21.0,Active,1.0,10.0,1.0
,,,90,,,,,,,,,,,,40444.0,cfo.exec.707,CRITICAL,Analyst,Finance,1.0,12.0,Active,0.0,3.0,0.0
,,,43,,,,,,,,,,,,34099.0,engineer.security.513,MEDIUM,Analyst,Finance,0.0,1.0,Active,1.0,14.0,0.0
,,,97,,,,,,,,,,,,144780.0,cfo.exec.179,CRITICAL,Manager,HR,1.0,8.0,Inactive,1.0,0.0,0.0
,,,75,,,,,,,,,,,,388075.0,director.risk.150,HIGH,Analyst,Legal,1.0,10.0,Active,0.0,9.0,1.0
,,,15,,,,,,,,,,,,47759.0,intern.ops.955,LOW,Analyst,IT,0.0,14.0,Active,1.0,1.0,0.0
,,,44,,,,,,,,,,,,1287.0,engineer.ops.677,MEDIUM,Analyst,IT,0.0,19.0,Active,1.0,14.0,0.0
,,,19,,,,,,,,,,,,3975.0,user.admin.933,LOW,Analyst,Legal,0.0,9.0,Inactive,1.0,3.0,0.0
,,,92,,,,,,,,,,,,25542.0,head_security.exec.768,CRITICAL,Analyst,Legal,1.0,23.0,Active,1.0,8.0,0.0
,,,46,,,,,,,,,,,,105064.0,analyst.risk.495,MEDIUM,Analyst,Legal,0.0,26.0,Active,1.0,2.0,0.0
,,,96,,,,,,,,,,,,121517.0,head_security.exec.463,CRITICAL,Analyst,Legal,1.0,27.0,Active,1.0,2.0,0.0
,,,72,,,,,,,,,,,,65604.0,vp.tech.761,HIGH,User,IT,1.0,15.0,Active,1.0,8.0,1.0
,,,42,,,,,,,,,,,,119708.0,engineer.infra.578,MEDIUM,Analyst,IT,0.0,13.0,Suspended,0.0,13.0,0.0
,,,20,,,,,,,,,,,,384305.0,guest.support.805,LOW,Analyst,Operations,0.0,3.0,Active,0.0,10.0,1.0
,,,21,,,,,,,,,,,,9341.0,user.support.359,LOW,Analyst,Operations,0.0,2.0,Active,1.0,1.0,0.0
,,,43,,,,,,,,,,,,349162.0,analyst.ops.607,MEDIUM,Analyst,Operations,0.0,12.0,Active,1.0,0.0,0.0
,,,71,,,,,,,,,,,,89725.0,vp.security.270,HIGH,Analyst,Operations,1.0,12.0,Active,1.0,18.0,1.0
,,,41,,,,,,,,,,,,342122.0,engineer.infra.189,MEDIUM,Analyst,Legal,0.0,21.0,Active,0.0,10.0,0.0
,,,15,,,,,,,,,,,,378570.0,temp.ops.929,LOW,Analyst,HR,0.0,15.0,Active,0.0,0.0,0.0
,,,44,,,,,,,,,,,,17965.0,specialist.infra.702,MEDIUM,Manager,Operations,0.0,20.0,Active,0.0,1.0,0.0
,,,78,,,,,,,,,,,,9781.0,lead.tech.68,HIGH,Analyst,IT,1.0,18.0,Suspended,1.0,2.0,0.0
,,,74,,,,,,,,,,,,349937.0,lead.security.143,HIGH,Analyst,IT,1.0,24.0,Active,1.0,2.0,0.0
,,,92,,,,,,,,,,,,15905.0,ceo.board.765,CRITICAL,Analyst,Finance,1.0,8.0,Active,1.0,19.0,1.0
,,,17,,,,,,,,,,,,130728.0,intern.support.92,LOW,Analyst,Finance,0.0,28.0,Inactive,1.0,2.0,0.0
,,,42,,,,,,,,,,,,190562.0,admin.risk.519,MEDIUM,Analyst,Legal,0.0,11.0,Active,0.0,0.0,0.0
,,,71,,,,,,,,,,,,14653.0,lead.security.992,HIGH,Analyst,Legal,1.0,26.0,Active,1.0,14.0,0.0
,,,95,,,,,,,,,,,,1737.0,ceo.board.651,CRITICAL,User,Legal,1.0,23.0,Active,1.0,5.0,0.0
,,,17,,,,,,,,,,,,3802.0,user.support.857,LOW,User,Finance,0.0,8.0,Active,0.0,10.0,1.0
,,,17,,,,,,,,,,,,240008.0,intern.ops.664,LOW,User,Legal,0.0,2.0,Active,1.0,3.0,0.0
,,,91,,,,,,,,,,,,269235.0,cto.board.21,CRITICAL,Analyst,IT,1.0,5.0,Active,1.0,2.0,0.0
,,,24,,,,,,,,,,,,51022.0,guest.admin.878,LOW,Analyst,Operations,0.0,7.0,Active,0.0,9.0,0.0
,,,92,,,,,,,,,,,,24223.0,cto.board.58,CRITICAL,Analyst,HR,1.0,3.0,Active,1.0,0.0,0.0
,,,18,,,,,,,,,,,,1350.0,temp.support.132,LOW,Analyst,Legal,0.0,25.0,Active,0.0,0.0,1.0
,,,16,,,,,,,,,,,,194883.0,user.ops.781,LOW,User,Operations,0.0,23.0,Active,0.0,9.0,0.0
,,,48,,,,,,,,,,,,11625.0,engineer.risk.346,MEDIUM,Analyst,Finance,0.0,7.0,Active,0.0,4.0,0.0
,,,21,,,,,,,,,,,,10839.0,intern.support.02,LOW,User,Finance,0.0,3.0,Active,1.0,10.0,0.0
,,,97,,,,,,,,,,,,1678.0,ceo.exec.52,CRITICAL,Manager,IT,1.0,17.0,Active,0.0,12.0,0.0
,,,24,,,,,,,,,,,,647.0,user.ops.193,LOW,User,Operations,0.0,18.0,Active,0.0,17.0,0.0
,,,41,,,,,,,,,,,,54511.0,analyst.security.606,MEDIUM,Analyst,IT,0.0,0.0,Active,0.0,0.0,0.0
,,,78,,,,,,,,,,,,10115.0,lead.security.766,HIGH,Manager,IT,1.0,2.0,Active,1.0,8.0,0.0
,,,49,,,,,,,,,,,,41614.0,analyst.infra.840,MEDIUM,Manager,Legal,0.0,4.0,Suspended,1.0,1.0,0.0
,,,46,,,,,,,,,,,,45704.0,admin.risk.740,MEDIUM,User,Operations,0.0,17.0,Active,0.0,5.0,1.0
,,,46,,,,,,,,,,,,1768.0,engineer.ops.477,MEDIUM,Analyst,HR,0.0,1.0,Active,1.0,0.0,0.0
,,,96,,,,,,,,,,,,28365.0,ceo.board.900,CRITICAL,Analyst,Legal,1.0,25.0,Active,1.0,11.0,0.0
,,,41,,,,,,,,,,,,349050.0,analyst.ops.678,MEDIUM,Analyst,Operations,0.0,27.0,Active,0.0,5.0,0.0
,,,17,,,,,,,,,,,,3279.0,intern.ops.715,LOW,Manager,Operations,0.0,19.0,Active,0.0,14.0,1.0
,,,41,,,,,,,,,,,,6707.0,specialist.security.631,MEDIUM,User,Legal,0.0,3.0,Active,1.0,2.0,0.0
,,,70,,,,,,,,,,,,140844.0,vp.risk.140,HIGH,User,Finance,1.0,0.0,Active,1.0,8.0,0.0
,,,24,,,,,,,,,,,,38185.0,temp.support.885,LOW,Analyst,Legal,0.0,12.0,Active,0.0,13.0,1.0
,,,17,,,,,,,,,,,,2248.0,user.support.707,LOW,Manager,HR,0.0,14.0,Active,0.0,0.0,0.0
,,,18,,,,,,,,,,,,4482.0,temp.support.996,LOW,User,Finance,0.0,8.0,Active,1.0,5.0,0.0
,,,16,,,,,,,,,,,,161801.0,temp.ops.110,LOW,Analyst,Legal,0.0,0.0,Active,1.0,1.0,0.0
,,,76,,,,,,,,,,,,182773.0,director.trading.425,HIGH,User,Operations,1.0,3.0,Active,1.0,4.0,0.0
,,,73,,,,,,,,,,,,17560.0,lead.trading.171,HIGH,Manager,IT,1.0,27.0,Active,1.0,0.0,0.0
,,,72,,,,,,,,,,,,896.0,lead.risk.130,HIGH,User,Legal,1.0,6.0,Active,1.0,5.0,0.0
,,,44,,,,,,,,,,,,54540.0,engineer.infra.694,MEDIUM,Manager,HR,0.0,3.0,Active,1.0,2.0,0.0
,,,43,,,,,,,,,,,,420750.0,specialist.risk.755,MEDIUM,Analyst,IT,0.0,0.0,Active,1.0,0.0,0.0
,,,17,,,,,,,,,,,,373379.0,guest.admin.899,LOW,Analyst,IT,0.0,6.0,Active,0.0,1.0,0.0
,,,17,,,,,,,,,,,,41667.0,temp.admin.148,LOW,Analyst,Operations,0.0,5.0,Active,0.0,3.0,0.0
,,,22,,,,,,,,,,,,25091.0,temp.ops.227,LOW,User,HR,0.0,25.0,Active,0.0,0.0,0.0
,,,22,,,,,,,,,,,,4504.0,user.admin.846,LOW,Manager,Finance,0.0,10.0,Active,0.0,20.0,0.0
,,,90,,,,,,,,,,,,6768.0,cto.exec.54,CRITICAL,User,Legal,1.0,18.0,Active,1.0,16.0,1.0
,,,76,,,,,,,,,,,,12279.0,lead.trading.133,HIGH,Analyst,Finance,1.0,25.0,Active,1.0,0.0,0.0
,,,43,,,,,,,,,,,,607.0,specialist.ops.339,MEDIUM,Analyst,HR,0.0,29.0,Active,0.0,21.0,1.0
,,,78,,,,,,,,,,,,6673.0,vp.tech.403,HIGH,User,Legal,1.0,28.0,Active,1.0,12.0,0.0
,,,78,,,,,,,,,,,,12084.0,manager.tech.391,HIGH,Analyst,Finance,1.0,26.0,Active,1.0,5.0,0.0
,,,49,,,,,,,,,,,,765.0,specialist.security.384,MEDIUM,User,IT,0.0,12.0,Active,0.0,10.0,1.0
,,,72,,,,,,,,,,,,279785.0,director.tech.168,HIGH,Analyst,Operations,1.0,4.0,Active,1.0,16.0,1.0
,,,48,,,,,,,,,,,,1282.0,engineer.infra.473,MEDIUM,User,IT,0.0,13.0,Active,1.0,2.0,0.0
,,,96,,,,,,,,,,,,7404.0,cto.exec.881,CRITICAL,Exec,Operations,1.0,26.0,Active,1.0,17.0,1.0
,,,43,,,,,,,,,,,,7665.0,admin.infra.410,MEDIUM,User,Finance,0.0,8.0,Active,1.0,11.0,1.0
,,,78,,,,,,,,,,,,58799.0,vp.risk.120,HIGH,Manager,Legal,1.0,10.0,Active,1.0,3.0,0.0
,,,72,,,,,,,,,,,,70771.0,vp.risk.212,HIGH,User,Finance,1.0,13.0,Active,1.0,0.0,0.0
,,,16,,,,,,,,,,,,224247.0,temp.admin.802,LOW,Manager,IT,0.0,3.0,Inactive,0.0,0.0,0.0
,,,15,,,,,,,,,,,,168105.0,intern.support.713,LOW,Analyst,Legal,0.0,8.0,Active,1.0,4.0,1.0
,,,21,,,,,,,,,,,,339029.0,temp.ops.362,LOW,Manager,Finance,0.0,15.0,Active,1.0,1.0,0.0
,,,75,,,,,,,,,,,,296487.0,director.risk.758,HIGH,Analyst,IT,1.0,9.0,Active,1.0,14.0,0.0
,,,98,,,,,,,,,,,,87848.0,cfo.exec.70,CRITICAL,Analyst,IT,1.0,7.0,Active,1.0,0.0,0.0
,,,42,,,,,,,,,,,,7608.0,specialist.ops.863,MEDIUM,Manager,HR,0.0,28.0,Active,0.0,3.0,0.0
,,,48,,,,,,,,,,,,3057.0,specialist.security.319,MEDIUM,User,HR,0.0,13.0,Active,0.0,12.0,0.0
,,,44,,,,,,,,,,,,2769.0,specialist.ops.977,MEDIUM,User,Finance,0.0,7.0,Active,0.0,0.0,1.0
,,,79,,,,,,,,,,,,85105.0,vp.risk.197,HIGH,User,Operations,1.0,2.0,Active,1.0,0.0,0.0
,,,16,,,,,,,,,,,,259380.0,user.support.188,LOW,Manager,Operations,0.0,11.0,Active,0.0,1.0,0.0
,,,24,,,,,,,,,,,,266534.0,user.ops.61,LOW,Manager,Finance,0.0,12.0,Active,0.0,1.0,0.0
,,,92,,,,,,,,,,,,177423.0,ceo.board.25,CRITICAL,Exec,IT,1.0,10.0,Active,1.0,2.0,1.0
,,,76,,,,,,,,,,,,405356.0,director.tech.650,HIGH,User,Finance,1.0,5.0,Active,1.0,2.0,0.0
,,,46,,,,,,,,,,,,422491.0,specialist.security.114,MEDIUM,User,HR,0.0,4.0,Active,1.0,0.0,0.0
,,,19,,,,,,,,,,,,18252.0,guest.admin.860,LOW,User,IT,0.0,13.0,Active,1.0,0.0,0.0
,,,47,,,,,,,,,,,,379929.0,specialist.risk.799,MEDIUM,Manager,Finance,0.0,21.0,Active,0.0,1.0,0.0
,,,76,,,,,,,,,,,,7410.0,vp.security.462,HIGH,Exec,HR,1.0,6.0,Active,1.0,0.0,0.0
,,,75,,,,,,,,,,,,6106.0,manager.security.738,HIGH,User,HR,1.0,22.0,Active,0.0,18.0,0.0
,,,22,,,,,,,,,,,,11222.0,guest.admin.905,LOW,Analyst,IT,0.0,27.0,Active,0.0,5.0,1.0
,,,43,,,,,,,,,,,,401258.0,admin.infra.587,MEDIUM,Analyst,IT,0.0,0.0,Inactive,1.0,4.0,0.0
,,,46,,,,,,,,,,,,56465.0,engineer.security.696,MEDIUM,User,Legal,0.0,11.0,Active,0.0,0.0,0.0
,,,44,,,,,,,,,,,,431390.0,admin.risk.432,MEDIUM,Analyst,IT,0.0,11.0,Active,1.0,0.0,0.0
,,,16,,,,,,,,,,,,6263.0,guest.support.991,LOW,Analyst,Operations,0.0,10.0,Active,0.0,1.0,0.0
,,,72,,,,,,,,,,,,630.0,manager.trading.285,HIGH,Analyst,Finance,1.0,11.0,Active,1.0,15.0,0.0
,,,43,,,,,,,,,,,,50138.0,analyst.infra.584,MEDIUM,User,Legal,0.0,1.0,Inactive,0.0,11.0,0.0
,,,75,,,,,,,,,,,,574.0,director.risk.253,HIGH,Analyst,HR,1.0,2.0,Inactive,1.0,2.0,0.0
,,,72,,,,,,,,,,,,133069.0,lead.trading.277,HIGH,Analyst,Operations,1.0,9.0,Active,0.0,0.0,0.0
,,,16,,,,,,,,,,,,38909.0,intern.admin.702,LOW,User,Finance,0.0,28.0,Active,0.0,1.0,0.0
,,,23,,,,,,,,,,,,122883.0,guest.admin.545,LOW,Manager,IT,0.0,22.0,Active,1.0,0.0,0.0
,,,94,,,,,,,,,,,,103024.0,cfo.exec.123,CRITICAL,Analyst,Finance,1.0,18.0,Active,1.0,3.0,1.0
,,,44,,,,,,,,,,,,345417.0,admin.risk.675,MEDIUM,Manager,IT,0.0,1.0,Active,1.0,0.0,0.0
,,,49,,,,,,,,,,,,240013.0,specialist.ops.565,MEDIUM,Analyst,Legal,0.0,25.0,Active,1.0,2.0,0.0
,,,79,,,,,,,,,,,,4205.0,vp.trading.896,HIGH,Manager,Operations,1.0,5.0,Active,1.0,15.0,1.0
,,,22,,,,,,,,,,,,14827.0,user.support.857,LOW,User,IT,0.0,26.0,Active,1.0,11.0,1.0
,,,92,,,,,,,,,,,,7013.0,ceo.exec.75,CRITICAL,Analyst,IT,1.0,0.0,Active,0.0,16.0,0.0
,,,19,,,,,,,,,,,,452407.0,intern.admin.687,LOW,User,IT,0.0,3.0,Suspended,1.0,0.0,0.0
,,,76,,,,,,,,,,,,20738.0,director.tech.258,HIGH,Manager,Finance,1.0,16.0,Suspended,1.0,0.0,0.0
,,,15,,,,,,,,,,,,27670.0,user.ops.121,LOW,Analyst,HR,0.0,10.0,Active,0.0,0.0,0.0
,,,94,,,,,,,,,,,,169597.0,cfo.exec.129,CRITICAL,Analyst,HR,1.0,5.0,Active,1.0,0.0,0.0
,,,17,,,,,,,,,,,,434132.0,temp.support.690,LOW,Analyst,Operations,0.0,23.0,Active,0.0,3.0,1.0
,,,44,,,,,,,,,,,,231136.0,admin.security.814,MEDIUM,Analyst,Legal,0.0,6.0,Active,0.0,2.0,0.0
,,,43,,,,,,,,,,,,97596.0,analyst.risk.351,MEDIUM,Manager,Legal,0.0,4.0,Active,1.0,1.0,0.0
,,,79,,,,,,,,,,,,352096.0,director.tech.123,HIGH,Exec,HR,1.0,12.0,Active,1.0,0.0,1.0
,,,15,,,,,,,,,,,,365557.0,temp.ops.842,LOW,User,Legal,0.0,11.0,Active,1.0,1.0,0.0
,,,74,,,,,,,,,,,,391536.0,lead.trading.494,HIGH,Analyst,Legal,1.0,22.0,Active,1.0,5.0,0.0
,,,49,,,,,,,,,,,,58831.0,engineer.ops.501,MEDIUM,User,Legal,0.0,16.0,Active,0.0,2.0,0.0
,,,71,,,,,,,,,,,,346096.0,lead.tech.993,HIGH,Analyst,HR,1.0,0.0,Active,1.0,10.0,1.0
,,,49,,,,,,,,,,,,18459.0,admin.infra.803,MEDIUM,Analyst,Operations,0.0,2.0,Active,1.0,2.0,0.0
,,,49,,,,,,,,,,,,338465.0,admin.ops.553,MEDIUM,User,IT,0.0,4.0,Active,0.0,10.0,1.0
,,,46,,,,,,,,,,,,386017.0,specialist.infra.309,MEDIUM,Exec,IT,0.0,10.0,Active,1.0,1.0,0.0
,,,90,,,,,,,,,,,,16037.0,cfo.exec.306,CRITICAL,User,IT,1.0,4.0,Active,1.0,9.0,0.0
,,,78,,,,,,,,,,,,65420.0,director.security.833,HIGH,Manager,Operations,1.0,13.0,Active,1.0,7.0,0.0
,,,46,,,,,,,,,,,,132862.0,admin.security.563,MEDIUM,Analyst,Finance,0.0,22.0,Active,0.0,0.0,0.0
,,,97,,,,,,,,,,,,7898.0,cto.exec.268,CRITICAL,Analyst,Operations,1.0,11.0,Active,0.0,1.0,0.0
,,,18,,,,,,,,,,,,536.0,temp.support.708,LOW,Analyst,Finance,0.0,19.0,Active,1.0,3.0,0.0
,,,43,,,,,,,,,,,,2888.0,analyst.risk.205,MEDIUM,User,IT,0.0,13.0,Active,0.0,2.0,0.0
,,,44,,,,,,,,,,,,195763.0,admin.infra.619,MEDIUM,Analyst,Operations,0.0,28.0,Active,0.0,0.0,0.0
,,,40,,,,,,,,,,,,12009.0,admin.risk.903,MEDIUM,Analyst,Finance,0.0,4.0,Active,0.0,1.0,0.0
,,,76,,,,,,,,,,,,57128.0,lead.risk.836,HIGH,Analyst,IT,1.0,21.0,Active,1.0,1.0,0.0
,,,22,,,,,,,,,,,,30359.0,user.admin.777,LOW,Analyst,Finance,0.0,8.0,Active,0.0,3.0,1.0
,,,21,,,,,,,,,,,,18530.0,user.support.932,LOW,Manager,Finance,0.0,8.0,Active,0.0,1.0,0.0
,,,43,,,,,,,,,,,,2446.0,analyst.ops.405,MEDIUM,User,IT,0.0,28.0,Active,0.0,1.0,1.0
,,,93,,,,,,,,,,,,3703.0,cto.exec.78,CRITICAL,User,IT,1.0,17.0,Active,1.0,0.0,0.0
,,,99,,,,,,,,,,,,316.0,cto.board.24,CRITICAL,Analyst,Operations,1.0,0.0,Active,1.0,1.0,0.0
,,,19,,,,,,,,,,,,3572.0,temp.support.738,LOW,User,Finance,0.0,20.0,Active,0.0,0.0,0.0
,,,43,,,,,,,,,,,,3493.0,engineer.security.781,MEDIUM,User,IT,0.0,13.0,Active,0.0,1.0,0.0
,,,42,,,,,,,,,,,,115830.0,admin.ops.399,MEDIUM,User,Legal,0.0,12.0,Active,0.0,2.0,0.0
,,,15,,,,,,,,,,,,7861.0,guest.ops.747,LOW,Analyst,IT,0.0,21.0,Active,0.0,1.0,0.0
,,,47,,,,,,,,,,,,370678.0,specialist.ops.261,MEDIUM,Analyst,Operations,0.0,26.0,Active,1.0,0.0,0.0
,,,15,,,,,,,,,,,,60892.0,intern.admin.645,LOW,Analyst,Finance,0.0,11.0,Active,0.0,1.0,0.0
,,,75,,,,,,,,,,,,166105.0,manager.security.160,HIGH,User,HR,1.0,13.0,Inactive,1.0,4.0,0.0
,,,42,,,,,,,,,,,,28751.0,analyst.risk.157,MEDIUM,Analyst,Operations,0.0,16.0,Active,1.0,3.0,0.0
,,,99,,,,,,,,,,,,6238.0,cto.exec.88,CRITICAL,Exec,Finance,1.0,22.0,Active,1.0,13.0,0.0
,,,72,,,,,,,,,,,,6339.0,lead.risk.127,HIGH,Analyst,Legal,1.0,28.0,Active,1.0,5.0,0.0
,,,74,,,,,,,,,,,,4449.0,manager.trading.194,HIGH,Analyst,Finance,1.0,21.0,Active,1.0,18.0,0.0
,,,71,,,,,,,,,,,,60.0,vp.risk.108,HIGH,Manager,Legal,1.0,9.0,Active,1.0,10.0,0.0
,,,92,,,,,,,,,,,,4911.0,ceo.exec.31,CRITICAL,Analyst,HR,1.0,7.0,Active,1.0,15.0,0.0
,,,78,,,,,,,,,,,,23070.0,vp.tech.414,HIGH,User,IT,1.0,0.0,Active,0.0,16.0,1.0
,,,92,,,,,,,,,,,,244.0,cfo.exec.411,CRITICAL,User,HR,1.0,7.0,Active,1.0,11.0,1.0
,,,78,,,,,,,,,,,,1172.0,vp.trading.45,HIGH,Analyst,Legal,1.0,25.0,Active,1.0,9.0,1.0
,,,45,,,,,,,,,,,,3054.0,admin.risk.508,MEDIUM,Analyst,Finance,0.0,27.0,Active,0.0,6.0,1.0
,,,42,,,,,,,,,,,,135.0,analyst.ops.470,MEDIUM,User,HR,0.0,8.0,Active,1.0,15.0,1.0
,,,48,,,,,,,,,,,,5609.0,specialist.risk.314,MEDIUM,User,IT,0.0,0.0,Active,1.0,11.0,0.0
,,,49,,,,,,,,,,,,4984.0,analyst.security.396,MEDIUM,Analyst,IT,0.0,19.0,Active,1.0,7.0,0.0
,,,97,,,,,,,,,,,,283.0,ceo.exec.426,CRITICAL,User,Finance,1.0,12.0,Active,1.0,18.0,0.0
,,,45,,,,,,,,,,,,5846.0,admin.risk.620,MEDIUM,Analyst,Legal,0.0,2.0,Active,1.0,18.0,1.0
,,,43,,,,,,,,,,,,1558.0,admin.security.362,MEDIUM,Manager,IT,0.0,2.0,Active,0.0,16.0,0.0
,,,16,,,,,,,,,,,,315.0,guest.admin.974,LOW,Analyst,IT,0.0,4.0,Suspended,0.0,14.0,0.0
,,,47,,,,,,,,,,,,219650.0,analyst.ops.433,MEDIUM,Analyst,Operations,0.0,27.0,Active,1.0,3.0,0.0
,,,48,,,,,,,,,,,,251.0,analyst.ops.845,MEDIUM,Analyst,Operations,0.0,17.0,Active,0.0,12.0,0.0
,,,78,,,,,,,,,,,,314.0,lead.tech.705,HIGH,Analyst,IT,1.0,25.0,Active,1.0,14.0,0.0
,,,72,,,,,,,,,,,,273.0,director.security.195,HIGH,User,IT,1.0,24.0,Active,0.0,8.0,1.0
,,,22,,,,,,,,,,,,3240.0,user.support.713,LOW,Analyst,Finance,0.0,9.0,Active,0.0,0.0,0.0
,,,90,,,,,,,,,,,,3690.0,head_security.exec.451,CRITICAL,Analyst,IT,1.0,15.0,Active,1.0,9.0,0.0
,,,41,,,,,,,,,,,,267.0,admin.ops.322,MEDIUM,Analyst,Operations,0.0,20.0,Active,0.0,12.0,0.0
,,,77,,,,,,,,,,,,1500.0,manager.risk.14,HIGH,User,Legal,1.0,27.0,Active,1.0,15.0,1.0
,,,75,,,,,,,,,,,,4907.0,vp.trading.801,HIGH,User,Legal,1.0,11.0,Active,0.0,15.0,0.0
,,,41,,,,,,,,,,,,380.0,admin.ops.504,MEDIUM,User,HR,0.0,14.0,Active,0.0,12.0,1.0
,,,43,,,,,,,,,,,,1958.0,specialist.risk.842,MEDIUM,User,Finance,0.0,22.0,Active,1.0,18.0,0.0
,,,44,,,,,,,,,,,,3494.0,admin.infra.506,MEDIUM,Analyst,Finance,0.0,2.0,Active,1.0,12.0,1.0
,,,75,,,,,,,,,,,,591.0,vp.trading.461,HIGH,User,Finance,1.0,14.0,Active,1.0,12.0,0.0
,,,73,,,,,,,,,,,,2904.0,lead.risk.550,HIGH,Analyst,Finance,1.0,6.0,Active,1.0,19.0,0.0
,,,16,,,,,,,,,,,,4461.0,user.admin.933,LOW,Manager,HR,0.0,16.0,Active,1.0,21.0,0.0
,,,79,,,,,,,,,,,,1565.0,director.tech.907,HIGH,Analyst,HR,1.0,12.0,Active,1.0,11.0,1.0
,,,79,,,,,,,,,,,,1028.0,lead.risk.224,HIGH,Manager,Finance,1.0,25.0,Active,1.0,9.0,0.0
,,,42,,,,,,,,,,,,4391.0,admin.infra.394,MEDIUM,Analyst,Finance,0.0,29.0,Active,1.0,11.0,1.0
,,,90,,,,,,,,,,,,2636.0,cfo.exec.177,CRITICAL,User,Legal,1.0,13.0,Active,1.0,16.0,0.0
,,,16,,,,,,,,,,,,180422.0,user.admin.885,LOW,Analyst,Finance,0.0,11.0,Active,1.0,11.0,0.0
,,,19,,,,,,,,,,,,1449.0,intern.ops.868,LOW,User,IT,0.0,28.0,Active,0.0,10.0,0.0
,,,46,,,,,,,,,,,,2788.0,specialist.ops.673,MEDIUM,Analyst,Operations,0.0,20.0,Active,1.0,17.0,0.0
,,,22,,,,,,,,,,,,4827.0,user.ops.79,LOW,Analyst,HR,0.0,29.0,Active,0.0,11.0,0.0
,,,44,,,,,,,,,,,,3437.0,admin.infra.108,MEDIUM,Analyst,Finance,0.0,26.0,Active,0.0,2.0,0.0
,,,47,,,,,,,,,,,,4167.0,specialist.security.372,MEDIUM,Analyst,IT,0.0,16.0,Active,1.0,12.0,0.0
,,,99,,,,,,,,,,,,1333.0,ceo.exec.600,CRITICAL,User,Legal,1.0,14.0,Active,1.0,8.0,0.0
,,,42,,,,,,,,,,,,5105.0,analyst.security.155,MEDIUM,Analyst,IT,0.0,28.0,Active,0.0,16.0,1.0
,,,43,,,,,,,,,,,,308.0,admin.ops.95,MEDIUM,User,IT,0.0,21.0,Active,1.0,6.0,0.0
,,,43,,,,,,,,,,,,18988.0,admin.risk.30,MEDIUM,User,IT,0.0,21.0,Active,1.0,19.0,1.0
,,,99,,,,,,,,,,,,1861.0,ceo.board.55,CRITICAL,Analyst,Finance,1.0,14.0,Inactive,1.0,10.0,0.0
,,,21,,,,,,,,,,,,2367.0,user.support.542,LOW,User,HR,0.0,23.0,Active,1.0,20.0,0.0
,,,46,,,,,,,,,,,,4669.0,engineer.ops.423,MEDIUM,Analyst,Operations,0.0,11.0,Suspended,1.0,14.0,1.0
,,,46,,,,,,,,,,,,2088.0,admin.security.746,MEDIUM,Analyst,Operations,0.0,8.0,Active,1.0,8.0,0.0
,,,45,,,,,,,,,,,,2915.0,analyst.ops.364,MEDIUM,User,Finance,0.0,4.0,Active,0.0,10.0,0.0
,,,94,,,,,,,,,,,,4276.0,head_security.board.491,CRITICAL,User,IT,1.0,4.0,Active,1.0,16.0,1.0
,,,94,,,,,,,,,,,,1962.0,cto.exec.989,CRITICAL,User,Legal,1.0,14.0,Active,1.0,20.0,0.0
,,,75,,,,,,,,,,,,301.0,director.tech.838,HIGH,Exec,IT,1.0,28.0,Active,1.0,3.0,0.0
,,,46,,,,,,,,,,,,3835.0,analyst.infra.353,MEDIUM,Analyst,Operations,0.0,29.0,Active,1.0,20.0,0.0
,,,77,,,,,,,,,,,,10745.0,director.risk.853,HIGH,Manager,Legal,1.0,4.0,Active,1.0,7.0,1.0
,,,73,,,,,,,,,,,,2435.0,vp.risk.17,HIGH,Analyst,Finance,1.0,22.0,Active,0.0,18.0,0.0
,,,45,,,,,,,,,,,,17227.0,engineer.security.950,MEDIUM,Manager,Finance,0.0,26.0,Active,0.0,14.0,1.0
,,,46,,,,,,,,,,,,2794.0,specialist.ops.767,MEDIUM,Manager,IT,0.0,21.0,Active,0.0,11.0,0.0
,,,74,,,,,,,,,,,,667.0,manager.security.132,HIGH,User,Finance,1.0,7.0,Active,1.0,14.0,0.0
,,,93,,,,,,,,,,,,5294.0,head_security.board.31,CRITICAL,Analyst,IT,1.0,24.0,Active,1.0,0.0,1.0
,,,16,,,,,,,,,,,,457.0,guest.admin.827,LOW,User,IT,0.0,5.0,Active,0.0,11.0,1.0
,,,15,,,,,,,,,,,,110451.0,guest.ops.753,LOW,Exec,Finance,0.0,13.0,Active,1.0,3.0,0.0
,,,17,,,,,,,,,,,,60429.0,guest.ops.732,LOW,Analyst,Legal,0.0,7.0,Active,0.0,3.0,0.0
,,,40,,,,,,,,,,,,142220.0,engineer.infra.369,MEDIUM,User,Operations,0.0,17.0,Active,0.0,0.0,1.0
,,,92,,,,,,,,,,,,135545.0,cto.exec.11,CRITICAL,User,Operations,1.0,8.0,Active,1.0,1.0,0.0
,,,43,,,,,,,,,,,,8167.0,analyst.ops.17,MEDIUM,Analyst,IT,0.0,22.0,Active,1.0,2.0,0.0
,,,78,,,,,,,,,,,,30850.0,vp.tech.693,HIGH,User,Legal,1.0,26.0,Active,1.0,1.0,0.0
,,,98,,,,,,,,,,,,213918.0,ceo.exec.20,CRITICAL,User,Operations,1.0,0.0,Active,1.0,3.0,0.0
,,,41,,,,,,,,,,,,140849.0,admin.ops.685,MEDIUM,User,Finance,0.0,9.0,Inactive,1.0,1.0,0.0
,,,40,,,,,,,,,,,,231825.0,engineer.risk.748,MEDIUM,Analyst,HR,0.0,2.0,Active,1.0,1.0,0.0
,,,48,,,,,,,,,,,,191917.0,specialist.risk.651,MEDIUM,User,Finance,0.0,21.0,Active,1.0,0.0,0.0
,,,18,,,,,,,,,,,,283942.0,guest.admin.848,LOW,Manager,Operations,0.0,21.0,Active,1.0,1.0,0.0
,,,19,,,,,,,,,,,,199949.0,user.support.176,LOW,User,Finance,0.0,12.0,Active,1.0,1.0,0.0
,,,44,,,,,,,,,,,,309576.0,specialist.risk.660,MEDIUM,User,IT,0.0,5.0,Active,0.0,2.0,0.0
,,,44,,,,,,,,,,,,288288.0,admin.infra.301,MEDIUM,Manager,Legal,0.0,7.0,Active,0.0,2.0,0.0
,,,48,,,,,,,,,,,,215093.0,admin.infra.842,MEDIUM,Analyst,Operations,0.0,22.0,Suspended,0.0,0.0,1.0
,,,47,,,,,,,,,,,,205517.0,engineer.infra.745,MEDIUM,Analyst,IT,0.0,26.0,Active,1.0,0.0,0.0
,,,23,,,,,,,,,,,,243430.0,temp.admin.151,LOW,Manager,Finance,0.0,17.0,Active,1.0,3.0,0.0
,,,15,,,,,,,,,,,,90951.0,temp.ops.260,LOW,Analyst,Legal,0.0,17.0,Active,0.0,1.0,0.0
,,,45,,,,,,,,,,,,468.0,analyst.infra.570,MEDIUM,Manager,HR,0.0,8.0,Active,0.0,16.0,0.0
,,,99,,,,,,,,,,,,3342.0,cto.exec.283,CRITICAL,Analyst,HR,1.0,9.0,Active,1.0,16.0,0.0
,,,40,,,,,,,,,,,,108485.0,admin.risk.340,MEDIUM,Analyst,Legal,0.0,22.0,Active,0.0,0.0,0.0
,,,78,,,,,,,,,,,,441721.0,manager.security.196,HIGH,Exec,HR,1.0,2.0,Active,0.0,13.0,0.0
,,,70,,,,,,,,,,,,65360.0,manager.tech.467,HIGH,User,IT,1.0,22.0,Suspended,1.0,13.0,0.0
,,,47,,,,,,,,,,,,17697.0,engineer.infra.362,MEDIUM,Manager,IT,0.0,22.0,Active,1.0,19.0,1.0
,,,19,,,,,,,,,,,,20977.0,guest.admin.938,LOW,User,Legal,0.0,8.0,Active,0.0,0.0,0.0
,,,48,,,,,,,,,,,,43368.0,analyst.risk.365,MEDIUM,User,Operations,0.0,10.0,Active,0.0,0.0,0.0
,,,47,,,,,,,,,,,,171084.0,admin.infra.228,MEDIUM,Manager,Legal,0.0,25.0,Active,0.0,2.0,0.0
,,,46,,,,,,,,,,,,306723.0,specialist.risk.419,MEDIUM,Analyst,IT,0.0,0.0,Active,0.0,1.0,0.0
,,,73,,,,,,,,,,,,22935.0,vp.risk.266,HIGH,User,Operations,1.0,17.0,Active,1.0,0.0,0.0
,,,48,,,,,,,,,,,,58686.0,admin.ops.491,MEDIUM,Analyst,IT,0.0,13.0,Active,0.0,0.0,0.0
,,,75,,,,,,,,,,,,200893.0,vp.trading.262,HIGH,Manager,Finance,1.0,16.0,Active,1.0,2.0,0.0
,,,42,,,,,,,,,,,,156010.0,admin.infra.164,MEDIUM,Analyst,Finance,0.0,17.0,Active,1.0,0.0,0.0
,,,47,,,,,,,,,,,,96848.0,engineer.ops.518,MEDIUM,Analyst,Finance,0.0,2.0,Active,1.0,0.0,0.0
,,,71,,,,,,,,,,,,47663.0,director.trading.912,HIGH,User,Finance,1.0,27.0,Active,1.0,0.0,0.0
,,,75,,,,,,,,,,,,22630.0,lead.security.159,HIGH,Analyst,Operations,1.0,28.0,Active,1.0,2.0,0.0
,,,47,,,,,,,,,,,,251324.0,specialist.risk.552,MEDIUM,Analyst,Finance,0.0,14.0,Active,0.0,1.0,1.0
,,,91,,,,,,,,,,,,132526.0,cfo.exec.273,CRITICAL,User,Legal,1.0,12.0,Active,1.0,4.0,0.0
,,,97,,,,,,,,,,,,405633.0,cfo.board.815,CRITICAL,Manager,Operations,1.0,23.0,Active,1.0,4.0,0.0
,,,94,,,,,,,,,,,,297626.0,cto.exec.824,CRITICAL,Analyst,IT,1.0,8.0,Inactive,1.0,16.0,0.0
,,,17,,,,,,,,,,,,55498.0,user.ops.676,LOW,Manager,IT,0.0,17.0,Active,0.0,1.0,0.0
,,,73,,,,,,,,,,,,9758.0,manager.risk.214,HIGH,User,Operations,1.0,27.0,Suspended,1.0,0.0,0.0
,,,45,,,,,,,,,,,,25530.0,admin.security.188,MEDIUM,Analyst,Finance,0.0,25.0,Active,1.0,2.0,0.0
,,,44,,,,,,,,,,,,243597.0,engineer.security.605,MEDIUM,Analyst,Legal,0.0,28.0,Active,1.0,0.0,1.0
,,,47,,,,,,,,,,,,366346.0,specialist.security.366,MEDIUM,User,Finance,0.0,2.0,Active,1.0,13.0,0.0
,,,71,,,,,,,,,,,,10851.0,director.trading.137,HIGH,Analyst,IT,1.0,0.0,Active,1.0,15.0,0.0
,,,75,,,,,,,,,,,,613.0,lead.tech.342,HIGH,User,Finance,1.0,29.0,Active,1.0,9.0,0.0
,,,70,,,,,,,,,,,,364380.0,lead.tech.552,HIGH,User,Legal,1.0,7.0,Active,0.0,17.0,1.0
,,,96,,,,,,,,,,,,357864.0,ceo.exec.496,CRITICAL,User,Legal,1.0,8.0,Inactive,1.0,11.0,0.0
,,,75,,,,,,,,,,,,289220.0,manager.trading.607,HIGH,Manager,Finance,1.0,27.0,Active,1.0,14.0,0.0
,,,43,,,,,,,,,,,,149124.0,engineer.risk.513,MEDIUM,Analyst,Legal,0.0,23.0,Active,0.0,3.0,0.0
,,,42,,,,,,,,,,,,61100.0,admin.ops.199,MEDIUM,Analyst,HR,0.0,3.0,Active,1.0,1.0,0.0
,,,79,,,,,,,,,,,,128939.0,director.tech.941,HIGH,Analyst,Legal,1.0,4.0,Active,0.0,4.0,1.0
,,,75,,,,,,,,,,,,421294.0,lead.risk.253,HIGH,Analyst,Finance,1.0,4.0,Active,1.0,6.0,0.0
,,,95,,,,,,,,,,,,351870.0,cfo.board.372,CRITICAL,Manager,Operations,1.0,2.0,Active,1.0,10.0,1.0
,,,76,,,,,,,,,,,,14434.0,lead.tech.189,HIGH,User,IT,1.0,2.0,Active,1.0,14.0,0.0
,,,46,,,,,,,,,,,,69732.0,analyst.infra.307,MEDIUM,Manager,IT,0.0,1.0,Active,0.0,1.0,0.0
,,,78,,,,,,,,,,,,211260.0,lead.trading.629,HIGH,Analyst,Finance,1.0,21.0,Active,1.0,14.0,1.0
,,,90,,,,,,,,,,,,176495.0,cto.exec.61,CRITICAL,Manager,Finance,1.0,18.0,Suspended,1.0,16.0,0.0
,,,22,,,,,,,,,,,,118202.0,temp.admin.796,LOW,Analyst,Operations,0.0,16.0,Active,1.0,12.0,0.0
,,,48,,,,,,,,,,,,246461.0,engineer.security.318,MEDIUM,Exec,HR,0.0,17.0,Active,0.0,5.0,0.0
,,,97,,,,,,,,,,,,69263.0,cfo.exec.546,CRITICAL,Analyst,IT,1.0,22.0,Active,0.0,10.0,1.0
,,,99,,,,,,,,,,,,432025.0,cto.exec.588,CRITICAL,User,Operations,1.0,16.0,Active,1.0,3.0,0.0
,,,72,,,,,,,,,,,,7574.0,director.trading.270,HIGH,Analyst,IT,1.0,20.0,Active,0.0,13.0,0.0
,,,70,,,,,,,,,,,,79990.0,vp.security.370,HIGH,User,Finance,1.0,2.0,Active,1.0,11.0,0.0
,,,24,,,,,,,,,,,,152537.0,guest.ops.402,LOW,Exec,HR,0.0,13.0,Active,0.0,2.0,0.0
,,,40,,,,,,,,,,,,29551.0,analyst.infra.430,MEDIUM,User,HR,0.0,10.0,Active,0.0,6.0,1.0
,,,46,,,,,,,,,,,,171829.0,admin.ops.328,MEDIUM,Analyst,Legal,0.0,9.0,Active,1.0,0.0,0.0
,,,73,,,,,,,,,,,,29237.0,vp.trading.283,HIGH,Manager,Legal,1.0,22.0,Active,1.0,0.0,1.0
,,,73,,,,,,,,,,,,305441.0,lead.risk.859,HIGH,Analyst,IT,1.0,7.0,Inactive,1.0,0.0,0.0
,,,46,,,,,,,,,,,,180869.0,engineer.security.202,MEDIUM,User,Legal,0.0,6.0,Active,1.0,2.0,0.0
,,,19,,,,,,,,,,,,313144.0,user.admin.549,LOW,User,Legal,0.0,2.0,Active,0.0,1.0,0.0
,,,42,,,,,,,,,,,,20588.0,engineer.risk.389,MEDIUM,User,Operations,0.0,20.0,Active,0.0,0.0,0.0
,,,21,,,,,,,,,,,,83991.0,guest.ops.156,LOW,User,Operations,0.0,18.0,Active,0.0,0.0,0.0
,,,21,,,,,,,,,,,,150.0,intern.ops.940,LOW,Analyst,IT,0.0,19.0,Active,1.0,6.0,0.0
,,,97,,,,,,,,,,,,26124.0,cfo.exec.390,CRITICAL,Analyst,Operations,1.0,8.0,Active,1.0,18.0,0.0
,,,78,,,,,,,,,,,,1082.0,lead.tech.548,HIGH,Manager,IT,1.0,27.0,Active,1.0,15.0,1.0
,,,43,,,,,,,,,,,,93112.0,engineer.risk.250,MEDIUM,User,Legal,0.0,27.0,Active,0.0,18.0,1.0
,,,41,,,,,,,,,,,,5888.0,analyst.infra.979,MEDIUM,Analyst,Finance,0.0,25.0,Active,0.0,19.0,0.0
,,,79,,,,,,,,,,,,87992.0,vp.trading.795,HIGH,User,IT,1.0,18.0,Active,1.0,13.0,0.0
,,,24,,,,,,,,,,,,310345.0,temp.ops.485,LOW,Analyst,IT,0.0,27.0,Active,1.0,3.0,0.0
,,,47,,,,,,,,,,,,462.0,specialist.ops.549,MEDIUM,User,Finance,0.0,13.0,Active,0.0,12.0,0.0
,,,41,,,,,,,,,,,,304098.0,specialist.security.559,MEDIUM,User,HR,0.0,20.0,Active,1.0,0.0,0.0
,,,17,,,,,,,,,,,,9725.0,temp.ops.338,LOW,Analyst,Legal,0.0,13.0,Active,0.0,2.0,1.0
,,,40,,,,,,,,,,,,42067.0,analyst.risk.888,MEDIUM,Analyst,HR,0.0,9.0,Active,1.0,2.0,0.0
,,,73,,,,,,,,,,,,228467.0,lead.risk.966,HIGH,User,IT,1.0,11.0,Active,1.0,1.0,0.0
,,,23,,,,,,,,,,,,182868.0,temp.admin.763,LOW,User,Operations,0.0,28.0,Active,0.0,1.0,0.0
,,,19,,,,,,,,,,,,307944.0,temp.ops.872,LOW,User,IT,0.0,17.0,Active,0.0,5.0,0.0
,,,23,,,,,,,,,,,,131697.0,temp.support.282,LOW,Exec,IT,0.0,21.0,Active,0.0,2.0,0.0
,,,96,,,,,,,,,,,,46246.0,ceo.exec.85,CRITICAL,Analyst,Operations,1.0,27.0,Active,1.0,0.0,0.0
,,,41,,,,,,,,,,,,15561.0,admin.ops.102,MEDIUM,User,IT,0.0,6.0,Active,1.0,10.0,0.0
,,,74,,,,,,,,,,,,60475.0,manager.tech.859,HIGH,User,Operations,1.0,11.0,Suspended,1.0,6.0,0.0
,,,73,,,,,,,,,,,,63641.0,vp.security.503,HIGH,Manager,Legal,1.0,15.0,Active,1.0,2.0,0.0
,,,91,,,,,,,,,,,,31054.0,cfo.board.269,CRITICAL,User,HR,1.0,3.0,Active,1.0,3.0,0.0
,,,44,,,,,,,,,,,,29896.0,engineer.risk.460,MEDIUM,Manager,Finance,0.0,6.0,Active,1.0,3.0,0.0
,,,48,,,,,,,,,,,,333502.0,analyst.security.980,MEDIUM,User,IT,0.0,13.0,Suspended,0.0,2.0,0.0
,,,42,,,,,,,,,,,,54689.0,admin.security.488,MEDIUM,Analyst,Finance,0.0,14.0,Active,0.0,0.0,0.0
,,,41,,,,,,,,,,,,127594.0,analyst.ops.687,MEDIUM,User,IT,0.0,28.0,Inactive,0.0,0.0,0.0
,,,46,,,,,,,,,,,,269183.0,specialist.risk.509,MEDIUM,User,IT,0.0,23.0,Active,0.0,1.0,0.0
,,,74,,,,,,,,,,,,36857.0,vp.tech.195,HIGH,Analyst,IT,1.0,11.0,Active,0.0,3.0,0.0
,,,15,,,,,,,,,,,,55712.0,guest.admin.311,LOW,Analyst,IT,0.0,26.0,Active,0.0,2.0,0.0
,,,48,,,,,,,,,,,,6971.0,engineer.security.536,MEDIUM,Analyst,Legal,0.0,29.0,Active,0.0,1.0,0.0
,,,45,,,,,,,,,,,,106207.0,analyst.security.964,MEDIUM,Manager,Operations,0.0,11.0,Active,1.0,0.0,0.0
,,,49,,,,,,,,,,,,29101.0,specialist.security.466,MEDIUM,User,Operations,0.0,16.0,Active,1.0,0.0,1.0
,,,42,,,,,,,,,,,,55035.0,admin.infra.598,MEDIUM,Analyst,Finance,0.0,15.0,Active,1.0,2.0,0.0
,,,73,,,,,,,,,,,,25585.0,director.tech.479,HIGH,Analyst,HR,1.0,7.0,Active,1.0,4.0,0.0
,,,48,,,,,,,,,,,,254190.0,admin.security.597,MEDIUM,Analyst,HR,0.0,17.0,Active,1.0,1.0,0.0
,,,20,,,,,,,,,,,,313558.0,guest.admin.992,LOW,Analyst,IT,0.0,26.0,Active,0.0,2.0,0.0
,,,45,,,,,,,,,,,,31241.0,analyst.ops.522,MEDIUM,User,Operations,0.0,28.0,Active,0.0,3.0,0.0
,,,98,,,,,,,,,,,,137039.0,cfo.board.55,CRITICAL,User,Finance,1.0,2.0,Active,1.0,3.0,0.0
,,,96,,,,,,,,,,,,4925.0,ceo.board.05,CRITICAL,User,Finance,1.0,7.0,Active,1.0,3.0,0.0
,,,47,,,,,,,,,,,,109697.0,specialist.security.731,MEDIUM,Analyst,Legal,0.0,22.0,Active,1.0,5.0,0.0
,,,74,,,,,,,,,,,,21928.0,vp.risk.129,HIGH,Analyst,Finance,1.0,21.0,Active,1.0,1.0,0.0
,,,23,,,,,,,,,,,,159244.0,intern.ops.856,LOW,Analyst,IT,0.0,27.0,Active,0.0,18.0,0.0
,,,41,,,,,,,,,,,,89599.0,admin.ops.619,MEDIUM,User,IT,0.0,3.0,Active,1.0,21.0,0.0
,,,40,,,,,,,,,,,,6040.0,engineer.risk.668,MEDIUM,Analyst,IT,0.0,15.0,Active,1.0,9.0,0.0
,,,40,,,,,,,,,,,,9905.0,analyst.infra.545,MEDIUM,User,Operations,0.0,8.0,Active,0.0,3.0,1.0
,,,17,,,,,,,,,,,,203654.0,user.ops.685,LOW,User,Finance,0.0,20.0,Inactive,0.0,3.0,0.0
,,,42,,,,,,,,,,,,137808.0,engineer.infra.491,MEDIUM,User,Finance,0.0,18.0,Active,0.0,7.0,0.0
,,,95,,,,,,,,,,,,147026.0,ceo.exec.87,CRITICAL,Analyst,HR,1.0,26.0,Active,1.0,3.0,0.0
,,,73,,,,,,,,,,,,387518.0,vp.risk.677,HIGH,Analyst,Legal,1.0,2.0,Suspended,1.0,5.0,1.0
,,,73,,,,,,,,,,,,93398.0,lead.tech.155,HIGH,Analyst,Finance,1.0,12.0,Active,1.0,6.0,0.0
,,,71,,,,,,,,,,,,882.0,manager.tech.540,HIGH,User,Operations,1.0,25.0,Active,0.0,16.0,0.0
,,,46,,,,,,,,,,,,18322.0,specialist.risk.610,MEDIUM,User,Operations,0.0,2.0,Active,1.0,0.0,0.0
,,,78,,,,,,,,,,,,411.0,lead.tech.431,HIGH,Analyst,Legal,1.0,27.0,Active,1.0,10.0,0.0
,,,45,,,,,,,,,,,,888.0,specialist.security.343,MEDIUM,User,Legal,0.0,22.0,Active,1.0,14.0,0.0
,,,40,,,,,,,,,,,,4544.0,analyst.risk.383,MEDIUM,Manager,Legal,0.0,3.0,Active,1.0,3.0,0.0
,,,42,,,,,,,,,,,,32137.0,engineer.security.93,MEDIUM,Manager,Legal,0.0,6.0,Active,1.0,3.0,0.0
,,,21,,,,,,,,,,,,1872.0,guest.ops.342,LOW,User,HR,0.0,8.0,Active,0.0,11.0,0.0
,,,15,,,,,,,,,,,,3584.0,intern.ops.778,LOW,User,Operations,0.0,12.0,Active,0.0,11.0,1.0
,,,21,,,,,,,,,,,,200786.0,temp.admin.586,LOW,User,Operations,0.0,18.0,Active,1.0,1.0,0.0
,,,16,,,,,,,,,,,,26908.0,temp.support.774,LOW,Analyst,HR,0.0,6.0,Active,0.0,0.0,0.0
,,,41,,,,,,,,,,,,31377.0,admin.infra.678,MEDIUM,Analyst,Finance,0.0,10.0,Active,0.0,4.0,0.0
,,,24,,,,,,,,,,,,207413.0,guest.support.805,LOW,User,Finance,0.0,6.0,Suspended,0.0,0.0,0.0
,,,22,,,,,,,,,,,,66409.0,guest.admin.161,LOW,Exec,Finance,0.0,2.0,Active,1.0,0.0,0.0
,,,90,,,,,,,,,,,,16619.0,ceo.exec.630,CRITICAL,User,Operations,1.0,2.0,Active,1.0,0.0,0.0
,,,23,,,,,,,,,,,,4731.0,temp.ops.827,LOW,User,HR,0.0,24.0,Active,0.0,1.0,0.0
,,,42,,,,,,,,,,,,10036.0,analyst.infra.117,MEDIUM,Manager,IT,0.0,24.0,Active,0.0,2.0,0.0
,,,15,,,,,,,,,,,,54316.0,user.admin.483,LOW,Manager,Finance,0.0,18.0,Active,0.0,3.0,0.0
,,,45,,,,,,,,,,,,185821.0,engineer.security.618,MEDIUM,Analyst,HR,0.0,6.0,Active,0.0,2.0,0.0
,,,77,,,,,,,,,,,,4048.0,lead.risk.440,HIGH,User,Legal,1.0,27.0,Active,0.0,0.0,0.0
,,,44,,,,,,,,,,,,44564.0,admin.ops.822,MEDIUM,User,Finance,0.0,29.0,Active,0.0,0.0,0.0
,,,17,,,,,,,,,,,,437972.0,temp.ops.656,LOW,Analyst,IT,0.0,5.0,Active,0.0,1.0,0.0
,,,48,,,,,,,,,,,,1193.0,analyst.ops.643,MEDIUM,Exec,HR,0.0,22.0,Active,1.0,12.0,1.0
,,,48,,,,,,,,,,,,9582.0,analyst.infra.570,MEDIUM,Manager,Operations,0.0,2.0,Active,0.0,1.0,0.0
,,,18,,,,,,,,,,,,34105.0,intern.admin.45,LOW,Analyst,IT,0.0,23.0,Active,0.0,0.0,0.0
,,,15,,,,,,,,,,,,97972.0,user.support.56,LOW,User,HR,0.0,11.0,Active,0.0,3.0,0.0
,,,47,,,,,,,,,,,,100305.0,specialist.ops.195,MEDIUM,Analyst,HR,0.0,17.0,Suspended,1.0,0.0,0.0
,,,16,,,,,,,,,,,,1409.0,temp.support.774,LOW,Analyst,Legal,0.0,17.0,Active,1.0,1.0,0.0
,,,16,,,,,,,,,,,,9392.0,temp.admin.205,LOW,Analyst,Legal,0.0,7.0,Active,0.0,1.0,0.0
,,,19,,,,,,,,,,,,1159.0,user.admin.918,LOW,User,HR,0.0,3.0,Active,0.0,0.0,0.0
,,,40,,,,,,,,,,,,408970.0,specialist.risk.726,MEDIUM,User,Operations,0.0,0.0,Active,0.0,2.0,0.0
,,,74,,,,,,,,,,,,217066.0,manager.security.269,HIGH,User,IT,1.0,4.0,Active,0.0,0.0,0.0
,,,17,,,,,,,,,,,,160237.0,guest.ops.834,LOW,Manager,IT,0.0,7.0,Active,0.0,4.0,0.0
,,,74,,,,,,,,,,,,52055.0,director.risk.710,HIGH,Analyst,Operations,1.0,5.0,Active,1.0,11.0,0.0
,,,17,,,,,,,,,,,,2609.0,user.support.755,LOW,Analyst,Operations,0.0,28.0,Inactive,0.0,1.0,1.0
,,,48,,,,,,,,,,,,507.0,specialist.security.740,MEDIUM,Analyst,Operations,0.0,12.0,Active,0.0,1.0,0.0
,,,43,,,,,,,,,,,,13225.0,engineer.security.766,MEDIUM,Manager,HR,0.0,18.0,Active,1.0,1.0,0.0
,,,19,,,,,,,,,,,,1142.0,temp.ops.980,LOW,Analyst,HR,0.0,17.0,Active,0.0,4.0,0.0
,,,47,,,,,,,,,,,,8251.0,analyst.infra.826,MEDIUM,User,Operations,0.0,20.0,Active,1.0,0.0,0.0
,,,16,,,,,,,,,,,,2906.0,temp.ops.737,LOW,User,Operations,0.0,19.0,Active,0.0,2.0,0.0
,,,23,,,,,,,,,,,,1757.0,temp.admin.769,LOW,Analyst,IT,0.0,15.0,Active,0.0,0.0,0.0
,,,77,,,,,,,,,,,,6746.0,manager.security.294,HIGH,Analyst,Operations,1.0,1.0,Active,1.0,1.0,0.0
,,,46,,,,,,,,,,,,2278.0,admin.security.424,MEDIUM,Analyst,Operations,0.0,3.0,Active,1.0,0.0,0.0
,,,79,,,,,,,,,,,,5494.0,lead.tech.113,HIGH,Manager,Finance,1.0,24.0,Inactive,1.0,3.0,0.0
,,,18,,,,,,,,,,,,13949.0,guest.admin.806,LOW,Manager,Legal,0.0,14.0,Active,1.0,3.0,0.0
,,,16,,,,,,,,,,,,1393.0,user.support.926,LOW,Analyst,HR,0.0,21.0,Active,0.0,2.0,1.0
,,,17,,,,,,,,,,,,35795.0,temp.ops.716,LOW,Analyst,HR,0.0,24.0,Active,0.0,0.0,0.0
,,,97,,,,,,,,,,,,268218.0,ceo.exec.244,CRITICAL,User,HR,1.0,25.0,Active,1.0,3.0,0.0
,,,21,,,,,,,,,,,,1374.0,user.admin.123,LOW,Analyst,Operations,0.0,24.0,Active,0.0,1.0,0.0
,,,79,,,,,,,,,,,,70946.0,manager.security.110,HIGH,User,Legal,1.0,20.0,Active,1.0,0.0,0.0
,,,79,,,,,,,,,,,,2083.0,vp.tech.112,HIGH,User,Operations,1.0,14.0,Active,0.0,4.0,0.0
,,,49,,,,,,,,,,,,216708.0,specialist.infra.665,MEDIUM,Analyst,Finance,0.0,16.0,Active,0.0,1.0,0.0
,,,18,,,,,,,,,,,,2389.0,guest.ops.774,LOW,User,IT,0.0,17.0,Active,1.0,0.0,0.0
,,,46,,,,,,,,,,,,3505.0,engineer.risk.588,MEDIUM,Analyst,IT,0.0,4.0,Inactive,1.0,0.0,0.0
,,,21,,,,,,,,,,,,4083.0,temp.support.729,LOW,User,Operations,0.0,0.0,Active,1.0,1.0,0.0
,,,21,,,,,,,,,,,,1634.0,user.ops.913,LOW,User,Finance,0.0,25.0,Active,1.0,0.0,0.0
,,,41,,,,,,,,,,,,59111.0,admin.infra.150,MEDIUM,Manager,Finance,0.0,28.0,Active,0.0,0.0,0.0
,,,46,,,,,,,,,,,,64390.0,analyst.security.377,MEDIUM,Manager,IT,0.0,14.0,Active,1.0,17.0,0.0
,,,20,,,,,,,,,,,,374.0,user.ops.904,LOW,Analyst,Operations,0.0,24.0,Active,0.0,13.0,1.0
,,,73,,,,,,,,,,,,90131.0,lead.trading.436,HIGH,Analyst,HR,1.0,4.0,Active,1.0,3.0,0.0
,,,42,,,,,,,,,,,,3866.0,analyst.infra.257,MEDIUM,Analyst,HR,0.0,4.0,Suspended,1.0,0.0,0.0
,,,95,,,,,,,,,,,,140747.0,cto.exec.420,CRITICAL,User,Finance,1.0,11.0,Active,1.0,0.0,0.0
,,,73,,,,,,,,,,,,34645.0,vp.security.116,HIGH,User,Operations,1.0,25.0,Active,1.0,0.0,0.0
,,,98,,,,,,,,,,,,2528.0,cto.board.29,CRITICAL,Manager,Legal,1.0,14.0,Active,1.0,1.0,0.0
,,,46,,,,,,,,,,,,216363.0,analyst.security.460,MEDIUM,Analyst,HR,0.0,25.0,Active,1.0,8.0,0.0
,,,49,,,,,,,,,,,,94739.0,engineer.security.94,MEDIUM,Manager,IT,0.0,8.0,Active,0.0,12.0,1.0
,,,22,,,,,,,,,,,,56052.0,temp.support.306,LOW,User,IT,0.0,22.0,Active,0.0,7.0,0.0
,,,74,,,,,,,,,,,,45098.0,vp.security.381,HIGH,Manager,Finance,1.0,22.0,Active,1.0,4.0,1.0
,,,16,,,,,,,,,,,,146466.0,temp.admin.922,LOW,User,IT,0.0,8.0,Suspended,0.0,16.0,0.0
,,,17,,,,,,,,,,,,38032.0,user.admin.897,LOW,Exec,Finance,0.0,28.0,Active,0.0,1.0,0.0
,,,45,,,,,,,,,,,,125839.0,admin.security.858,MEDIUM,Analyst,Finance,0.0,15.0,Active,1.0,5.0,1.0
,,,46,,,,,,,,,,,,151004.0,specialist.infra.405,MEDIUM,User,HR,0.0,25.0,Active,1.0,2.0,0.0
,,,16,,,,,,,,,,,,18765.0,guest.ops.579,LOW,User,Finance,0.0,17.0,Active,1.0,0.0,0.0
,,,97,,,,,,,,,,,,58068.0,cto.exec.657,CRITICAL,Analyst,Finance,1.0,13.0,Active,1.0,1.0,0.0
,,,98,,,,,,,,,,,,80671.0,cfo.exec.988,CRITICAL,Analyst,HR,1.0,13.0,Active,1.0,8.0,0.0
,,,43,,,,,,,,,,,,179.0,admin.security.611,MEDIUM,Analyst,Operations,0.0,12.0,Active,0.0,0.0,0.0
,,,49,,,,,,,,,,,,6714.0,engineer.ops.645,MEDIUM,User,IT,0.0,29.0,Active,1.0,10.0,0.0
,,,41,,,,,,,,,,,,5597.0,admin.security.126,MEDIUM,User,IT,0.0,15.0,Active,1.0,2.0,0.0
,,,15,,,,,,,,,,,,11376.0,guest.admin.905,LOW,Analyst,Finance,0.0,0.0,Suspended,0.0,1.0,0.0
,,,74,,,,,,,,,,,,5769.0,manager.security.265,HIGH,User,Finance,1.0,2.0,Active,0.0,0.0,0.0
,,,47,,,,,,,,,,,,1101.0,engineer.ops.597,MEDIUM,User,Finance,0.0,15.0,Active,1.0,3.0,0.0
,,,42,,,,,,,,,,,,9549.0,engineer.security.357,MEDIUM,Analyst,Finance,0.0,26.0,Active,1.0,5.0,0.0
,,,71,,,,,,,,,,,,14556.0,director.trading.425,HIGH,Analyst,Finance,1.0,13.0,Active,1.0,1.0,0.0
,,,42,,,,,,,,,,,,16514.0,specialist.infra.535,MEDIUM,Manager,Legal,0.0,29.0,Suspended,0.0,2.0,0.0
,,,73,,,,,,,,,,,,9786.0,director.security.654,HIGH,Manager,Legal,1.0,13.0,Active,1.0,1.0,0.0
,,,19,,,,,,,,,,,,3470.0,temp.admin.853,LOW,User,Finance,0.0,15.0,Active,0.0,1.0,0.0
,,,46,,,,,,,,,,,,257595.0,admin.security.311,MEDIUM,Analyst,Operations,0.0,2.0,Active,1.0,0.0,0.0
,,,79,,,,,,,,,,,,134671.0,lead.risk.127,HIGH,Analyst,Legal,1.0,24.0,Active,1.0,1.0,0.0
,,,71,,,,,,,,,,,,117267.0,manager.tech.665,HIGH,Analyst,HR,1.0,22.0,Active,1.0,7.0,0.0
,,,70,,,,,,,,,,,,57565.0,lead.risk.482,HIGH,User,Finance,1.0,9.0,Suspended,0.0,5.0,0.0
,,,75,,,,,,,,,,,,96711.0,vp.risk.175,HIGH,Analyst,Operations,1.0,16.0,Active,1.0,2.0,1.0
,,,74,,,,,,,,,,,,15758.0,manager.risk.300,HIGH,Analyst,Operations,1.0,7.0,Active,1.0,2.0,0.0
,,,74,,,,,,,,,,,,269059.0,lead.security.122,HIGH,Analyst,Finance,1.0,8.0,Active,1.0,2.0,1.0
,,,41,,,,,,,,,,,,80070.0,specialist.infra.446,MEDIUM,User,Operations,0.0,7.0,Active,1.0,3.0,0.0
,,,72,,,,,,,,,,,,303058.0,manager.security.217,HIGH,Analyst,Finance,1.0,9.0,Active,1.0,1.0,0.0
,,,98,,,,,,,,,,,,283666.0,ceo.board.42,CRITICAL,User,HR,1.0,29.0,Active,1.0,4.0,0.0
,,,79,,,,,,,,,,,,244179.0,vp.security.226,HIGH,Exec,Finance,1.0,17.0,Active,0.0,0.0,0.0
,,,43,,,,,,,,,,,,102950.0,specialist.risk.515,MEDIUM,Analyst,HR,0.0,17.0,Active,0.0,4.0,0.0
,,,21,,,,,,,,,,,,312348.0,guest.admin.584,LOW,User,IT,0.0,3.0,Active,0.0,0.0,0.0
,,,42,,,,,,,,,,,,304839.0,engineer.ops.438,MEDIUM,Analyst,IT,0.0,13.0,Active,0.0,0.0,0.0
,,,72,,,,,,,,,,,,129980.0,vp.security.222,HIGH,Analyst,Finance,1.0,17.0,Active,1.0,4.0,0.0
,,,70,,,,,,,,,,,,80514.0,director.tech.298,HIGH,Manager,IT,1.0,18.0,Active,1.0,4.0,0.0
,,,42,,,,,,,,,,,,52805.0,engineer.infra.969,MEDIUM,User,Legal,0.0,1.0,Inactive,1.0,0.0,0.0
,,,47,,,,,,,,,,,,424138.0,analyst.ops.284,MEDIUM,Analyst,IT,0.0,10.0,Active,1.0,1.0,0.0
,,,47,,,,,,,,,,,,8516.0,analyst.ops.588,MEDIUM,Analyst,Finance,0.0,18.0,Active,1.0,1.0,0.0
,,,16,,,,,,,,,,,,215160.0,guest.ops.843,LOW,User,HR,0.0,17.0,Active,0.0,0.0,0.0
,,,43,,,,,,,,,,,,19872.0,admin.security.510,MEDIUM,Analyst,Legal,0.0,4.0,Active,0.0,3.0,0.0
,,,42,,,,,,,,,,,,306300.0,engineer.infra.233,MEDIUM,User,Finance,0.0,27.0,Active,1.0,0.0,0.0
,,,15,,,,,,,,,,,,12867.0,temp.admin.07,LOW,User,Legal,0.0,20.0,Active,0.0,3.0,0.0
,,,49,,,,,,,,,,,,277785.0,admin.ops.08,MEDIUM,User,Legal,0.0,2.0,Active,1.0,2.0,0.0
,,,18,,,,,,,,,,,,76826.0,intern.admin.807,LOW,User,IT,0.0,13.0,Active,0.0,3.0,1.0
,,,77,,,,,,,,,,,,269484.0,vp.risk.429,HIGH,Exec,IT,1.0,5.0,Active,1.0,0.0,0.0
,,,19,,,,,,,,,,,,274646.0,user.admin.849,LOW,Analyst,IT,0.0,24.0,Active,0.0,1.0,0.0
,,,43,,,,,,,,,,,,158419.0,specialist.ops.757,MEDIUM,Analyst,IT,0.0,21.0,Active,0.0,0.0,0.0
,,,49,,,,,,,,,,,,160540.0,admin.infra.347,MEDIUM,User,Finance,0.0,15.0,Active,1.0,1.0,0.0
,,,91,,,,,,,,,,,,228614.0,ceo.board.570,CRITICAL,Analyst,IT,1.0,15.0,Active,1.0,1.0,0.0
,,,46,,,,,,,,,,,,156188.0,analyst.security.560,MEDIUM,User,IT,0.0,3.0,Active,1.0,0.0,1.0
,,,18,,,,,,,,,,,,103140.0,user.support.314,LOW,Manager,Operations,0.0,20.0,Active,0.0,0.0,0.0
,,,41,,,,,,,,,,,,237533.0,admin.infra.844,MEDIUM,User,Legal,0.0,24.0,Active,0.0,0.0,0.0
,,,98,,,,,,,,,,,,27103.0,cfo.board.68,CRITICAL,User,Operations,1.0,18.0,Active,1.0,0.0,0.0
,,,23,,,,,,,,,,,,305477.0,temp.admin.970,LOW,Analyst,Finance,0.0,19.0,Active,1.0,2.0,0.0
,,,47,,,,,,,,,,,,12082.0,admin.security.885,MEDIUM,Exec,Operations,0.0,16.0,Active,0.0,0.0,1.0
,,,78,,,,,,,,,,,,31426.0,director.tech.657,HIGH,Analyst,Finance,1.0,2.0,Active,1.0,0.0,0.0
,,,42,,,,,,,,,,,,322937.0,specialist.infra.329,MEDIUM,Analyst,HR,0.0,27.0,Active,1.0,2.0,0.0
,,,18,,,,,,,,,,,,272556.0,user.support.968,LOW,Manager,Finance,0.0,11.0,Active,0.0,4.0,1.0
,,,46,,,,,,,,,,,,2839.0,engineer.ops.325,MEDIUM,Analyst,IT,0.0,22.0,Active,0.0,3.0,0.0
,,,19,,,,,,,,,,,,307687.0,temp.support.594,LOW,Analyst,Finance,0.0,5.0,Active,1.0,1.0,0.0
,,,40,,,,,,,,,,,,39694.0,analyst.security.672,MEDIUM,Exec,IT,0.0,1.0,Active,0.0,4.0,0.0
,,,15,,,,,,,,,,,,39465.0,intern.ops.514,LOW,Analyst,Legal,0.0,6.0,Active,0.0,1.0,0.0
,,,44,,,,,,,,,,,,236743.0,analyst.ops.10,MEDIUM,Analyst,Finance,0.0,22.0,Active,1.0,5.0,0.0
,,,76,,,,,,,,,,,,301085.0,manager.tech.288,HIGH,User,Operations,1.0,26.0,Active,1.0,2.0,0.0
,,,45,,,,,,,,,,,,214404.0,admin.risk.597,MEDIUM,Analyst,Legal,0.0,14.0,Active,1.0,0.0,0.0
,,,90,,,,,,,,,,,,319646.0,head_security.exec.195,CRITICAL,Analyst,Legal,1.0,3.0,Active,0.0,1.0,0.0
,,,71,,,,,,,,,,,,314080.0,lead.risk.01,HIGH,Manager,IT,1.0,23.0,Active,1.0,1.0,0.0
,,,95,,,,,,,,,,,,159088.0,head_security.board.751,CRITICAL,User,HR,1.0,23.0,Active,1.0,1.0,0.0
,,,17,,,,,,,,,,,,39126.0,user.support.356,LOW,User,Operations,0.0,2.0,Active,0.0,0.0,0.0
,,,45,,,,,,,,,,,,211876.0,analyst.ops.328,MEDIUM,User,IT,0.0,10.0,Active,0.0,4.0,0.0
,,,40,,,,,,,,,,,,96521.0,analyst.ops.694,MEDIUM,Manager,Operations,0.0,27.0,Active,1.0,3.0,0.0
,,,19,,,,,,,,,,,,211777.0,intern.admin.813,LOW,Analyst,IT,0.0,15.0,Active,0.0,0.0,0.0
,,,76,,,,,,,,,,,,63643.0,manager.tech.135,HIGH,User,Legal,1.0,17.0,Active,1.0,2.0,0.0
,,,43,,,,,,,,,,,,278960.0,analyst.ops.611,MEDIUM,User,Operations,0.0,23.0,Active,0.0,4.0,0.0
,,,46,,,,,,,,,,,,259677.0,engineer.ops.342,MEDIUM,Manager,IT,0.0,20.0,Active,1.0,3.0,0.0
,,,23,,,,,,,,,,,,323041.0,user.admin.936,LOW,Manager,Operations,0.0,17.0,Active,0.0,1.0,0.0
,,,22,,,,,,,,,,,,295510.0,guest.ops.210,LOW,User,Operations,0.0,6.0,Active,0.0,0.0,0.0
,,,99,,,,,,,,,,,,42401.0,head_security.board.898,CRITICAL,Exec,HR,1.0,23.0,Active,1.0,0.0,0.0
,,,23,,,,,,,,,,,,44133.0,intern.support.965,LOW,User,IT,0.0,17.0,Active,0.0,18.0,0.0
,,,70,,,,,,,,,,,,14379.0,lead.security.490,HIGH,User,Finance,1.0,19.0,Active,0.0,2.0,0.0
,,,46,,,,,,,,,,,,8077.0,admin.security.613,MEDIUM,User,Legal,0.0,22.0,Suspended,1.0,0.0,0.0
,,,42,,,,,,,,,,,,1289.0,admin.risk.553,MEDIUM,User,IT,0.0,15.0,Active,0.0,1.0,0.0
,,,79,,,,,,,,,,,,3359.0,vp.tech.433,HIGH,Manager,Finance,1.0,18.0,Suspended,1.0,0.0,0.0
,,,77,,,,,,,,,,,,6903.0,lead.trading.228,HIGH,Analyst,IT,1.0,23.0,Active,1.0,0.0,0.0
,,,44,,,,,,,,,,,,3151.0,analyst.security.907,MEDIUM,Analyst,Finance,0.0,19.0,Suspended,1.0,0.0,0.0
,,,18,,,,,,,,,,,,22416.0,intern.support.821,LOW,User,IT,0.0,1.0,Active,0.0,0.0,0.0
,,,21,,,,,,,,,,,,13647.0,temp.ops.845,LOW,User,Legal,0.0,3.0,Active,1.0,1.0,0.0
,,,49,,,,,,,,,,,,11269.0,analyst.infra.378,MEDIUM,User,Finance,0.0,10.0,Active,1.0,0.0,0.0
,,,24,,,,,,,,,,,,199905.0,guest.admin.62,LOW,Analyst,HR,0.0,15.0,Active,0.0,3.0,0.0
,,,76,,,,,,,,,,,,30219.0,director.tech.217,HIGH,User,Finance,1.0,22.0,Active,0.0,1.0,0.0
,,,77,,,,,,,,,,,,30024.0,lead.risk.525,HIGH,Analyst,Legal,1.0,15.0,Active,0.0,4.0,0.0
,,,46,,,,,,,,,,,,6489.0,analyst.security.685,MEDIUM,Analyst,Legal,0.0,15.0,Inactive,1.0,0.0,0.0
,,,79,,,,,,,,,,,,89149.0,manager.trading.307,HIGH,Analyst,Operations,1.0,7.0,Active,0.0,12.0,0.0
,,,95,,,,,,,,,,,,191632.0,ceo.board.747,CRITICAL,User,Legal,1.0,11.0,Active,1.0,14.0,0.0
,,,49,,,,,,,,,,,,226179.0,admin.risk.341,MEDIUM,Analyst,Operations,0.0,1.0,Active,0.0,2.0,0.0
,,,45,,,,,,,,,,,,86072.0,engineer.infra.616,MEDIUM,Manager,Legal,0.0,12.0,Active,1.0,15.0,0.0
,,,98,,,,,,,,,,,,122127.0,ceo.board.620,CRITICAL,User,Operations,1.0,10.0,Active,1.0,12.0,1.0
,,,98,,,,,,,,,,,,54064.0,cto.exec.22,CRITICAL,Analyst,Finance,1.0,15.0,Active,1.0,9.0,0.0
,,,47,,,,,,,,,,,,203436.0,admin.security.871,MEDIUM,User,Legal,0.0,23.0,Active,0.0,0.0,0.0
,,,41,,,,,,,,,,,,22890.0,analyst.security.62,MEDIUM,User,Finance,0.0,16.0,Active,0.0,0.0,0.0
,,,41,,,,,,,,,,,,230484.0,specialist.security.662,MEDIUM,User,HR,0.0,9.0,Active,1.0,21.0,0.0
,,,40,,,,,,,,,,,,364653.0,engineer.risk.688,MEDIUM,User,Finance,0.0,22.0,Active,1.0,11.0,0.0
,,,94,,,,,,,,,,,,387845.0,cto.board.310,CRITICAL,Exec,IT,1.0,8.0,Active,0.0,13.0,0.0
,,,17,,,,,,,,,,,,204194.0,guest.admin.860,LOW,User,Legal,0.0,22.0,Active,0.0,14.0,0.0
,,,40,,,,,,,,,,,,5529.0,engineer.infra.521,MEDIUM,Analyst,IT,0.0,0.0,Active,0.0,0.0,0.0
,,,72,,,,,,,,,,,,3859.0,manager.tech.274,HIGH,Analyst,Operations,1.0,24.0,Inactive,1.0,3.0,0.0
,,,45,,,,,,,,,,,,17672.0,specialist.security.580,MEDIUM,User,Finance,0.0,21.0,Active,1.0,2.0,1.0
,,,45,,,,,,,,,,,,119300.0,analyst.ops.436,MEDIUM,User,HR,0.0,11.0,Active,1.0,4.0,0.0
,,,98,,,,,,,,,,,,314964.0,ceo.exec.19,CRITICAL,Analyst,HR,1.0,4.0,Active,1.0,1.0,0.0
,,,98,,,,,,,,,,,,37129.0,cto.board.32,CRITICAL,User,Finance,1.0,4.0,Active,1.0,9.0,0.0
,,,94,,,,,,,,,,,,385097.0,cfo.exec.307,CRITICAL,User,Legal,1.0,25.0,Active,1.0,7.0,1.0
,,,74,,,,,,,,,,,,105081.0,vp.tech.161,HIGH,Analyst,Legal,1.0,13.0,Active,0.0,0.0,0.0
,,,90,,,,,,,,,,,,1901.0,head_security.exec.431,CRITICAL,Analyst,Operations,1.0,15.0,Active,1.0,5.0,0.0
,,,47,,,,,,,,,,,,3463.0,analyst.risk.353,MEDIUM,Analyst,IT,0.0,5.0,Suspended,1.0,15.0,1.0
,,,78,,,,,,,,,,,,528.0,vp.security.52,HIGH,Analyst,Operations,1.0,26.0,Inactive,0.0,13.0,0.0
,,,72,,,,,,,,,,,,16216.0,lead.tech.308,HIGH,User,Legal,1.0,8.0,Active,1.0,13.0,0.0
,,,95,,,,,,,,,,,,1888.0,ceo.exec.217,CRITICAL,User,IT,1.0,15.0,Active,1.0,5.0,1.0
,,,21,,,,,,,,,,,,1260.0,user.ops.919,LOW,Analyst,IT,0.0,7.0,Active,0.0,15.0,1.0
,,,98,,,,,,,,,,,,272383.0,cto.exec.538,CRITICAL,Analyst,Finance,1.0,19.0,Active,1.0,17.0,1.0
,,,75,,,,,,,,,,,,94103.0,director.tech.230,HIGH,Manager,IT,1.0,9.0,Active,1.0,7.0,0.0
,,,43,,,,,,,,,,,,77906.0,specialist.ops.495,MEDIUM,Analyst,Finance,0.0,18.0,Active,0.0,8.0,0.0
,,,42,,,,,,,,,,,,6985.0,specialist.ops.561,MEDIUM,User,Operations,0.0,19.0,Inactive,0.0,16.0,0.0
,,,74,,,,,,,,,,,,91071.0,vp.security.638,HIGH,Analyst,Operations,1.0,12.0,Active,1.0,13.0,0.0
,,,93,,,,,,,,,,,,285007.0,cfo.board.691,CRITICAL,Analyst,Finance,1.0,18.0,Active,1.0,8.0,0.0
,,,42,,,,,,,,,,,,140004.0,analyst.security.373,MEDIUM,Analyst,Operations,0.0,1.0,Active,0.0,23.0,1.0
,,,40,,,,,,,,,,,,147877.0,analyst.infra.490,MEDIUM,User,HR,0.0,16.0,Active,1.0,17.0,1.0
,,,75,,,,,,,,,,,,283948.0,vp.tech.728,HIGH,User,Finance,1.0,7.0,Active,1.0,10.0,0.0
,,,72,,,,,,,,,,,,93512.0,vp.risk.996,HIGH,User,Operations,1.0,15.0,Active,0.0,14.0,1.0
,,,44,,,,,,,,,,,,306427.0,specialist.security.473,MEDIUM,Analyst,Legal,0.0,19.0,Active,0.0,10.0,0.0
,,,73,,,,,,,,,,,,39515.0,lead.risk.761,HIGH,Analyst,Operations,1.0,12.0,Active,1.0,5.0,0.0
,,,92,,,,,,,,,,,,143646.0,head_security.exec.779,CRITICAL,Analyst,Operations,1.0,9.0,Active,1.0,16.0,1.0
,,,45,,,,,,,,,,,,20534.0,specialist.infra.43,MEDIUM,Analyst,Operations,0.0,27.0,Active,1.0,9.0,1.0
,,,40,,,,,,,,,,,,252512.0,admin.security.275,MEDIUM,User,Finance,0.0,14.0,Active,0.0,11.0,0.0
,,,77,,,,,,,,,,,,2848.0,manager.risk.359,HIGH,Analyst,Finance,1.0,19.0,Active,1.0,9.0,0.0
,,,74,,,,,,,,,,,,34025.0,lead.trading.277,HIGH,User,Finance,1.0,3.0,Active,1.0,13.0,0.0
,,,99,,,,,,,,,,,,7432.0,ceo.board.588,CRITICAL,Analyst,IT,1.0,3.0,Active,1.0,16.0,0.0
,,,77,,,,,,,,,,,,2108.0,vp.risk.149,HIGH,Analyst,Legal,1.0,17.0,Suspended,1.0,11.0,0.0
,,,46,,,,,,,,,,,,3526.0,engineer.risk.208,MEDIUM,Analyst,IT,0.0,6.0,Active,1.0,0.0,0.0
,,,40,,,,,,,,,,,,239489.0,admin.ops.455,MEDIUM,Analyst,IT,0.0,21.0,Active,0.0,5.0,0.0
,,,72,,,,,,,,,,,,40707.0,lead.tech.363,HIGH,Analyst,Operations,1.0,4.0,Active,0.0,10.0,1.0
,,,23,,,,,,,,,,,,10350.0,guest.admin.848,LOW,User,IT,0.0,14.0,Active,0.0,13.0,0.0
,,,73,,,,,,,,,,,,25614.0,manager.security.345,HIGH,User,IT,1.0,13.0,Active,1.0,24.0,0.0
,,,92,,,,,,,,,,,,1780.0,cto.exec.567,CRITICAL,Analyst,Operations,1.0,14.0,Active,0.0,16.0,1.0
,,,70,,,,,,,,,,,,207457.0,director.risk.395,HIGH,Exec,Finance,1.0,16.0,Active,0.0,14.0,0.0
,,,92,,,,,,,,,,,,117638.0,head_security.board.775,CRITICAL,Analyst,HR,1.0,12.0,Active,1.0,11.0,0.0
,,,41,,,,,,,,,,,,401416.0,analyst.ops.628,MEDIUM,Analyst,HR,0.0,2.0,Active,1.0,4.0,0.0
,,,76,,,,,,,,,,,,318960.0,vp.security.233,HIGH,Analyst,IT,1.0,25.0,Active,1.0,4.0,0.0
,,,99,,,,,,,,,,,,76376.0,ceo.exec.457,CRITICAL,User,Legal,1.0,2.0,Active,1.0,15.0,0.0
,,,45,,,,,,,,,,,,19947.0,specialist.risk.493,MEDIUM,Analyst,Operations,0.0,9.0,Active,1.0,3.0,1.0
,,,75,,,,,,,,,,,,57547.0,director.trading.210,HIGH,Manager,Operations,1.0,2.0,Active,1.0,18.0,0.0
,,,46,,,,,,,,,,,,50862.0,analyst.ops.518,MEDIUM,Analyst,Finance,0.0,9.0,Active,0.0,12.0,0.0
,,,43,,,,,,,,,,,,228284.0,specialist.ops.798,MEDIUM,Analyst,Operations,0.0,18.0,Active,0.0,6.0,0.0
,,,72,,,,,,,,,,,,81100.0,lead.security.643,HIGH,User,IT,1.0,19.0,Active,1.0,15.0,1.0
,,,48,,,,,,,,,,,,241691.0,engineer.risk.490,MEDIUM,Analyst,Operations,0.0,6.0,Active,1.0,12.0,1.0
,,,74,,,,,,,,,,,,111624.0,vp.tech.730,HIGH,Analyst,HR,1.0,17.0,Active,1.0,8.0,1.0
,,,44,,,,,,,,,,,,21873.0,admin.risk.398,MEDIUM,Analyst,Finance,0.0,8.0,Active,0.0,5.0,1.0
,,,16,,,,,,,,,,,,1913.0,user.ops.10,LOW,User,Legal,0.0,28.0,Active,1.0,5.0,0.0
,,,72,,,,,,,,,,,,19578.0,vp.trading.797,HIGH,Analyst,Finance,1.0,22.0,Active,0.0,0.0,0.0
,,,48,,,,,,,,,,,,210152.0,analyst.security.311,MEDIUM,Manager,Operations,0.0,1.0,Active,0.0,0.0,0.0
,,,76,,,,,,,,,,,,372288.0,director.security.632,HIGH,User,Operations,1.0,23.0,Suspended,1.0,0.0,0.0
,,,99,,,,,,,,,,,,51952.0,ceo.exec.69,CRITICAL,User,IT,1.0,28.0,Active,1.0,1.0,0.0
,,,24,,,,,,,,,,,,258098.0,intern.support.926,LOW,User,Legal,0.0,25.0,Active,0.0,4.0,0.0
,,,42,,,,,,,,,,,,100642.0,admin.infra.835,MEDIUM,User,Finance,0.0,7.0,Active,1.0,1.0,0.0
,,,75,,,,,,,,,,,,94305.0,manager.security.274,HIGH,Analyst,HR,1.0,1.0,Active,0.0,10.0,1.0
,,,16,,,,,,,,,,,,87026.0,user.admin.852,LOW,User,Finance,0.0,12.0,Active,0.0,2.0,0.0
,,,23,,,,,,,,,,,,165544.0,guest.admin.803,LOW,User,Finance,0.0,12.0,Active,0.0,2.0,0.0
,,,92,,,,,,,,,,,,230215.0,head_security.board.50,CRITICAL,Manager,Legal,1.0,5.0,Active,1.0,2.0,0.0
,,,78,,,,,,,,,,,,283155.0,director.trading.266,HIGH,Analyst,Finance,1.0,15.0,Active,0.0,0.0,0.0
,,,75,,,,,,,,,,,,109299.0,lead.risk.105,HIGH,Analyst,IT,1.0,7.0,Active,1.0,1.0,0.0
,,,40,,,,,,,,,,,,86998.0,engineer.ops.325,MEDIUM,Analyst,IT,0.0,13.0,Active,1.0,0.0,0.0
,,,23,,,,,,,,,,,,87397.0,temp.support.375,LOW,User,Legal,0.0,11.0,Active,1.0,3.0,0.0
,,,44,,,,,,,,,,,,88290.0,analyst.risk.82,MEDIUM,Analyst,IT,0.0,22.0,Active,0.0,0.0,0.0
,,,42,,,,,,,,,,,,5159.0,engineer.security.351,MEDIUM,Analyst,HR,0.0,13.0,Active,1.0,0.0,0.0
,,,17,,,,,,,,,,,,52415.0,temp.admin.703,LOW,Analyst,IT,0.0,1.0,Active,0.0,1.0,0.0
,,,96,,,,,,,,,,,,34487.0,head_security.board.46,CRITICAL,User,Operations,1.0,6.0,Active,1.0,0.0,0.0
,,,75,,,,,,,,,,,,72014.0,manager.risk.202,HIGH,Manager,Finance,1.0,23.0,Suspended,0.0,15.0,1.0
,,,22,,,,,,,,,,,,55939.0,temp.ops.557,LOW,Exec,Finance,0.0,11.0,Active,0.0,8.0,1.0
,,,42,,,,,,,,,,,,129972.0,engineer.ops.384,MEDIUM,Manager,Legal,0.0,19.0,Active,0.0,12.0,1.0
,,,99,,,,,,,,,,,,40841.0,head_security.exec.291,CRITICAL,User,Legal,1.0,0.0,Inactive,1.0,11.0,1.0
,,,24,,,,,,,,,,,,136047.0,temp.ops.707,LOW,Analyst,Operations,0.0,21.0,Active,0.0,12.0,0.0
,,,19,,,,,,,,,,,,2594.0,user.ops.736,LOW,User,HR,0.0,23.0,Active,0.0,8.0,0.0
,,,40,,,,,,,,,,,,40751.0,admin.ops.420,MEDIUM,Analyst,IT,0.0,17.0,Active,0.0,13.0,1.0
,,,20,,,,,,,,,,,,149556.0,intern.admin.54,LOW,Analyst,Operations,0.0,5.0,Inactive,0.0,9.0,0.0
,,,42,,,,,,,,,,,,153729.0,engineer.risk.528,MEDIUM,Analyst,Operations,0.0,5.0,Active,1.0,4.0,0.0
,,,70,,,,,,,,,,,,30896.0,director.security.286,HIGH,Manager,IT,1.0,12.0,Active,1.0,12.0,0.0
,,,71,,,,,,,,,,,,5867.0,vp.tech.248,HIGH,Manager,HR,1.0,5.0,Active,1.0,21.0,0.0
,,,97,,,,,,,,,,,,49994.0,cfo.exec.723,CRITICAL,Analyst,Operations,1.0,8.0,Active,1.0,5.0,0.0
,,,90,,,,,,,,,,,,3602.0,ceo.board.608,CRITICAL,Analyst,Operations,1.0,2.0,Active,1.0,18.0,0.0
,,,15,,,,,,,,,,,,285245.0,user.ops.766,LOW,User,HR,0.0,19.0,Active,1.0,6.0,0.0
,,,45,,,,,,,,,,,,103409.0,analyst.security.391,MEDIUM,User,IT,0.0,23.0,Active,0.0,8.0,0.0
,,,72,,,,,,,,,,,,7728.0,lead.trading.965,HIGH,Manager,Finance,1.0,6.0,Active,1.0,8.0,1.0
,,,92,,,,,,,,,,,,99522.0,head_security.board.521,CRITICAL,User,Operations,1.0,12.0,Active,1.0,27.0,0.0
,,,47,,,,,,,,,,,,153447.0,specialist.risk.372,MEDIUM,Manager,Finance,0.0,23.0,Active,0.0,2.0,0.0
,,,47,,,,,,,,,,,,191525.0,analyst.infra.488,MEDIUM,Analyst,Operations,0.0,1.0,Active,1.0,14.0,0.0
,,,93,,,,,,,,,,,,100316.0,cto.exec.62,CRITICAL,Manager,Finance,1.0,12.0,Active,1.0,22.0,0.0
,,,90,,,,,,,,,,,,28390.0,cto.exec.432,CRITICAL,Analyst,IT,1.0,28.0,Active,1.0,11.0,0.0
,,,74,,,,,,,,,,,,60346.0,director.tech.731,HIGH,Manager,Finance,1.0,1.0,Active,1.0,9.0,1.0
,,,42,,,,,,,,,,,,45034.0,engineer.risk.25,MEDIUM,User,Legal,0.0,13.0,Suspended,0.0,12.0,1.0
,,,77,,,,,,,,,,,,237561.0,manager.tech.197,HIGH,User,Operations,1.0,0.0,Active,1.0,5.0,0.0
,,,41,,,,,,,,,,,,314581.0,analyst.ops.502,MEDIUM,Manager,Operations,0.0,4.0,Active,1.0,8.0,0.0
,,,70,,,,,,,,,,,,24039.0,lead.tech.925,HIGH,User,Operations,1.0,8.0,Active,1.0,13.0,1.0
,,,75,,,,,,,,,,,,82642.0,manager.trading.819,HIGH,User,IT,1.0,23.0,Active,1.0,1.0,1.0
,,,43,,,,,,,,,,,,267706.0,engineer.ops.384,MEDIUM,User,Operations,0.0,16.0,Suspended,1.0,10.0,0.0
,,,19,,,,,,,,,,,,25105.0,user.ops.979,LOW,Analyst,Legal,0.0,14.0,Active,0.0,17.0,0.0
,,,70,,,,,,,,,,,,221571.0,manager.risk.236,HIGH,Manager,Operations,1.0,6.0,Active,1.0,0.0,0.0
,,,40,,,,,,,,,,,,1854.0,specialist.infra.103,MEDIUM,Analyst,Legal,0.0,17.0,Active,1.0,7.0,1.0
,,,24,,,,,,,,,,,,286646.0,user.support.749,LOW,User,Operations,0.0,22.0,Inactive,0.0,4.0,0.0
,,,47,,,,,,,,,,,,154433.0,specialist.security.560,MEDIUM,Analyst,Legal,0.0,6.0,Suspended,0.0,15.0,0.0
,,,72,,,,,,,,,,,,314862.0,director.risk.260,HIGH,User,IT,1.0,14.0,Active,0.0,9.0,0.0
,,,47,,,,,,,,,,,,12069.0,engineer.security.350,MEDIUM,Analyst,Operations,0.0,20.0,Active,1.0,7.0,0.0
,,,49,,,,,,,,,,,,14595.0,admin.infra.308,MEDIUM,User,Operations,0.0,24.0,Active,1.0,13.0,1.0
,,,90,,,,,,,,,,,,40597.0,cfo.board.471,CRITICAL,User,IT,1.0,0.0,Inactive,1.0,20.0,0.0
,,,70,,,,,,,,,,,,16057.0,lead.risk.694,HIGH,User,Operations,1.0,1.0,Active,0.0,13.0,0.0
,,,70,,,,,,,,,,,,5528.0,director.tech.379,HIGH,Analyst,IT,1.0,14.0,Active,1.0,23.0,1.0
,,,42,,,,,,,,,,,,22773.0,analyst.security.684,MEDIUM,User,IT,0.0,26.0,Active,1.0,1.0,1.0
,,,72,,,,,,,,,,,,2188.0,lead.tech.408,HIGH,Manager,HR,1.0,3.0,Active,1.0,13.0,0.0
,,,22,,,,,,,,,,,,6649.0,user.admin.366,LOW,Analyst,IT,0.0,26.0,Active,0.0,0.0,0.0
,,,75,,,,,,,,,,,,34096.0,manager.security.564,HIGH,Exec,IT,1.0,17.0,Inactive,0.0,0.0,0.0
,,,49,,,,,,,,,,,,18847.0,specialist.infra.508,MEDIUM,Analyst,IT,0.0,12.0,Inactive,1.0,3.0,0.0
,,,22,,,,,,,,,,,,286689.0,user.ops.361,LOW,Manager,Finance,0.0,9.0,Active,1.0,2.0,0.0
,,,23,,,,,,,,,,,,25104.0,temp.support.150,LOW,User,Operations,0.0,20.0,Active,1.0,0.0,0.0
,,,40,,,,,,,,,,,,28004.0,specialist.risk.662,MEDIUM,Analyst,IT,0.0,16.0,Active,1.0,0.0,0.0
,,,20,,,,,,,,,,,,37450.0,temp.ops.872,LOW,User,Operations,0.0,25.0,Active,1.0,2.0,0.0
,,,76,,,,,,,,,,,,25347.0,manager.tech.153,HIGH,User,IT,1.0,26.0,Active,1.0,0.0,0.0
,,,40,,,,,,,,,,,,96404.0,engineer.infra.145,MEDIUM,Analyst,IT,0.0,6.0,Active,0.0,1.0,0.0
,,,97,,,,,,,,,,,,14742.0,ceo.board.597,CRITICAL,Analyst,IT,1.0,9.0,Active,1.0,4.0,0.0
,,,21,,,,,,,,,,,,28327.0,user.ops.223,LOW,User,Finance,0.0,22.0,Active,1.0,0.0,0.0
,,,49,,,,,,,,,,,,29710.0,engineer.ops.69,MEDIUM,Exec,Finance,0.0,9.0,Active,1.0,2.0,0.0
,,,15,,,,,,,,,,,,235216.0,user.ops.277,LOW,User,IT,0.0,24.0,Active,0.0,1.0,0.0
,,,23,,,,,,,,,,,,1999.0,temp.admin.697,LOW,Manager,Finance,0.0,11.0,Active,0.0,1.0,0.0
,,,44,,,,,,,,,,,,8396.0,analyst.security.462,MEDIUM,User,Legal,0.0,28.0,Inactive,0.0,1.0,0.0
,,,23,,,,,,,,,,,,10743.0,intern.support.725,LOW,User,Finance,0.0,8.0,Active,1.0,0.0,0.0
,,,92,,,,,,,,,,,,74271.0,cfo.board.852,CRITICAL,Manager,Operations,1.0,14.0,Inactive,1.0,2.0,0.0
,,,78,,,,,,,,,,,,3953.0,lead.tech.296,HIGH,Analyst,IT,1.0,6.0,Active,1.0,0.0,0.0
,,,72,,,,,,,,,,,,104217.0,vp.trading.290,HIGH,Analyst,Finance,1.0,27.0,Active,1.0,1.0,0.0
,,,95,,,,,,,,,,,,76948.0,ceo.board.93,CRITICAL,User,Finance,1.0,13.0,Active,1.0,0.0,0.0
,,,72,,,,,,,,,,,,82050.0,director.tech.113,HIGH,Manager,Operations,1.0,5.0,Active,1.0,2.0,0.0
,,,44,,,,,,,,,,,,137140.0,analyst.infra.984,MEDIUM,Manager,HR,0.0,21.0,Active,0.0,12.0,1.0
,,,18,,,,,,,,,,,,29131.0,guest.support.394,LOW,User,HR,0.0,14.0,Active,1.0,16.0,0.0
,,,95,,,,,,,,,,,,69698.0,cto.board.37,CRITICAL,Analyst,Finance,1.0,3.0,Active,1.0,3.0,0.0
,,,16,,,,,,,,,,,,36227.0,user.admin.948,LOW,Manager,Operations,0.0,7.0,Inactive,1.0,4.0,0.0
,,,75,,,,,,,,,,,,317984.0,director.trading.777,HIGH,Analyst,IT,1.0,23.0,Active,1.0,4.0,0.0
,,,18,,,,,,,,,,,,8798.0,intern.admin.798,LOW,Analyst,IT,0.0,22.0,Active,0.0,3.0,0.0
,,,70,,,,,,,,,,,,237.0,manager.trading.120,HIGH,User,Operations,1.0,6.0,Active,1.0,1.0,0.0
,,,42,,,,,,,,,,,,1550.0,analyst.infra.759,MEDIUM,User,Legal,0.0,29.0,Active,1.0,0.0,0.0
,,,95,,,,,,,,,,,,5891.0,head_security.exec.07,CRITICAL,Analyst,Finance,1.0,6.0,Active,1.0,2.0,0.0
,,,72,,,,,,,,,,,,17098.0,lead.trading.464,HIGH,Analyst,HR,1.0,2.0,Active,0.0,3.0,0.0
,,,77,,,,,,,,,,,,1250.0,lead.trading.96,HIGH,Manager,Operations,1.0,0.0,Active,0.0,0.0,0.0
,,,96,,,,,,,,,,,,4182.0,head_security.board.18,CRITICAL,Analyst,Operations,1.0,21.0,Active,1.0,2.0,0.0
,,,45,,,,,,,,,,,,449732.0,specialist.security.665,MEDIUM,User,Finance,0.0,16.0,Active,0.0,2.0,0.0
,,,47,,,,,,,,,,,,18287.0,specialist.security.345,MEDIUM,User,Operations,0.0,12.0,Active,1.0,2.0,0.0
,,,21,,,,,,,,,,,,31765.0,guest.support.511,LOW,Analyst,IT,0.0,11.0,Active,1.0,0.0,0.0
,,,44,,,,,,,,,,,,198980.0,admin.risk.425,MEDIUM,User,Operations,0.0,8.0,Active,1.0,2.0,0.0
,,,44,,,,,,,,,,,,5864.0,analyst.security.391,MEDIUM,User,IT,0.0,20.0,Active,1.0,6.0,0.0
,,,40,,,,,,,,,,,,6517.0,engineer.security.643,MEDIUM,User,HR,0.0,21.0,Active,0.0,2.0,0.0
,,,18,,,,,,,,,,,,25108.0,user.ops.49,LOW,Manager,Legal,0.0,17.0,Active,0.0,2.0,1.0
,,,44,,,,,,,,,,,,28261.0,specialist.ops.840,MEDIUM,Analyst,Finance,0.0,13.0,Active,1.0,6.0,0.0
,,,99,,,,,,,,,,,,61913.0,ceo.exec.49,CRITICAL,Analyst,Finance,1.0,9.0,Active,1.0,0.0,0.0
,,,90,,,,,,,,,,,,26559.0,cfo.exec.430,CRITICAL,Manager,HR,1.0,5.0,Active,1.0,0.0,0.0
,,,45,,,,,,,,,,,,288637.0,specialist.security.863,MEDIUM,Exec,HR,0.0,22.0,Active,1.0,10.0,0.0
,,,16,,,,,,,,,,,,38456.0,intern.support.824,LOW,User,IT,0.0,14.0,Active,0.0,2.0,0.0
,,,73,,,,,,,,,,,,5040.0,lead.trading.283,HIGH,User,HR,1.0,20.0,Active,0.0,0.0,0.0
,,,21,,,,,,,,,,,,3759.0,temp.admin.634,LOW,User,IT,0.0,3.0,Active,0.0,4.0,0.0
,,,22,,,,,,,,,,,,6892.0,intern.support.14,LOW,User,IT,0.0,8.0,Active,0.0,3.0,0.0
,,,20,,,,,,,,,,,,37901.0,temp.admin.355,LOW,Exec,Finance,0.0,1.0,Active,0.0,3.0,0.0
,,,22,,,,,,,,,,,,8030.0,guest.ops.789,LOW,User,Legal,0.0,13.0,Active,0.0,0.0,0.0
,,,45,,,,,,,,,,,,7983.0,engineer.risk.750,MEDIUM,Analyst,Legal,0.0,12.0,Active,1.0,5.0,1.0
,,,72,,,,,,,,,,,,25531.0,manager.security.112,HIGH,Analyst,IT,1.0,29.0,Active,1.0,2.0,0.0
,,,22,,,,,,,,,,,,98986.0,user.support.509,LOW,Manager,Finance,0.0,20.0,Active,0.0,4.0,1.0
,,,47,,,,,,,,,,,,73303.0,engineer.security.419,MEDIUM,Analyst,Finance,0.0,16.0,Active,1.0,3.0,0.0
,,,47,,,,,,,,,,,,80737.0,engineer.risk.855,MEDIUM,Analyst,Operations,0.0,24.0,Active,1.0,6.0,0.0
,,,72,,,,,,,,,,,,30782.0,manager.trading.273,HIGH,Manager,Legal,1.0,21.0,Active,0.0,4.0,0.0
,,,49,,,,,,,,,,,,91408.0,admin.security.58,MEDIUM,Analyst,Finance,0.0,28.0,Active,1.0,2.0,0.0
,,,79,,,,,,,,,,,,107867.0,vp.security.667,HIGH,Exec,Legal,1.0,17.0,Active,1.0,3.0,0.0
,,,42,,,,,,,,,,,,29752.0,analyst.security.354,MEDIUM,User,Finance,0.0,0.0,Active,0.0,0.0,0.0
,,,24,,,,,,,,,,,,117051.0,guest.admin.629,LOW,Analyst,HR,0.0,24.0,Active,0.0,0.0,0.0
,,,76,,,,,,,,,,,,96365.0,director.tech.63,HIGH,Analyst,Finance,1.0,29.0,Active,1.0,0.0,0.0
,,,75,,,,,,,,,,,,30711.0,director.trading.144,HIGH,User,IT,1.0,17.0,Active,1.0,4.0,0.0
,,,21,,,,,,,,,,,,27249.0,guest.ops.927,LOW,Analyst,HR,0.0,22.0,Active,0.0,3.0,0.0
,,,42,,,,,,,,,,,,13534.0,analyst.risk.465,MEDIUM,Manager,Legal,0.0,9.0,Active,1.0,2.0,0.0
,,,92,,,,,,,,,,,,38120.0,head_security.board.96,CRITICAL,User,HR,1.0,15.0,Active,1.0,2.0,0.0
,,,75,,,,,,,,,,,,2354.0,manager.risk.108,HIGH,Analyst,IT,1.0,28.0,Active,0.0,0.0,0.0
,,,91,,,,,,,,,,,,13393.0,cto.exec.02,CRITICAL,User,Finance,1.0,7.0,Active,1.0,1.0,0.0
,,,41,,,,,,,,,,,,93524.0,analyst.ops.513,MEDIUM,Manager,Operations,0.0,6.0,Active,1.0,0.0,0.0
,,,95,,,,,,,,,,,,8589.0,head_security.board.870,CRITICAL,Analyst,Operations,1.0,17.0,Active,1.0,2.0,0.0
,,,42,,,,,,,,,,,,196967.0,analyst.risk.194,MEDIUM,Manager,IT,0.0,17.0,Active,1.0,0.0,0.0
,,,70,,,,,,,,,,,,217782.0,director.security.188,HIGH,Exec,IT,1.0,5.0,Active,1.0,11.0,0.0
,,,48,,,,,,,,,,,,11789.0,analyst.risk.699,MEDIUM,Analyst,Operations,0.0,27.0,Active,0.0,1.0,0.0
,,,79,,,,,,,,,,,,187652.0,director.tech.267,HIGH,Manager,Operations,1.0,1.0,Active,0.0,8.0,1.0
,,,45,,,,,,,,,,,,16878.0,analyst.risk.913,MEDIUM,Analyst,IT,0.0,12.0,Active,1.0,9.0,0.0
,,,91,,,,,,,,,,,,200.0,head_security.board.422,CRITICAL,Analyst,Finance,1.0,24.0,Active,1.0,12.0,0.0
,,,43,,,,,,,,,,,,7448.0,specialist.ops.625,MEDIUM,User,IT,0.0,29.0,Active,1.0,14.0,0.0
,,,46,,,,,,,,,,,,84156.0,engineer.security.389,MEDIUM,Analyst,IT,0.0,9.0,Active,0.0,4.0,0.0
,,,42,,,,,,,,,,,,414449.0,admin.ops.180,MEDIUM,Manager,Operations,0.0,16.0,Active,1.0,0.0,0.0
,,,94,,,,,,,,,,,,86151.0,head_security.board.95,CRITICAL,User,HR,1.0,12.0,Active,1.0,2.0,0.0
,,,47,,,,,,,,,,,,101848.0,specialist.risk.536,MEDIUM,User,HR,0.0,12.0,Inactive,0.0,1.0,0.0
,,,47,,,,,,,,,,,,122762.0,admin.ops.296,MEDIUM,Manager,IT,0.0,20.0,Suspended,1.0,0.0,0.0
,,,76,,,,,,,,,,,,80793.0,lead.trading.457,HIGH,Analyst,Finance,1.0,0.0,Active,1.0,2.0,0.0
,,,18,,,,,,,,,,,,231111.0,guest.admin.878,LOW,Analyst,Finance,0.0,27.0,Active,1.0,0.0,0.0
,,,15,,,,,,,,,,,,16538.0,temp.admin.724,LOW,User,IT,0.0,25.0,Active,0.0,3.0,0.0
,,,92,,,,,,,,,,,,30829.0,cfo.exec.466,CRITICAL,User,Operations,1.0,7.0,Active,1.0,10.0,1.0
,,,15,,,,,,,,,,,,222593.0,intern.ops.997,LOW,User,IT,0.0,24.0,Active,1.0,5.0,0.0
,,,41,,,,,,,,,,,,40482.0,admin.risk.732,MEDIUM,Analyst,Finance,0.0,21.0,Active,0.0,3.0,0.0
,,,22,,,,,,,,,,,,1697.0,intern.support.932,LOW,User,Legal,0.0,1.0,Inactive,1.0,2.0,0.0
,,,77,,,,,,,,,,,,11066.0,vp.risk.824,HIGH,Manager,Operations,1.0,10.0,Active,1.0,14.0,1.0
,,,70,,,,,,,,,,,,49698.0,vp.tech.240,HIGH,Analyst,Finance,1.0,23.0,Active,1.0,2.0,0.0
,,,48,,,,,,,,,,,,24028.0,specialist.security.516,MEDIUM,User,Finance,0.0,7.0,Active,0.0,0.0,0.0
,,,40,,,,,,,,,,,,94729.0,engineer.security.622,MEDIUM,Analyst,Finance,0.0,15.0,Active,1.0,0.0,0.0
,,,94,,,,,,,,,,,,52547.0,ceo.exec.336,CRITICAL,User,IT,1.0,7.0,Active,1.0,12.0,0.0
,,,74,,,,,,,,,,,,84564.0,manager.trading.596,HIGH,User,Legal,1.0,20.0,Active,0.0,21.0,1.0
,,,16,,,,,,,,,,,,280598.0,guest.ops.828,LOW,User,Legal,0.0,15.0,Active,0.0,18.0,0.0
,,,42,,,,,,,,,,,,447076.0,engineer.risk.146,MEDIUM,User,Operations,0.0,16.0,Active,1.0,5.0,0.0
,,,41,,,,,,,,,,,,212294.0,admin.security.472,MEDIUM,User,Finance,0.0,13.0,Active,1.0,2.0,0.0
,,,75,,,,,,,,,,,,3951.0,lead.trading.908,HIGH,Analyst,Finance,1.0,2.0,Suspended,1.0,1.0,1.0
,,,41,,,,,,,,,,,,157574.0,specialist.ops.702,MEDIUM,Manager,HR,0.0,14.0,Suspended,1.0,0.0,1.0
,,,15,,,,,,,,,,,,428893.0,user.ops.964,LOW,User,Legal,0.0,29.0,Active,1.0,3.0,0.0
,,,76,,,,,,,,,,,,54485.0,lead.trading.208,HIGH,Analyst,Finance,1.0,9.0,Active,1.0,15.0,1.0
,,,90,,,,,,,,,,,,182130.0,ceo.board.348,CRITICAL,Exec,Finance,1.0,18.0,Active,1.0,0.0,0.0
,,,43,,,,,,,,,,,,449724.0,admin.security.542,MEDIUM,User,Finance,0.0,11.0,Active,0.0,4.0,0.0
,,,72,,,,,,,,,,,,107976.0,lead.security.103,HIGH,User,Operations,1.0,24.0,Inactive,1.0,10.0,0.0
,,,91,,,,,,,,,,,,266058.0,head_security.board.711,CRITICAL,Manager,HR,1.0,27.0,Active,1.0,10.0,0.0
,,,20,,,,,,,,,,,,10206.0,guest.support.70,LOW,Analyst,Finance,0.0,20.0,Active,0.0,0.0,0.0
,,,15,,,,,,,,,,,,2889.0,user.admin.864,LOW,Analyst,Finance,0.0,2.0,Active,1.0,3.0,0.0
,,,72,,,,,,,,,,,,168052.0,manager.trading.370,HIGH,User,HR,1.0,22.0,Active,1.0,3.0,0.0
,,,41,,,,,,,,,,,,323427.0,engineer.ops.325,MEDIUM,Analyst,IT,0.0,0.0,Active,0.0,5.0,0.0
,,,70,,,,,,,,,,,,83629.0,director.risk.503,HIGH,User,IT,1.0,16.0,Active,1.0,4.0,0.0
,,,19,,,,,,,,,,,,36590.0,user.support.968,LOW,Analyst,Legal,0.0,0.0,Active,0.0,1.0,1.0
,,,70,,,,,,,,,,,,321266.0,director.risk.301,HIGH,User,Finance,1.0,1.0,Active,1.0,3.0,0.0
,,,41,,,,,,,,,,,,34598.0,admin.security.487,MEDIUM,Analyst,Finance,0.0,4.0,Active,0.0,0.0,0.0
,,,75,,,,,,,,,,,,42269.0,vp.trading.900,HIGH,User,Legal,1.0,3.0,Inactive,1.0,3.0,0.0
,,,20,,,,,,,,,,,,297736.0,guest.admin.749,LOW,User,IT,0.0,15.0,Active,1.0,0.0,0.0
,,,43,,,,,,,,,,,,27899.0,specialist.security.686,MEDIUM,User,Finance,0.0,27.0,Active,1.0,0.0,0.0
,,,44,,,,,,,,,,,,125091.0,admin.infra.922,MEDIUM,Analyst,Finance,0.0,27.0,Active,1.0,0.0,0.0
,,,15,,,,,,,,,,,,222847.0,intern.ops.112,LOW,Analyst,HR,0.0,0.0,Active,0.0,2.0,0.0
,,,21,,,,,,,,,,,,57192.0,temp.admin.898,LOW,User,Operations,0.0,1.0,Active,1.0,0.0,0.0
,,,22,,,,,,,,,,,,3946.0,intern.support.863,LOW,User,Finance,0.0,26.0,Active,1.0,1.0,0.0
,,,40,,,,,,,,,,,,35971.0,analyst.infra.844,MEDIUM,User,Finance,0.0,17.0,Active,1.0,6.0,0.0
,,,40,,,,,,,,,,,,132099.0,analyst.infra.649,MEDIUM,User,Operations,0.0,22.0,Active,1.0,1.0,0.0
,,,43,,,,,,,,,,,,7082.0,admin.risk.396,MEDIUM,User,Finance,0.0,9.0,Suspended,1.0,0.0,0.0
,,,46,,,,,,,,,,,,175822.0,analyst.ops.424,MEDIUM,Manager,Legal,0.0,16.0,Active,0.0,1.0,0.0
,,,77,,,,,,,,,,,,8378.0,vp.trading.267,HIGH,User,Finance,1.0,16.0,Active,1.0,2.0,1.0
,,,46,,,,,,,,,,,,273674.0,admin.security.675,MEDIUM,Analyst,IT,0.0,8.0,Active,1.0,3.0,0.0
,,,94,,,,,,,,,,,,244465.0,ceo.board.280,CRITICAL,User,Finance,1.0,0.0,Active,1.0,1.0,0.0
,,,90,,,,,,,,,,,,140206.0,head_security.exec.402,CRITICAL,Analyst,Operations,1.0,17.0,Active,1.0,4.0,0.0
,,,49,,,,,,,,,,,,113158.0,admin.ops.823,MEDIUM,Manager,Operations,0.0,1.0,Suspended,0.0,1.0,0.0
,,,45,,,,,,,,,,,,13782.0,specialist.ops.737,MEDIUM,User,Finance,0.0,3.0,Active,1.0,1.0,0.0
,,,93,,,,,,,,,,,,284895.0,ceo.exec.89,CRITICAL,User,HR,1.0,11.0,Active,1.0,1.0,0.0
,,,42,,,,,,,,,,,,159709.0,admin.risk.462,MEDIUM,Manager,Finance,0.0,13.0,Active,1.0,0.0,0.0
,,,41,,,,,,,,,,,,153384.0,specialist.ops.567,MEDIUM,User,Finance,0.0,12.0,Active,0.0,0.0,0.0
,,,96,,,,,,,,,,,,144601.0,head_security.board.654,CRITICAL,User,Operations,1.0,29.0,Inactive,1.0,4.0,0.0
,,,43,,,,,,,,,,,,29587.0,engineer.ops.853,MEDIUM,User,Operations,0.0,17.0,Active,1.0,1.0,0.0
,,,43,,,,,,,,,,,,277067.0,engineer.infra.463,MEDIUM,Exec,Finance,0.0,11.0,Active,1.0,3.0,0.0
,,,47,,,,,,,,,,,,54873.0,engineer.risk.839,MEDIUM,Analyst,Legal,0.0,29.0,Active,1.0,3.0,0.0
,,,96,,,,,,,,,,,,87893.0,ceo.board.422,CRITICAL,User,Finance,1.0,20.0,Active,1.0,3.0,0.0
,,,15,,,,,,,,,,,,216844.0,temp.admin.751,LOW,User,Finance,0.0,5.0,Active,0.0,1.0,0.0
,,,24,,,,,,,,,,,,41135.0,guest.ops.447,LOW,User,Finance,0.0,3.0,Active,1.0,8.0,0.0
,,,22,,,,,,,,,,,,65357.0,temp.ops.752,LOW,Manager,IT,0.0,12.0,Active,0.0,1.0,0.0
,,,46,,,,,,,,,,,,1607.0,specialist.ops.471,MEDIUM,Exec,Finance,0.0,6.0,Active,1.0,0.0,0.0
,,,48,,,,,,,,,,,,38826.0,admin.ops.632,MEDIUM,User,HR,0.0,5.0,Active,1.0,2.0,0.0
,,,17,,,,,,,,,,,,846.0,guest.ops.603,LOW,User,Legal,0.0,12.0,Active,0.0,0.0,0.0
,,,41,,,,,,,,,,,,845.0,analyst.security.300,MEDIUM,User,Operations,0.0,23.0,Active,1.0,3.0,1.0
,,,95,,,,,,,,,,,,98449.0,cto.board.71,CRITICAL,Analyst,IT,1.0,25.0,Active,1.0,3.0,0.0
,,,74,,,,,,,,,,,,1632.0,director.trading.929,HIGH,User,Operations,1.0,8.0,Active,1.0,0.0,0.0
,,,16,,,,,,,,,,,,2285.0,user.admin.750,LOW,Analyst,Operations,0.0,8.0,Active,1.0,6.0,0.0
,,,23,,,,,,,,,,,,124151.0,temp.support.594,LOW,Analyst,Operations,0.0,8.0,Active,0.0,7.0,0.0
,,,78,,,,,,,,,,,,70025.0,lead.tech.331,HIGH,User,Operations,1.0,26.0,Active,1.0,17.0,0.0
,,,75,,,,,,,,,,,,220600.0,director.security.547,HIGH,Analyst,Finance,1.0,12.0,Active,0.0,12.0,0.0
,,,42,,,,,,,,,,,,375220.0,specialist.ops.598,MEDIUM,User,IT,0.0,26.0,Active,1.0,5.0,0.0
,,,23,,,,,,,,,,,,4280.0,temp.ops.878,LOW,User,Finance,0.0,4.0,Active,0.0,8.0,0.0
,,,90,,,,,,,,,,,,5349.0,cto.exec.549,CRITICAL,Manager,Operations,1.0,5.0,Active,1.0,8.0,1.0
,,,44,,,,,,,,,,,,224091.0,specialist.infra.501,MEDIUM,Analyst,Operations,0.0,19.0,Active,1.0,17.0,1.0
,,,77,,,,,,,,,,,,14732.0,director.tech.241,HIGH,Manager,IT,1.0,27.0,Active,1.0,7.0,0.0
,,,46,,,,,,,,,,,,141949.0,analyst.infra.73,MEDIUM,User,Legal,0.0,5.0,Inactive,1.0,0.0,0.0
,,,40,,,,,,,,,,,,52303.0,analyst.security.430,MEDIUM,Analyst,Finance,0.0,6.0,Active,1.0,1.0,0.0
,,,42,,,,,,,,,,,,433235.0,analyst.risk.888,MEDIUM,User,Finance,0.0,29.0,Active,1.0,0.0,0.0
,,,47,,,,,,,,,,,,206234.0,analyst.security.93,MEDIUM,User,Finance,0.0,4.0,Active,0.0,0.0,0.0
,,,78,,,,,,,,,,,,109758.0,manager.tech.167,HIGH,Analyst,Finance,1.0,21.0,Active,0.0,0.0,0.0
,,,72,,,,,,,,,,,,175889.0,director.security.102,HIGH,Analyst,Legal,1.0,0.0,Active,0.0,1.0,0.0
,,,94,,,,,,,,,,,,1782.0,cfo.board.31,CRITICAL,Manager,Finance,1.0,29.0,Active,1.0,2.0,0.0
,,,44,,,,,,,,,,,,48196.0,analyst.risk.971,MEDIUM,User,IT,0.0,9.0,Active,1.0,0.0,0.0
,,,47,,,,,,,,,,,,4878.0,admin.security.760,MEDIUM,Analyst,Finance,0.0,12.0,Active,0.0,0.0,0.0
,,,23,,,,,,,,,,,,5220.0,user.admin.27,LOW,Analyst,HR,0.0,17.0,Active,0.0,1.0,0.0
,,,49,,,,,,,,,,,,440210.0,analyst.risk.621,MEDIUM,Exec,Finance,0.0,2.0,Active,1.0,3.0,1.0
,,,43,,,,,,,,,,,,44363.0,admin.ops.407,MEDIUM,Analyst,IT,0.0,25.0,Active,1.0,2.0,0.0
,,,45,,,,,,,,,,,,6305.0,specialist.infra.595,MEDIUM,User,IT,0.0,18.0,Active,1.0,2.0,0.0
,,,21,,,,,,,,,,,,330593.0,guest.admin.770,LOW,Analyst,IT,0.0,24.0,Active,0.0,0.0,0.0
,,,48,,,,,,,,,,,,89438.0,admin.risk.476,MEDIUM,Analyst,Finance,0.0,18.0,Active,1.0,1.0,0.0
,,,48,,,,,,,,,,,,107148.0,analyst.ops.410,MEDIUM,Analyst,Finance,0.0,1.0,Active,1.0,2.0,0.0
,,,42,,,,,,,,,,,,58515.0,analyst.security.382,MEDIUM,Analyst,Finance,0.0,0.0,Active,1.0,2.0,0.0
,,,43,,,,,,,,,,,,69405.0,engineer.infra.527,MEDIUM,Analyst,Operations,0.0,21.0,Active,0.0,0.0,0.0
,,,45,,,,,,,,,,,,27098.0,analyst.risk.936,MEDIUM,User,HR,0.0,12.0,Active,1.0,0.0,0.0
,,,18,,,,,,,,,,,,5710.0,user.support.401,LOW,Analyst,HR,0.0,20.0,Active,0.0,1.0,0.0
,,,44,,,,,,,,,,,,10183.0,specialist.ops.524,MEDIUM,Analyst,IT,0.0,14.0,Active,0.0,3.0,0.0
,,,19,,,,,,,,,,,,373991.0,temp.admin.919,LOW,User,Legal,0.0,12.0,Active,0.0,0.0,0.0
,,,77,,,,,,,,,,,,52092.0,manager.risk.282,HIGH,Analyst,HR,1.0,16.0,Active,1.0,13.0,1.0
,,,70,,,,,,,,,,,,393345.0,lead.tech.762,HIGH,Analyst,IT,1.0,29.0,Active,1.0,10.0,0.0
,,,75,,,,,,,,,,,,348745.0,manager.risk.371,HIGH,Analyst,IT,1.0,26.0,Active,0.0,0.0,0.0
,,,48,,,,,,,,,,,,4796.0,analyst.risk.550,MEDIUM,Analyst,Operations,0.0,23.0,Active,1.0,15.0,1.0
,,,49,,,,,,,,,,,,483.0,engineer.ops.850,MEDIUM,User,Finance,0.0,28.0,Active,1.0,0.0,0.0
,,,16,,,,,,,,,,,,365677.0,intern.ops.967,LOW,User,Legal,0.0,5.0,Active,1.0,0.0,0.0
,,,42,,,,,,,,,,,,371271.0,admin.infra.628,MEDIUM,Analyst,IT,0.0,5.0,Active,0.0,2.0,0.0
,,,17,,,,,,,,,,,,3114.0,guest.support.940,LOW,Manager,Finance,0.0,17.0,Active,0.0,0.0,0.0
,,,44,,,,,,,,,,,,5829.0,analyst.infra.368,MEDIUM,Manager,Finance,0.0,19.0,Active,1.0,0.0,0.0
,,,22,,,,,,,,,,,,38085.0,temp.admin.859,LOW,Analyst,Finance,0.0,27.0,Active,1.0,1.0,1.0
,,,21,,,,,,,,,,,,385268.0,user.ops.898,LOW,User,HR,0.0,29.0,Active,0.0,0.0,0.0
,,,43,,,,,,,,,,,,8684.0,admin.security.485,MEDIUM,Exec,Finance,0.0,10.0,Active,1.0,0.0,0.0
,,,41,,,,,,,,,,,,157099.0,specialist.infra.803,MEDIUM,User,Finance,0.0,22.0,Suspended,0.0,2.0,0.0
,,,45,,,,,,,,,,,,140102.0,analyst.security.654,MEDIUM,Analyst,Finance,0.0,21.0,Active,1.0,1.0,0.0
,,,44,,,,,,,,,,,,4393.0,engineer.risk.222,MEDIUM,User,Finance,0.0,6.0,Active,1.0,0.0,0.0
,,,70,,,,,,,,,,,,26063.0,director.tech.77,HIGH,User,HR,1.0,21.0,Suspended,1.0,1.0,0.0
,,,45,,,,,,,,,,,,63017.0,engineer.ops.386,MEDIUM,User,HR,0.0,14.0,Active,0.0,6.0,0.0
,,,76,,,,,,,,,,,,181711.0,vp.tech.270,HIGH,User,Operations,1.0,8.0,Inactive,0.0,4.0,0.0
,,,75,,,,,,,,,,,,283921.0,vp.security.496,HIGH,Analyst,HR,1.0,18.0,Active,1.0,24.0,1.0
,,,43,,,,,,,,,,,,257793.0,engineer.security.682,MEDIUM,User,Finance,0.0,7.0,Active,1.0,15.0,0.0
,,,90,,,,,,,,,,,,290628.0,cto.board.21,CRITICAL,User,HR,1.0,20.0,Active,1.0,1.0,0.0
,,,16,,,,,,,,,,,,23248.0,guest.admin.860,LOW,Analyst,Finance,0.0,14.0,Active,0.0,5.0,0.0
,,,72,,,,,,,,,,,,7998.0,lead.tech.637,HIGH,Analyst,HR,1.0,15.0,Active,1.0,0.0,0.0
,,,19,,,,,,,,,,,,8254.0,intern.admin.843,LOW,Analyst,IT,0.0,7.0,Active,0.0,0.0,0.0
,,,21,,,,,,,,,,,,260702.0,guest.admin.74,LOW,Manager,Finance,0.0,15.0,Suspended,1.0,0.0,0.0
,,,41,,,,,,,,,,,,1441.0,admin.infra.340,MEDIUM,Analyst,Legal,0.0,12.0,Active,1.0,1.0,0.0
,,,16,,,,,,,,,,,,72810.0,guest.ops.372,LOW,Analyst,Legal,0.0,27.0,Active,1.0,4.0,1.0
,,,40,,,,,,,,,,,,333248.0,admin.security.691,MEDIUM,Analyst,Operations,0.0,24.0,Active,1.0,1.0,0.0
,,,48,,,,,,,,,,,,19.0,analyst.ops.536,MEDIUM,User,Operations,0.0,24.0,Active,0.0,19.0,0.0
,,,20,,,,,,,,,,,,350643.0,intern.admin.21,LOW,Analyst,Operations,0.0,29.0,Active,0.0,0.0,1.0
,,,93,,,,,,,,,,,,9292.0,head_security.exec.260,CRITICAL,Analyst,Finance,1.0,6.0,Active,1.0,22.0,0.0
,,,76,,,,,,,,,,,,23352.0,vp.security.585,HIGH,User,Operations,1.0,24.0,Active,1.0,2.0,0.0
,,,73,,,,,,,,,,,,3058.0,manager.tech.258,HIGH,User,Operations,1.0,21.0,Active,1.0,3.0,0.0
,,,40,,,,,,,,,,,,46933.0,specialist.infra.21,MEDIUM,User,IT,0.0,19.0,Active,0.0,2.0,0.0
,,,45,,,,,,,,,,,,47558.0,engineer.security.398,MEDIUM,Exec,HR,0.0,15.0,Active,0.0,1.0,0.0
,,,20,,,,,,,,,,,,192830.0,intern.support.557,LOW,Analyst,Operations,0.0,29.0,Active,1.0,5.0,0.0
,,,45,,,,,,,,,,,,6028.0,specialist.infra.969,MEDIUM,Analyst,HR,0.0,28.0,Active,1.0,2.0,1.0
,,,19,,,,,,,,,,,,18203.0,intern.ops.97,LOW,Analyst,Finance,0.0,3.0,Active,1.0,0.0,0.0
,,,76,,,,,,,,,,,,165989.0,vp.tech.250,HIGH,Manager,Legal,1.0,2.0,Active,1.0,0.0,0.0
,,,47,,,,,,,,,,,,199120.0,analyst.infra.394,MEDIUM,User,HR,0.0,18.0,Active,1.0,0.0,0.0
,,,17,,,,,,,,,,,,126532.0,temp.support.120,LOW,Exec,Legal,0.0,17.0,Active,1.0,2.0,0.0
,,,16,,,,,,,,,,,,405663.0,intern.admin.351,LOW,Analyst,Legal,0.0,6.0,Active,0.0,1.0,0.0
,,,15,,,,,,,,,,,,11217.0,temp.admin.667,LOW,User,HR,0.0,17.0,Active,0.0,0.0,0.0
,,,17,,,,,,,,,,,,182892.0,intern.support.323,LOW,Analyst,IT,0.0,19.0,Active,0.0,0.0,0.0
,,,41,,,,,,,,,,,,123299.0,specialist.security.958,MEDIUM,Analyst,IT,0.0,1.0,Active,0.0,0.0,0.0
,,,15,,,,,,,,,,,,71994.0,temp.ops.953,LOW,User,Finance,0.0,6.0,Active,1.0,0.0,0.0
,,,44,,,,,,,,,,,,75161.0,admin.security.447,MEDIUM,Analyst,Finance,0.0,2.0,Active,0.0,1.0,0.0
,,,71,,,,,,,,,,,,2283.0,lead.trading.734,HIGH,Analyst,Finance,1.0,24.0,Active,1.0,8.0,1.0
,,,72,,,,,,,,,,,,71.0,vp.risk.269,HIGH,User,IT,1.0,15.0,Suspended,1.0,12.0,0.0
,,,95,,,,,,,,,,,,805.0,ceo.exec.222,CRITICAL,Analyst,Finance,1.0,17.0,Active,1.0,12.0,0.0
,,,96,,,,,,,,,,,,496.0,cfo.board.554,CRITICAL,Analyst,HR,1.0,28.0,Active,1.0,16.0,0.0
,,,78,,,,,,,,,,,,347.0,lead.tech.04,HIGH,User,Operations,1.0,13.0,Active,0.0,0.0,0.0
,,,18,,,,,,,,,,,,327.0,user.ops.934,LOW,User,Legal,0.0,19.0,Suspended,0.0,8.0,1.0
,,,48,,,,,,,,,,,,86055.0,admin.security.544,MEDIUM,Analyst,IT,0.0,29.0,Active,1.0,14.0,1.0
,,,77,,,,,,,,,,,,343.0,director.risk.606,HIGH,Analyst,Finance,1.0,21.0,Active,1.0,9.0,0.0
,,,73,,,,,,,,,,,,126.0,vp.security.647,HIGH,Analyst,IT,1.0,17.0,Active,1.0,12.0,1.0
,,,18,,,,,,,,,,,,1321.0,user.ops.445,LOW,User,Operations,0.0,15.0,Inactive,0.0,19.0,1.0
,,,40,,,,,,,,,,,,822.0,engineer.security.93,MEDIUM,User,HR,0.0,27.0,Active,0.0,4.0,0.0
,,,18,,,,,,,,,,,,914.0,guest.admin.707,LOW,Manager,Operations,0.0,6.0,Active,1.0,9.0,1.0
,,,18,,,,,,,,,,,,506.0,temp.ops.14,LOW,Analyst,HR,0.0,26.0,Active,0.0,11.0,0.0
,,,44,,,,,,,,,,,,271.0,engineer.risk.325,MEDIUM,User,Finance,0.0,16.0,Active,1.0,13.0,1.0
,,,78,,,,,,,,,,,,398.0,vp.security.347,HIGH,Analyst,Finance,1.0,10.0,Active,1.0,3.0,0.0
,,,17,,,,,,,,,,,,3996.0,guest.admin.986,LOW,Analyst,Operations,0.0,4.0,Active,0.0,4.0,0.0
,,,70,,,,,,,,,,,,2634.0,manager.risk.259,HIGH,Analyst,Finance,1.0,26.0,Active,0.0,10.0,1.0
,,,19,,,,,,,,,,,,92697.0,temp.support.801,LOW,User,Operations,0.0,12.0,Active,0.0,1.0,0.0
,,,22,,,,,,,,,,,,71222.0,temp.admin.64,LOW,Analyst,Legal,0.0,7.0,Active,1.0,0.0,0.0
,,,41,,,,,,,,,,,,89870.0,admin.ops.685,MEDIUM,User,Operations,0.0,0.0,Active,0.0,18.0,1.0
,,,97,,,,,,,,,,,,89929.0,head_security.board.675,CRITICAL,User,HR,1.0,1.0,Active,1.0,7.0,1.0
,,,97,,,,,,,,,,,,45834.0,cfo.exec.42,CRITICAL,User,Legal,1.0,19.0,Active,0.0,2.0,0.0
,,,41,,,,,,,,,,,,54623.0,specialist.ops.499,MEDIUM,Analyst,Finance,0.0,21.0,Active,0.0,7.0,0.0
,,,70,,,,,,,,,,,,70646.0,manager.security.297,HIGH,Exec,Finance,1.0,11.0,Active,1.0,1.0,0.0
,,,42,,,,,,,,,,,,21666.0,admin.security.684,MEDIUM,User,Operations,0.0,23.0,Active,1.0,5.0,0.0
,,,49,,,,,,,,,,,,261230.0,specialist.infra.526,MEDIUM,User,HR,0.0,25.0,Active,1.0,0.0,0.0
,,,42,,,,,,,,,,,,23074.0,specialist.infra.517,MEDIUM,User,IT,0.0,23.0,Active,1.0,4.0,0.0
,,,92,,,,,,,,,,,,20585.0,cto.exec.921,CRITICAL,Analyst,HR,1.0,11.0,Active,1.0,2.0,0.0
,,,20,,,,,,,,,,,,42967.0,intern.ops.160,LOW,Manager,IT,0.0,13.0,Active,0.0,4.0,0.0
,,,22,,,,,,,,,,,,19329.0,guest.admin.869,LOW,Analyst,Operations,0.0,16.0,Active,0.0,3.0,0.0
,,,42,,,,,,,,,,,,19399.0,engineer.risk.647,MEDIUM,User,Finance,0.0,27.0,Active,1.0,0.0,1.0
,,,48,,,,,,,,,,,,22315.0,engineer.risk.117,MEDIUM,Analyst,Finance,0.0,18.0,Active,1.0,3.0,0.0
,,,72,,,,,,,,,,,,21541.0,vp.risk.198,HIGH,User,Finance,1.0,27.0,Active,1.0,3.0,0.0
,,,49,,,,,,,,,,,,42873.0,engineer.risk.826,MEDIUM,Manager,Legal,0.0,6.0,Active,1.0,3.0,0.0
,,,90,,,,,,,,,,,,50436.0,cto.exec.74,CRITICAL,Analyst,Legal,1.0,14.0,Active,1.0,3.0,0.0
,,,43,,,,,,,,,,,,21144.0,analyst.ops.600,MEDIUM,User,IT,0.0,7.0,Active,0.0,0.0,0.0
,,,46,,,,,,,,,,,,21169.0,analyst.security.361,MEDIUM,Analyst,HR,0.0,2.0,Active,0.0,6.0,0.0
,,,41,,,,,,,,,,,,20552.0,analyst.infra.499,MEDIUM,Analyst,Finance,0.0,23.0,Active,1.0,2.0,0.0
,,,41,,,,,,,,,,,,41060.0,engineer.infra.132,MEDIUM,Analyst,HR,0.0,6.0,Active,1.0,2.0,0.0
,,,78,,,,,,,,,,,,19304.0,director.tech.138,HIGH,User,HR,1.0,13.0,Active,0.0,0.0,0.0
,,,17,,,,,,,,,,,,81226.0,user.support.308,LOW,User,Legal,0.0,22.0,Suspended,0.0,0.0,0.0
,,,44,,,,,,,,,,,,294178.0,analyst.infra.592,MEDIUM,User,Finance,0.0,14.0,Active,1.0,0.0,0.0
,,,79,,,,,,,,,,,,20050.0,director.trading.81,HIGH,Analyst,Operations,1.0,28.0,Active,0.0,2.0,0.0
,,,73,,,,,,,,,,,,20995.0,vp.security.380,HIGH,User,HR,1.0,12.0,Active,1.0,0.0,1.0
,,,46,,,,,,,,,,,,46788.0,analyst.infra.775,MEDIUM,User,Legal,0.0,0.0,Active,1.0,1.0,0.0
,,,74,,,,,,,,,,,,21342.0,lead.tech.755,HIGH,Analyst,Finance,1.0,26.0,Active,1.0,0.0,0.0
,,,48,,,,,,,,,,,,19035.0,specialist.security.07,MEDIUM,Analyst,HR,0.0,28.0,Active,1.0,0.0,0.0
,,,40,,,,,,,,,,,,20192.0,admin.ops.328,MEDIUM,User,Finance,0.0,3.0,Active,0.0,1.0,0.0
,,,47,,,,,,,,,,,,20809.0,engineer.risk.346,MEDIUM,User,IT,0.0,8.0,Active,1.0,0.0,0.0
,,,45,,,,,,,,,,,,51623.0,specialist.risk.835,MEDIUM,Exec,IT,0.0,10.0,Active,1.0,3.0,0.0
,,,90,,,,,,,,,,,,388224.0,head_security.exec.39,CRITICAL,User,HR,1.0,27.0,Active,0.0,1.0,0.0
,,,24,,,,,,,,,,,,183586.0,temp.support.339,LOW,Exec,Operations,0.0,23.0,Active,0.0,1.0,0.0
,,,72,,,,,,,,,,,,50044.0,director.tech.897,HIGH,Exec,Finance,1.0,28.0,Active,1.0,0.0,0.0
,,,49,,,,,,,,,,,,20642.0,admin.ops.496,MEDIUM,User,Legal,0.0,23.0,Active,0.0,5.0,0.0
,,,20,,,,,,,,,,,,20714.0,temp.admin.790,LOW,User,Finance,0.0,10.0,Active,0.0,2.0,0.0
,,,18,,,,,,,,,,,,302472.0,intern.support.752,LOW,User,HR,0.0,14.0,Active,0.0,3.0,0.0
,,,48,,,,,,,,,,,,21341.0,specialist.risk.392,MEDIUM,Analyst,Operations,0.0,7.0,Active,0.0,2.0,0.0
,,,21,,,,,,,,,,,,47614.0,user.admin.456,LOW,Manager,Operations,0.0,23.0,Active,0.0,0.0,0.0
,,,78,,,,,,,,,,,,102598.0,vp.tech.197,HIGH,User,HR,1.0,7.0,Active,1.0,2.0,0.0
,,,40,,,,,,,,,,,,19777.0,specialist.security.550,MEDIUM,User,Operations,0.0,3.0,Active,0.0,4.0,0.0
,,,45,,,,,,,,,,,,19039.0,admin.infra.575,MEDIUM,Manager,HR,0.0,19.0,Active,0.0,1.0,0.0
,,,22,,,,,,,,,,,,21268.0,intern.ops.880,LOW,User,Operations,0.0,6.0,Active,0.0,0.0,0.0
,,,16,,,,,,,,,,,,19254.0,user.ops.763,LOW,User,Operations,0.0,23.0,Active,1.0,0.0,0.0
,,,42,,,,,,,,,,,,23129.0,engineer.risk.885,MEDIUM,Analyst,IT,0.0,20.0,Active,1.0,5.0,0.0
,,,41,,,,,,,,,,,,52946.0,engineer.security.606,MEDIUM,Analyst,IT,0.0,0.0,Active,1.0,0.0,0.0
,,,70,,,,,,,,,,,,319400.0,vp.trading.224,HIGH,Manager,Finance,1.0,0.0,Active,0.0,4.0,0.0
,,,93,,,,,,,,,,,,11442.0,cfo.board.254,CRITICAL,Manager,IT,1.0,26.0,Active,1.0,0.0,0.0
,,,71,,,,,,,,,,,,340665.0,manager.security.206,HIGH,User,IT,1.0,24.0,Active,1.0,1.0,0.0
,,,49,,,,,,,,,,,,2084.0,specialist.risk.515,MEDIUM,User,Legal,0.0,19.0,Active,0.0,1.0,1.0
,,,74,,,,,,,,,,,,2153.0,manager.trading.886,HIGH,User,IT,1.0,15.0,Active,1.0,2.0,0.0
,,,45,,,,,,,,,,,,268651.0,analyst.ops.693,MEDIUM,User,Finance,0.0,27.0,Active,1.0,0.0,0.0
,,,73,,,,,,,,,,,,29389.0,director.risk.150,HIGH,Analyst,IT,1.0,15.0,Inactive,1.0,0.0,0.0
,,,48,,,,,,,,,,,,352899.0,engineer.ops.11,MEDIUM,Manager,Finance,0.0,4.0,Active,0.0,2.0,0.0
,,,71,,,,,,,,,,,,3897.0,lead.trading.275,HIGH,Manager,Operations,1.0,6.0,Active,1.0,1.0,0.0
,,,99,,,,,,,,,,,,341650.0,cfo.board.71,CRITICAL,Analyst,HR,1.0,29.0,Active,1.0,0.0,0.0
,,,75,,,,,,,,,,,,119607.0,director.trading.34,HIGH,Analyst,Operations,1.0,19.0,Active,1.0,2.0,0.0
,,,99,,,,,,,,,,,,124430.0,head_security.board.180,CRITICAL,Manager,HR,1.0,19.0,Active,1.0,0.0,0.0
,,,19,,,,,,,,,,,,5371.0,temp.admin.958,LOW,Analyst,Finance,0.0,26.0,Suspended,0.0,1.0,0.0
,,,45,,,,,,,,,,,,243571.0,specialist.risk.765,MEDIUM,Analyst,HR,0.0,16.0,Active,1.0,2.0,1.0
,,,45,,,,,,,,,,,,239869.0,analyst.infra.922,MEDIUM,Analyst,Legal,0.0,1.0,Active,1.0,2.0,1.0
,,,77,,,,,,,,,,,,58292.0,vp.trading.288,HIGH,User,Legal,1.0,19.0,Active,1.0,1.0,0.0
,,,41,,,,,,,,,,,,50634.0,analyst.infra.364,MEDIUM,Analyst,Legal,0.0,27.0,Active,1.0,2.0,0.0
,,,46,,,,,,,,,,,,3513.0,engineer.security.925,MEDIUM,User,HR,0.0,20.0,Active,0.0,1.0,0.0
,,,41,,,,,,,,,,,,410173.0,specialist.risk.344,MEDIUM,Exec,IT,0.0,0.0,Active,1.0,7.0,0.0
,,,45,,,,,,,,,,,,114757.0,specialist.infra.750,MEDIUM,Analyst,IT,0.0,15.0,Active,1.0,0.0,0.0
,,,42,,,,,,,,,,,,266651.0,analyst.infra.585,MEDIUM,Analyst,IT,0.0,0.0,Active,1.0,1.0,0.0
,,,42,,,,,,,,,,,,53069.0,specialist.infra.446,MEDIUM,User,Finance,0.0,4.0,Active,0.0,0.0,0.0
,,,46,,,,,,,,,,,,3714.0,engineer.ops.777,MEDIUM,Analyst,Finance,0.0,14.0,Active,1.0,5.0,0.0
,,,44,,,,,,,,,,,,80485.0,specialist.security.306,MEDIUM,User,IT,0.0,14.0,Active,0.0,0.0,0.0
,,,23,,,,,,,,,,,,120889.0,guest.admin.923,LOW,Manager,Finance,0.0,4.0,Active,1.0,2.0,1.0
,,,72,,,,,,,,,,,,122633.0,lead.risk.422,HIGH,Manager,IT,1.0,3.0,Active,1.0,0.0,0.0
,,,19,,,,,,,,,,,,69309.0,intern.admin.756,LOW,User,Legal,0.0,5.0,Active,0.0,1.0,0.0
,,,16,,,,,,,,,,,,113948.0,guest.admin.800,LOW,Analyst,Operations,0.0,19.0,Active,0.0,2.0,0.0
,,,76,,,,,,,,,,,,199402.0,vp.risk.163,HIGH,Manager,Finance,1.0,3.0,Active,0.0,1.0,0.0
,,,92,,,,,,,,,,,,5533.0,ceo.board.20,CRITICAL,Analyst,IT,1.0,0.0,Active,1.0,1.0,0.0
,,,78,,,,,,,,,,,,5585.0,lead.risk.866,HIGH,User,Legal,1.0,27.0,Active,1.0,1.0,0.0
,,,44,,,,,,,,,,,,7972.0,admin.ops.326,MEDIUM,Analyst,Finance,0.0,27.0,Active,1.0,1.0,0.0
,,,76,,,,,,,,,,,,199238.0,manager.security.978,HIGH,Analyst,Legal,1.0,2.0,Active,1.0,8.0,1.0
,,,46,,,,,,,,,,,,134511.0,engineer.risk.844,MEDIUM,User,IT,0.0,17.0,Active,0.0,0.0,0.0
,,,19,,,,,,,,,,,,261235.0,user.support.197,LOW,User,Legal,0.0,18.0,Active,0.0,0.0,0.0
,,,40,,,,,,,,,,,,101556.0,analyst.ops.756,MEDIUM,User,HR,0.0,11.0,Active,1.0,2.0,0.0
,,,75,,,,,,,,,,,,24716.0,lead.tech.572,HIGH,Analyst,Legal,1.0,22.0,Active,1.0,13.0,1.0
,,,79,,,,,,,,,,,,434307.0,vp.trading.953,HIGH,User,HR,1.0,26.0,Active,0.0,15.0,0.0
,,,41,,,,,,,,,,,,298675.0,admin.ops.608,MEDIUM,User,Operations,0.0,0.0,Active,0.0,5.0,1.0
,,,45,,,,,,,,,,,,26586.0,engineer.infra.689,MEDIUM,Analyst,Legal,0.0,19.0,Suspended,0.0,2.0,0.0
,,,23,,,,,,,,,,,,49594.0,user.support.02,LOW,Manager,Legal,0.0,23.0,Active,0.0,4.0,0.0
,,,43,,,,,,,,,,,,30246.0,engineer.ops.329,MEDIUM,Analyst,IT,0.0,8.0,Active,0.0,1.0,1.0
,,,17,,,,,,,,,,,,137479.0,intern.support.737,LOW,User,IT,0.0,23.0,Active,0.0,0.0,0.0
,,,42,,,,,,,,,,,,14120.0,engineer.ops.29,MEDIUM,User,Operations,0.0,23.0,Active,1.0,7.0,0.0
,,,46,,,,,,,,,,,,30739.0,engineer.ops.407,MEDIUM,Manager,Finance,0.0,2.0,Active,1.0,0.0,0.0
,,,91,,,,,,,,,,,,6873.0,ceo.exec.32,CRITICAL,Analyst,Legal,1.0,7.0,Active,1.0,14.0,0.0
,,,16,,,,,,,,,,,,18938.0,temp.support.750,LOW,Analyst,Finance,0.0,17.0,Active,0.0,7.0,0.0
,,,75,,,,,,,,,,,,6835.0,director.trading.137,HIGH,Analyst,Legal,1.0,4.0,Active,0.0,5.0,1.0
,,,17,,,,,,,,,,,,385713.0,temp.admin.955,LOW,Manager,HR,0.0,3.0,Active,1.0,2.0,0.0
,,,79,,,,,,,,,,,,53494.0,vp.risk.817,HIGH,User,HR,1.0,20.0,Active,1.0,1.0,0.0
,,,23,,,,,,,,,,,,24277.0,user.admin.177,LOW,Analyst,Finance,0.0,10.0,Active,1.0,0.0,0.0
,,,41,,,,,,,,,,,,3803.0,specialist.risk.573,MEDIUM,Analyst,IT,0.0,6.0,Active,0.0,0.0,0.0
,,,42,,,,,,,,,,,,32355.0,admin.risk.757,MEDIUM,User,IT,0.0,9.0,Active,0.0,0.0,1.0
,,,48,,,,,,,,,,,,42947.0,specialist.risk.424,MEDIUM,User,IT,0.0,2.0,Active,1.0,4.0,0.0
,,,71,,,,,,,,,,,,36516.0,director.risk.313,HIGH,Manager,IT,1.0,26.0,Active,1.0,1.0,0.0
,,,45,,,,,,,,,,,,83861.0,engineer.ops.661,MEDIUM,Manager,Finance,0.0,7.0,Active,0.0,0.0,0.0
,,,21,,,,,,,,,,,,1330.0,user.admin.537,LOW,Manager,HR,0.0,23.0,Active,0.0,4.0,0.0
,,,72,,,,,,,,,,,,52362.0,lead.security.783,HIGH,User,IT,1.0,27.0,Active,1.0,4.0,0.0
,,,46,,,,,,,,,,,,13219.0,specialist.security.223,MEDIUM,Analyst,Operations,0.0,2.0,Active,1.0,2.0,0.0
,,,42,,,,,,,,,,,,299579.0,engineer.security.332,MEDIUM,Manager,IT,0.0,27.0,Inactive,1.0,4.0,0.0
,,,73,,,,,,,,,,,,8735.0,manager.trading.271,HIGH,User,IT,1.0,27.0,Active,1.0,1.0,0.0
,,,40,,,,,,,,,,,,243964.0,engineer.risk.610,MEDIUM,Analyst,Legal,0.0,12.0,Active,0.0,5.0,1.0
,,,91,,,,,,,,,,,,3198.0,head_security.exec.105,CRITICAL,Manager,IT,1.0,9.0,Active,1.0,2.0,0.0
,,,41,,,,,,,,,,,,18842.0,admin.risk.338,MEDIUM,User,Operations,0.0,3.0,Active,1.0,0.0,0.0
,,,45,,,,,,,,,,,,288986.0,admin.ops.511,MEDIUM,Analyst,Finance,0.0,5.0,Active,0.0,0.0,0.0
,,,46,,,,,,,,,,,,107431.0,engineer.ops.521,MEDIUM,Manager,Operations,0.0,9.0,Active,1.0,1.0,0.0
,,,49,,,,,,,,,,,,94428.0,specialist.infra.539,MEDIUM,User,IT,0.0,6.0,Active,0.0,1.0,0.0
,,,77,,,,,,,,,,,,16780.0,manager.risk.198,HIGH,User,HR,1.0,20.0,Active,1.0,2.0,0.0
,,,16,,,,,,,,,,,,171222.0,intern.ops.40,LOW,Analyst,Legal,0.0,7.0,Active,0.0,0.0,0.0
,,,46,,,,,,,,,,,,166310.0,engineer.security.597,MEDIUM,Analyst,Legal,0.0,24.0,Active,1.0,0.0,0.0
,,,47,,,,,,,,,,,,298126.0,admin.infra.500,MEDIUM,Analyst,IT,0.0,22.0,Active,1.0,4.0,0.0
,,,46,,,,,,,,,,,,81610.0,admin.infra.557,MEDIUM,User,Legal,0.0,9.0,Suspended,0.0,4.0,0.0
,,,18,,,,,,,,,,,,267618.0,guest.support.739,LOW,Analyst,Operations,0.0,19.0,Active,0.0,3.0,0.0
,,,79,,,,,,,,,,,,146595.0,vp.trading.779,HIGH,Analyst,HR,1.0,23.0,Active,1.0,0.0,0.0
,,,44,,,,,,,,,,,,61210.0,analyst.security.880,MEDIUM,User,Finance,0.0,7.0,Inactive,0.0,1.0,0.0
,,,76,,,,,,,,,,,,255487.0,director.security.175,HIGH,Analyst,HR,1.0,19.0,Active,1.0,5.0,0.0
,,,41,,,,,,,,,,,,60858.0,specialist.infra.332,MEDIUM,Analyst,Legal,0.0,5.0,Active,1.0,0.0,0.0
,,,16,,,,,,,,,,,,349893.0,user.admin.876,LOW,Analyst,Legal,0.0,4.0,Active,0.0,16.0,0.0
,,,45,,,,,,,,,,,,439278.0,analyst.ops.618,MEDIUM,Analyst,Legal,0.0,9.0,Suspended,1.0,7.0,1.0
,,,71,,,,,,,,,,,,3314.0,manager.security.489,HIGH,User,Finance,1.0,28.0,Suspended,1.0,14.0,0.0
,,,48,,,,,,,,,,,,290657.0,engineer.infra.465,MEDIUM,Analyst,Legal,0.0,26.0,Active,0.0,0.0,0.0
,,,22,,,,,,,,,,,,29898.0,user.ops.850,LOW,User,Operations,0.0,0.0,Active,0.0,0.0,0.0
,,,40,,,,,,,,,,,,16157.0,specialist.security.855,MEDIUM,Analyst,IT,0.0,22.0,Active,1.0,2.0,0.0
,,,19,,,,,,,,,,,,9129.0,temp.support.765,LOW,Analyst,Operations,0.0,16.0,Active,1.0,0.0,0.0
,,,90,,,,,,,,,,,,335651.0,cfo.board.606,CRITICAL,Exec,Operations,1.0,8.0,Active,1.0,6.0,1.0
,,,93,,,,,,,,,,,,46018.0,head_security.exec.731,CRITICAL,User,IT,1.0,22.0,Active,1.0,3.0,0.0
,,,42,,,,,,,,,,,,81439.0,engineer.ops.405,MEDIUM,Analyst,IT,0.0,14.0,Active,1.0,5.0,1.0
,,,18,,,,,,,,,,,,35612.0,user.support.65,LOW,Analyst,HR,0.0,14.0,Active,0.0,2.0,0.0
,,,78,,,,,,,,,,,,46697.0,director.risk.242,HIGH,Manager,IT,1.0,29.0,Active,1.0,1.0,0.0
,,,74,,,,,,,,,,,,80252.0,lead.trading.203,HIGH,User,HR,1.0,12.0,Active,0.0,1.0,0.0
,,,18,,,,,,,,,,,,59786.0,intern.admin.864,LOW,Analyst,IT,0.0,7.0,Active,0.0,0.0,1.0
,,,70,,,,,,,,,,,,9635.0,vp.risk.650,HIGH,Analyst,HR,1.0,15.0,Active,0.0,4.0,0.0
,,,79,,,,,,,,,,,,16806.0,director.trading.00,HIGH,User,Finance,1.0,22.0,Active,1.0,5.0,1.0
,,,44,,,,,,,,,,,,274399.0,specialist.security.55,MEDIUM,User,IT,0.0,6.0,Active,1.0,1.0,0.0
,,,47,,,,,,,,,,,,40944.0,specialist.security.866,MEDIUM,User,IT,0.0,24.0,Suspended,0.0,12.0,1.0
,,,92,,,,,,,,,,,,283506.0,ceo.board.745,CRITICAL,User,Finance,1.0,23.0,Active,0.0,7.0,0.0
,,,16,,,,,,,,,,,,283781.0,guest.admin.731,LOW,User,HR,0.0,23.0,Active,1.0,2.0,1.0
,,,42,,,,,,,,,,,,17550.0,specialist.risk.648,MEDIUM,User,Operations,0.0,21.0,Active,1.0,1.0,0.0
,,,23,,,,,,,,,,,,314455.0,intern.support.683,LOW,User,IT,0.0,24.0,Active,0.0,13.0,1.0
,,,77,,,,,,,,,,,,17635.0,director.trading.60,HIGH,User,Operations,1.0,5.0,Active,1.0,14.0,0.0
,,,77,,,,,,,,,,,,235089.0,manager.risk.334,HIGH,Analyst,IT,1.0,28.0,Inactive,1.0,0.0,0.0
,,,40,,,,,,,,,,,,306622.0,specialist.security.564,MEDIUM,User,IT,0.0,4.0,Active,1.0,0.0,0.0
,,,94,,,,,,,,,,,,220536.0,cto.exec.650,CRITICAL,User,IT,1.0,12.0,Active,1.0,10.0,1.0
,,,44,,,,,,,,,,,,266807.0,admin.ops.09,MEDIUM,Analyst,Finance,0.0,10.0,Active,0.0,0.0,0.0
,,,98,,,,,,,,,,,,265568.0,head_security.board.195,CRITICAL,User,HR,1.0,17.0,Active,0.0,14.0,0.0
,,,73,,,,,,,,,,,,164680.0,lead.security.23,HIGH,Analyst,Operations,1.0,7.0,Active,1.0,18.0,0.0
,,,20,,,,,,,,,,,,281518.0,temp.support.285,LOW,Analyst,HR,0.0,19.0,Active,1.0,0.0,0.0
,,,75,,,,,,,,,,,,149941.0,manager.tech.963,HIGH,User,IT,1.0,22.0,Active,1.0,2.0,0.0
,,,71,,,,,,,,,,,,283931.0,lead.security.143,HIGH,User,IT,1.0,23.0,Active,1.0,10.0,0.0
,,,45,,,,,,,,,,,,79861.0,admin.infra.715,MEDIUM,Manager,Operations,0.0,20.0,Active,0.0,6.0,0.0
,,,77,,,,,,,,,,,,169923.0,director.risk.427,HIGH,User,Finance,1.0,23.0,Active,0.0,9.0,1.0
,,,16,,,,,,,,,,,,3208.0,guest.ops.747,LOW,Analyst,Legal,0.0,16.0,Active,0.0,11.0,1.0
,,,40,,,,,,,,,,,,69941.0,admin.security.515,MEDIUM,Manager,Operations,0.0,13.0,Active,1.0,14.0,0.0
,,,17,,,,,,,,,,,,92243.0,guest.admin.809,LOW,User,IT,0.0,29.0,Active,1.0,11.0,0.0
,,,93,,,,,,,,,,,,141251.0,head_security.board.325,CRITICAL,Analyst,Operations,1.0,1.0,Active,1.0,11.0,1.0
,,,93,,,,,,,,,,,,61005.0,cto.exec.923,CRITICAL,Analyst,Finance,1.0,18.0,Active,0.0,11.0,0.0
,,,72,,,,,,,,,,,,290157.0,manager.tech.80,HIGH,Manager,Operations,1.0,3.0,Active,1.0,7.0,0.0
,,,94,,,,,,,,,,,,421078.0,ceo.board.725,CRITICAL,Analyst,Legal,1.0,16.0,Active,1.0,4.0,0.0
,,,20,,,,,,,,,,,,161428.0,temp.support.705,LOW,User,Finance,0.0,24.0,Active,0.0,3.0,0.0
,,,24,,,,,,,,,,,,56305.0,user.ops.718,LOW,Analyst,Finance,0.0,18.0,Active,0.0,6.0,0.0
,,,16,,,,,,,,,,,,42196.0,user.admin.867,LOW,User,HR,0.0,3.0,Inactive,0.0,2.0,0.0
,,,93,,,,,,,,,,,,443328.0,cto.board.418,CRITICAL,User,HR,1.0,15.0,Active,1.0,8.0,0.0
,,,46,,,,,,,,,,,,269110.0,analyst.ops.872,MEDIUM,Analyst,HR,0.0,24.0,Active,0.0,3.0,0.0
,,,97,,,,,,,,,,,,11332.0,head_security.exec.85,CRITICAL,Analyst,Finance,1.0,8.0,Active,1.0,5.0,1.0
,,,45,,,,,,,,,,,,125851.0,engineer.security.693,MEDIUM,Manager,Finance,0.0,13.0,Active,0.0,3.0,0.0
,,,48,,,,,,,,,,,,363063.0,analyst.ops.698,MEDIUM,User,Finance,0.0,21.0,Active,1.0,1.0,0.0
,,,92,,,,,,,,,,,,7741.0,cto.board.294,CRITICAL,User,IT,1.0,3.0,Active,1.0,2.0,0.0
,,,45,,,,,,,,,,,,399769.0,analyst.infra.734,MEDIUM,Analyst,Operations,0.0,0.0,Active,0.0,1.0,0.0
,,,24,,,,,,,,,,,,255458.0,intern.support.560,LOW,User,Finance,0.0,23.0,Active,0.0,3.0,0.0
,,,49,,,,,,,,,,,,89775.0,analyst.security.926,MEDIUM,User,IT,0.0,22.0,Active,1.0,1.0,0.0
,,,23,,,,,,,,,,,,329612.0,user.support.665,LOW,User,HR,0.0,11.0,Active,0.0,2.0,0.0
,,,46,,,,,,,,,,,,443886.0,admin.security.320,MEDIUM,Manager,IT,0.0,5.0,Active,0.0,6.0,0.0
,,,77,,,,,,,,,,,,237223.0,vp.risk.420,HIGH,Analyst,IT,1.0,4.0,Active,1.0,0.0,0.0
,,,79,,,,,,,,,,,,87430.0,manager.tech.997,HIGH,User,HR,1.0,4.0,Active,1.0,3.0,0.0
,,,41,,,,,,,,,,,,36918.0,engineer.risk.739,MEDIUM,User,HR,0.0,3.0,Active,1.0,0.0,0.0
,,,44,,,,,,,,,,,,11420.0,engineer.security.653,MEDIUM,Analyst,Legal,0.0,12.0,Active,1.0,3.0,0.0
,,,48,,,,,,,,,,,,201563.0,engineer.risk.282,MEDIUM,User,HR,0.0,0.0,Active,1.0,0.0,0.0
,,,43,,,,,,,,,,,,123296.0,admin.risk.580,MEDIUM,Analyst,HR,0.0,11.0,Active,1.0,0.0,0.0
,,,71,,,,,,,,,,,,14256.0,vp.tech.259,HIGH,Analyst,Finance,1.0,29.0,Suspended,1.0,4.0,0.0
,,,19,,,,,,,,,,,,49843.0,guest.support.91,LOW,Exec,Legal,0.0,22.0,Active,0.0,1.0,0.0
,,,19,,,,,,,,,,,,396337.0,guest.ops.855,LOW,Manager,HR,0.0,23.0,Active,1.0,3.0,1.0
,,,22,,,,,,,,,,,,27500.0,intern.ops.304,LOW,Analyst,Legal,0.0,6.0,Active,0.0,3.0,0.0
,,,79,,,,,,,,,,,,48540.0,vp.risk.164,HIGH,Analyst,Legal,1.0,22.0,Active,1.0,1.0,0.0
,,,98,,,,,,,,,,,,398388.0,ceo.exec.18,CRITICAL,User,Legal,1.0,2.0,Active,1.0,1.0,0.0
,,,47,,,,,,,,,,,,422230.0,specialist.security.487,MEDIUM,User,HR,0.0,29.0,Active,0.0,0.0,0.0
,,,74,,,,,,,,,,,,429083.0,vp.risk.143,HIGH,Manager,IT,1.0,24.0,Active,1.0,3.0,0.0
,,,21,,,,,,,,,,,,117856.0,user.ops.721,LOW,Manager,IT,0.0,23.0,Active,0.0,5.0,0.0
,,,47,,,,,,,,,,,,35958.0,specialist.security.496,MEDIUM,Analyst,IT,0.0,15.0,Suspended,1.0,14.0,1.0
,,,92,,,,,,,,,,,,43072.0,head_security.exec.11,CRITICAL,User,Operations,1.0,4.0,Active,1.0,1.0,0.0
,,,70,,,,,,,,,,,,60230.0,manager.risk.831,HIGH,Manager,Finance,1.0,21.0,Active,1.0,1.0,0.0
,,,47,,,,,,,,,,,,9618.0,engineer.infra.646,MEDIUM,Analyst,IT,0.0,29.0,Active,1.0,2.0,1.0
,,,41,,,,,,,,,,,,18890.0,engineer.ops.615,MEDIUM,User,Legal,0.0,14.0,Active,0.0,0.0,0.0
,,,41,,,,,,,,,,,,406112.0,analyst.infra.417,MEDIUM,Analyst,Operations,0.0,26.0,Active,1.0,11.0,0.0
,,,17,,,,,,,,,,,,79434.0,user.admin.840,LOW,User,Finance,0.0,2.0,Active,1.0,5.0,0.0
,,,22,,,,,,,,,,,,311743.0,temp.admin.718,LOW,Analyst,Operations,0.0,5.0,Active,1.0,0.0,0.0
,,,48,,,,,,,,,,,,242756.0,engineer.risk.30,MEDIUM,Analyst,IT,0.0,1.0,Active,0.0,1.0,0.0
,,,45,,,,,,,,,,,,118649.0,engineer.infra.314,MEDIUM,Analyst,Legal,0.0,24.0,Active,0.0,2.0,0.0
,,,70,,,,,,,,,,,,52628.0,lead.tech.710,HIGH,Manager,HR,1.0,18.0,Active,0.0,2.0,0.0
,,,15,,,,,,,,,,,,43357.0,intern.admin.15,LOW,User,Legal,0.0,2.0,Active,0.0,0.0,0.0
,,,42,,,,,,,,,,,,394189.0,engineer.risk.661,MEDIUM,Analyst,Legal,0.0,25.0,Active,1.0,0.0,0.0
,,,43,,,,,,,,,,,,264519.0,analyst.risk.352,MEDIUM,User,Finance,0.0,5.0,Active,1.0,1.0,0.0
,,,49,,,,,,,,,,,,109237.0,specialist.security.878,MEDIUM,Analyst,Finance,0.0,21.0,Active,0.0,1.0,0.0
,,,16,,,,,,,,,,,,366532.0,temp.ops.563,LOW,Analyst,IT,0.0,22.0,Active,0.0,1.0,0.0
,,,45,,,,,,,,,,,,91049.0,admin.ops.834,MEDIUM,Analyst,Finance,0.0,16.0,Active,0.0,1.0,0.0
,,,48,,,,,,,,,,,,174689.0,engineer.risk.417,MEDIUM,Analyst,Operations,0.0,8.0,Active,0.0,1.0,0.0
,,,93,,,,,,,,,,,,21721.0,cto.board.730,CRITICAL,User,Finance,1.0,25.0,Active,1.0,2.0,0.0
,,,70,,,,,,,,,,,,130269.0,lead.trading.804,HIGH,User,IT,1.0,5.0,Active,1.0,0.0,0.0
,,,47,,,,,,,,,,,,99643.0,engineer.risk.602,MEDIUM,Analyst,Finance,0.0,17.0,Inactive,1.0,1.0,0.0
,,,48,,,,,,,,,,,,12577.0,specialist.infra.858,MEDIUM,User,Operations,0.0,1.0,Active,1.0,0.0,0.0
,,,15,,,,,,,,,,,,153802.0,user.admin.804,LOW,Analyst,Legal,0.0,29.0,Active,1.0,0.0,0.0
,,,70,,,,,,,,,,,,374650.0,director.tech.297,HIGH,User,Finance,1.0,16.0,Active,1.0,0.0,0.0
,,,70,,,,,,,,,,,,111285.0,director.trading.595,HIGH,Analyst,IT,1.0,13.0,Active,1.0,0.0,0.0
,,,95,,,,,,,,,,,,34745.0,cto.board.84,CRITICAL,User,Legal,1.0,7.0,Active,1.0,0.0,0.0
,,,20,,,,,,,,,,,,209823.0,intern.ops.955,LOW,User,Finance,0.0,7.0,Active,1.0,1.0,0.0
,,,16,,,,,,,,,,,,114437.0,guest.support.190,LOW,Analyst,Legal,0.0,4.0,Active,0.0,0.0,0.0
,,,40,,,,,,,,,,,,7087.0,admin.risk.220,MEDIUM,User,Finance,0.0,28.0,Active,0.0,0.0,0.0
,,,15,,,,,,,,,,,,255289.0,intern.support.668,LOW,User,IT,0.0,7.0,Active,0.0,1.0,0.0
,,,22,,,,,,,,,,,,72867.0,guest.admin.413,LOW,User,Operations,0.0,16.0,Active,0.0,0.0,0.0
,,,97,,,,,,,,,,,,215192.0,cfo.exec.95,CRITICAL,Manager,IT,1.0,19.0,Active,1.0,0.0,0.0
,,,41,,,,,,,,,,,,93866.0,analyst.security.244,MEDIUM,User,Finance,0.0,5.0,Active,0.0,1.0,0.0
,,,23,,,,,,,,,,,,61698.0,guest.ops.849,LOW,Analyst,Finance,0.0,15.0,Active,1.0,0.0,0.0
,,,47,,,,,,,,,,,,428657.0,engineer.infra.479,MEDIUM,Analyst,HR,0.0,12.0,Active,1.0,1.0,0.0
,,,71,,,,,,,,,,,,68692.0,manager.risk.197,HIGH,User,Finance,1.0,27.0,Active,1.0,0.0,0.0
,,,17,,,,,,,,,,,,32075.0,user.admin.801,LOW,Manager,Finance,0.0,4.0,Active,1.0,0.0,0.0
,,,93,,,,,,,,,,,,225274.0,ceo.board.329,CRITICAL,Analyst,Legal,1.0,10.0,Active,1.0,3.0,0.0
,,,16,,,,,,,,,,,,1201.0,temp.admin.817,LOW,User,HR,0.0,15.0,Active,1.0,0.0,0.0
,,,23,,,,,,,,,,,,37341.0,temp.ops.488,LOW,User,Operations,0.0,12.0,Active,1.0,0.0,0.0
,,,15,,,,,,,,,,,,382920.0,temp.support.822,LOW,User,HR,0.0,0.0,Active,0.0,13.0,0.0
,,,16,,,,,,,,,,,,352631.0,intern.ops.739,LOW,Manager,HR,0.0,26.0,Active,0.0,0.0,0.0
,,,24,,,,,,,,,,,,49132.0,intern.admin.888,LOW,User,HR,0.0,7.0,Active,1.0,2.0,0.0
,,,46,,,,,,,,,,,,73831.0,admin.ops.599,MEDIUM,Manager,IT,0.0,21.0,Active,1.0,0.0,0.0
,,,20,,,,,,,,,,,,403236.0,guest.admin.602,LOW,User,Legal,0.0,11.0,Active,0.0,0.0,0.0
,,,21,,,,,,,,,,,,347959.0,user.admin.522,LOW,Analyst,IT,0.0,26.0,Suspended,0.0,0.0,0.0
,,,44,,,,,,,,,,,,416331.0,specialist.infra.373,MEDIUM,User,Finance,0.0,19.0,Active,0.0,0.0,0.0
,,,16,,,,,,,,,,,,176311.0,guest.support.106,LOW,Exec,Operations,0.0,29.0,Active,0.0,1.0,0.0
,,,40,,,,,,,,,,,,183714.0,analyst.risk.621,MEDIUM,User,IT,0.0,7.0,Active,0.0,2.0,0.0
,,,42,,,,,,,,,,,,193299.0,admin.risk.329,MEDIUM,Analyst,Finance,0.0,3.0,Active,0.0,0.0,0.0
,,,45,,,,,,,,,,,,293243.0,specialist.risk.758,MEDIUM,Analyst,Finance,0.0,14.0,Active,0.0,1.0,1.0
,,,21,,,,,,,,,,,,387928.0,temp.support.918,LOW,Manager,IT,0.0,21.0,Inactive,1.0,1.0,0.0
,,,15,,,,,,,,,,,,210180.0,temp.admin.970,LOW,User,Finance,0.0,15.0,Active,0.0,1.0,0.0
,,,43,,,,,,,,,,,,193614.0,engineer.risk.496,MEDIUM,Analyst,IT,0.0,12.0,Active,1.0,3.0,0.0
,,,49,,,,,,,,,,,,19847.0,engineer.risk.593,MEDIUM,Manager,IT,0.0,29.0,Active,1.0,0.0,0.0
,,,47,,,,,,,,,,,,127464.0,admin.infra.491,MEDIUM,Analyst,IT,0.0,28.0,Active,0.0,0.0,0.0
,,,74,,,,,,,,,,,,385256.0,vp.risk.637,HIGH,User,IT,1.0,1.0,Active,1.0,2.0,0.0
,,,46,,,,,,,,,,,,17088.0,analyst.infra.814,MEDIUM,Analyst,Finance,0.0,23.0,Active,1.0,0.0,0.0
,,,70,,,,,,,,,,,,125884.0,manager.risk.597,HIGH,Manager,Legal,1.0,28.0,Active,0.0,0.0,0.0
,,,90,,,,,,,,,,,,19123.0,cto.board.69,CRITICAL,Manager,IT,1.0,20.0,Active,1.0,2.0,0.0
,,,47,,,,,,,,,,,,395345.0,admin.infra.362,MEDIUM,Exec,Legal,0.0,7.0,Active,1.0,0.0,0.0
,,,45,,,,,,,,,,,,33241.0,specialist.risk.466,MEDIUM,Exec,HR,0.0,22.0,Active,0.0,8.0,0.0
,,,40,,,,,,,,,,,,18656.0,admin.security.650,MEDIUM,Analyst,IT,0.0,16.0,Active,1.0,3.0,0.0
,,,70,,,,,,,,,,,,405.0,manager.trading.207,HIGH,Analyst,IT,1.0,27.0,Active,1.0,2.0,0.0
,,,74,,,,,,,,,,,,172967.0,manager.risk.668,HIGH,Manager,Operations,1.0,9.0,Active,1.0,3.0,0.0
,,,95,,,,,,,,,,,,15271.0,cto.board.89,CRITICAL,User,HR,1.0,4.0,Active,0.0,5.0,0.0
,,,24,,,,,,,,,,,,430573.0,intern.ops.820,LOW,Analyst,Finance,0.0,11.0,Active,0.0,0.0,0.0
,,,40,,,,,,,,,,,,440568.0,admin.ops.696,MEDIUM,User,Finance,0.0,20.0,Active,0.0,1.0,0.0
,,,17,,,,,,,,,,,,331168.0,temp.admin.865,LOW,Manager,IT,0.0,27.0,Active,0.0,1.0,0.0
,,,71,,,,,,,,,,,,7749.0,lead.risk.368,HIGH,User,Finance,1.0,1.0,Active,1.0,4.0,0.0
,,,48,,,,,,,,,,,,314876.0,engineer.risk.410,MEDIUM,Analyst,Finance,0.0,17.0,Active,0.0,4.0,0.0
,,,43,,,,,,,,,,,,299156.0,specialist.infra.734,MEDIUM,Analyst,Finance,0.0,8.0,Suspended,1.0,3.0,0.0
,,,23,,,,,,,,,,,,452990.0,guest.ops.540,LOW,Analyst,IT,0.0,24.0,Active,0.0,0.0,0.0
,,,91,,,,,,,,,,,,203905.0,cfo.board.18,CRITICAL,Analyst,Finance,1.0,11.0,Active,1.0,3.0,0.0
,,,47,,,,,,,,,,,,131078.0,analyst.infra.60,MEDIUM,Analyst,IT,0.0,27.0,Active,0.0,2.0,0.0
,,,99,,,,,,,,,,,,362597.0,ceo.board.812,CRITICAL,Analyst,IT,1.0,26.0,Active,1.0,1.0,0.0
,,,95,,,,,,,,,,,,338360.0,cto.exec.49,CRITICAL,Analyst,HR,1.0,26.0,Active,1.0,12.0,0.0
,,,44,,,,,,,,,,,,68844.0,engineer.risk.494,MEDIUM,Manager,IT,0.0,23.0,Active,0.0,2.0,0.0
,,,24,,,,,,,,,,,,182062.0,temp.ops.263,LOW,Analyst,Operations,0.0,14.0,Active,0.0,1.0,0.0
,,,47,,,,,,,,,,,,450346.0,engineer.ops.731,MEDIUM,Analyst,Legal,0.0,24.0,Active,1.0,3.0,0.0
,,,15,,,,,,,,,,,,2632.0,user.admin.384,LOW,User,IT,0.0,8.0,Active,0.0,2.0,0.0
,,,75,,,,,,,,,,,,36891.0,vp.trading.768,HIGH,User,Legal,1.0,21.0,Active,0.0,0.0,0.0
,,,92,,,,,,,,,,,,127489.0,cto.exec.650,CRITICAL,User,HR,1.0,13.0,Inactive,1.0,2.0,0.0
,,,45,,,,,,,,,,,,229238.0,analyst.security.236,MEDIUM,Analyst,Finance,0.0,5.0,Active,0.0,0.0,0.0
,,,79,,,,,,,,,,,,121289.0,lead.tech.253,HIGH,Manager,IT,1.0,8.0,Active,1.0,0.0,0.0
,,,20,,,,,,,,,,,,256827.0,user.support.725,LOW,Manager,Operations,0.0,1.0,Active,0.0,2.0,0.0
,,,42,,,,,,,,,,,,376501.0,analyst.security.782,MEDIUM,Analyst,Legal,0.0,7.0,Active,1.0,1.0,0.0
,,,71,,,,,,,,,,,,354790.0,director.risk.141,HIGH,Manager,HR,1.0,17.0,Inactive,0.0,0.0,0.0
,,,44,,,,,,,,,,,,196505.0,engineer.security.438,MEDIUM,User,IT,0.0,20.0,Active,1.0,0.0,0.0
,,,42,,,,,,,,,,,,11120.0,engineer.risk.643,MEDIUM,Analyst,IT,0.0,11.0,Active,1.0,0.0,0.0
