top_alert_title,alert_title_tp_rate,alert_title_bp_rate,alert_title_fp_rate
0,0.12109163009163008,0.04472695772695773,0.8341814121814122
1,0.35323778437190895,0.5499246290801187,0.09683758654797231
2,0.13654021918941273,0.7731460918114144,0.09031368899917287
3,0.33537987588652485,0.06598803191489361,0.5986320921985816
4,0.2607515905947441,0.6976124481327801,0.0416359612724758
5,0.26211766735679776,0.5068561076604555,0.23102622498274672
6,0.6856251621271077,0.14250194552529183,0.17187289234760053
7,0.09589855072463768,0.24447826086956523,0.6596231884057971
8,0.2617711797307997,0.6855653206650831,0.05266349960411718
9,0.2309860529986053,0.6176694560669456,0.1513444909344491
10,0.12696747967479674,0.527390243902439,0.34564227642276424
11,0.3339400196656834,0.5918082595870207,0.07425172074729597
12,0.6829867424242425,0.13422159090909092,0.18279166666666669
13,0.032920398009950246,0.9197462686567164,0.04733333333333333
14,0.03938690476190476,0.8861249999999999,0.07448809523809523
15,0.12351803482587066,0.03287873134328358,0.8436032338308458
16,0.2882266666666667,0.58492,0.12685333333333332
17,0.21558538251366122,0.5627520491803278,0.22166256830601094
18,0.1773047619047619,0.47494285714285717,0.3477523809523809
19,0.23053015873015872,0.5392666666666667,0.2302031746031746
20,0.6611159420289855,0.201,0.1378840579710145
21,0.6483923686105112,0.33611879049676024,0.01548884089272858
22,0.14466157328805887,0.6886638370118846,0.1666745897000566
23,0.2157547619047619,0.5330214285714286,0.25122380952380957
24,0.08014166666666667,0.665575,0.2542833333333333
25,0.1232948717948718,0.7547307692307693,0.12197435897435896
26,0.016837150127226464,0.9589541984732824,0.024208651399491094
27,0.059612612612612616,0.8546756756756757,0.0857117117117117
28,0.14775396825396825,0.5386428571428572,0.3136031746031746
29,0.10017708333333333,0.58196875,0.31785416666666666
30,0.35083862433862434,0.306531746031746,0.3426296296296297
31,0.020035416666666667,0.57889375,0.4010708333333334
32,0.0047741702741702745,0.010006493506493507,0.9852193362193362
33,0.18856862745098038,0.5660588235294118,0.24537254901960784
34,0.9716569696969697,0.01681090909090909,0.01153212121212121
35,0.13785416666666667,0.4139375,0.4482083333333333
36,0.07352222222222222,0.8207666666666668,0.1057111111111111
37,0.014910077519379845,0.9703395348837209,0.014750387596899223
39,0.9845656765676568,0.009154455445544555,0.00627986798679868
40,0.07455038759689922,0.15402325581395349,0.7714263565891474
41,0.2005151515151515,0.4202727272727273,0.37921212121212117
42,0.13356944444444444,0.5259583333333334,0.34047222222222223
43,0.05655555555555555,0.1441794871794872,0.7992649572649573
44,0.2005151515151515,0.4202727272727273,0.37921212121212117
45,0.008893817204301076,0.9783185483870968,0.01278763440860215
46,0.11608771929824561,0.6117368421052632,0.27217543859649124
47,0.006683838383838384,0.01400909090909091,0.9793070707070707
48,0.4626180555555555,0.3463125,0.19106944444444443
49,0.14471843434343434,0.7258446969696969,0.1294368686868687
50,0.13103091787439614,0.7815159420289854,0.08745314009661835
51,0.22897619047619047,0.4730714285714286,0.2979523809523809
52,0.4004358974358974,0.3556153846153846,0.24394871794871792
53,0.10025757575757575,0.7555909090909091,0.14415151515151514
54,0.3210560224089636,0.3161596638655462,0.36278431372549025
55,0.051294573643410855,0.874953488372093,0.07375193798449611
56,0.009507183908045978,0.019926724137931034,0.970566091954023
57,0.07115053763440861,0.8265483870967743,0.1023010752688172
58,0.2465897435897436,0.5094615384615385,0.24394871794871792
59,0.8299501915708813,0.1335977011494253,0.03645210727969348
60,0.7916099290780142,0.14091489361702128,0.06747517730496454
61,0.09589855072463768,0.7662173913043479,0.1378840579710145
62,0.3275708333333333,0.3077875,0.36464166666666664
63,0.15265079365079365,0.5534761904761906,0.29387301587301584
64,0.03243627450980392,0.08269117647058824,0.8848725490196079
65,0.1393768115942029,0.6792608695652175,0.1813623188405797
66,0.9102619047619048,0.05737755102040817,0.032360544217687075
67,0.2914242424242424,0.4202727272727273,0.2883030303030303
68,0.11448809523809524,0.4508214285714286,0.4346904761904762
70,0.18380555555555556,0.46858333333333335,0.3476111111111111
71,0.11682407407407408,0.6839722222222222,0.1992037037037037
72,0.010604166666666666,0.9741490384615384,0.01524679487179487
73,0.06301904761904761,0.8463714285714286,0.0906095238095238
74,0.6400708333333334,0.2077875,0.15214166666666668
75,0.033933333333333336,0.917276923076923,0.048789743589743584
76,0.09589855072463768,0.6792608695652175,0.22484057971014493
77,0.23119398907103825,0.40674590163934427,0.3620601092896175
78,0.10503174603174603,0.743952380952381,0.151015873015873
79,0.32535416666666667,0.4764375,0.19820833333333332
80,0.28411333333333333,0.45246000000000003,0.26342666666666664
82,0.18380555555555556,0.5519166666666667,0.2642777777777778
83,0.13785416666666667,0.6014375000000001,0.2607083333333333
86,0.9216453333333334,0.044984,0.03337066666666667
87,0.4803777777777778,0.30820000000000003,0.2114222222222222
88,0.07455038759689922,0.8516976744186046,0.07375193798449611
89,0.2914242424242424,0.4202727272727273,0.2883030303030303
90,0.12253703703703704,0.7012777777777779,0.17618518518518517
91,0.10025757575757575,0.7101363636363637,0.18960606060606058
92,0.1393768115942029,0.4183913043478261,0.442231884057971
93,0.07605747126436782,0.8145862068965518,0.10935632183908045
94,0.18380555555555556,0.38525000000000004,0.4309444444444444
95,0.18380555555555556,0.46858333333333335,0.3476111111111111
96,0.16871929824561405,0.24331578947368424,0.5879649122807017
97,0.0728560606060606,0.8323409090909091,0.09480303030303029
98,0.2521423611111111,0.5898229166666666,0.15803472222222223
99,0.16966666666666666,0.5863846153846154,0.24394871794871792
100,0.055141666666666665,0.865575,0.07928333333333333
101,0.8722240437158469,0.07578688524590164,0.051989071038251365
102,0.12744444444444444,0.624939393939394,0.24761616161616162
103,0.13785416666666667,0.5389375000000001,0.3232083333333333
105,0.2473921568627451,0.3895882352941177,0.36301960784313725
106,0.18380555555555556,0.5519166666666667,0.2642777777777778
109,0.06571354166666667,0.072234375,0.8620520833333334
110,0.8409319727891156,0.0943469387755102,0.06472108843537415
111,0.23014166666666663,0.690575,0.07928333333333333
112,0.20035416666666667,0.2889375,0.5107083333333333
113,0.11028333333333333,0.7311500000000001,0.15856666666666666
114,0.21028333333333332,0.6311500000000001,0.15856666666666666
115,0.8471699346405228,0.09064705882352941,0.06218300653594771
116,0.08483333333333333,0.7931923076923078,0.12197435897435896
117,0.44326190476190475,0.33021428571428574,0.22652380952380952
118,0.236042735042735,0.11853846153846155,0.6454188034188034
119,0.31028333333333336,0.43115000000000003,0.25856666666666667
120,0.15754761904761905,0.5445,0.2979523809523809
121,0.7834907407407408,0.12841666666666668,0.08809259259259258
122,0.1457121212121212,0.7101363636363637,0.14415151515151514
124,0.16966666666666666,0.3556153846153846,0.4747179487179487
125,0.16966666666666666,0.5863846153846154,0.24394871794871792
126,0.3314278606965174,0.6212388059701492,0.04733333333333333
127,0.07352222222222222,0.7874333333333333,0.13904444444444444
128,0.14704444444444445,0.6415333333333334,0.2114222222222222
129,0.11028333333333333,0.7311500000000001,0.15856666666666666
130,0.2005151515151515,0.5111818181818182,0.2883030303030303
131,0.11608771929824561,0.5064736842105264,0.3774385964912281
133,0.059612612612612616,0.8546756756756757,0.0857117117117117
134,0.3835694444444444,0.44262500000000005,0.17380555555555555
135,0.055141666666666665,0.865575,0.07928333333333333
136,0.26713888888888887,0.46858333333333335,0.2642777777777778
137,0.06892708333333333,0.83196875,0.09910416666666666
138,0.16966666666666666,0.5863846153846154,0.24394871794871792
139,0.07605747126436782,0.15941379310344828,0.7645287356321839
140,0.6457121212121212,0.21013636363636365,0.14415151515151514
142,0.06487254901960784,0.8418529411764706,0.09327450980392156
143,0.4004358974358974,0.3556153846153846,0.24394871794871792
144,0.2602833333333333,0.53115,0.20856666666666665
145,0.16871929824561405,0.2959473684210526,0.5353333333333333
146,0.2005151515151515,0.4202727272727273,0.37921212121212117
147,0.3062156862745098,0.3895882352941177,0.30419607843137253
148,0.07877380952380952,0.8079642857142858,0.11326190476190476
149,0.4803777777777778,0.30820000000000003,0.2114222222222222
150,0.04501360544217687,0.8902653061224489,0.06472108843537415
151,0.10017708333333333,0.80071875,0.09910416666666666
152,0.2914242424242424,0.4202727272727273,0.2883030303030303
153,0.27539826839826836,0.28081818181818186,0.44378354978354984
154,0.14704444444444445,0.6415333333333334,0.2114222222222222
155,0.18380555555555556,0.5519166666666667,0.2642777777777778
157,0.03802873563218391,0.9072931034482759,0.054678160919540225
159,0.06892708333333333,0.83196875,0.09910416666666666
160,0.040845679012345676,0.8448703703703703,0.11428395061728394
161,0.17809259259259258,0.4235,0.3984074074074074
162,0.11028333333333333,0.28115,0.6085666666666667
164,0.07115053763440861,0.8265483870967743,0.1023010752688172
165,0.24880180180180178,0.12494594594594595,0.6262522522522522
166,0.13785416666666667,0.6639375000000001,0.19820833333333332
168,0.5085694444444444,0.27595833333333336,0.2154722222222222
169,0.18380555555555556,0.5519166666666667,0.2642777777777778
170,0.26713888888888887,0.38525000000000004,0.3476111111111111
172,0.27352222222222217,0.4874333333333334,0.23904444444444445
173,0.2005151515151515,0.5111818181818182,0.2883030303030303
174,0.2005151515151515,0.5111818181818182,0.2883030303030303
176,0.13785416666666667,0.6639375000000001,0.19820833333333332
177,0.15754761904761905,0.4730714285714286,0.36938095238095237
179,0.3004047619047619,0.33021428571428574,0.36938095238095237
181,0.12253703703703704,0.7012777777777779,0.17618518518518517
182,0.31560256410256404,0.1778076923076923,0.5065897435897436
184,0.16966666666666666,0.5863846153846154,0.24394871794871792
185,0.3957753623188406,0.33963043478260874,0.26459420289855073
187,0.18380555555555556,0.5519166666666667,0.2642777777777778
189,0.18285507246376811,0.201,0.6161449275362318
190,0.23364814814814816,0.4235,0.34285185185185185
191,0.1297450980392157,0.6837058823529413,0.18654901960784312
193,0.16966666666666666,0.43253846153846154,0.3977948717948718
194,0.6372469135802469,0.24529629629629632,0.11745679012345678
196,0.15576543209876542,0.3934444444444445,0.4507901234567901
197,0.16966666666666666,0.5094615384615385,0.32087179487179485
198,0.11608771929824561,0.7170000000000001,0.16691228070175437
199,0.18380555555555556,0.5519166666666667,0.2642777777777778
200,0.06892708333333333,0.83196875,0.09910416666666666
201,0.14704444444444445,0.6415333333333334,0.2114222222222222
202,0.26285416666666667,0.5389375000000001,0.19820833333333332
203,0.26713888888888887,0.46858333333333335,0.2642777777777778
204,0.11608771929824561,0.7170000000000001,0.16691228070175437
205,0.23364814814814816,0.4790555555555556,0.28729629629629627
206,0.4002023809523809,0.4151071428571429,0.18469047619047618
207,0.3431269841269841,0.3153809523809524,0.34149206349206346
208,0.14704444444444445,0.5748666666666667,0.2780888888888889
209,0.11608771929824561,0.6643684210526316,0.2195438596491228
210,0.16871929824561405,0.6117368421052632,0.2195438596491228
211,0.2914242424242424,0.4202727272727273,0.2883030303030303
212,0.5336031746031745,0.22014285714285714,0.24625396825396825
214,0.18380555555555556,0.38525000000000004,0.4309444444444444
215,0.09190277777777778,0.7759583333333334,0.1321388888888889
216,0.08169135802469135,0.8008518518518519,0.11745679012345678
217,0.2758288288288288,0.5573783783783784,0.1667927927927928
218,0.14704444444444445,0.6415333333333334,0.2114222222222222
219,0.2914242424242424,0.4202727272727273,0.2883030303030303
220,0.059612612612612616,0.8546756756756757,0.0857117117117117
221,0.7773047619047618,0.13208571428571428,0.0906095238095238
222,0.06683838383838384,0.7764545454545455,0.1567070707070707
223,0.24788888888888888,0.4582380952380953,0.29387301587301584
224,0.07352222222222222,0.8207666666666668,0.1057111111111111
225,0.1297450980392157,0.6837058823529413,0.18654901960784312
226,0.7401888888888889,0.15410000000000001,0.1057111111111111
228,0.07877380952380952,0.8079642857142858,0.11326190476190476
229,0.10025757575757575,0.21013636363636365,0.6896060606060606
230,0.18380555555555556,0.5519166666666667,0.2642777777777778
231,0.08822666666666666,0.7849200000000001,0.12685333333333332
232,0.2005151515151515,0.5111818181818182,0.2883030303030303
234,0.12253703703703704,0.7012777777777779,0.17618518518518517
235,0.21690277777777778,0.44262500000000005,0.34047222222222223
236,0.14704444444444445,0.30820000000000003,0.5447555555555555
238,0.06892708333333333,0.83196875,0.09910416666666666
241,0.40024637681159414,0.3314347826086957,0.2683188405797101
242,0.2465897435897436,0.5094615384615385,0.24394871794871792
243,0.16028333333333333,0.38115,0.4585666666666667
244,0.45035416666666667,0.2889375,0.2607083333333333
245,0.15754761904761905,0.33021428571428574,0.5122380952380953
246,0.052515873015873016,0.8719761904761905,0.0755079365079365
247,0.2465897435897436,0.5094615384615385,0.24394871794871792
250,0.5128541666666666,0.2889375,0.19820833333333332
251,0.15020238095238095,0.4151071428571429,0.4346904761904762
254,0.3004047619047619,0.4730714285714286,0.22652380952380952
255,0.1406936936936937,0.7735945945945947,0.0857117117117117
257,0.18380555555555556,0.5519166666666667,0.2642777777777778
258,0.15754761904761905,0.6159285714285715,0.22652380952380952
259,0.08169135802469135,0.6156666666666667,0.30264197530864195
260,0.17809259259259258,0.3123888888888889,0.5095185185185185
261,0.3792456140350877,0.2959473684210526,0.32480701754385966
262,0.14704444444444445,0.5082,0.34475555555555554
263,0.14704444444444445,0.5748666666666667,0.2780888888888889
264,0.18380555555555556,0.5519166666666667,0.2642777777777778
265,0.26713888888888887,0.46858333333333335,0.2642777777777778
266,0.07115053763440861,0.8265483870967743,0.1023010752688172
267,0.05012878787878788,0.8550681818181818,0.09480303030303029
268,0.5306811594202898,0.28795652173913044,0.1813623188405797
269,0.13785416666666667,0.6639375000000001,0.19820833333333332
270,0.3004047619047619,0.4730714285714286,0.22652380952380952
271,0.6288412698412698,0.22014285714285714,0.151015873015873
272,0.36147311827956985,0.24590322580645163,0.39262365591397846
274,0.10025757575757575,0.7555909090909091,0.14415151515151514
275,0.20035416666666667,0.4139375,0.3857083333333333
276,0.10503174603174603,0.743952380952381,0.151015873015873
278,0.36147311827956985,0.34267741935483875,0.2958494623655914
279,0.2005151515151515,0.4202727272727273,0.37921212121212117
280,0.15754761904761905,0.40164285714285713,0.4408095238095238
282,0.05923474178403756,0.7693380281690141,0.17142723004694835
283,0.20035416666666667,0.4764375,0.3232083333333333
285,0.2005151515151515,0.5111818181818182,0.2883030303030303
287,0.08822666666666666,0.7849200000000001,0.12685333333333332
288,0.2005151515151515,0.5111818181818182,0.2883030303030303
289,0.029806306306306308,0.9273378378378379,0.04285585585585585
290,0.11028333333333333,0.7311500000000001,0.15856666666666666
291,0.10025757575757575,0.7101363636363637,0.18960606060606058
292,0.12253703703703704,0.7012777777777779,0.17618518518518517
293,0.2914242424242424,0.4202727272727273,0.2883030303030303
294,0.4002023809523809,0.3793928571428572,0.2204047619047619
296,0.14704444444444445,0.6415333333333334,0.2114222222222222
297,0.06126851851851852,0.8506388888888889,0.08809259259259258
298,0.5064270833333333,0.26946875000000003,0.22410416666666666
299,0.15754761904761905,0.4730714285714286,0.36938095238095237
300,0.23364814814814816,0.5346111111111111,0.23174074074074072
301,0.11608771929824561,0.2959473684210526,0.5879649122807017
303,0.07877380952380952,0.8079642857142858,0.11326190476190476
304,0.44326190476190475,0.33021428571428574,0.22652380952380952
306,0.2005151515151515,0.4202727272727273,0.37921212121212117
307,0.20026984126984126,0.22014285714285714,0.5795873015873015
308,0.18380555555555556,0.5519166666666667,0.2642777777777778
309,0.20035416666666667,0.4139375,0.3857083333333333
310,0.2005151515151515,0.4202727272727273,0.37921212121212117
311,0.09190277777777778,0.7759583333333334,0.1321388888888889
312,0.2803777777777778,0.44153333333333333,0.2780888888888889
313,0.11028333333333333,0.4811500000000001,0.40856666666666663
314,0.26713888888888887,0.46858333333333335,0.2642777777777778
315,0.12253703703703704,0.7012777777777779,0.17618518518518517
316,0.1297450980392157,0.5072352941176471,0.36301960784313725
317,0.07605747126436782,0.8145862068965518,0.10935632183908045
318,0.11028333333333333,0.53115,0.35856666666666664
319,0.12253703703703704,0.7012777777777779,0.17618518518518517
320,0.07352222222222222,0.8207666666666668,0.1057111111111111
321,0.14704444444444445,0.6415333333333334,0.2114222222222222
322,0.4082266666666666,0.30492,0.28685333333333335
323,0.2005151515151515,0.4202727272727273,0.37921212121212117
324,0.2465897435897436,0.43253846153846154,0.32087179487179485
325,0.16966666666666666,0.5863846153846154,0.24394871794871792
326,0.20035416666666667,0.5389375000000001,0.2607083333333333
328,0.2005151515151515,0.5111818181818182,0.2883030303030303
329,0.4137111111111111,0.30820000000000003,0.2780888888888889
330,0.4003148148148148,0.3123888888888889,0.28729629629629627
332,0.44326190476190475,0.33021428571428574,0.22652380952380952
334,0.3004047619047619,0.33021428571428574,0.36938095238095237
336,0.2005151515151515,0.5111818181818182,0.2883030303030303
337,0.2005151515151515,0.5111818181818182,0.2883030303030303
339,0.2005151515151515,0.5111818181818182,0.2883030303030303
340,0.4803777777777778,0.30820000000000003,0.2114222222222222
341,0.11608771929824561,0.7170000000000001,0.16691228070175437
342,0.2005151515151515,0.5111818181818182,0.2883030303030303
343,0.18380555555555556,0.5519166666666667,0.2642777777777778
344,0.1393768115942029,0.6357826086956522,0.22484057971014493
345,0.1297450980392157,0.5072352941176471,0.36301960784313725
346,0.5669814814814814,0.25683333333333336,0.17618518518518517
347,0.26713888888888887,0.46858333333333335,0.2642777777777778
348,0.10503174603174603,0.743952380952381,0.151015873015873
349,0.18380555555555556,0.5519166666666667,0.2642777777777778
350,0.18380555555555556,0.38525000000000004,0.4309444444444444
351,0.18380555555555556,0.5519166666666667,0.2642777777777778
352,0.14704444444444445,0.44153333333333333,0.4114222222222222
353,0.16966666666666666,0.5863846153846154,0.24394871794871792
355,0.26713888888888887,0.46858333333333335,0.2642777777777778
356,0.15754761904761905,0.5445,0.2979523809523809
357,0.08483333333333333,0.1778076923076923,0.7373589743589744
358,0.1297450980392157,0.6837058823529413,0.18654901960784312
359,0.16966666666666666,0.5863846153846154,0.24394871794871792
360,0.16966666666666666,0.5094615384615385,0.32087179487179485
361,0.13785416666666667,0.6014375000000001,0.2607083333333333
362,0.35047222222222224,0.38525000000000004,0.2642777777777778
363,0.14704444444444445,0.6415333333333334,0.2114222222222222
364,0.18380555555555556,0.46858333333333335,0.3476111111111111
365,0.14704444444444445,0.5748666666666667,0.2780888888888889
368,0.4004358974358974,0.3556153846153846,0.24394871794871792
369,0.4252361111111111,0.44262500000000005,0.1321388888888889
370,0.7216309523809523,0.16510714285714287,0.11326190476190476
371,0.2803777777777778,0.44153333333333333,0.2780888888888889
372,0.09190277777777778,0.6509583333333334,0.25713888888888886
373,0.35676811594202895,0.37491304347826093,0.2683188405797101
374,0.15754761904761905,0.33021428571428574,0.5122380952380953
375,0.6457121212121212,0.21013636363636365,0.14415151515151514
377,0.13785416666666667,0.6014375000000001,0.2607083333333333
378,0.18380555555555556,0.5519166666666667,0.2642777777777778
380,0.26285416666666667,0.5389375000000001,0.19820833333333332
382,0.18380555555555556,0.46858333333333335,0.3476111111111111
383,0.4437246376811594,0.28795652173913044,0.2683188405797101
384,0.4803777777777778,0.30820000000000003,0.2114222222222222
388,0.2005151515151515,0.5111818181818182,0.2883030303030303
389,0.4137111111111111,0.30820000000000003,0.2780888888888889
390,0.2005151515151515,0.5111818181818182,0.2883030303030303
395,0.2005151515151515,0.5111818181818182,0.2883030303030303
397,0.22897619047619047,0.5445,0.22652380952380952
398,0.11608771929824561,0.24331578947368424,0.6405964912280702
399,0.11608771929824561,0.7170000000000001,0.16691228070175437
401,0.5128541666666666,0.2889375,0.19820833333333332
402,0.07605747126436782,0.6421724137931035,0.28177011494252874
405,0.10025757575757575,0.7555909090909091,0.14415151515151514
406,0.18380555555555556,0.5519166666666667,0.2642777777777778
407,0.18380555555555556,0.46858333333333335,0.3476111111111111
410,0.1297450980392157,0.6837058823529413,0.18654901960784312
414,0.2005151515151515,0.5111818181818182,0.2883030303030303
415,0.1232948717948718,0.1778076923076923,0.6988974358974359
416,0.7773047619047618,0.13208571428571428,0.0906095238095238
418,0.42386274509803923,0.27194117647058824,0.30419607843137253
419,0.2005151515151515,0.5111818181818182,0.2883030303030303
421,0.18380555555555556,0.38525000000000004,0.4309444444444444
422,0.4003148148148148,0.36794444444444446,0.23174074074074072
423,0.2005151515151515,0.4202727272727273,0.37921212121212117
425,0.16966666666666666,0.43253846153846154,0.3977948717948718
428,0.4872028985507246,0.24447826086956523,0.2683188405797101
429,0.14704444444444445,0.5082,0.34475555555555554
430,0.2005151515151515,0.5111818181818182,0.2883030303030303
433,0.2137111111111111,0.30820000000000003,0.4780888888888889
435,0.18380555555555556,0.5519166666666667,0.2642777777777778
436,0.37183333333333335,0.40164285714285713,0.22652380952380952
437,0.2005151515151515,0.5111818181818182,0.2883030303030303
438,0.18380555555555556,0.38525000000000004,0.4309444444444444
439,0.18380555555555556,0.38525000000000004,0.4309444444444444
440,0.15265079365079365,0.26776190476190476,0.5795873015873015
441,0.2005151515151515,0.5111818181818182,0.2883030303030303
442,0.10025757575757575,0.7555909090909091,0.14415151515151514
443,0.34475925925925927,0.36794444444444446,0.28729629629629627
444,0.11028333333333333,0.6311500000000001,0.25856666666666667
445,0.18380555555555556,0.38525000000000004,0.4309444444444444
447,0.4004358974358974,0.3556153846153846,0.24394871794871792
448,0.18380555555555556,0.5519166666666667,0.2642777777777778
450,0.09190277777777778,0.7759583333333334,0.1321388888888889
452,0.43836507936507935,0.3153809523809524,0.24625396825396825
453,0.44326190476190475,0.33021428571428574,0.22652380952380952
455,0.2914242424242424,0.4202727272727273,0.2883030303030303
458,0.2005151515151515,0.5111818181818182,0.2883030303030303
459,0.2005151515151515,0.5111818181818182,0.2883030303030303
460,0.16028333333333333,0.53115,0.30856666666666666
461,0.2820757575757576,0.30104545454545456,0.41687878787878785
462,0.20026984126984126,0.6487142857142858,0.151015873015873
463,0.2005151515151515,0.4202727272727273,0.37921212121212117
465,0.35047222222222224,0.38525000000000004,0.2642777777777778
466,0.05655555555555555,0.8621282051282051,0.08131623931623931
468,0.5669814814814814,0.25683333333333336,0.17618518518518517
472,0.13356944444444444,0.19262500000000002,0.6738055555555555
473,0.15754761904761905,0.6159285714285715,0.22652380952380952
474,0.2005151515151515,0.5111818181818182,0.2883030303030303
475,0.13785416666666667,0.6639375000000001,0.19820833333333332
476,0.35047222222222224,0.38525000000000004,0.2642777777777778
477,0.5932988505747127,0.29734482758620695,0.10935632183908045
479,0.16966666666666666,0.5863846153846154,0.24394871794871792
480,0.14704444444444445,0.6415333333333334,0.2114222222222222
481,0.15754761904761905,0.5445,0.2979523809523809
483,0.4803777777777778,0.30820000000000003,0.2114222222222222
484,0.14704444444444445,0.6415333333333334,0.2114222222222222
485,0.40024637681159414,0.3314347826086957,0.2683188405797101
486,0.4004358974358974,0.3556153846153846,0.24394871794871792
487,0.10025757575757575,0.7555909090909091,0.14415151515151514
488,0.2602833333333333,0.33115,0.40856666666666663
489,0.5897719298245614,0.24331578947368424,0.16691228070175437
490,0.3004047619047619,0.33021428571428574,0.36938095238095237
491,0.31028333333333336,0.43115000000000003,0.25856666666666667
492,0.18380555555555556,0.5519166666666667,0.2642777777777778
505,0.13566666666666666,0.633,0.23133333333333334
506,0.15754761904761905,0.33021428571428574,0.5122380952380953
508,0.09190277777777778,0.7759583333333334,0.1321388888888889
509,0.12253703703703704,0.7012777777777779,0.17618518518518517
510,0.08014166666666667,0.8155749999999999,0.10428333333333333
511,0.4004358974358974,0.3556153846153846,0.24394871794871792
512,0.2005151515151515,0.4202727272727273,0.37921212121212117
514,0.6102833333333333,0.23115000000000002,0.15856666666666666
516,0.11608771929824561,0.7170000000000001,0.16691228070175437
517,0.2005151515151515,0.4202727272727273,0.37921212121212117
519,0.13785416666666667,0.6639375000000001,0.19820833333333332
520,0.16966666666666666,0.5863846153846154,0.24394871794871792
521,0.16966666666666666,0.5863846153846154,0.24394871794871792
522,0.18856862745098038,0.44841176470588234,0.36301960784313725
525,0.26713888888888887,0.46858333333333335,0.2642777777777778
526,0.2005151515151515,0.5111818181818182,0.2883030303030303
527,0.22897619047619047,0.4730714285714286,0.2979523809523809
529,0.16966666666666666,0.5863846153846154,0.24394871794871792
530,0.1297450980392157,0.6837058823529413,0.18654901960784312
531,0.15754761904761905,0.33021428571428574,0.5122380952380953
532,0.14704444444444445,0.6415333333333334,0.2114222222222222
533,0.3282266666666666,0.46492000000000006,0.20685333333333333
535,0.15754761904761905,0.33021428571428574,0.5122380952380953
536,0.2005151515151515,0.5111818181818182,0.2883030303030303
538,0.2005151515151515,0.4202727272727273,0.37921212121212117
539,0.20035416666666667,0.6014375000000001,0.19820833333333332
540,0.2914242424242424,0.4202727272727273,0.2883030303030303
542,0.10503174603174603,0.743952380952381,0.151015873015873
543,0.13785416666666667,0.6639375000000001,0.19820833333333332
544,0.2005151515151515,0.4202727272727273,0.37921212121212117
545,0.14704444444444445,0.6415333333333334,0.2114222222222222
546,0.18380555555555556,0.5519166666666667,0.2642777777777778
549,0.18380555555555556,0.5519166666666667,0.2642777777777778
550,0.2005151515151515,0.5111818181818182,0.2883030303030303
552,0.2005151515151515,0.5111818181818182,0.2883030303030303
553,0.2005151515151515,0.5111818181818182,0.2883030303030303
555,0.09589855072463768,0.7662173913043479,0.1378840579710145
556,0.2005151515151515,0.5111818181818182,0.2883030303030303
557,0.2914242424242424,0.4202727272727273,0.2883030303030303
558,0.26713888888888887,0.46858333333333335,0.2642777777777778
559,0.3004047619047619,0.33021428571428574,0.36938095238095237
560,0.18380555555555556,0.5519166666666667,0.2642777777777778
561,0.18380555555555556,0.38525000000000004,0.4309444444444444
563,0.16966666666666666,0.43253846153846154,0.3977948717948718
564,0.11608771929824561,0.7170000000000001,0.16691228070175437
565,0.15754761904761905,0.33021428571428574,0.5122380952380953
566,0.16966666666666666,0.5863846153846154,0.24394871794871792
567,0.2914242424242424,0.4202727272727273,0.2883030303030303
569,0.18380555555555556,0.5519166666666667,0.2642777777777778
570,0.14704444444444445,0.30820000000000003,0.5447555555555555
572,0.35047222222222224,0.38525000000000004,0.2642777777777778
573,0.18380555555555556,0.5519166666666667,0.2642777777777778
574,0.15754761904761905,0.33021428571428574,0.5122380952380953
575,0.15754761904761905,0.5445,0.2979523809523809
576,0.18380555555555556,0.46858333333333335,0.3476111111111111
577,0.2914242424242424,0.4202727272727273,0.2883030303030303
578,0.14704444444444445,0.6415333333333334,0.2114222222222222
584,0.2005151515151515,0.5111818181818182,0.2883030303030303
585,0.13785416666666667,0.6639375000000001,0.19820833333333332
587,0.2005151515151515,0.4202727272727273,0.37921212121212117
588,0.12253703703703704,0.7012777777777779,0.17618518518518517
590,0.16966666666666666,0.5863846153846154,0.24394871794871792
591,0.18380555555555556,0.5519166666666667,0.2642777777777778
592,0.16966666666666666,0.5863846153846154,0.24394871794871792
594,0.10025757575757575,0.7555909090909091,0.14415151515151514
596,0.13785416666666667,0.6639375000000001,0.19820833333333332
597,0.2914242424242424,0.4202727272727273,0.2883030303030303
598,0.2005151515151515,0.4202727272727273,0.37921212121212117
599,0.12253703703703704,0.25683333333333336,0.6206296296296296
600,0.2005151515151515,0.5111818181818182,0.2883030303030303
604,0.16966666666666666,0.5863846153846154,0.24394871794871792
605,0.2005151515151515,0.5111818181818182,0.2883030303030303
607,0.2892037037037037,0.25683333333333336,0.45396296296296296
608,0.2005151515151515,0.4202727272727273,0.37921212121212117
609,0.18380555555555556,0.38525000000000004,0.4309444444444444
612,0.13785416666666667,0.6639375000000001,0.19820833333333332
614,0.35047222222222224,0.38525000000000004,0.2642777777777778
616,0.16966666666666666,0.5863846153846154,0.24394871794871792
617,0.2473921568627451,0.5660588235294118,0.18654901960784312
618,0.14704444444444445,0.30820000000000003,0.5447555555555555
620,0.1297450980392157,0.27194117647058824,0.598313725490196
622,0.07877380952380952,0.8079642857142858,0.11326190476190476
623,0.46028333333333327,0.28115,0.25856666666666667
625,0.14704444444444445,0.6415333333333334,0.2114222222222222
626,0.2005151515151515,0.4202727272727273,0.37921212121212117
631,0.18380555555555556,0.5519166666666667,0.2642777777777778
632,0.2005151515151515,0.4202727272727273,0.37921212121212117
633,0.18380555555555556,0.38525000000000004,0.4309444444444444
635,0.16966666666666666,0.43253846153846154,0.3977948717948718
636,0.14704444444444445,0.5748666666666667,0.2780888888888889
637,0.2005151515151515,0.5111818181818182,0.2883030303030303
639,0.16966666666666666,0.5094615384615385,0.32087179487179485
643,0.2005151515151515,0.5111818181818182,0.2883030303030303
644,0.2005151515151515,0.4202727272727273,0.37921212121212117
645,0.18856862745098038,0.33076470588235296,0.48066666666666663
646,0.12253703703703704,0.4790555555555556,0.3984074074074074
648,0.1297450980392157,0.6837058823529413,0.18654901960784312
649,0.15754761904761905,0.5445,0.2979523809523809
651,0.2005151515151515,0.5111818181818182,0.2883030303030303
653,0.2803777777777778,0.3748666666666667,0.34475555555555554
654,0.2005151515151515,0.5111818181818182,0.2883030303030303
670,0.2005151515151515,0.5111818181818182,0.2883030303030303
703,0.2914242424242424,0.4202727272727273,0.2883030303030303
742,0.2005151515151515,0.5111818181818182,0.2883030303030303
749,0.14704444444444445,0.6415333333333334,0.2114222222222222
752,0.22897619047619047,0.5445,0.22652380952380952
755,0.26713888888888887,0.46858333333333335,0.2642777777777778
756,0.2005151515151515,0.4202727272727273,0.37921212121212117
757,0.11608771929824561,0.7170000000000001,0.16691228070175437
760,0.15754761904761905,0.6159285714285715,0.22652380952380952
761,0.2914242424242424,0.4202727272727273,0.2883030303030303
762,0.2005151515151515,0.5111818181818182,0.2883030303030303
765,0.2005151515151515,0.5111818181818182,0.2883030303030303
768,0.20035416666666667,0.2889375,0.5107083333333333
769,0.2005151515151515,0.5111818181818182,0.2883030303030303
770,0.13785416666666667,0.6639375000000001,0.19820833333333332
771,0.4137111111111111,0.3748666666666667,0.2114222222222222
773,0.13785416666666667,0.6639375000000001,0.19820833333333332
776,0.2005151515151515,0.5111818181818182,0.2883030303030303
779,0.26713888888888887,0.38525000000000004,0.3476111111111111
783,0.2005151515151515,0.5111818181818182,0.2883030303030303
785,0.35047222222222224,0.38525000000000004,0.2642777777777778
787,0.18380555555555556,0.5519166666666667,0.2642777777777778
788,0.18380555555555556,0.38525000000000004,0.4309444444444444
789,0.18380555555555556,0.38525000000000004,0.4309444444444444
791,0.18380555555555556,0.38525000000000004,0.4309444444444444
795,0.18380555555555556,0.46858333333333335,0.3476111111111111
796,0.16966666666666666,0.5863846153846154,0.24394871794871792
797,0.2005151515151515,0.5111818181818182,0.2883030303030303
798,0.16966666666666666,0.3556153846153846,0.4747179487179487
799,0.055141666666666665,0.865575,0.07928333333333333
800,0.18380555555555556,0.38525000000000004,0.4309444444444444
801,0.26713888888888887,0.46858333333333335,0.2642777777777778
802,0.12253703703703704,0.7012777777777779,0.17618518518518517
803,0.2005151515151515,0.5111818181818182,0.2883030303030303
804,0.3235128205128205,0.43253846153846154,0.24394871794871792
806,0.2005151515151515,0.5111818181818182,0.2883030303030303
807,0.2914242424242424,0.4202727272727273,0.2883030303030303
808,0.15754761904761905,0.6159285714285715,0.22652380952380952
811,0.2005151515151515,0.5111818181818182,0.2883030303030303
812,0.34704444444444443,0.30820000000000003,0.34475555555555554
814,0.15754761904761905,0.5445,0.2979523809523809
815,0.2914242424242424,0.4202727272727273,0.2883030303030303
818,0.18380555555555556,0.5519166666666667,0.2642777777777778
819,0.16966666666666666,0.5863846153846154,0.24394871794871792
820,0.2005151515151515,0.5111818181818182,0.2883030303030303
821,0.2465897435897436,0.5094615384615385,0.24394871794871792
822,0.18380555555555556,0.5519166666666667,0.2642777777777778
827,0.16966666666666666,0.3556153846153846,0.4747179487179487
829,0.11608771929824561,0.7170000000000001,0.16691228070175437
830,0.16966666666666666,0.5863846153846154,0.24394871794871792
832,0.2914242424242424,0.4202727272727273,0.2883030303030303
836,0.2803777777777778,0.5082,0.2114222222222222
839,0.2914242424242424,0.4202727272727273,0.2883030303030303
840,0.2005151515151515,0.4202727272727273,0.37921212121212117
843,0.26713888888888887,0.38525000000000004,0.3476111111111111
844,0.2005151515151515,0.4202727272727273,0.37921212121212117
845,0.2005151515151515,0.5111818181818182,0.2883030303030303
849,0.16966666666666666,0.5863846153846154,0.24394871794871792
851,0.2005151515151515,0.4202727272727273,0.37921212121212117
854,0.16966666666666666,0.5863846153846154,0.24394871794871792
863,0.09190277777777778,0.7759583333333334,0.1321388888888889
866,0.10503174603174603,0.22014285714285714,0.6748253968253968
868,0.16966666666666666,0.5863846153846154,0.24394871794871792
869,0.2005151515151515,0.5111818181818182,0.2883030303030303
870,0.37183333333333335,0.40164285714285713,0.22652380952380952
873,0.2005151515151515,0.5111818181818182,0.2883030303030303
874,0.2005151515151515,0.5111818181818182,0.2883030303030303
878,0.1297450980392157,0.6837058823529413,0.18654901960784312
879,0.15754761904761905,0.33021428571428574,0.5122380952380953
882,0.2005151515151515,0.4202727272727273,0.37921212121212117
886,0.15754761904761905,0.33021428571428574,0.5122380952380953
891,0.2005151515151515,0.5111818181818182,0.2883030303030303
892,0.2914242424242424,0.4202727272727273,0.2883030303030303
894,0.20035416666666667,0.6014375000000001,0.19820833333333332
900,0.11608771929824561,0.7170000000000001,0.16691228070175437
901,0.2005151515151515,0.4202727272727273,0.37921212121212117
906,0.2914242424242424,0.4202727272727273,0.2883030303030303
909,0.2005151515151515,0.5111818181818182,0.2883030303030303
910,0.16966666666666666,0.5863846153846154,0.24394871794871792
912,0.13785416666666667,0.6639375000000001,0.19820833333333332
914,0.1297450980392157,0.5072352941176471,0.36301960784313725
915,0.18380555555555556,0.38525000000000004,0.4309444444444444
917,0.2005151515151515,0.5111818181818182,0.2883030303030303
919,0.18380555555555556,0.5519166666666667,0.2642777777777778
921,0.2914242424242424,0.4202727272727273,0.2883030303030303
922,0.2914242424242424,0.4202727272727273,0.2883030303030303
924,0.15754761904761905,0.33021428571428574,0.5122380952380953
927,0.16966666666666666,0.5863846153846154,0.24394871794871792
929,0.15754761904761905,0.6159285714285715,0.22652380952380952
931,0.1297450980392157,0.27194117647058824,0.598313725490196
932,0.18380555555555556,0.5519166666666667,0.2642777777777778
934,0.2005151515151515,0.5111818181818182,0.2883030303030303
942,0.2005151515151515,0.4202727272727273,0.37921212121212117
944,0.26713888888888887,0.46858333333333335,0.2642777777777778
946,0.18380555555555556,0.46858333333333335,0.3476111111111111
947,0.3004047619047619,0.4730714285714286,0.22652380952380952
948,0.13785416666666667,0.4764375,0.3857083333333333
950,0.18380555555555556,0.5519166666666667,0.2642777777777778
951,0.2005151515151515,0.5111818181818182,0.2883030303030303
952,0.2914242424242424,0.4202727272727273,0.2883030303030303
953,0.2005151515151515,0.5111818181818182,0.2883030303030303
955,0.12253703703703704,0.7012777777777779,0.17618518518518517
956,0.16966666666666666,0.43253846153846154,0.3977948717948718
957,0.2914242424242424,0.4202727272727273,0.2883030303030303
958,0.16966666666666666,0.5863846153846154,0.24394871794871792
961,0.16966666666666666,0.5863846153846154,0.24394871794871792
962,0.15754761904761905,0.6159285714285715,0.22652380952380952
963,0.18380555555555556,0.5519166666666667,0.2642777777777778
964,0.2005151515151515,0.5111818181818182,0.2883030303030303
968,0.16966666666666666,0.5863846153846154,0.24394871794871792
972,0.35047222222222224,0.38525000000000004,0.2642777777777778
974,0.18380555555555556,0.5519166666666667,0.2642777777777778
977,0.2005151515151515,0.5111818181818182,0.2883030303030303
978,0.2005151515151515,0.5111818181818182,0.2883030303030303
979,0.2005151515151515,0.4202727272727273,0.37921212121212117
982,0.35047222222222224,0.38525000000000004,0.2642777777777778
986,0.26713888888888887,0.46858333333333335,0.2642777777777778
988,0.2005151515151515,0.4202727272727273,0.37921212121212117
991,0.2005151515151515,0.5111818181818182,0.2883030303030303
992,0.44326190476190475,0.33021428571428574,0.22652380952380952
993,0.18380555555555556,0.46858333333333335,0.3476111111111111
995,0.13785416666666667,0.6014375000000001,0.2607083333333333
997,0.18380555555555556,0.38525000000000004,0.4309444444444444
998,0.5128541666666666,0.2889375,0.19820833333333332
999,0.2005151515151515,0.5111818181818182,0.2883030303030303
1001,0.2005151515151515,0.4202727272727273,0.37921212121212117
1002,0.18380555555555556,0.5519166666666667,0.2642777777777778
1003,0.6102833333333333,0.23115000000000002,0.15856666666666666
1004,0.35047222222222224,0.38525000000000004,0.2642777777777778
1005,0.18380555555555556,0.5519166666666667,0.2642777777777778
1007,0.2914242424242424,0.4202727272727273,0.2883030303030303
1010,0.16966666666666666,0.5863846153846154,0.24394871794871792
1011,0.5128541666666666,0.2889375,0.19820833333333332
1012,0.2005151515151515,0.5111818181818182,0.2883030303030303
1015,0.2005151515151515,0.5111818181818182,0.2883030303030303
1017,0.35047222222222224,0.38525000000000004,0.2642777777777778
1019,0.18380555555555556,0.5519166666666667,0.2642777777777778
1020,0.16966666666666666,0.5863846153846154,0.24394871794871792
1022,0.16966666666666666,0.5094615384615385,0.32087179487179485
1023,0.16966666666666666,0.5863846153846154,0.24394871794871792
1024,0.09190277777777778,0.7759583333333334,0.1321388888888889
1028,0.2005151515151515,0.5111818181818182,0.2883030303030303
1029,0.10503174603174603,0.743952380952381,0.151015873015873
1031,0.2005151515151515,0.4202727272727273,0.37921212121212117
1032,0.2005151515151515,0.5111818181818182,0.2883030303030303
1036,0.2005151515151515,0.5111818181818182,0.2883030303030303
1038,0.16966666666666666,0.5863846153846154,0.24394871794871792
1046,0.17809259259259258,0.5901666666666667,0.23174074074074072
1049,0.16966666666666666,0.3556153846153846,0.4747179487179487
1050,0.16966666666666666,0.5863846153846154,0.24394871794871792
1051,0.16966666666666666,0.5863846153846154,0.24394871794871792
1052,0.16966666666666666,0.5863846153846154,0.24394871794871792
1057,0.16966666666666666,0.5863846153846154,0.24394871794871792
1059,0.26713888888888887,0.46858333333333335,0.2642777777777778
1065,0.2005151515151515,0.5111818181818182,0.2883030303030303
1066,0.2005151515151515,0.5111818181818182,0.2883030303030303
1068,0.15754761904761905,0.5445,0.2979523809523809
1072,0.12253703703703704,0.7012777777777779,0.17618518518518517
1073,0.18380555555555556,0.38525000000000004,0.4309444444444444
1075,0.18380555555555556,0.5519166666666667,0.2642777777777778
1076,0.1297450980392157,0.6248823529411766,0.24537254901960784
1077,0.2005151515151515,0.4202727272727273,0.37921212121212117
1078,0.2005151515151515,0.5111818181818182,0.2883030303030303
1079,0.35047222222222224,0.38525000000000004,0.2642777777777778
1082,0.2465897435897436,0.43253846153846154,0.32087179487179485
1084,0.16966666666666666,0.5863846153846154,0.24394871794871792
1085,0.2005151515151515,0.5111818181818182,0.2883030303030303
1086,0.2005151515151515,0.5111818181818182,0.2883030303030303
1088,0.18380555555555556,0.5519166666666667,0.2642777777777778
1089,0.18380555555555556,0.46858333333333335,0.3476111111111111
1092,0.18380555555555556,0.5519166666666667,0.2642777777777778
1094,0.44326190476190475,0.33021428571428574,0.22652380952380952
1097,0.2005151515151515,0.5111818181818182,0.2883030303030303
1099,0.2914242424242424,0.4202727272727273,0.2883030303030303
1105,0.2005151515151515,0.4202727272727273,0.37921212121212117
1107,0.18380555555555556,0.5519166666666667,0.2642777777777778
1108,0.16966666666666666,0.3556153846153846,0.4747179487179487
1113,0.2005151515151515,0.5111818181818182,0.2883030303030303
1114,0.2005151515151515,0.5111818181818182,0.2883030303030303
1115,0.1297450980392157,0.5660588235294118,0.30419607843137253
1117,0.26713888888888887,0.46858333333333335,0.2642777777777778
1119,0.2005151515151515,0.5111818181818182,0.2883030303030303
1122,0.2005151515151515,0.5111818181818182,0.2883030303030303
1125,0.2005151515151515,0.4202727272727273,0.37921212121212117
1127,0.22897619047619047,0.4730714285714286,0.2979523809523809
1129,0.14704444444444445,0.44153333333333333,0.4114222222222222
1130,0.2005151515151515,0.4202727272727273,0.37921212121212117
1131,0.2005151515151515,0.4202727272727273,0.37921212121212117
1132,0.2005151515151515,0.5111818181818182,0.2883030303030303
1135,0.2005151515151515,0.5111818181818182,0.2883030303030303
1141,0.18380555555555556,0.46858333333333335,0.3476111111111111
1144,0.2914242424242424,0.4202727272727273,0.2883030303030303
1145,0.2005151515151515,0.4202727272727273,0.37921212121212117
1152,0.2005151515151515,0.4202727272727273,0.37921212121212117
1153,0.2005151515151515,0.5111818181818182,0.2883030303030303
1155,0.16966666666666666,0.5863846153846154,0.24394871794871792
1156,0.13785416666666667,0.6639375000000001,0.19820833333333332
1158,0.2005151515151515,0.5111818181818182,0.2883030303030303
1159,0.2005151515151515,0.5111818181818182,0.2883030303030303
1160,0.2465897435897436,0.3556153846153846,0.3977948717948718
1162,0.13785416666666667,0.5389375000000001,0.3232083333333333
1163,0.2465897435897436,0.3556153846153846,0.3977948717948718
1165,0.2914242424242424,0.4202727272727273,0.2883030303030303
1166,0.2005151515151515,0.5111818181818182,0.2883030303030303
1167,0.18380555555555556,0.38525000000000004,0.4309444444444444
1170,0.16966666666666666,0.3556153846153846,0.4747179487179487
1171,0.2914242424242424,0.4202727272727273,0.2883030303030303
1172,0.2914242424242424,0.4202727272727273,0.2883030303030303
1173,0.18380555555555556,0.46858333333333335,0.3476111111111111
1175,0.18380555555555556,0.46858333333333335,0.3476111111111111
1176,0.10025757575757575,0.7555909090909091,0.14415151515151514
1179,0.44326190476190475,0.33021428571428574,0.22652380952380952
1180,0.18380555555555556,0.5519166666666667,0.2642777777777778
1181,0.16966666666666666,0.5863846153846154,0.24394871794871792
1186,0.2005151515151515,0.4202727272727273,0.37921212121212117
1187,0.2005151515151515,0.4202727272727273,0.37921212121212117
1191,0.2005151515151515,0.5111818181818182,0.2883030303030303
1194,0.4004358974358974,0.3556153846153846,0.24394871794871792
1195,0.2005151515151515,0.5111818181818182,0.2883030303030303
1196,0.2005151515151515,0.4202727272727273,0.37921212121212117
1198,0.2005151515151515,0.4202727272727273,0.37921212121212117
1199,0.2005151515151515,0.4202727272727273,0.37921212121212117
1201,0.2005151515151515,0.5111818181818182,0.2883030303030303
1204,0.2005151515151515,0.4202727272727273,0.37921212121212117
1206,0.13785416666666667,0.5389375000000001,0.3232083333333333
1208,0.16966666666666666,0.3556153846153846,0.4747179487179487
1209,0.16966666666666666,0.5863846153846154,0.24394871794871792
1211,0.14704444444444445,0.30820000000000003,0.5447555555555555
1213,0.18380555555555556,0.5519166666666667,0.2642777777777778
1216,0.18380555555555556,0.5519166666666667,0.2642777777777778
1217,0.16966666666666666,0.43253846153846154,0.3977948717948718
1221,0.18380555555555556,0.5519166666666667,0.2642777777777778
1222,0.2005151515151515,0.4202727272727273,0.37921212121212117
1225,0.3004047619047619,0.4730714285714286,0.22652380952380952
1227,0.2005151515151515,0.5111818181818182,0.2883030303030303
1228,0.16966666666666666,0.5863846153846154,0.24394871794871792
1230,0.14704444444444445,0.6415333333333334,0.2114222222222222
1231,0.2914242424242424,0.4202727272727273,0.2883030303030303
1233,0.2005151515151515,0.4202727272727273,0.37921212121212117
1238,0.2005151515151515,0.5111818181818182,0.2883030303030303
1239,0.2005151515151515,0.5111818181818182,0.2883030303030303
1241,0.12253703703703704,0.7012777777777779,0.17618518518518517
1243,0.2914242424242424,0.4202727272727273,0.2883030303030303
1245,0.35047222222222224,0.38525000000000004,0.2642777777777778
1247,0.2005151515151515,0.5111818181818182,0.2883030303030303
1250,0.2005151515151515,0.5111818181818182,0.2883030303030303
1273,0.2005151515151515,0.5111818181818182,0.2883030303030303
1285,0.2005151515151515,0.5111818181818182,0.2883030303030303
1288,0.2005151515151515,0.5111818181818182,0.2883030303030303
1297,0.2005151515151515,0.5111818181818182,0.2883030303030303
1305,0.2005151515151515,0.5111818181818182,0.2883030303030303
1336,0.2005151515151515,0.5111818181818182,0.2883030303030303
1346,0.2005151515151515,0.5111818181818182,0.2883030303030303
1359,0.2005151515151515,0.5111818181818182,0.2883030303030303
1363,0.2005151515151515,0.5111818181818182,0.2883030303030303
1369,0.2005151515151515,0.5111818181818182,0.2883030303030303
1370,0.2005151515151515,0.5111818181818182,0.2883030303030303
1377,0.2005151515151515,0.5111818181818182,0.2883030303030303
1381,0.2005151515151515,0.5111818181818182,0.2883030303030303
1422,0.2005151515151515,0.5111818181818182,0.2883030303030303
1432,0.2005151515151515,0.5111818181818182,0.2883030303030303
1433,0.1297450980392157,0.6837058823529413,0.18654901960784312
1435,0.16966666666666666,0.5094615384615385,0.32087179487179485
1437,0.18380555555555556,0.38525000000000004,0.4309444444444444
1441,0.18380555555555556,0.5519166666666667,0.2642777777777778
1443,0.2005151515151515,0.5111818181818182,0.2883030303030303
1444,0.35047222222222224,0.38525000000000004,0.2642777777777778
1447,0.2005151515151515,0.4202727272727273,0.37921212121212117
1453,0.2005151515151515,0.5111818181818182,0.2883030303030303
1454,0.14704444444444445,0.30820000000000003,0.5447555555555555
1455,0.10503174603174603,0.743952380952381,0.151015873015873
1457,0.2005151515151515,0.4202727272727273,0.37921212121212117
1458,0.16966666666666666,0.5863846153846154,0.24394871794871792
1460,0.35047222222222224,0.38525000000000004,0.2642777777777778
1463,0.2005151515151515,0.4202727272727273,0.37921212121212117
1464,0.2005151515151515,0.4202727272727273,0.37921212121212117
1466,0.2005151515151515,0.4202727272727273,0.37921212121212117
1467,0.2005151515151515,0.5111818181818182,0.2883030303030303
1468,0.2005151515151515,0.5111818181818182,0.2883030303030303
1470,0.2005151515151515,0.5111818181818182,0.2883030303030303
1471,0.2914242424242424,0.4202727272727273,0.2883030303030303
1477,0.18380555555555556,0.5519166666666667,0.2642777777777778
1479,0.2005151515151515,0.5111818181818182,0.2883030303030303
1480,0.2005151515151515,0.4202727272727273,0.37921212121212117
1481,0.2005151515151515,0.5111818181818182,0.2883030303030303
1482,0.2005151515151515,0.5111818181818182,0.2883030303030303
1483,0.2005151515151515,0.5111818181818182,0.2883030303030303
1484,0.2005151515151515,0.4202727272727273,0.37921212121212117
1485,0.35047222222222224,0.38525000000000004,0.2642777777777778
1489,0.2005151515151515,0.5111818181818182,0.2883030303030303
1491,0.2005151515151515,0.4202727272727273,0.37921212121212117
1493,0.2465897435897436,0.5094615384615385,0.24394871794871792
1497,0.2465897435897436,0.43253846153846154,0.32087179487179485
1500,0.2005151515151515,0.5111818181818182,0.2883030303030303
1502,0.2914242424242424,0.4202727272727273,0.2883030303030303
1503,0.4803777777777778,0.30820000000000003,0.2114222222222222
1504,0.2005151515151515,0.5111818181818182,0.2883030303030303
1506,0.16966666666666666,0.5863846153846154,0.24394871794871792
1509,0.2005151515151515,0.4202727272727273,0.37921212121212117
1516,0.26713888888888887,0.46858333333333335,0.2642777777777778
1524,0.4004358974358974,0.3556153846153846,0.24394871794871792
1525,0.2005151515151515,0.5111818181818182,0.2883030303030303
1526,0.13785416666666667,0.6639375000000001,0.19820833333333332
1528,0.2005151515151515,0.5111818181818182,0.2883030303030303
1531,0.18380555555555556,0.38525000000000004,0.4309444444444444
1532,0.2914242424242424,0.4202727272727273,0.2883030303030303
1544,0.14704444444444445,0.6415333333333334,0.2114222222222222
1546,0.3650392156862745,0.33076470588235296,0.30419607843137253
1547,0.1297450980392157,0.27194117647058824,0.598313725490196
1553,0.35047222222222224,0.38525000000000004,0.2642777777777778
1556,0.34704444444444443,0.44153333333333333,0.2114222222222222
1558,0.2005151515151515,0.5111818181818182,0.2883030303030303
1561,0.2914242424242424,0.4202727272727273,0.2883030303030303
1562,0.16966666666666666,0.3556153846153846,0.4747179487179487
1563,0.2005151515151515,0.5111818181818182,0.2883030303030303
1571,0.2005151515151515,0.4202727272727273,0.37921212121212117
1572,0.16966666666666666,0.5863846153846154,0.24394871794871792
1574,0.16966666666666666,0.5863846153846154,0.24394871794871792
1580,0.16966666666666666,0.5863846153846154,0.24394871794871792
1584,0.2005151515151515,0.5111818181818182,0.2883030303030303
1587,0.18380555555555556,0.5519166666666667,0.2642777777777778
1593,0.15754761904761905,0.33021428571428574,0.5122380952380953
1595,0.16966666666666666,0.5863846153846154,0.24394871794871792
1597,0.2914242424242424,0.4202727272727273,0.2883030303030303
1600,0.18380555555555556,0.38525000000000004,0.4309444444444444
1604,0.2005151515151515,0.4202727272727273,0.37921212121212117
1605,0.2005151515151515,0.5111818181818182,0.2883030303030303
1606,0.2005151515151515,0.5111818181818182,0.2883030303030303
1610,0.2005151515151515,0.4202727272727273,0.37921212121212117
1613,0.15754761904761905,0.6159285714285715,0.22652380952380952
1615,0.4004358974358974,0.3556153846153846,0.24394871794871792
1618,0.2005151515151515,0.5111818181818182,0.2883030303030303
1619,0.2005151515151515,0.5111818181818182,0.2883030303030303
1620,0.44326190476190475,0.33021428571428574,0.22652380952380952
1623,0.2914242424242424,0.4202727272727273,0.2883030303030303
1624,0.26713888888888887,0.46858333333333335,0.2642777777777778
1626,0.2005151515151515,0.5111818181818182,0.2883030303030303
1627,0.2914242424242424,0.4202727272727273,0.2883030303030303
1628,0.2005151515151515,0.5111818181818182,0.2883030303030303
1629,0.35047222222222224,0.38525000000000004,0.2642777777777778
1631,0.2005151515151515,0.4202727272727273,0.37921212121212117
1632,0.2005151515151515,0.5111818181818182,0.2883030303030303
1633,0.16966666666666666,0.3556153846153846,0.4747179487179487
1638,0.2005151515151515,0.5111818181818182,0.2883030303030303
1640,0.2465897435897436,0.5094615384615385,0.24394871794871792
1642,0.18380555555555556,0.38525000000000004,0.4309444444444444
1643,0.2005151515151515,0.5111818181818182,0.2883030303030303
1645,0.2005151515151515,0.4202727272727273,0.37921212121212117
1646,0.2005151515151515,0.4202727272727273,0.37921212121212117
1647,0.2005151515151515,0.5111818181818182,0.2883030303030303
1664,0.2914242424242424,0.4202727272727273,0.2883030303030303
1669,0.2005151515151515,0.4202727272727273,0.37921212121212117
1670,0.35047222222222224,0.38525000000000004,0.2642777777777778
1671,0.2914242424242424,0.4202727272727273,0.2883030303030303
1676,0.15754761904761905,0.5445,0.2979523809523809
1679,0.2914242424242424,0.4202727272727273,0.2883030303030303
1681,0.35047222222222224,0.38525000000000004,0.2642777777777778
1683,0.2005151515151515,0.4202727272727273,0.37921212121212117
1684,0.2465897435897436,0.43253846153846154,0.32087179487179485
1693,0.2005151515151515,0.5111818181818182,0.2883030303030303
1694,0.2005151515151515,0.5111818181818182,0.2883030303030303
1696,0.35047222222222224,0.38525000000000004,0.2642777777777778
1701,0.2005151515151515,0.4202727272727273,0.37921212121212117
1702,0.2005151515151515,0.4202727272727273,0.37921212121212117
1707,0.2005151515151515,0.4202727272727273,0.37921212121212117
1714,0.2005151515151515,0.5111818181818182,0.2883030303030303
1715,0.18380555555555556,0.5519166666666667,0.2642777777777778
1726,0.2914242424242424,0.4202727272727273,0.2883030303030303
1727,0.18380555555555556,0.5519166666666667,0.2642777777777778
1730,0.2005151515151515,0.4202727272727273,0.37921212121212117
1731,0.18380555555555556,0.38525000000000004,0.4309444444444444
1732,0.2005151515151515,0.5111818181818182,0.2883030303030303
1735,0.18380555555555556,0.5519166666666667,0.2642777777777778
1737,0.2005151515151515,0.5111818181818182,0.2883030303030303
1742,0.16966666666666666,0.5094615384615385,0.32087179487179485
1751,0.2914242424242424,0.4202727272727273,0.2883030303030303
1752,0.2005151515151515,0.4202727272727273,0.37921212121212117
1757,0.2137111111111111,0.44153333333333333,0.34475555555555554
1758,0.18380555555555556,0.5519166666666667,0.2642777777777778
1762,0.2005151515151515,0.5111818181818182,0.2883030303030303
1763,0.2005151515151515,0.4202727272727273,0.37921212121212117
1764,0.18380555555555556,0.5519166666666667,0.2642777777777778
1765,0.2005151515151515,0.4202727272727273,0.37921212121212117
1769,0.2005151515151515,0.5111818181818182,0.2883030303030303
1770,0.2914242424242424,0.4202727272727273,0.2883030303030303
1772,0.2005151515151515,0.5111818181818182,0.2883030303030303
1779,0.37183333333333335,0.40164285714285713,0.22652380952380952
1780,0.26713888888888887,0.38525000000000004,0.3476111111111111
1782,0.18380555555555556,0.5519166666666667,0.2642777777777778
1783,0.10025757575757575,0.7555909090909091,0.14415151515151514
1785,0.2005151515151515,0.5111818181818182,0.2883030303030303
1789,0.2914242424242424,0.4202727272727273,0.2883030303030303
1790,0.2005151515151515,0.4202727272727273,0.37921212121212117
1791,0.34704444444444443,0.3748666666666667,0.2780888888888889
1792,0.16966666666666666,0.5863846153846154,0.24394871794871792
1793,0.2465897435897436,0.3556153846153846,0.3977948717948718
1795,0.15754761904761905,0.6159285714285715,0.22652380952380952
1800,0.2914242424242424,0.4202727272727273,0.2883030303030303
1803,0.2914242424242424,0.4202727272727273,0.2883030303030303
1805,0.2005151515151515,0.5111818181818182,0.2883030303030303
1806,0.2914242424242424,0.4202727272727273,0.2883030303030303
1809,0.18380555555555556,0.5519166666666667,0.2642777777777778
1810,0.2005151515151515,0.5111818181818182,0.2883030303030303
1813,0.16966666666666666,0.3556153846153846,0.4747179487179487
1815,0.15754761904761905,0.6159285714285715,0.22652380952380952
1817,0.3792456140350877,0.24331578947368424,0.3774385964912281
1822,0.18380555555555556,0.5519166666666667,0.2642777777777778
1824,0.2914242424242424,0.4202727272727273,0.2883030303030303
1826,0.16966666666666666,0.3556153846153846,0.4747179487179487
1827,0.2005151515151515,0.5111818181818182,0.2883030303030303
1829,0.2005151515151515,0.5111818181818182,0.2883030303030303
1831,0.15754761904761905,0.5445,0.2979523809523809
1833,0.2914242424242424,0.4202727272727273,0.2883030303030303
1834,0.2005151515151515,0.5111818181818182,0.2883030303030303
1838,0.35047222222222224,0.38525000000000004,0.2642777777777778
1840,0.18380555555555556,0.38525000000000004,0.4309444444444444
1847,0.3235128205128205,0.43253846153846154,0.24394871794871792
1848,0.26713888888888887,0.46858333333333335,0.2642777777777778
1851,0.2914242424242424,0.4202727272727273,0.2883030303030303
1852,0.2914242424242424,0.4202727272727273,0.2883030303030303
1855,0.2914242424242424,0.4202727272727273,0.2883030303030303
1859,0.18380555555555556,0.5519166666666667,0.2642777777777778
1860,0.2914242424242424,0.4202727272727273,0.2883030303030303
1861,0.2005151515151515,0.4202727272727273,0.37921212121212117
1863,0.18380555555555556,0.5519166666666667,0.2642777777777778
1865,0.1297450980392157,0.6837058823529413,0.18654901960784312
1869,0.2005151515151515,0.5111818181818182,0.2883030303030303
1870,0.2005151515151515,0.5111818181818182,0.2883030303030303
1874,0.2005151515151515,0.5111818181818182,0.2883030303030303
1876,0.2005151515151515,0.5111818181818182,0.2883030303030303
1880,0.2005151515151515,0.4202727272727273,0.37921212121212117
1881,0.2005151515151515,0.4202727272727273,0.37921212121212117
1882,0.4004358974358974,0.3556153846153846,0.24394871794871792
1885,0.18380555555555556,0.5519166666666667,0.2642777777777778
1887,0.26713888888888887,0.46858333333333335,0.2642777777777778
1890,0.35047222222222224,0.38525000000000004,0.2642777777777778
1891,0.2005151515151515,0.5111818181818182,0.2883030303030303
1892,0.2914242424242424,0.4202727272727273,0.2883030303030303
1902,0.2005151515151515,0.4202727272727273,0.37921212121212117
1904,0.2005151515151515,0.4202727272727273,0.37921212121212117
1905,0.16966666666666666,0.5094615384615385,0.32087179487179485
1907,0.2005151515151515,0.5111818181818182,0.2883030303030303
1913,0.2005151515151515,0.5111818181818182,0.2883030303030303
1914,0.3235128205128205,0.43253846153846154,0.24394871794871792
1915,0.2005151515151515,0.5111818181818182,0.2883030303030303
1921,0.2914242424242424,0.4202727272727273,0.2883030303030303
1924,0.2914242424242424,0.4202727272727273,0.2883030303030303
1927,0.18380555555555556,0.5519166666666667,0.2642777777777778
1929,0.18380555555555556,0.46858333333333335,0.3476111111111111
1930,0.18380555555555556,0.38525000000000004,0.4309444444444444
1931,0.2005151515151515,0.5111818181818182,0.2883030303030303
1935,0.2005151515151515,0.4202727272727273,0.37921212121212117
1936,0.2005151515151515,0.5111818181818182,0.2883030303030303
1941,0.4004358974358974,0.3556153846153846,0.24394871794871792
1945,0.18380555555555556,0.5519166666666667,0.2642777777777778
1946,0.2005151515151515,0.4202727272727273,0.37921212121212117
1949,0.2005151515151515,0.4202727272727273,0.37921212121212117
1950,0.2465897435897436,0.5094615384615385,0.24394871794871792
1952,0.16966666666666666,0.5863846153846154,0.24394871794871792
1957,0.2914242424242424,0.4202727272727273,0.2883030303030303
1966,0.2005151515151515,0.4202727272727273,0.37921212121212117
1968,0.4004358974358974,0.3556153846153846,0.24394871794871792
1972,0.16966666666666666,0.5863846153846154,0.24394871794871792
1973,0.2005151515151515,0.4202727272727273,0.37921212121212117
1980,0.2005151515151515,0.4202727272727273,0.37921212121212117
1983,0.2005151515151515,0.5111818181818182,0.2883030303030303
1985,0.2005151515151515,0.5111818181818182,0.2883030303030303
1986,0.2005151515151515,0.5111818181818182,0.2883030303030303
1989,0.18380555555555556,0.5519166666666667,0.2642777777777778
1990,0.18380555555555556,0.46858333333333335,0.3476111111111111
1991,0.16966666666666666,0.43253846153846154,0.3977948717948718
1992,0.2005151515151515,0.4202727272727273,0.37921212121212117
1993,0.2005151515151515,0.5111818181818182,0.2883030303030303
1994,0.18380555555555556,0.5519166666666667,0.2642777777777778
1998,0.18380555555555556,0.38525000000000004,0.4309444444444444
2001,0.2914242424242424,0.4202727272727273,0.2883030303030303
2002,0.20035416666666667,0.4764375,0.3232083333333333
2006,0.2914242424242424,0.4202727272727273,0.2883030303030303
2008,0.18380555555555556,0.5519166666666667,0.2642777777777778
2012,0.16966666666666666,0.43253846153846154,0.3977948717948718
2021,0.18380555555555556,0.38525000000000004,0.4309444444444444
2022,0.14704444444444445,0.5748666666666667,0.2780888888888889
2023,0.16966666666666666,0.5094615384615385,0.32087179487179485
2025,0.2005151515151515,0.4202727272727273,0.37921212121212117
2027,0.2005151515151515,0.5111818181818182,0.2883030303030303
2028,0.16966666666666666,0.5863846153846154,0.24394871794871792
2029,0.2914242424242424,0.4202727272727273,0.2883030303030303
2030,0.14704444444444445,0.5748666666666667,0.2780888888888889
2031,0.18380555555555556,0.5519166666666667,0.2642777777777778
2032,0.2005151515151515,0.5111818181818182,0.2883030303030303
2034,0.2005151515151515,0.4202727272727273,0.37921212121212117
2037,0.2005151515151515,0.5111818181818182,0.2883030303030303
2038,0.2005151515151515,0.5111818181818182,0.2883030303030303
2039,0.2005151515151515,0.4202727272727273,0.37921212121212117
2042,0.16966666666666666,0.5863846153846154,0.24394871794871792
2046,0.2914242424242424,0.4202727272727273,0.2883030303030303
2048,0.35047222222222224,0.38525000000000004,0.2642777777777778
2049,0.2005151515151515,0.5111818181818182,0.2883030303030303
2050,0.2005151515151515,0.5111818181818182,0.2883030303030303
2053,0.2005151515151515,0.5111818181818182,0.2883030303030303
2055,0.2005151515151515,0.5111818181818182,0.2883030303030303
2057,0.2005151515151515,0.5111818181818182,0.2883030303030303
2067,0.2914242424242424,0.4202727272727273,0.2883030303030303
2069,0.16966666666666666,0.5863846153846154,0.24394871794871792
2070,0.2005151515151515,0.5111818181818182,0.2883030303030303
2074,0.18380555555555556,0.5519166666666667,0.2642777777777778
2075,0.2005151515151515,0.5111818181818182,0.2883030303030303
2078,0.16966666666666666,0.5863846153846154,0.24394871794871792
2080,0.18380555555555556,0.5519166666666667,0.2642777777777778
2082,0.2914242424242424,0.4202727272727273,0.2883030303030303
2083,0.4137111111111111,0.3748666666666667,0.2114222222222222
2091,0.2005151515151515,0.4202727272727273,0.37921212121212117
2094,0.2005151515151515,0.5111818181818182,0.2883030303030303
2096,0.2005151515151515,0.4202727272727273,0.37921212121212117
2100,0.16966666666666666,0.5094615384615385,0.32087179487179485
2106,0.15754761904761905,0.4730714285714286,0.36938095238095237
2109,0.2914242424242424,0.4202727272727273,0.2883030303030303
2111,0.18380555555555556,0.5519166666666667,0.2642777777777778
2112,0.14704444444444445,0.5082,0.34475555555555554
2113,0.14704444444444445,0.5748666666666667,0.2780888888888889
2114,0.2005151515151515,0.5111818181818182,0.2883030303030303
2119,0.2005151515151515,0.5111818181818182,0.2883030303030303
2122,0.2005151515151515,0.5111818181818182,0.2883030303030303
2123,0.2005151515151515,0.4202727272727273,0.37921212121212117
2126,0.2005151515151515,0.5111818181818182,0.2883030303030303
2128,0.16966666666666666,0.5094615384615385,0.32087179487179485
2130,0.2914242424242424,0.4202727272727273,0.2883030303030303
2134,0.2005151515151515,0.5111818181818182,0.2883030303030303
2137,0.2005151515151515,0.4202727272727273,0.37921212121212117
2139,0.2005151515151515,0.4202727272727273,0.37921212121212117
2143,0.2005151515151515,0.5111818181818182,0.2883030303030303
2150,0.2803777777777778,0.3748666666666667,0.34475555555555554
2152,0.18380555555555556,0.46858333333333335,0.3476111111111111
2153,0.2005151515151515,0.5111818181818182,0.2883030303030303
2155,0.18380555555555556,0.5519166666666667,0.2642777777777778
2161,0.2005151515151515,0.5111818181818182,0.2883030303030303
2168,0.16966666666666666,0.3556153846153846,0.4747179487179487
2173,0.18380555555555556,0.5519166666666667,0.2642777777777778
2176,0.18380555555555556,0.5519166666666667,0.2642777777777778
2177,0.2005151515151515,0.5111818181818182,0.2883030303030303
2180,0.2005151515151515,0.4202727272727273,0.37921212121212117
2182,0.2005151515151515,0.4202727272727273,0.37921212121212117
2184,0.2005151515151515,0.4202727272727273,0.37921212121212117
2185,0.2914242424242424,0.4202727272727273,0.2883030303030303
2193,0.2005151515151515,0.5111818181818182,0.2883030303030303
2197,0.2005151515151515,0.4202727272727273,0.37921212121212117
2207,0.2005151515151515,0.5111818181818182,0.2883030303030303
2209,0.2005151515151515,0.5111818181818182,0.2883030303030303
2211,0.2914242424242424,0.4202727272727273,0.2883030303030303
2216,0.2005151515151515,0.5111818181818182,0.2883030303030303
2219,0.2005151515151515,0.5111818181818182,0.2883030303030303
2220,0.2005151515151515,0.4202727272727273,0.37921212121212117
2225,0.2914242424242424,0.4202727272727273,0.2883030303030303
2226,0.2005151515151515,0.5111818181818182,0.2883030303030303
2228,0.15754761904761905,0.6159285714285715,0.22652380952380952
2236,0.2005151515151515,0.4202727272727273,0.37921212121212117
2237,0.2005151515151515,0.5111818181818182,0.2883030303030303
2245,0.2005151515151515,0.4202727272727273,0.37921212121212117
2248,0.2914242424242424,0.4202727272727273,0.2883030303030303
2250,0.2005151515151515,0.5111818181818182,0.2883030303030303
2251,0.2005151515151515,0.4202727272727273,0.37921212121212117
2255,0.35047222222222224,0.38525000000000004,0.2642777777777778
2256,0.18380555555555556,0.5519166666666667,0.2642777777777778
2259,0.2005151515151515,0.5111818181818182,0.2883030303030303
2261,0.2005151515151515,0.4202727272727273,0.37921212121212117
2264,0.2005151515151515,0.5111818181818182,0.2883030303030303
2267,0.18380555555555556,0.5519166666666667,0.2642777777777778
2271,0.2005151515151515,0.4202727272727273,0.37921212121212117
2275,0.2914242424242424,0.4202727272727273,0.2883030303030303
2283,0.26713888888888887,0.46858333333333335,0.2642777777777778
2284,0.2005151515151515,0.4202727272727273,0.37921212121212117
2285,0.2914242424242424,0.4202727272727273,0.2883030303030303
2293,0.2914242424242424,0.4202727272727273,0.2883030303030303
2296,0.18380555555555556,0.5519166666666667,0.2642777777777778
2299,0.18380555555555556,0.38525000000000004,0.4309444444444444
2301,0.2005151515151515,0.4202727272727273,0.37921212121212117
2304,0.18380555555555556,0.46858333333333335,0.3476111111111111
2307,0.2005151515151515,0.5111818181818182,0.2883030303030303
2309,0.2914242424242424,0.4202727272727273,0.2883030303030303
2311,0.2005151515151515,0.5111818181818182,0.2883030303030303
2317,0.2005151515151515,0.5111818181818182,0.2883030303030303
2320,0.35047222222222224,0.38525000000000004,0.2642777777777778
2321,0.2914242424242424,0.4202727272727273,0.2883030303030303
2323,0.35047222222222224,0.38525000000000004,0.2642777777777778
2324,0.2005151515151515,0.5111818181818182,0.2883030303030303
2325,0.26713888888888887,0.38525000000000004,0.3476111111111111
2327,0.2005151515151515,0.4202727272727273,0.37921212121212117
2328,0.16966666666666666,0.3556153846153846,0.4747179487179487
2333,0.2005151515151515,0.5111818181818182,0.2883030303030303
2334,0.2005151515151515,0.5111818181818182,0.2883030303030303
2336,0.18380555555555556,0.38525000000000004,0.4309444444444444
2338,0.2914242424242424,0.4202727272727273,0.2883030303030303
2339,0.2005151515151515,0.5111818181818182,0.2883030303030303
2340,0.2005151515151515,0.5111818181818182,0.2883030303030303
2341,0.2005151515151515,0.5111818181818182,0.2883030303030303
2342,0.14704444444444445,0.6415333333333334,0.2114222222222222
2344,0.16966666666666666,0.3556153846153846,0.4747179487179487
2347,0.16966666666666666,0.5863846153846154,0.24394871794871792
2349,0.2005151515151515,0.4202727272727273,0.37921212121212117
2354,0.2005151515151515,0.5111818181818182,0.2883030303030303
2356,0.18380555555555556,0.38525000000000004,0.4309444444444444
2361,0.2005151515151515,0.4202727272727273,0.37921212121212117
2364,0.35047222222222224,0.38525000000000004,0.2642777777777778
2368,0.15754761904761905,0.6159285714285715,0.22652380952380952
2369,0.2005151515151515,0.5111818181818182,0.2883030303030303
2372,0.2005151515151515,0.5111818181818182,0.2883030303030303
2373,0.14704444444444445,0.6415333333333334,0.2114222222222222
2376,0.26713888888888887,0.46858333333333335,0.2642777777777778
2377,0.2005151515151515,0.5111818181818182,0.2883030303030303
2378,0.2005151515151515,0.5111818181818182,0.2883030303030303
2381,0.2005151515151515,0.5111818181818182,0.2883030303030303
2384,0.2005151515151515,0.5111818181818182,0.2883030303030303
2385,0.18380555555555556,0.38525000000000004,0.4309444444444444
2389,0.18380555555555556,0.5519166666666667,0.2642777777777778
2390,0.2005151515151515,0.4202727272727273,0.37921212121212117
2392,0.2005151515151515,0.4202727272727273,0.37921212121212117
2405,0.2005151515151515,0.4202727272727273,0.37921212121212117
2409,0.16966666666666666,0.5094615384615385,0.32087179487179485
2412,0.18380555555555556,0.5519166666666667,0.2642777777777778
2415,0.16966666666666666,0.5863846153846154,0.24394871794871792
2416,0.2914242424242424,0.4202727272727273,0.2883030303030303
2423,0.2005151515151515,0.4202727272727273,0.37921212121212117
2424,0.2005151515151515,0.5111818181818182,0.2883030303030303
2428,0.13785416666666667,0.6639375000000001,0.19820833333333332
2436,0.2005151515151515,0.4202727272727273,0.37921212121212117
2438,0.2005151515151515,0.5111818181818182,0.2883030303030303
2440,0.2005151515151515,0.5111818181818182,0.2883030303030303
2442,0.18380555555555556,0.5519166666666667,0.2642777777777778
2443,0.15754761904761905,0.5445,0.2979523809523809
2447,0.2005151515151515,0.5111818181818182,0.2883030303030303
2448,0.18380555555555556,0.5519166666666667,0.2642777777777778
2453,0.2005151515151515,0.5111818181818182,0.2883030303030303
2456,0.2005151515151515,0.4202727272727273,0.37921212121212117
2469,0.2005151515151515,0.5111818181818182,0.2883030303030303
2470,0.2005151515151515,0.5111818181818182,0.2883030303030303
2477,0.18380555555555556,0.5519166666666667,0.2642777777777778
2478,0.2005151515151515,0.5111818181818182,0.2883030303030303
2483,0.2005151515151515,0.4202727272727273,0.37921212121212117
2489,0.2005151515151515,0.5111818181818182,0.2883030303030303
2490,0.2005151515151515,0.5111818181818182,0.2883030303030303
2496,0.2914242424242424,0.4202727272727273,0.2883030303030303
2499,0.2005151515151515,0.5111818181818182,0.2883030303030303
2500,0.2005151515151515,0.4202727272727273,0.37921212121212117
2501,0.2005151515151515,0.4202727272727273,0.37921212121212117
2504,0.2005151515151515,0.4202727272727273,0.37921212121212117
2505,0.2005151515151515,0.5111818181818182,0.2883030303030303
2506,0.2914242424242424,0.4202727272727273,0.2883030303030303
2508,0.2005151515151515,0.4202727272727273,0.37921212121212117
2512,0.2005151515151515,0.5111818181818182,0.2883030303030303
2514,0.18380555555555556,0.5519166666666667,0.2642777777777778
2516,0.2005151515151515,0.5111818181818182,0.2883030303030303
2518,0.18380555555555556,0.5519166666666667,0.2642777777777778
2519,0.2005151515151515,0.5111818181818182,0.2883030303030303
2520,0.2914242424242424,0.4202727272727273,0.2883030303030303
2525,0.18380555555555556,0.38525000000000004,0.4309444444444444
2526,0.2005151515151515,0.4202727272727273,0.37921212121212117
2529,0.2005151515151515,0.5111818181818182,0.2883030303030303
2531,0.18380555555555556,0.38525000000000004,0.4309444444444444
2534,0.4803777777777778,0.30820000000000003,0.2114222222222222
2535,0.18380555555555556,0.5519166666666667,0.2642777777777778
2536,0.18380555555555556,0.5519166666666667,0.2642777777777778
2537,0.2005151515151515,0.5111818181818182,0.2883030303030303
2539,0.2005151515151515,0.4202727272727273,0.37921212121212117
2540,0.2005151515151515,0.4202727272727273,0.37921212121212117
2543,0.26713888888888887,0.38525000000000004,0.3476111111111111
2544,0.2914242424242424,0.4202727272727273,0.2883030303030303
2552,0.2914242424242424,0.4202727272727273,0.2883030303030303
2555,0.2005151515151515,0.5111818181818182,0.2883030303030303
2563,0.2005151515151515,0.4202727272727273,0.37921212121212117
2564,0.2914242424242424,0.4202727272727273,0.2883030303030303
2568,0.2005151515151515,0.5111818181818182,0.2883030303030303
2571,0.4004358974358974,0.3556153846153846,0.24394871794871792
2575,0.16966666666666666,0.5863846153846154,0.24394871794871792
2576,0.2005151515151515,0.4202727272727273,0.37921212121212117
2583,0.2005151515151515,0.4202727272727273,0.37921212121212117
2588,0.18380555555555556,0.5519166666666667,0.2642777777777778
2590,0.35047222222222224,0.38525000000000004,0.2642777777777778
2593,0.2005151515151515,0.4202727272727273,0.37921212121212117
2594,0.18380555555555556,0.5519166666666667,0.2642777777777778
2595,0.2005151515151515,0.4202727272727273,0.37921212121212117
2599,0.2005151515151515,0.4202727272727273,0.37921212121212117
2601,0.2005151515151515,0.4202727272727273,0.37921212121212117
2610,0.2914242424242424,0.4202727272727273,0.2883030303030303
2611,0.2005151515151515,0.5111818181818182,0.2883030303030303
2617,0.2005151515151515,0.5111818181818182,0.2883030303030303
2621,0.18380555555555556,0.38525000000000004,0.4309444444444444
2630,0.2005151515151515,0.5111818181818182,0.2883030303030303
2634,0.18380555555555556,0.5519166666666667,0.2642777777777778
2646,0.16966666666666666,0.3556153846153846,0.4747179487179487
2648,0.2005151515151515,0.4202727272727273,0.37921212121212117
2650,0.2914242424242424,0.4202727272727273,0.2883030303030303
2657,0.18380555555555556,0.38525000000000004,0.4309444444444444
2659,0.2005151515151515,0.5111818181818182,0.2883030303030303
2661,0.16966666666666666,0.3556153846153846,0.4747179487179487
2662,0.14704444444444445,0.6415333333333334,0.2114222222222222
2663,0.18380555555555556,0.38525000000000004,0.4309444444444444
2665,0.2005151515151515,0.5111818181818182,0.2883030303030303
2670,0.2005151515151515,0.5111818181818182,0.2883030303030303
2671,0.18380555555555556,0.38525000000000004,0.4309444444444444
2678,0.18380555555555556,0.5519166666666667,0.2642777777777778
2681,0.16966666666666666,0.5863846153846154,0.24394871794871792
2683,0.18380555555555556,0.46858333333333335,0.3476111111111111
2686,0.26713888888888887,0.38525000000000004,0.3476111111111111
2688,0.2005151515151515,0.5111818181818182,0.2883030303030303
2692,0.35047222222222224,0.38525000000000004,0.2642777777777778
2698,0.2914242424242424,0.4202727272727273,0.2883030303030303
2703,0.2005151515151515,0.5111818181818182,0.2883030303030303
2708,0.2914242424242424,0.4202727272727273,0.2883030303030303
2711,0.2005151515151515,0.4202727272727273,0.37921212121212117
2729,0.4004358974358974,0.3556153846153846,0.24394871794871792
2731,0.18380555555555556,0.5519166666666667,0.2642777777777778
2734,0.4004358974358974,0.3556153846153846,0.24394871794871792
2735,0.2005151515151515,0.4202727272727273,0.37921212121212117
2738,0.2005151515151515,0.4202727272727273,0.37921212121212117
2740,0.2005151515151515,0.5111818181818182,0.2883030303030303
2745,0.2005151515151515,0.5111818181818182,0.2883030303030303
2749,0.2005151515151515,0.4202727272727273,0.37921212121212117
2755,0.18380555555555556,0.5519166666666667,0.2642777777777778
2758,0.35047222222222224,0.38525000000000004,0.2642777777777778
2765,0.2005151515151515,0.5111818181818182,0.2883030303030303
2774,0.18380555555555556,0.38525000000000004,0.4309444444444444
2775,0.2914242424242424,0.4202727272727273,0.2883030303030303
2777,0.2005151515151515,0.5111818181818182,0.2883030303030303
2779,0.2005151515151515,0.5111818181818182,0.2883030303030303
2780,0.2005151515151515,0.4202727272727273,0.37921212121212117
2781,0.2005151515151515,0.5111818181818182,0.2883030303030303
2783,0.26713888888888887,0.46858333333333335,0.2642777777777778
2787,0.18380555555555556,0.38525000000000004,0.4309444444444444
2796,0.2005151515151515,0.5111818181818182,0.2883030303030303
2797,0.16966666666666666,0.5863846153846154,0.24394871794871792
2800,0.2005151515151515,0.4202727272727273,0.37921212121212117
2802,0.2005151515151515,0.4202727272727273,0.37921212121212117
2803,0.2005151515151515,0.5111818181818182,0.2883030303030303
2807,0.2005151515151515,0.5111818181818182,0.2883030303030303
2809,0.16966666666666666,0.5863846153846154,0.24394871794871792
2814,0.2005151515151515,0.4202727272727273,0.37921212121212117
2823,0.2005151515151515,0.4202727272727273,0.37921212121212117
2826,0.2005151515151515,0.4202727272727273,0.37921212121212117
2827,0.2914242424242424,0.4202727272727273,0.2883030303030303
2830,0.2005151515151515,0.5111818181818182,0.2883030303030303
2832,0.18380555555555556,0.5519166666666667,0.2642777777777778
2834,0.2914242424242424,0.4202727272727273,0.2883030303030303
2838,0.2005151515151515,0.4202727272727273,0.37921212121212117
2840,0.2005151515151515,0.5111818181818182,0.2883030303030303
2853,0.2005151515151515,0.5111818181818182,0.2883030303030303
2854,0.2005151515151515,0.4202727272727273,0.37921212121212117
2855,0.2005151515151515,0.5111818181818182,0.2883030303030303
2863,0.2005151515151515,0.4202727272727273,0.37921212121212117
2867,0.2005151515151515,0.4202727272727273,0.37921212121212117
2871,0.2005151515151515,0.5111818181818182,0.2883030303030303
2874,0.2005151515151515,0.5111818181818182,0.2883030303030303
2878,0.2005151515151515,0.4202727272727273,0.37921212121212117
2884,0.2005151515151515,0.4202727272727273,0.37921212121212117
2891,0.2005151515151515,0.4202727272727273,0.37921212121212117
2894,0.2005151515151515,0.5111818181818182,0.2883030303030303
2895,0.2005151515151515,0.5111818181818182,0.2883030303030303
2899,0.2005151515151515,0.5111818181818182,0.2883030303030303
2901,0.35047222222222224,0.38525000000000004,0.2642777777777778
2903,0.2005151515151515,0.5111818181818182,0.2883030303030303
2904,0.2005151515151515,0.4202727272727273,0.37921212121212117
2908,0.2005151515151515,0.4202727272727273,0.37921212121212117
2910,0.2005151515151515,0.5111818181818182,0.2883030303030303
2914,0.2005151515151515,0.4202727272727273,0.37921212121212117
2916,0.2914242424242424,0.4202727272727273,0.2883030303030303
2923,0.2005151515151515,0.4202727272727273,0.37921212121212117
2924,0.4004358974358974,0.3556153846153846,0.24394871794871792
2928,0.2914242424242424,0.4202727272727273,0.2883030303030303
2929,0.2005151515151515,0.5111818181818182,0.2883030303030303
2930,0.2005151515151515,0.5111818181818182,0.2883030303030303
2933,0.2005151515151515,0.5111818181818182,0.2883030303030303
2937,0.16966666666666666,0.3556153846153846,0.4747179487179487
2939,0.2005151515151515,0.5111818181818182,0.2883030303030303
2945,0.2005151515151515,0.5111818181818182,0.2883030303030303
2949,0.2005151515151515,0.4202727272727273,0.37921212121212117
2950,0.44326190476190475,0.33021428571428574,0.22652380952380952
2955,0.2005151515151515,0.4202727272727273,0.37921212121212117
2956,0.2005151515151515,0.4202727272727273,0.37921212121212117
2957,0.2005151515151515,0.4202727272727273,0.37921212121212117
2959,0.2914242424242424,0.4202727272727273,0.2883030303030303
2960,0.2005151515151515,0.4202727272727273,0.37921212121212117
2965,0.2005151515151515,0.5111818181818182,0.2883030303030303
2975,0.26713888888888887,0.46858333333333335,0.2642777777777778
2980,0.2005151515151515,0.5111818181818182,0.2883030303030303
2981,0.2005151515151515,0.5111818181818182,0.2883030303030303
2983,0.2005151515151515,0.4202727272727273,0.37921212121212117
2984,0.2914242424242424,0.4202727272727273,0.2883030303030303
2986,0.2005151515151515,0.5111818181818182,0.2883030303030303
2992,0.2914242424242424,0.4202727272727273,0.2883030303030303
2996,0.2005151515151515,0.5111818181818182,0.2883030303030303
2997,0.2914242424242424,0.4202727272727273,0.2883030303030303
3002,0.2914242424242424,0.4202727272727273,0.2883030303030303
3005,0.2005151515151515,0.5111818181818182,0.2883030303030303
3006,0.2914242424242424,0.4202727272727273,0.2883030303030303
3009,0.2005151515151515,0.5111818181818182,0.2883030303030303
3010,0.16966666666666666,0.5863846153846154,0.24394871794871792
3011,0.14704444444444445,0.6415333333333334,0.2114222222222222
3013,0.26713888888888887,0.46858333333333335,0.2642777777777778
3015,0.16966666666666666,0.5863846153846154,0.24394871794871792
3021,0.2914242424242424,0.4202727272727273,0.2883030303030303
3037,0.2005151515151515,0.5111818181818182,0.2883030303030303
3038,0.2005151515151515,0.5111818181818182,0.2883030303030303
3044,0.2914242424242424,0.4202727272727273,0.2883030303030303
3046,0.26713888888888887,0.46858333333333335,0.2642777777777778
3049,0.18380555555555556,0.38525000000000004,0.4309444444444444
3055,0.2005151515151515,0.5111818181818182,0.2883030303030303
3057,0.2005151515151515,0.5111818181818182,0.2883030303030303
3060,0.18380555555555556,0.5519166666666667,0.2642777777777778
3061,0.18380555555555556,0.5519166666666667,0.2642777777777778
3062,0.2005151515151515,0.4202727272727273,0.37921212121212117
3070,0.2005151515151515,0.5111818181818182,0.2883030303030303
3078,0.26713888888888887,0.46858333333333335,0.2642777777777778
3079,0.2005151515151515,0.5111818181818182,0.2883030303030303
3081,0.16966666666666666,0.5863846153846154,0.24394871794871792
3084,0.2914242424242424,0.4202727272727273,0.2883030303030303
3085,0.2005151515151515,0.5111818181818182,0.2883030303030303
3089,0.44326190476190475,0.33021428571428574,0.22652380952380952
3095,0.2005151515151515,0.4202727272727273,0.37921212121212117
3099,0.18380555555555556,0.5519166666666667,0.2642777777777778
3105,0.18380555555555556,0.5519166666666667,0.2642777777777778
3107,0.18380555555555556,0.5519166666666667,0.2642777777777778
3110,0.2005151515151515,0.5111818181818182,0.2883030303030303
3111,0.2005151515151515,0.5111818181818182,0.2883030303030303
3121,0.16966666666666666,0.43253846153846154,0.3977948717948718
3122,0.2005151515151515,0.5111818181818182,0.2883030303030303
3123,0.18380555555555556,0.5519166666666667,0.2642777777777778
3126,0.18380555555555556,0.5519166666666667,0.2642777777777778
3130,0.18380555555555556,0.5519166666666667,0.2642777777777778
3132,0.2005151515151515,0.4202727272727273,0.37921212121212117
3133,0.2914242424242424,0.4202727272727273,0.2883030303030303
3134,0.2005151515151515,0.5111818181818182,0.2883030303030303
3143,0.16966666666666666,0.5863846153846154,0.24394871794871792
3145,0.2005151515151515,0.5111818181818182,0.2883030303030303
3146,0.2005151515151515,0.4202727272727273,0.37921212121212117
3147,0.2914242424242424,0.4202727272727273,0.2883030303030303
3149,0.2005151515151515,0.4202727272727273,0.37921212121212117
3151,0.2005151515151515,0.4202727272727273,0.37921212121212117
3156,0.2005151515151515,0.5111818181818182,0.2883030303030303
3158,0.2005151515151515,0.5111818181818182,0.2883030303030303
3166,0.35047222222222224,0.38525000000000004,0.2642777777777778
3169,0.2005151515151515,0.5111818181818182,0.2883030303030303
3170,0.2005151515151515,0.4202727272727273,0.37921212121212117
3186,0.2005151515151515,0.4202727272727273,0.37921212121212117
3187,0.2005151515151515,0.4202727272727273,0.37921212121212117
3190,0.35047222222222224,0.38525000000000004,0.2642777777777778
3193,0.2005151515151515,0.5111818181818182,0.2883030303030303
3197,0.2005151515151515,0.5111818181818182,0.2883030303030303
3201,0.2005151515151515,0.5111818181818182,0.2883030303030303
3202,0.16966666666666666,0.5863846153846154,0.24394871794871792
3212,0.2005151515151515,0.5111818181818182,0.2883030303030303
3220,0.18380555555555556,0.5519166666666667,0.2642777777777778
3231,0.16966666666666666,0.3556153846153846,0.4747179487179487
3238,0.18380555555555556,0.5519166666666667,0.2642777777777778
3239,0.2005151515151515,0.5111818181818182,0.2883030303030303
3240,0.2914242424242424,0.4202727272727273,0.2883030303030303
3241,0.2005151515151515,0.5111818181818182,0.2883030303030303
3244,0.2914242424242424,0.4202727272727273,0.2883030303030303
3245,0.2914242424242424,0.4202727272727273,0.2883030303030303
3246,0.16966666666666666,0.5863846153846154,0.24394871794871792
3249,0.18380555555555556,0.46858333333333335,0.3476111111111111
3252,0.2005151515151515,0.5111818181818182,0.2883030303030303
3256,0.2005151515151515,0.4202727272727273,0.37921212121212117
3259,0.2005151515151515,0.4202727272727273,0.37921212121212117
3264,0.2005151515151515,0.4202727272727273,0.37921212121212117
3265,0.2005151515151515,0.5111818181818182,0.2883030303030303
3266,0.2005151515151515,0.5111818181818182,0.2883030303030303
3267,0.2005151515151515,0.5111818181818182,0.2883030303030303
3268,0.18380555555555556,0.5519166666666667,0.2642777777777778
3272,0.18380555555555556,0.5519166666666667,0.2642777777777778
3275,0.2005151515151515,0.5111818181818182,0.2883030303030303
3281,0.2005151515151515,0.5111818181818182,0.2883030303030303
3286,0.26713888888888887,0.38525000000000004,0.3476111111111111
3289,0.18380555555555556,0.5519166666666667,0.2642777777777778
3294,0.2005151515151515,0.4202727272727273,0.37921212121212117
3296,0.2914242424242424,0.4202727272727273,0.2883030303030303
3300,0.18380555555555556,0.38525000000000004,0.4309444444444444
3302,0.18380555555555556,0.5519166666666667,0.2642777777777778
3303,0.18380555555555556,0.5519166666666667,0.2642777777777778
3312,0.18380555555555556,0.5519166666666667,0.2642777777777778
3315,0.2005151515151515,0.4202727272727273,0.37921212121212117
3319,0.2005151515151515,0.5111818181818182,0.2883030303030303
3321,0.2005151515151515,0.4202727272727273,0.37921212121212117
3322,0.2005151515151515,0.5111818181818182,0.2883030303030303
3324,0.2005151515151515,0.5111818181818182,0.2883030303030303
3329,0.2005151515151515,0.5111818181818182,0.2883030303030303
3333,0.2465897435897436,0.3556153846153846,0.3977948717948718
3335,0.2005151515151515,0.5111818181818182,0.2883030303030303
3337,0.2005151515151515,0.4202727272727273,0.37921212121212117
3343,0.2005151515151515,0.5111818181818182,0.2883030303030303
3345,0.2914242424242424,0.4202727272727273,0.2883030303030303
3347,0.2005151515151515,0.5111818181818182,0.2883030303030303
3348,0.3235128205128205,0.43253846153846154,0.24394871794871792
3352,0.2005151515151515,0.5111818181818182,0.2883030303030303
3354,0.18380555555555556,0.5519166666666667,0.2642777777777778
3358,0.2005151515151515,0.4202727272727273,0.37921212121212117
3359,0.2005151515151515,0.4202727272727273,0.37921212121212117
3366,0.2005151515151515,0.5111818181818182,0.2883030303030303
3375,0.18380555555555556,0.5519166666666667,0.2642777777777778
3377,0.2005151515151515,0.5111818181818182,0.2883030303030303
3378,0.2005151515151515,0.4202727272727273,0.37921212121212117
3380,0.2914242424242424,0.4202727272727273,0.2883030303030303
3381,0.18380555555555556,0.5519166666666667,0.2642777777777778
3382,0.2005151515151515,0.4202727272727273,0.37921212121212117
3386,0.2914242424242424,0.4202727272727273,0.2883030303030303
3387,0.2005151515151515,0.5111818181818182,0.2883030303030303
3392,0.2005151515151515,0.4202727272727273,0.37921212121212117
3401,0.18380555555555556,0.5519166666666667,0.2642777777777778
3403,0.2005151515151515,0.4202727272727273,0.37921212121212117
3409,0.2914242424242424,0.4202727272727273,0.2883030303030303
3415,0.2914242424242424,0.4202727272727273,0.2883030303030303
3419,0.2005151515151515,0.4202727272727273,0.37921212121212117
3431,0.2914242424242424,0.4202727272727273,0.2883030303030303
3440,0.2914242424242424,0.4202727272727273,0.2883030303030303
3441,0.2005151515151515,0.5111818181818182,0.2883030303030303
3443,0.2005151515151515,0.5111818181818182,0.2883030303030303
3451,0.18380555555555556,0.5519166666666667,0.2642777777777778
3453,0.2914242424242424,0.4202727272727273,0.2883030303030303
3457,0.2914242424242424,0.4202727272727273,0.2883030303030303
3469,0.2005151515151515,0.5111818181818182,0.2883030303030303
3470,0.2005151515151515,0.5111818181818182,0.2883030303030303
3474,0.2914242424242424,0.4202727272727273,0.2883030303030303
3481,0.2005151515151515,0.5111818181818182,0.2883030303030303
3485,0.2005151515151515,0.5111818181818182,0.2883030303030303
3486,0.2005151515151515,0.4202727272727273,0.37921212121212117
3487,0.2914242424242424,0.4202727272727273,0.2883030303030303
3491,0.16966666666666666,0.5863846153846154,0.24394871794871792
3496,0.2005151515151515,0.5111818181818182,0.2883030303030303
3512,0.2005151515151515,0.5111818181818182,0.2883030303030303
3513,0.2005151515151515,0.5111818181818182,0.2883030303030303
3524,0.2005151515151515,0.5111818181818182,0.2883030303030303
3527,0.18380555555555556,0.46858333333333335,0.3476111111111111
3528,0.2005151515151515,0.5111818181818182,0.2883030303030303
3532,0.2005151515151515,0.5111818181818182,0.2883030303030303
3542,0.2005151515151515,0.5111818181818182,0.2883030303030303
3552,0.2005151515151515,0.5111818181818182,0.2883030303030303
3559,0.18380555555555556,0.5519166666666667,0.2642777777777778
3560,0.18380555555555556,0.38525000000000004,0.4309444444444444
3565,0.2005151515151515,0.5111818181818182,0.2883030303030303
3568,0.2005151515151515,0.5111818181818182,0.2883030303030303
3571,0.2005151515151515,0.5111818181818182,0.2883030303030303
3572,0.2005151515151515,0.5111818181818182,0.2883030303030303
3580,0.2005151515151515,0.5111818181818182,0.2883030303030303
3582,0.18380555555555556,0.5519166666666667,0.2642777777777778
3584,0.2005151515151515,0.5111818181818182,0.2883030303030303
3589,0.2005151515151515,0.4202727272727273,0.37921212121212117
3592,0.2005151515151515,0.4202727272727273,0.37921212121212117
3595,0.2005151515151515,0.5111818181818182,0.2883030303030303
3596,0.2005151515151515,0.5111818181818182,0.2883030303030303
3610,0.2005151515151515,0.5111818181818182,0.2883030303030303
3617,0.35047222222222224,0.38525000000000004,0.2642777777777778
3629,0.2005151515151515,0.4202727272727273,0.37921212121212117
3630,0.2005151515151515,0.4202727272727273,0.37921212121212117
3631,0.2005151515151515,0.5111818181818182,0.2883030303030303
3637,0.2914242424242424,0.4202727272727273,0.2883030303030303
3638,0.2914242424242424,0.4202727272727273,0.2883030303030303
3648,0.16966666666666666,0.5094615384615385,0.32087179487179485
3651,0.2005151515151515,0.4202727272727273,0.37921212121212117
3657,0.2005151515151515,0.4202727272727273,0.37921212121212117
3664,0.2005151515151515,0.4202727272727273,0.37921212121212117
3670,0.2005151515151515,0.5111818181818182,0.2883030303030303
3671,0.5128541666666666,0.2889375,0.19820833333333332
3674,0.2005151515151515,0.4202727272727273,0.37921212121212117
3677,0.2005151515151515,0.4202727272727273,0.37921212121212117
3686,0.2005151515151515,0.4202727272727273,0.37921212121212117
3687,0.2914242424242424,0.4202727272727273,0.2883030303030303
3691,0.2005151515151515,0.5111818181818182,0.2883030303030303
3692,0.2005151515151515,0.5111818181818182,0.2883030303030303
3695,0.18380555555555556,0.46858333333333335,0.3476111111111111
3696,0.2005151515151515,0.5111818181818182,0.2883030303030303
3698,0.2005151515151515,0.5111818181818182,0.2883030303030303
3699,0.2005151515151515,0.4202727272727273,0.37921212121212117
3700,0.2914242424242424,0.4202727272727273,0.2883030303030303
3709,0.2005151515151515,0.4202727272727273,0.37921212121212117
3710,0.2005151515151515,0.5111818181818182,0.2883030303030303
3712,0.2005151515151515,0.5111818181818182,0.2883030303030303
3720,0.2005151515151515,0.4202727272727273,0.37921212121212117
3727,0.2914242424242424,0.4202727272727273,0.2883030303030303
3729,0.2005151515151515,0.4202727272727273,0.37921212121212117
3732,0.16966666666666666,0.3556153846153846,0.4747179487179487
3733,0.18380555555555556,0.38525000000000004,0.4309444444444444
3735,0.16966666666666666,0.43253846153846154,0.3977948717948718
3745,0.2914242424242424,0.4202727272727273,0.2883030303030303
3748,0.2914242424242424,0.4202727272727273,0.2883030303030303
3750,0.2005151515151515,0.5111818181818182,0.2883030303030303
3752,0.2005151515151515,0.5111818181818182,0.2883030303030303
3755,0.2005151515151515,0.4202727272727273,0.37921212121212117
3757,0.2005151515151515,0.5111818181818182,0.2883030303030303
3760,0.2005151515151515,0.4202727272727273,0.37921212121212117
3761,0.16966666666666666,0.5863846153846154,0.24394871794871792
3766,0.16966666666666666,0.5863846153846154,0.24394871794871792
3769,0.44326190476190475,0.33021428571428574,0.22652380952380952
3777,0.2005151515151515,0.4202727272727273,0.37921212121212117
3781,0.2005151515151515,0.4202727272727273,0.37921212121212117
3784,0.18380555555555556,0.5519166666666667,0.2642777777777778
3785,0.18380555555555556,0.5519166666666667,0.2642777777777778
3787,0.2005151515151515,0.4202727272727273,0.37921212121212117
3788,0.2005151515151515,0.5111818181818182,0.2883030303030303
3790,0.2005151515151515,0.4202727272727273,0.37921212121212117
3801,0.18380555555555556,0.38525000000000004,0.4309444444444444
3802,0.2005151515151515,0.5111818181818182,0.2883030303030303
3804,0.2005151515151515,0.4202727272727273,0.37921212121212117
3805,0.2005151515151515,0.5111818181818182,0.2883030303030303
3808,0.35047222222222224,0.38525000000000004,0.2642777777777778
3810,0.2005151515151515,0.5111818181818182,0.2883030303030303
3813,0.2005151515151515,0.5111818181818182,0.2883030303030303
3814,0.2005151515151515,0.5111818181818182,0.2883030303030303
3822,0.2005151515151515,0.4202727272727273,0.37921212121212117
3825,0.2005151515151515,0.4202727272727273,0.37921212121212117
3834,0.2005151515151515,0.4202727272727273,0.37921212121212117
3837,0.35047222222222224,0.38525000000000004,0.2642777777777778
3842,0.2005151515151515,0.5111818181818182,0.2883030303030303
3844,0.2005151515151515,0.5111818181818182,0.2883030303030303
3849,0.2005151515151515,0.4202727272727273,0.37921212121212117
3850,0.2005151515151515,0.5111818181818182,0.2883030303030303
3851,0.2914242424242424,0.4202727272727273,0.2883030303030303
3859,0.2914242424242424,0.4202727272727273,0.2883030303030303
3861,0.2005151515151515,0.4202727272727273,0.37921212121212117
3863,0.2005151515151515,0.5111818181818182,0.2883030303030303
3870,0.18380555555555556,0.5519166666666667,0.2642777777777778
3877,0.2005151515151515,0.4202727272727273,0.37921212121212117
3881,0.2005151515151515,0.5111818181818182,0.2883030303030303
3897,0.2005151515151515,0.5111818181818182,0.2883030303030303
3898,0.2005151515151515,0.4202727272727273,0.37921212121212117
3901,0.16966666666666666,0.5863846153846154,0.24394871794871792
3902,0.2005151515151515,0.4202727272727273,0.37921212121212117
3905,0.2005151515151515,0.5111818181818182,0.2883030303030303
3919,0.2005151515151515,0.5111818181818182,0.2883030303030303
3925,0.16966666666666666,0.3556153846153846,0.4747179487179487
3929,0.2005151515151515,0.4202727272727273,0.37921212121212117
3933,0.2005151515151515,0.4202727272727273,0.37921212121212117
3934,0.2005151515151515,0.5111818181818182,0.2883030303030303
3936,0.2005151515151515,0.4202727272727273,0.37921212121212117
3943,0.18380555555555556,0.5519166666666667,0.2642777777777778
3944,0.18380555555555556,0.38525000000000004,0.4309444444444444
3946,0.2005151515151515,0.5111818181818182,0.2883030303030303
3952,0.18380555555555556,0.38525000000000004,0.4309444444444444
3965,0.2914242424242424,0.4202727272727273,0.2883030303030303
3971,0.2005151515151515,0.5111818181818182,0.2883030303030303
3974,0.2005151515151515,0.5111818181818182,0.2883030303030303
3978,0.2005151515151515,0.4202727272727273,0.37921212121212117
3983,0.2914242424242424,0.4202727272727273,0.2883030303030303
3985,0.2005151515151515,0.5111818181818182,0.2883030303030303
3987,0.16966666666666666,0.5863846153846154,0.24394871794871792
3989,0.2005151515151515,0.4202727272727273,0.37921212121212117
3990,0.2914242424242424,0.4202727272727273,0.2883030303030303
4000,0.2005151515151515,0.5111818181818182,0.2883030303030303
4006,0.2005151515151515,0.4202727272727273,0.37921212121212117
4008,0.2005151515151515,0.5111818181818182,0.2883030303030303
4011,0.2005151515151515,0.4202727272727273,0.37921212121212117
4012,0.18380555555555556,0.5519166666666667,0.2642777777777778
4021,0.2005151515151515,0.5111818181818182,0.2883030303030303
4024,0.2005151515151515,0.4202727272727273,0.37921212121212117
4026,0.18380555555555556,0.5519166666666667,0.2642777777777778
4027,0.2005151515151515,0.5111818181818182,0.2883030303030303
4033,0.2005151515151515,0.5111818181818182,0.2883030303030303
4042,0.2005151515151515,0.4202727272727273,0.37921212121212117
4050,0.2005151515151515,0.5111818181818182,0.2883030303030303
4051,0.2914242424242424,0.4202727272727273,0.2883030303030303
4055,0.2005151515151515,0.5111818181818182,0.2883030303030303
4056,0.26713888888888887,0.46858333333333335,0.2642777777777778
4058,0.26713888888888887,0.38525000000000004,0.3476111111111111
4060,0.2005151515151515,0.4202727272727273,0.37921212121212117
4062,0.2005151515151515,0.5111818181818182,0.2883030303030303
4068,0.2005151515151515,0.4202727272727273,0.37921212121212117
4073,0.2005151515151515,0.4202727272727273,0.37921212121212117
4074,0.2005151515151515,0.5111818181818182,0.2883030303030303
4085,0.18380555555555556,0.5519166666666667,0.2642777777777778
4089,0.2005151515151515,0.5111818181818182,0.2883030303030303
4090,0.2005151515151515,0.5111818181818182,0.2883030303030303
4094,0.2914242424242424,0.4202727272727273,0.2883030303030303
4101,0.2005151515151515,0.5111818181818182,0.2883030303030303
4102,0.2005151515151515,0.5111818181818182,0.2883030303030303
4111,0.35047222222222224,0.38525000000000004,0.2642777777777778
4118,0.2005151515151515,0.4202727272727273,0.37921212121212117
4122,0.18380555555555556,0.5519166666666667,0.2642777777777778
4137,0.2005151515151515,0.5111818181818182,0.2883030303030303
4154,0.2005151515151515,0.5111818181818182,0.2883030303030303
4156,0.18380555555555556,0.46858333333333335,0.3476111111111111
4157,0.2914242424242424,0.4202727272727273,0.2883030303030303
4172,0.2914242424242424,0.4202727272727273,0.2883030303030303
4174,0.2005151515151515,0.4202727272727273,0.37921212121212117
4179,0.2005151515151515,0.4202727272727273,0.37921212121212117
4180,0.2005151515151515,0.4202727272727273,0.37921212121212117
4184,0.2005151515151515,0.5111818181818182,0.2883030303030303
4187,0.2914242424242424,0.4202727272727273,0.2883030303030303
4189,0.2005151515151515,0.5111818181818182,0.2883030303030303
4196,0.2005151515151515,0.4202727272727273,0.37921212121212117
4198,0.2005151515151515,0.5111818181818182,0.2883030303030303
4199,0.16966666666666666,0.5094615384615385,0.32087179487179485
4210,0.18380555555555556,0.46858333333333335,0.3476111111111111
4215,0.4004358974358974,0.3556153846153846,0.24394871794871792
4220,0.35047222222222224,0.38525000000000004,0.2642777777777778
4221,0.2005151515151515,0.4202727272727273,0.37921212121212117
4235,0.2005151515151515,0.5111818181818182,0.2883030303030303
4236,0.2914242424242424,0.4202727272727273,0.2883030303030303
4242,0.18380555555555556,0.5519166666666667,0.2642777777777778
4259,0.2005151515151515,0.5111818181818182,0.2883030303030303
4262,0.2005151515151515,0.5111818181818182,0.2883030303030303
4267,0.2914242424242424,0.4202727272727273,0.2883030303030303
4282,0.2005151515151515,0.4202727272727273,0.37921212121212117
4296,0.2005151515151515,0.5111818181818182,0.2883030303030303
4301,0.15754761904761905,0.6159285714285715,0.22652380952380952
4303,0.2005151515151515,0.4202727272727273,0.37921212121212117
4312,0.2005151515151515,0.5111818181818182,0.2883030303030303
4315,0.2005151515151515,0.5111818181818182,0.2883030303030303
4318,0.2005151515151515,0.4202727272727273,0.37921212121212117
4330,0.2005151515151515,0.4202727272727273,0.37921212121212117
4341,0.2914242424242424,0.4202727272727273,0.2883030303030303
4342,0.2914242424242424,0.4202727272727273,0.2883030303030303
4351,0.2005151515151515,0.5111818181818182,0.2883030303030303
4359,0.2005151515151515,0.5111818181818182,0.2883030303030303
4367,0.2914242424242424,0.4202727272727273,0.2883030303030303
4369,0.35047222222222224,0.38525000000000004,0.2642777777777778
4370,0.2005151515151515,0.5111818181818182,0.2883030303030303
4373,0.35047222222222224,0.38525000000000004,0.2642777777777778
4382,0.2005151515151515,0.5111818181818182,0.2883030303030303
4395,0.2914242424242424,0.4202727272727273,0.2883030303030303
4408,0.18380555555555556,0.38525000000000004,0.4309444444444444
4409,0.18380555555555556,0.5519166666666667,0.2642777777777778
4414,0.18380555555555556,0.5519166666666667,0.2642777777777778
4418,0.2005151515151515,0.5111818181818182,0.2883030303030303
4423,0.35047222222222224,0.38525000000000004,0.2642777777777778
4433,0.2005151515151515,0.5111818181818182,0.2883030303030303
4434,0.35047222222222224,0.38525000000000004,0.2642777777777778
4435,0.2005151515151515,0.5111818181818182,0.2883030303030303
4441,0.2005151515151515,0.5111818181818182,0.2883030303030303
4443,0.2005151515151515,0.4202727272727273,0.37921212121212117
4447,0.2005151515151515,0.4202727272727273,0.37921212121212117
4453,0.2005151515151515,0.4202727272727273,0.37921212121212117
4459,0.2005151515151515,0.5111818181818182,0.2883030303030303
4463,0.2005151515151515,0.4202727272727273,0.37921212121212117
4470,0.2005151515151515,0.4202727272727273,0.37921212121212117
4481,0.2005151515151515,0.5111818181818182,0.2883030303030303
4486,0.2005151515151515,0.4202727272727273,0.37921212121212117
4492,0.2005151515151515,0.5111818181818182,0.2883030303030303
4499,0.4004358974358974,0.3556153846153846,0.24394871794871792
4502,0.2914242424242424,0.4202727272727273,0.2883030303030303
4505,0.2005151515151515,0.4202727272727273,0.37921212121212117
4511,0.2005151515151515,0.4202727272727273,0.37921212121212117
4514,0.2005151515151515,0.5111818181818182,0.2883030303030303
4515,0.18380555555555556,0.5519166666666667,0.2642777777777778
4516,0.2005151515151515,0.4202727272727273,0.37921212121212117
4524,0.2005151515151515,0.4202727272727273,0.37921212121212117
4530,0.18380555555555556,0.38525000000000004,0.4309444444444444
4541,0.2914242424242424,0.4202727272727273,0.2883030303030303
4543,0.2005151515151515,0.4202727272727273,0.37921212121212117
4546,0.2005151515151515,0.5111818181818182,0.2883030303030303
4557,0.2914242424242424,0.4202727272727273,0.2883030303030303
4559,0.2005151515151515,0.4202727272727273,0.37921212121212117
4579,0.2005151515151515,0.4202727272727273,0.37921212121212117
4590,0.2914242424242424,0.4202727272727273,0.2883030303030303
4603,0.2005151515151515,0.5111818181818182,0.2883030303030303
4609,0.2005151515151515,0.4202727272727273,0.37921212121212117
4612,0.2005151515151515,0.5111818181818182,0.2883030303030303
4613,0.2005151515151515,0.4202727272727273,0.37921212121212117
4618,0.2914242424242424,0.4202727272727273,0.2883030303030303
4627,0.2005151515151515,0.4202727272727273,0.37921212121212117
4631,0.14704444444444445,0.6415333333333334,0.2114222222222222
4640,0.18380555555555556,0.46858333333333335,0.3476111111111111
4642,0.2005151515151515,0.5111818181818182,0.2883030303030303
4645,0.2005151515151515,0.4202727272727273,0.37921212121212117
4649,0.2005151515151515,0.5111818181818182,0.2883030303030303
4650,0.2005151515151515,0.5111818181818182,0.2883030303030303
4653,0.2005151515151515,0.4202727272727273,0.37921212121212117
4658,0.2914242424242424,0.4202727272727273,0.2883030303030303
4660,0.2005151515151515,0.5111818181818182,0.2883030303030303
4661,0.18380555555555556,0.5519166666666667,0.2642777777777778
4670,0.16966666666666666,0.3556153846153846,0.4747179487179487
4681,0.2005151515151515,0.5111818181818182,0.2883030303030303
4687,0.2914242424242424,0.4202727272727273,0.2883030303030303
4692,0.2914242424242424,0.4202727272727273,0.2883030303030303
4695,0.2005151515151515,0.5111818181818182,0.2883030303030303
4696,0.2005151515151515,0.5111818181818182,0.2883030303030303
4701,0.2005151515151515,0.4202727272727273,0.37921212121212117
4713,0.2005151515151515,0.4202727272727273,0.37921212121212117
4722,0.2005151515151515,0.5111818181818182,0.2883030303030303
4732,0.18380555555555556,0.38525000000000004,0.4309444444444444
4739,0.18380555555555556,0.5519166666666667,0.2642777777777778
4742,0.2005151515151515,0.5111818181818182,0.2883030303030303
4747,0.2005151515151515,0.5111818181818182,0.2883030303030303
4749,0.16966666666666666,0.5863846153846154,0.24394871794871792
4757,0.2914242424242424,0.4202727272727273,0.2883030303030303
4778,0.2005151515151515,0.4202727272727273,0.37921212121212117
4785,0.2005151515151515,0.5111818181818182,0.2883030303030303
4796,0.26713888888888887,0.38525000000000004,0.3476111111111111
4803,0.2914242424242424,0.4202727272727273,0.2883030303030303
4810,0.2914242424242424,0.4202727272727273,0.2883030303030303
4814,0.2005151515151515,0.5111818181818182,0.2883030303030303
4856,0.2005151515151515,0.4202727272727273,0.37921212121212117
4862,0.2005151515151515,0.5111818181818182,0.2883030303030303
4875,0.2005151515151515,0.5111818181818182,0.2883030303030303
4877,0.2005151515151515,0.4202727272727273,0.37921212121212117
4882,0.2005151515151515,0.4202727272727273,0.37921212121212117
4886,0.2914242424242424,0.4202727272727273,0.2883030303030303
4887,0.2005151515151515,0.5111818181818182,0.2883030303030303
4893,0.2005151515151515,0.4202727272727273,0.37921212121212117
4906,0.2005151515151515,0.4202727272727273,0.37921212121212117
4912,0.18380555555555556,0.38525000000000004,0.4309444444444444
4914,0.2005151515151515,0.5111818181818182,0.2883030303030303
4925,0.2914242424242424,0.4202727272727273,0.2883030303030303
4927,0.2005151515151515,0.4202727272727273,0.37921212121212117
4946,0.26713888888888887,0.46858333333333335,0.2642777777777778
4952,0.2005151515151515,0.5111818181818182,0.2883030303030303
4954,0.2005151515151515,0.5111818181818182,0.2883030303030303
4961,0.35047222222222224,0.38525000000000004,0.2642777777777778
4965,0.2005151515151515,0.5111818181818182,0.2883030303030303
4968,0.2005151515151515,0.5111818181818182,0.2883030303030303
4990,0.2005151515151515,0.5111818181818182,0.2883030303030303
4993,0.18380555555555556,0.5519166666666667,0.2642777777777778
5010,0.2005151515151515,0.5111818181818182,0.2883030303030303
5016,0.18380555555555556,0.38525000000000004,0.4309444444444444
5020,0.2005151515151515,0.4202727272727273,0.37921212121212117
5021,0.2914242424242424,0.4202727272727273,0.2883030303030303
5031,0.2005151515151515,0.5111818181818182,0.2883030303030303
5036,0.2005151515151515,0.5111818181818182,0.2883030303030303
5037,0.2914242424242424,0.4202727272727273,0.2883030303030303
5039,0.2005151515151515,0.5111818181818182,0.2883030303030303
5052,0.2005151515151515,0.5111818181818182,0.2883030303030303
5056,0.2005151515151515,0.4202727272727273,0.37921212121212117
5067,0.2914242424242424,0.4202727272727273,0.2883030303030303
5086,0.2005151515151515,0.4202727272727273,0.37921212121212117
5087,0.18380555555555556,0.38525000000000004,0.4309444444444444
5096,0.2005151515151515,0.4202727272727273,0.37921212121212117
5101,0.2914242424242424,0.4202727272727273,0.2883030303030303
5118,0.35047222222222224,0.38525000000000004,0.2642777777777778
5119,0.2005151515151515,0.4202727272727273,0.37921212121212117
5126,0.2005151515151515,0.5111818181818182,0.2883030303030303
5129,0.2005151515151515,0.5111818181818182,0.2883030303030303
5151,0.2005151515151515,0.5111818181818182,0.2883030303030303
5154,0.15754761904761905,0.6159285714285715,0.22652380952380952
5166,0.2005151515151515,0.5111818181818182,0.2883030303030303
5172,0.2005151515151515,0.5111818181818182,0.2883030303030303
5179,0.2005151515151515,0.5111818181818182,0.2883030303030303
5205,0.2005151515151515,0.5111818181818182,0.2883030303030303
5216,0.2005151515151515,0.5111818181818182,0.2883030303030303
5220,0.2005151515151515,0.4202727272727273,0.37921212121212117
5224,0.2005151515151515,0.5111818181818182,0.2883030303030303
5241,0.2914242424242424,0.4202727272727273,0.2883030303030303
5256,0.2005151515151515,0.5111818181818182,0.2883030303030303
5258,0.2005151515151515,0.5111818181818182,0.2883030303030303
5269,0.2005151515151515,0.5111818181818182,0.2883030303030303
5271,0.2005151515151515,0.5111818181818182,0.2883030303030303
5278,0.2005151515151515,0.5111818181818182,0.2883030303030303
5294,0.2005151515151515,0.4202727272727273,0.37921212121212117
5295,0.2005151515151515,0.5111818181818182,0.2883030303030303
5302,0.2005151515151515,0.4202727272727273,0.37921212121212117
5304,0.2005151515151515,0.4202727272727273,0.37921212121212117
5331,0.2005151515151515,0.4202727272727273,0.37921212121212117
5338,0.2914242424242424,0.4202727272727273,0.2883030303030303
5340,0.2005151515151515,0.5111818181818182,0.2883030303030303
5345,0.2005151515151515,0.5111818181818182,0.2883030303030303
5346,0.2005151515151515,0.4202727272727273,0.37921212121212117
5352,0.2005151515151515,0.4202727272727273,0.37921212121212117
5353,0.2005151515151515,0.5111818181818182,0.2883030303030303
5361,0.18380555555555556,0.38525000000000004,0.4309444444444444
5365,0.2005151515151515,0.5111818181818182,0.2883030303030303
5370,0.2005151515151515,0.5111818181818182,0.2883030303030303
5373,0.2005151515151515,0.5111818181818182,0.2883030303030303
5381,0.2005151515151515,0.4202727272727273,0.37921212121212117
5390,0.2005151515151515,0.5111818181818182,0.2883030303030303
5392,0.2005151515151515,0.5111818181818182,0.2883030303030303
5400,0.18380555555555556,0.5519166666666667,0.2642777777777778
5403,0.2005151515151515,0.5111818181818182,0.2883030303030303
5427,0.2005151515151515,0.5111818181818182,0.2883030303030303
5428,0.18380555555555556,0.38525000000000004,0.4309444444444444
5436,0.18380555555555556,0.5519166666666667,0.2642777777777778
5466,0.18380555555555556,0.38525000000000004,0.4309444444444444
5467,0.18380555555555556,0.5519166666666667,0.2642777777777778
5477,0.2005151515151515,0.5111818181818182,0.2883030303030303
5479,0.2914242424242424,0.4202727272727273,0.2883030303030303
5494,0.2005151515151515,0.5111818181818182,0.2883030303030303
5496,0.2005151515151515,0.4202727272727273,0.37921212121212117
5498,0.2005151515151515,0.5111818181818182,0.2883030303030303
5500,0.2005151515151515,0.5111818181818182,0.2883030303030303
5504,0.2914242424242424,0.4202727272727273,0.2883030303030303
5506,0.2005151515151515,0.5111818181818182,0.2883030303030303
5528,0.2005151515151515,0.5111818181818182,0.2883030303030303
5529,0.2005151515151515,0.4202727272727273,0.37921212121212117
5534,0.2005151515151515,0.4202727272727273,0.37921212121212117
5543,0.26713888888888887,0.38525000000000004,0.3476111111111111
5545,0.2005151515151515,0.5111818181818182,0.2883030303030303
5558,0.2914242424242424,0.4202727272727273,0.2883030303030303
5563,0.2005151515151515,0.5111818181818182,0.2883030303030303
5573,0.2005151515151515,0.4202727272727273,0.37921212121212117
5579,0.2005151515151515,0.4202727272727273,0.37921212121212117
5597,0.2005151515151515,0.4202727272727273,0.37921212121212117
5605,0.2005151515151515,0.5111818181818182,0.2883030303030303
5617,0.2005151515151515,0.4202727272727273,0.37921212121212117
5636,0.2005151515151515,0.5111818181818182,0.2883030303030303
5640,0.2005151515151515,0.5111818181818182,0.2883030303030303
5647,0.2914242424242424,0.4202727272727273,0.2883030303030303
5665,0.18380555555555556,0.5519166666666667,0.2642777777777778
5674,0.2005151515151515,0.5111818181818182,0.2883030303030303
5701,0.2005151515151515,0.4202727272727273,0.37921212121212117
5711,0.2005151515151515,0.5111818181818182,0.2883030303030303
5714,0.18380555555555556,0.5519166666666667,0.2642777777777778
5718,0.2914242424242424,0.4202727272727273,0.2883030303030303
5736,0.2005151515151515,0.5111818181818182,0.2883030303030303
5740,0.2005151515151515,0.4202727272727273,0.37921212121212117
5757,0.18380555555555556,0.38525000000000004,0.4309444444444444
5760,0.2005151515151515,0.4202727272727273,0.37921212121212117
5778,0.26713888888888887,0.46858333333333335,0.2642777777777778
5791,0.2005151515151515,0.4202727272727273,0.37921212121212117
5797,0.2914242424242424,0.4202727272727273,0.2883030303030303
5801,0.2914242424242424,0.4202727272727273,0.2883030303030303
5810,0.2005151515151515,0.5111818181818182,0.2883030303030303
5817,0.2005151515151515,0.5111818181818182,0.2883030303030303
5820,0.37183333333333335,0.33021428571428574,0.2979523809523809
5823,0.2914242424242424,0.4202727272727273,0.2883030303030303
5830,0.2005151515151515,0.5111818181818182,0.2883030303030303
5835,0.2005151515151515,0.5111818181818182,0.2883030303030303
5836,0.2005151515151515,0.4202727272727273,0.37921212121212117
5858,0.2005151515151515,0.5111818181818182,0.2883030303030303
5868,0.2005151515151515,0.5111818181818182,0.2883030303030303
5869,0.2005151515151515,0.4202727272727273,0.37921212121212117
5876,0.2005151515151515,0.5111818181818182,0.2883030303030303
5882,0.2005151515151515,0.5111818181818182,0.2883030303030303
5887,0.2005151515151515,0.4202727272727273,0.37921212121212117
5893,0.2005151515151515,0.5111818181818182,0.2883030303030303
5901,0.2005151515151515,0.4202727272727273,0.37921212121212117
5911,0.2005151515151515,0.5111818181818182,0.2883030303030303
5918,0.2005151515151515,0.4202727272727273,0.37921212121212117
5920,0.2005151515151515,0.4202727272727273,0.37921212121212117
5937,0.2005151515151515,0.5111818181818182,0.2883030303030303
5943,0.35047222222222224,0.38525000000000004,0.2642777777777778
5946,0.2005151515151515,0.4202727272727273,0.37921212121212117
5959,0.2005151515151515,0.5111818181818182,0.2883030303030303
5991,0.2005151515151515,0.4202727272727273,0.37921212121212117
5994,0.18380555555555556,0.38525000000000004,0.4309444444444444
6001,0.2005151515151515,0.5111818181818182,0.2883030303030303
6004,0.18380555555555556,0.5519166666666667,0.2642777777777778
6006,0.2914242424242424,0.4202727272727273,0.2883030303030303
6017,0.2005151515151515,0.5111818181818182,0.2883030303030303
6018,0.2005151515151515,0.5111818181818182,0.2883030303030303
6021,0.2005151515151515,0.5111818181818182,0.2883030303030303
6028,0.2005151515151515,0.5111818181818182,0.2883030303030303
6044,0.2914242424242424,0.4202727272727273,0.2883030303030303
6055,0.2914242424242424,0.4202727272727273,0.2883030303030303
6060,0.2005151515151515,0.5111818181818182,0.2883030303030303
6074,0.2005151515151515,0.4202727272727273,0.37921212121212117
6088,0.2005151515151515,0.5111818181818182,0.2883030303030303
6089,0.2005151515151515,0.5111818181818182,0.2883030303030303
6091,0.2005151515151515,0.5111818181818182,0.2883030303030303
6101,0.18380555555555556,0.38525000000000004,0.4309444444444444
6119,0.2005151515151515,0.4202727272727273,0.37921212121212117
6125,0.2005151515151515,0.4202727272727273,0.37921212121212117
6126,0.2914242424242424,0.4202727272727273,0.2883030303030303
6129,0.2005151515151515,0.4202727272727273,0.37921212121212117
6144,0.2005151515151515,0.4202727272727273,0.37921212121212117
6147,0.2005151515151515,0.4202727272727273,0.37921212121212117
6154,0.2005151515151515,0.4202727272727273,0.37921212121212117
6164,0.2005151515151515,0.5111818181818182,0.2883030303030303
6173,0.18380555555555556,0.38525000000000004,0.4309444444444444
6197,0.2005151515151515,0.5111818181818182,0.2883030303030303
6204,0.2914242424242424,0.4202727272727273,0.2883030303030303
6208,0.2005151515151515,0.4202727272727273,0.37921212121212117
6237,0.2914242424242424,0.4202727272727273,0.2883030303030303
6267,0.2005151515151515,0.4202727272727273,0.37921212121212117
6289,0.2005151515151515,0.5111818181818182,0.2883030303030303
6290,0.18380555555555556,0.5519166666666667,0.2642777777777778
6295,0.2005151515151515,0.4202727272727273,0.37921212121212117
6297,0.2914242424242424,0.4202727272727273,0.2883030303030303
6298,0.2005151515151515,0.4202727272727273,0.37921212121212117
6304,0.2005151515151515,0.5111818181818182,0.2883030303030303
6305,0.2005151515151515,0.5111818181818182,0.2883030303030303
6306,0.2005151515151515,0.5111818181818182,0.2883030303030303
6307,0.35047222222222224,0.38525000000000004,0.2642777777777778
6324,0.2005151515151515,0.4202727272727273,0.37921212121212117
6333,0.2005151515151515,0.5111818181818182,0.2883030303030303
6340,0.2914242424242424,0.4202727272727273,0.2883030303030303
6347,0.2005151515151515,0.4202727272727273,0.37921212121212117
6358,0.18380555555555556,0.5519166666666667,0.2642777777777778
6359,0.2005151515151515,0.5111818181818182,0.2883030303030303
6364,0.4004358974358974,0.3556153846153846,0.24394871794871792
6374,0.2005151515151515,0.4202727272727273,0.37921212121212117
6380,0.2005151515151515,0.4202727272727273,0.37921212121212117
6381,0.2005151515151515,0.5111818181818182,0.2883030303030303
6392,0.2005151515151515,0.5111818181818182,0.2883030303030303
6421,0.2005151515151515,0.5111818181818182,0.2883030303030303
6425,0.2005151515151515,0.5111818181818182,0.2883030303030303
6427,0.2914242424242424,0.4202727272727273,0.2883030303030303
6429,0.2005151515151515,0.4202727272727273,0.37921212121212117
6444,0.2914242424242424,0.4202727272727273,0.2883030303030303
6445,0.2005151515151515,0.4202727272727273,0.37921212121212117
6456,0.2005151515151515,0.5111818181818182,0.2883030303030303
6464,0.2005151515151515,0.4202727272727273,0.37921212121212117
6465,0.2005151515151515,0.4202727272727273,0.37921212121212117
6469,0.2005151515151515,0.5111818181818182,0.2883030303030303
6476,0.2005151515151515,0.5111818181818182,0.2883030303030303
6492,0.2005151515151515,0.5111818181818182,0.2883030303030303
6503,0.18380555555555556,0.46858333333333335,0.3476111111111111
6504,0.2005151515151515,0.4202727272727273,0.37921212121212117
6506,0.2914242424242424,0.4202727272727273,0.2883030303030303
6510,0.26713888888888887,0.38525000000000004,0.3476111111111111
6545,0.2005151515151515,0.4202727272727273,0.37921212121212117
6552,0.2005151515151515,0.5111818181818182,0.2883030303030303
6566,0.2005151515151515,0.4202727272727273,0.37921212121212117
6567,0.2005151515151515,0.5111818181818182,0.2883030303030303
6575,0.2005151515151515,0.4202727272727273,0.37921212121212117
6589,0.2005151515151515,0.5111818181818182,0.2883030303030303
6596,0.2005151515151515,0.4202727272727273,0.37921212121212117
6609,0.2005151515151515,0.4202727272727273,0.37921212121212117
6611,0.2005151515151515,0.5111818181818182,0.2883030303030303
6618,0.2914242424242424,0.4202727272727273,0.2883030303030303
6621,0.2005151515151515,0.5111818181818182,0.2883030303030303
6632,0.2005151515151515,0.5111818181818182,0.2883030303030303
6637,0.2005151515151515,0.4202727272727273,0.37921212121212117
6643,0.2005151515151515,0.4202727272727273,0.37921212121212117
6645,0.2005151515151515,0.5111818181818182,0.2883030303030303
6648,0.2914242424242424,0.4202727272727273,0.2883030303030303
6657,0.2005151515151515,0.5111818181818182,0.2883030303030303
6670,0.2914242424242424,0.4202727272727273,0.2883030303030303
6680,0.2914242424242424,0.4202727272727273,0.2883030303030303
6685,0.2005151515151515,0.5111818181818182,0.2883030303030303
6709,0.2005151515151515,0.5111818181818182,0.2883030303030303
6715,0.2914242424242424,0.4202727272727273,0.2883030303030303
6723,0.2005151515151515,0.5111818181818182,0.2883030303030303
6733,0.2005151515151515,0.4202727272727273,0.37921212121212117
6738,0.2914242424242424,0.4202727272727273,0.2883030303030303
6739,0.2005151515151515,0.5111818181818182,0.2883030303030303
6745,0.2005151515151515,0.5111818181818182,0.2883030303030303
6757,0.2005151515151515,0.5111818181818182,0.2883030303030303
6760,0.2005151515151515,0.5111818181818182,0.2883030303030303
6764,0.2005151515151515,0.5111818181818182,0.2883030303030303
6783,0.18380555555555556,0.5519166666666667,0.2642777777777778
6786,0.2005151515151515,0.4202727272727273,0.37921212121212117
6791,0.2914242424242424,0.4202727272727273,0.2883030303030303
6792,0.2914242424242424,0.4202727272727273,0.2883030303030303
6801,0.2005151515151515,0.4202727272727273,0.37921212121212117
6804,0.2005151515151515,0.4202727272727273,0.37921212121212117
6807,0.2914242424242424,0.4202727272727273,0.2883030303030303
6808,0.2005151515151515,0.5111818181818182,0.2883030303030303
6811,0.2914242424242424,0.4202727272727273,0.2883030303030303
6820,0.2005151515151515,0.4202727272727273,0.37921212121212117
6821,0.2005151515151515,0.5111818181818182,0.2883030303030303
6830,0.2005151515151515,0.5111818181818182,0.2883030303030303
6831,0.2914242424242424,0.4202727272727273,0.2883030303030303
6833,0.2005151515151515,0.4202727272727273,0.37921212121212117
6846,0.2005151515151515,0.5111818181818182,0.2883030303030303
6847,0.2005151515151515,0.5111818181818182,0.2883030303030303
6849,0.2005151515151515,0.4202727272727273,0.37921212121212117
6851,0.2005151515151515,0.5111818181818182,0.2883030303030303
6860,0.2005151515151515,0.5111818181818182,0.2883030303030303
6879,0.2005151515151515,0.5111818181818182,0.2883030303030303
6893,0.2005151515151515,0.5111818181818182,0.2883030303030303
6905,0.18380555555555556,0.5519166666666667,0.2642777777777778
6918,0.2005151515151515,0.4202727272727273,0.37921212121212117
6930,0.2005151515151515,0.5111818181818182,0.2883030303030303
6936,0.2005151515151515,0.5111818181818182,0.2883030303030303
6948,0.2005151515151515,0.5111818181818182,0.2883030303030303
6956,0.2005151515151515,0.4202727272727273,0.37921212121212117
6958,0.2005151515151515,0.5111818181818182,0.2883030303030303
6960,0.2005151515151515,0.5111818181818182,0.2883030303030303
6962,0.2914242424242424,0.4202727272727273,0.2883030303030303
6970,0.2005151515151515,0.4202727272727273,0.37921212121212117
6971,0.2005151515151515,0.4202727272727273,0.37921212121212117
6990,0.2005151515151515,0.5111818181818182,0.2883030303030303
7015,0.2005151515151515,0.5111818181818182,0.2883030303030303
7017,0.2005151515151515,0.5111818181818182,0.2883030303030303
7043,0.2005151515151515,0.5111818181818182,0.2883030303030303
7049,0.2005151515151515,0.5111818181818182,0.2883030303030303
7067,0.2005151515151515,0.4202727272727273,0.37921212121212117
7068,0.2005151515151515,0.5111818181818182,0.2883030303030303
7069,0.2005151515151515,0.5111818181818182,0.2883030303030303
7085,0.2005151515151515,0.5111818181818182,0.2883030303030303
7097,0.2005151515151515,0.4202727272727273,0.37921212121212117
7102,0.18380555555555556,0.38525000000000004,0.4309444444444444
7108,0.26713888888888887,0.46858333333333335,0.2642777777777778
7110,0.2005151515151515,0.5111818181818182,0.2883030303030303
7114,0.18380555555555556,0.5519166666666667,0.2642777777777778
7124,0.15754761904761905,0.6159285714285715,0.22652380952380952
7128,0.2005151515151515,0.5111818181818182,0.2883030303030303
7132,0.2005151515151515,0.4202727272727273,0.37921212121212117
7135,0.2005151515151515,0.4202727272727273,0.37921212121212117
7144,0.26713888888888887,0.46858333333333335,0.2642777777777778
7149,0.18380555555555556,0.5519166666666667,0.2642777777777778
7151,0.2005151515151515,0.5111818181818182,0.2883030303030303
7155,0.2005151515151515,0.4202727272727273,0.37921212121212117
7161,0.2005151515151515,0.5111818181818182,0.2883030303030303
7163,0.2005151515151515,0.5111818181818182,0.2883030303030303
7216,0.18380555555555556,0.38525000000000004,0.4309444444444444
7242,0.2005151515151515,0.5111818181818182,0.2883030303030303
7243,0.2005151515151515,0.4202727272727273,0.37921212121212117
7260,0.2914242424242424,0.4202727272727273,0.2883030303030303
7266,0.2005151515151515,0.4202727272727273,0.37921212121212117
7270,0.2005151515151515,0.4202727272727273,0.37921212121212117
7271,0.18380555555555556,0.5519166666666667,0.2642777777777778
7280,0.18380555555555556,0.38525000000000004,0.4309444444444444
7288,0.2005151515151515,0.4202727272727273,0.37921212121212117
7306,0.2005151515151515,0.5111818181818182,0.2883030303030303
7313,0.2005151515151515,0.4202727272727273,0.37921212121212117
7317,0.2005151515151515,0.5111818181818182,0.2883030303030303
7318,0.2005151515151515,0.4202727272727273,0.37921212121212117
7321,0.2005151515151515,0.4202727272727273,0.37921212121212117
7333,0.2005151515151515,0.5111818181818182,0.2883030303030303
7353,0.2005151515151515,0.5111818181818182,0.2883030303030303
7376,0.2914242424242424,0.4202727272727273,0.2883030303030303
7383,0.2005151515151515,0.5111818181818182,0.2883030303030303
7384,0.2914242424242424,0.4202727272727273,0.2883030303030303
7395,0.18380555555555556,0.5519166666666667,0.2642777777777778
7414,0.2005151515151515,0.4202727272727273,0.37921212121212117
7415,0.2005151515151515,0.5111818181818182,0.2883030303030303
7420,0.2914242424242424,0.4202727272727273,0.2883030303030303
7431,0.2005151515151515,0.5111818181818182,0.2883030303030303
7443,0.2005151515151515,0.5111818181818182,0.2883030303030303
7445,0.2914242424242424,0.4202727272727273,0.2883030303030303
7464,0.2005151515151515,0.4202727272727273,0.37921212121212117
7469,0.2005151515151515,0.4202727272727273,0.37921212121212117
7477,0.2914242424242424,0.4202727272727273,0.2883030303030303
7493,0.2914242424242424,0.4202727272727273,0.2883030303030303
7496,0.2005151515151515,0.4202727272727273,0.37921212121212117
7518,0.2005151515151515,0.4202727272727273,0.37921212121212117
7534,0.2005151515151515,0.5111818181818182,0.2883030303030303
7552,0.2005151515151515,0.4202727272727273,0.37921212121212117
7569,0.2005151515151515,0.4202727272727273,0.37921212121212117
7570,0.2914242424242424,0.4202727272727273,0.2883030303030303
7574,0.2005151515151515,0.5111818181818182,0.2883030303030303
7580,0.2005151515151515,0.5111818181818182,0.2883030303030303
7618,0.2005151515151515,0.5111818181818182,0.2883030303030303
7625,0.18380555555555556,0.38525000000000004,0.4309444444444444
7627,0.2005151515151515,0.5111818181818182,0.2883030303030303
7629,0.2005151515151515,0.4202727272727273,0.37921212121212117
7632,0.2005151515151515,0.5111818181818182,0.2883030303030303
7642,0.2005151515151515,0.5111818181818182,0.2883030303030303
7659,0.2005151515151515,0.4202727272727273,0.37921212121212117
7695,0.2005151515151515,0.4202727272727273,0.37921212121212117
7701,0.18380555555555556,0.5519166666666667,0.2642777777777778
7702,0.2005151515151515,0.5111818181818182,0.2883030303030303
7712,0.2005151515151515,0.4202727272727273,0.37921212121212117
7724,0.16966666666666666,0.3556153846153846,0.4747179487179487
7729,0.2005151515151515,0.5111818181818182,0.2883030303030303
7736,0.2005151515151515,0.5111818181818182,0.2883030303030303
7760,0.2005151515151515,0.5111818181818182,0.2883030303030303
7772,0.2005151515151515,0.5111818181818182,0.2883030303030303
7780,0.2005151515151515,0.5111818181818182,0.2883030303030303
7789,0.2005151515151515,0.5111818181818182,0.2883030303030303
7807,0.2914242424242424,0.4202727272727273,0.2883030303030303
7822,0.2914242424242424,0.4202727272727273,0.2883030303030303
7830,0.2005151515151515,0.5111818181818182,0.2883030303030303
7835,0.2005151515151515,0.5111818181818182,0.2883030303030303
7838,0.2005151515151515,0.5111818181818182,0.2883030303030303
7855,0.2914242424242424,0.4202727272727273,0.2883030303030303
7860,0.2005151515151515,0.5111818181818182,0.2883030303030303
7870,0.2005151515151515,0.5111818181818182,0.2883030303030303
7891,0.2914242424242424,0.4202727272727273,0.2883030303030303
7904,0.16966666666666666,0.5863846153846154,0.24394871794871792
7908,0.2005151515151515,0.4202727272727273,0.37921212121212117
7947,0.2005151515151515,0.5111818181818182,0.2883030303030303
7973,0.2005151515151515,0.5111818181818182,0.2883030303030303
7988,0.2005151515151515,0.5111818181818182,0.2883030303030303
7993,0.2005151515151515,0.4202727272727273,0.37921212121212117
7994,0.2005151515151515,0.4202727272727273,0.37921212121212117
7995,0.2005151515151515,0.5111818181818182,0.2883030303030303
7996,0.2005151515151515,0.4202727272727273,0.37921212121212117
7997,0.2005151515151515,0.5111818181818182,0.2883030303030303
8011,0.2005151515151515,0.4202727272727273,0.37921212121212117
8018,0.18380555555555556,0.5519166666666667,0.2642777777777778
8031,0.2914242424242424,0.4202727272727273,0.2883030303030303
8032,0.2005151515151515,0.5111818181818182,0.2883030303030303
8042,0.2005151515151515,0.4202727272727273,0.37921212121212117
8057,0.2914242424242424,0.4202727272727273,0.2883030303030303
8061,0.2005151515151515,0.4202727272727273,0.37921212121212117
8077,0.2005151515151515,0.4202727272727273,0.37921212121212117
8081,0.2005151515151515,0.4202727272727273,0.37921212121212117
8091,0.18380555555555556,0.38525000000000004,0.4309444444444444
8096,0.2005151515151515,0.5111818181818182,0.2883030303030303
8110,0.2005151515151515,0.5111818181818182,0.2883030303030303
8123,0.2005151515151515,0.4202727272727273,0.37921212121212117
8131,0.2005151515151515,0.5111818181818182,0.2883030303030303
8139,0.2005151515151515,0.4202727272727273,0.37921212121212117
8144,0.2005151515151515,0.5111818181818182,0.2883030303030303
8145,0.2914242424242424,0.4202727272727273,0.2883030303030303
8147,0.2005151515151515,0.5111818181818182,0.2883030303030303
8150,0.2005151515151515,0.5111818181818182,0.2883030303030303
8152,0.2005151515151515,0.4202727272727273,0.37921212121212117
8166,0.2005151515151515,0.5111818181818182,0.2883030303030303
8175,0.2005151515151515,0.5111818181818182,0.2883030303030303
8177,0.2005151515151515,0.5111818181818182,0.2883030303030303
8187,0.2005151515151515,0.4202727272727273,0.37921212121212117
8197,0.2005151515151515,0.4202727272727273,0.37921212121212117
8199,0.2005151515151515,0.4202727272727273,0.37921212121212117
8224,0.2005151515151515,0.5111818181818182,0.2883030303030303
8237,0.2914242424242424,0.4202727272727273,0.2883030303030303
8244,0.2005151515151515,0.4202727272727273,0.37921212121212117
8256,0.2005151515151515,0.5111818181818182,0.2883030303030303
8283,0.2005151515151515,0.5111818181818182,0.2883030303030303
8289,0.18380555555555556,0.5519166666666667,0.2642777777777778
8300,0.2005151515151515,0.4202727272727273,0.37921212121212117
8311,0.2005151515151515,0.5111818181818182,0.2883030303030303
8333,0.2005151515151515,0.4202727272727273,0.37921212121212117
8344,0.2914242424242424,0.4202727272727273,0.2883030303030303
8361,0.2005151515151515,0.5111818181818182,0.2883030303030303
8365,0.2005151515151515,0.5111818181818182,0.2883030303030303
8369,0.2005151515151515,0.4202727272727273,0.37921212121212117
8378,0.2005151515151515,0.4202727272727273,0.37921212121212117
8385,0.2005151515151515,0.5111818181818182,0.2883030303030303
8424,0.2005151515151515,0.4202727272727273,0.37921212121212117
8466,0.2914242424242424,0.4202727272727273,0.2883030303030303
8472,0.2005151515151515,0.4202727272727273,0.37921212121212117
8478,0.2005151515151515,0.5111818181818182,0.2883030303030303
8501,0.2005151515151515,0.4202727272727273,0.37921212121212117
8521,0.2005151515151515,0.4202727272727273,0.37921212121212117
8539,0.2005151515151515,0.5111818181818182,0.2883030303030303
8589,0.2005151515151515,0.5111818181818182,0.2883030303030303
8604,0.2005151515151515,0.4202727272727273,0.37921212121212117
8626,0.18380555555555556,0.5519166666666667,0.2642777777777778
8635,0.2005151515151515,0.5111818181818182,0.2883030303030303
8654,0.2005151515151515,0.5111818181818182,0.2883030303030303
8657,0.2914242424242424,0.4202727272727273,0.2883030303030303
8676,0.2914242424242424,0.4202727272727273,0.2883030303030303
8677,0.2914242424242424,0.4202727272727273,0.2883030303030303
8688,0.2005151515151515,0.5111818181818182,0.2883030303030303
8717,0.2005151515151515,0.5111818181818182,0.2883030303030303
8731,0.2005151515151515,0.5111818181818182,0.2883030303030303
8732,0.2005151515151515,0.5111818181818182,0.2883030303030303
8735,0.2914242424242424,0.4202727272727273,0.2883030303030303
8754,0.2005151515151515,0.4202727272727273,0.37921212121212117
8770,0.2005151515151515,0.5111818181818182,0.2883030303030303
8782,0.2914242424242424,0.4202727272727273,0.2883030303030303
8793,0.2005151515151515,0.4202727272727273,0.37921212121212117
8801,0.2914242424242424,0.4202727272727273,0.2883030303030303
8802,0.2914242424242424,0.4202727272727273,0.2883030303030303
8812,0.2005151515151515,0.5111818181818182,0.2883030303030303
8816,0.2005151515151515,0.5111818181818182,0.2883030303030303
8835,0.2005151515151515,0.5111818181818182,0.2883030303030303
8869,0.18380555555555556,0.5519166666666667,0.2642777777777778
8892,0.2005151515151515,0.5111818181818182,0.2883030303030303
8909,0.2914242424242424,0.4202727272727273,0.2883030303030303
8936,0.2005151515151515,0.5111818181818182,0.2883030303030303
8945,0.2005151515151515,0.5111818181818182,0.2883030303030303
8951,0.2005151515151515,0.4202727272727273,0.37921212121212117
8953,0.2005151515151515,0.5111818181818182,0.2883030303030303
8954,0.18380555555555556,0.5519166666666667,0.2642777777777778
8956,0.2005151515151515,0.5111818181818182,0.2883030303030303
8960,0.2005151515151515,0.4202727272727273,0.37921212121212117
8987,0.2005151515151515,0.5111818181818182,0.2883030303030303
9015,0.2005151515151515,0.4202727272727273,0.37921212121212117
9026,0.2005151515151515,0.5111818181818182,0.2883030303030303
9031,0.2005151515151515,0.4202727272727273,0.37921212121212117
9043,0.2005151515151515,0.5111818181818182,0.2883030303030303
9048,0.18380555555555556,0.5519166666666667,0.2642777777777778
9071,0.2005151515151515,0.5111818181818182,0.2883030303030303
9087,0.2005151515151515,0.5111818181818182,0.2883030303030303
9103,0.2005151515151515,0.4202727272727273,0.37921212121212117
9124,0.2005151515151515,0.4202727272727273,0.37921212121212117
9147,0.2005151515151515,0.4202727272727273,0.37921212121212117
9152,0.2005151515151515,0.4202727272727273,0.37921212121212117
9169,0.2005151515151515,0.4202727272727273,0.37921212121212117
9176,0.2005151515151515,0.4202727272727273,0.37921212121212117
9181,0.2914242424242424,0.4202727272727273,0.2883030303030303
9182,0.18380555555555556,0.38525000000000004,0.4309444444444444
9237,0.2005151515151515,0.4202727272727273,0.37921212121212117
9245,0.2005151515151515,0.4202727272727273,0.37921212121212117
9246,0.2005151515151515,0.5111818181818182,0.2883030303030303
9274,0.2005151515151515,0.5111818181818182,0.2883030303030303
9279,0.2005151515151515,0.5111818181818182,0.2883030303030303
9283,0.2005151515151515,0.4202727272727273,0.37921212121212117
9297,0.2005151515151515,0.5111818181818182,0.2883030303030303
9310,0.2005151515151515,0.5111818181818182,0.2883030303030303
9334,0.2005151515151515,0.4202727272727273,0.37921212121212117
9356,0.2005151515151515,0.4202727272727273,0.37921212121212117
9394,0.2005151515151515,0.4202727272727273,0.37921212121212117
9396,0.2914242424242424,0.4202727272727273,0.2883030303030303
9398,0.2005151515151515,0.5111818181818182,0.2883030303030303
9407,0.2914242424242424,0.4202727272727273,0.2883030303030303
9413,0.2914242424242424,0.4202727272727273,0.2883030303030303
9417,0.2005151515151515,0.4202727272727273,0.37921212121212117
9423,0.2005151515151515,0.5111818181818182,0.2883030303030303
9428,0.2005151515151515,0.5111818181818182,0.2883030303030303
9464,0.2914242424242424,0.4202727272727273,0.2883030303030303
9486,0.2914242424242424,0.4202727272727273,0.2883030303030303
9491,0.2005151515151515,0.4202727272727273,0.37921212121212117
9492,0.2005151515151515,0.4202727272727273,0.37921212121212117
9510,0.2005151515151515,0.4202727272727273,0.37921212121212117
9524,0.2914242424242424,0.4202727272727273,0.2883030303030303
9530,0.2005151515151515,0.5111818181818182,0.2883030303030303
9572,0.2005151515151515,0.4202727272727273,0.37921212121212117
9594,0.2005151515151515,0.5111818181818182,0.2883030303030303
9638,0.2005151515151515,0.5111818181818182,0.2883030303030303
9642,0.2005151515151515,0.5111818181818182,0.2883030303030303
9649,0.2005151515151515,0.4202727272727273,0.37921212121212117
9650,0.2005151515151515,0.5111818181818182,0.2883030303030303
9701,0.2005151515151515,0.5111818181818182,0.2883030303030303
9720,0.2005151515151515,0.4202727272727273,0.37921212121212117
9735,0.2914242424242424,0.4202727272727273,0.2883030303030303
9761,0.2005151515151515,0.5111818181818182,0.2883030303030303
9813,0.2005151515151515,0.4202727272727273,0.37921212121212117
9823,0.2914242424242424,0.4202727272727273,0.2883030303030303
9830,0.2005151515151515,0.5111818181818182,0.2883030303030303
9842,0.2914242424242424,0.4202727272727273,0.2883030303030303
9851,0.2005151515151515,0.4202727272727273,0.37921212121212117
9906,0.18380555555555556,0.5519166666666667,0.2642777777777778
9921,0.2005151515151515,0.5111818181818182,0.2883030303030303
9931,0.2914242424242424,0.4202727272727273,0.2883030303030303
9953,0.2005151515151515,0.5111818181818182,0.2883030303030303
9958,0.2914242424242424,0.4202727272727273,0.2883030303030303
9985,0.2005151515151515,0.4202727272727273,0.37921212121212117
9989,0.2914242424242424,0.4202727272727273,0.2883030303030303
9993,0.2005151515151515,0.5111818181818182,0.2883030303030303
9998,0.2005151515151515,0.4202727272727273,0.37921212121212117
10009,0.18380555555555556,0.5519166666666667,0.2642777777777778
10016,0.2005151515151515,0.4202727272727273,0.37921212121212117
10030,0.2914242424242424,0.4202727272727273,0.2883030303030303
10053,0.2005151515151515,0.5111818181818182,0.2883030303030303
10078,0.2005151515151515,0.5111818181818182,0.2883030303030303
10081,0.2005151515151515,0.5111818181818182,0.2883030303030303
10099,0.2005151515151515,0.5111818181818182,0.2883030303030303
10105,0.2005151515151515,0.5111818181818182,0.2883030303030303
10117,0.2005151515151515,0.5111818181818182,0.2883030303030303
10122,0.2005151515151515,0.5111818181818182,0.2883030303030303
10123,0.2005151515151515,0.5111818181818182,0.2883030303030303
10137,0.2005151515151515,0.5111818181818182,0.2883030303030303
10141,0.2005151515151515,0.5111818181818182,0.2883030303030303
10146,0.2005151515151515,0.5111818181818182,0.2883030303030303
10148,0.2005151515151515,0.5111818181818182,0.2883030303030303
10156,0.2005151515151515,0.5111818181818182,0.2883030303030303
10176,0.2005151515151515,0.5111818181818182,0.2883030303030303
10178,0.2005151515151515,0.5111818181818182,0.2883030303030303
10204,0.2005151515151515,0.5111818181818182,0.2883030303030303
10214,0.26713888888888887,0.46858333333333335,0.2642777777777778
10256,0.2005151515151515,0.4202727272727273,0.37921212121212117
10264,0.2005151515151515,0.4202727272727273,0.37921212121212117
10270,0.2005151515151515,0.4202727272727273,0.37921212121212117
10272,0.2914242424242424,0.4202727272727273,0.2883030303030303
10289,0.18380555555555556,0.5519166666666667,0.2642777777777778
10307,0.2005151515151515,0.5111818181818182,0.2883030303030303
10308,0.2005151515151515,0.4202727272727273,0.37921212121212117
10309,0.18380555555555556,0.38525000000000004,0.4309444444444444
10318,0.2005151515151515,0.4202727272727273,0.37921212121212117
10347,0.2005151515151515,0.4202727272727273,0.37921212121212117
10355,0.2005151515151515,0.4202727272727273,0.37921212121212117
10363,0.2914242424242424,0.4202727272727273,0.2883030303030303
10373,0.2005151515151515,0.5111818181818182,0.2883030303030303
10400,0.2005151515151515,0.4202727272727273,0.37921212121212117
10524,0.2005151515151515,0.5111818181818182,0.2883030303030303
10550,0.2914242424242424,0.4202727272727273,0.2883030303030303
10592,0.2914242424242424,0.4202727272727273,0.2883030303030303
10611,0.2005151515151515,0.4202727272727273,0.37921212121212117
10642,0.26713888888888887,0.46858333333333335,0.2642777777777778
10645,0.2005151515151515,0.4202727272727273,0.37921212121212117
10658,0.2005151515151515,0.5111818181818182,0.2883030303030303
10659,0.2005151515151515,0.4202727272727273,0.37921212121212117
10695,0.2005151515151515,0.4202727272727273,0.37921212121212117
10701,0.2005151515151515,0.4202727272727273,0.37921212121212117
10720,0.2005151515151515,0.5111818181818182,0.2883030303030303
10723,0.2005151515151515,0.4202727272727273,0.37921212121212117
10730,0.26713888888888887,0.38525000000000004,0.3476111111111111
10740,0.18380555555555556,0.5519166666666667,0.2642777777777778
10777,0.2005151515151515,0.4202727272727273,0.37921212121212117
10817,0.26713888888888887,0.38525000000000004,0.3476111111111111
10834,0.2005151515151515,0.4202727272727273,0.37921212121212117
10855,0.2005151515151515,0.5111818181818182,0.2883030303030303
10883,0.2005151515151515,0.5111818181818182,0.2883030303030303
10929,0.2005151515151515,0.5111818181818182,0.2883030303030303
10932,0.2005151515151515,0.5111818181818182,0.2883030303030303
10952,0.18380555555555556,0.38525000000000004,0.4309444444444444
10979,0.2005151515151515,0.5111818181818182,0.2883030303030303
10984,0.2005151515151515,0.5111818181818182,0.2883030303030303
11026,0.2005151515151515,0.4202727272727273,0.37921212121212117
11033,0.2005151515151515,0.5111818181818182,0.2883030303030303
11040,0.18380555555555556,0.5519166666666667,0.2642777777777778
11078,0.2005151515151515,0.5111818181818182,0.2883030303030303
11107,0.2005151515151515,0.5111818181818182,0.2883030303030303
11122,0.2005151515151515,0.5111818181818182,0.2883030303030303
11135,0.2914242424242424,0.4202727272727273,0.2883030303030303
11136,0.2005151515151515,0.5111818181818182,0.2883030303030303
11199,0.2005151515151515,0.4202727272727273,0.37921212121212117
11211,0.2005151515151515,0.5111818181818182,0.2883030303030303
11225,0.2005151515151515,0.4202727272727273,0.37921212121212117
11244,0.2005151515151515,0.5111818181818182,0.2883030303030303
11256,0.2005151515151515,0.5111818181818182,0.2883030303030303
11265,0.26713888888888887,0.46858333333333335,0.2642777777777778
11300,0.2005151515151515,0.5111818181818182,0.2883030303030303
11314,0.2005151515151515,0.5111818181818182,0.2883030303030303
11321,0.2005151515151515,0.4202727272727273,0.37921212121212117
11332,0.2005151515151515,0.5111818181818182,0.2883030303030303
11334,0.2005151515151515,0.5111818181818182,0.2883030303030303
11341,0.2914242424242424,0.4202727272727273,0.2883030303030303
11377,0.2005151515151515,0.4202727272727273,0.37921212121212117
11389,0.2005151515151515,0.5111818181818182,0.2883030303030303
11391,0.2005151515151515,0.5111818181818182,0.2883030303030303
11394,0.2005151515151515,0.4202727272727273,0.37921212121212117
11407,0.2005151515151515,0.4202727272727273,0.37921212121212117
11409,0.2005151515151515,0.5111818181818182,0.2883030303030303
11417,0.2005151515151515,0.4202727272727273,0.37921212121212117
11422,0.18380555555555556,0.5519166666666667,0.2642777777777778
11444,0.2005151515151515,0.5111818181818182,0.2883030303030303
11446,0.2005151515151515,0.4202727272727273,0.37921212121212117
11452,0.2005151515151515,0.5111818181818182,0.2883030303030303
11460,0.2914242424242424,0.4202727272727273,0.2883030303030303
11461,0.2005151515151515,0.4202727272727273,0.37921212121212117
11479,0.2914242424242424,0.4202727272727273,0.2883030303030303
11483,0.2005151515151515,0.5111818181818182,0.2883030303030303
11516,0.2005151515151515,0.5111818181818182,0.2883030303030303
11521,0.2005151515151515,0.4202727272727273,0.37921212121212117
11528,0.2914242424242424,0.4202727272727273,0.2883030303030303
11550,0.2005151515151515,0.4202727272727273,0.37921212121212117
11582,0.2005151515151515,0.4202727272727273,0.37921212121212117
11590,0.2005151515151515,0.4202727272727273,0.37921212121212117
11615,0.2005151515151515,0.5111818181818182,0.2883030303030303
11625,0.2005151515151515,0.4202727272727273,0.37921212121212117
11632,0.2005151515151515,0.5111818181818182,0.2883030303030303
11638,0.18380555555555556,0.38525000000000004,0.4309444444444444
11648,0.2914242424242424,0.4202727272727273,0.2883030303030303
11676,0.2005151515151515,0.4202727272727273,0.37921212121212117
11681,0.2005151515151515,0.5111818181818182,0.2883030303030303
11692,0.2005151515151515,0.4202727272727273,0.37921212121212117
11721,0.35047222222222224,0.38525000000000004,0.2642777777777778
11745,0.2005151515151515,0.5111818181818182,0.2883030303030303
11757,0.2005151515151515,0.5111818181818182,0.2883030303030303
11770,0.2005151515151515,0.4202727272727273,0.37921212121212117
11787,0.2914242424242424,0.4202727272727273,0.2883030303030303
11788,0.2005151515151515,0.5111818181818182,0.2883030303030303
11797,0.2005151515151515,0.4202727272727273,0.37921212121212117
11815,0.2005151515151515,0.4202727272727273,0.37921212121212117
11817,0.2914242424242424,0.4202727272727273,0.2883030303030303
11831,0.2005151515151515,0.5111818181818182,0.2883030303030303
11842,0.2005151515151515,0.5111818181818182,0.2883030303030303
11845,0.2005151515151515,0.4202727272727273,0.37921212121212117
11847,0.2914242424242424,0.4202727272727273,0.2883030303030303
11864,0.2005151515151515,0.5111818181818182,0.2883030303030303
11881,0.18380555555555556,0.5519166666666667,0.2642777777777778
11898,0.2005151515151515,0.5111818181818182,0.2883030303030303
11925,0.2005151515151515,0.5111818181818182,0.2883030303030303
11958,0.2005151515151515,0.4202727272727273,0.37921212121212117
11968,0.2005151515151515,0.4202727272727273,0.37921212121212117
11975,0.18380555555555556,0.38525000000000004,0.4309444444444444
11977,0.2005151515151515,0.5111818181818182,0.2883030303030303
12008,0.2005151515151515,0.5111818181818182,0.2883030303030303
12009,0.2914242424242424,0.4202727272727273,0.2883030303030303
12015,0.2005151515151515,0.5111818181818182,0.2883030303030303
12021,0.2005151515151515,0.5111818181818182,0.2883030303030303
12022,0.2005151515151515,0.5111818181818182,0.2883030303030303
12023,0.2005151515151515,0.5111818181818182,0.2883030303030303
12034,0.26713888888888887,0.46858333333333335,0.2642777777777778
12045,0.2005151515151515,0.5111818181818182,0.2883030303030303
12068,0.18380555555555556,0.5519166666666667,0.2642777777777778
12070,0.2005151515151515,0.5111818181818182,0.2883030303030303
12074,0.2005151515151515,0.4202727272727273,0.37921212121212117
12082,0.2005151515151515,0.4202727272727273,0.37921212121212117
12102,0.2914242424242424,0.4202727272727273,0.2883030303030303
12110,0.2005151515151515,0.5111818181818182,0.2883030303030303
12139,0.2005151515151515,0.4202727272727273,0.37921212121212117
12149,0.4004358974358974,0.3556153846153846,0.24394871794871792
12180,0.18380555555555556,0.38525000000000004,0.4309444444444444
12201,0.2005151515151515,0.4202727272727273,0.37921212121212117
12218,0.2005151515151515,0.5111818181818182,0.2883030303030303
12247,0.2914242424242424,0.4202727272727273,0.2883030303030303
12259,0.2005151515151515,0.5111818181818182,0.2883030303030303
12267,0.2005151515151515,0.4202727272727273,0.37921212121212117
12319,0.2005151515151515,0.5111818181818182,0.2883030303030303
12329,0.2914242424242424,0.4202727272727273,0.2883030303030303
12341,0.2005151515151515,0.5111818181818182,0.2883030303030303
12346,0.2005151515151515,0.5111818181818182,0.2883030303030303
12347,0.2005151515151515,0.4202727272727273,0.37921212121212117
12354,0.2005151515151515,0.4202727272727273,0.37921212121212117
12360,0.2005151515151515,0.5111818181818182,0.2883030303030303
12397,0.2005151515151515,0.4202727272727273,0.37921212121212117
12424,0.2914242424242424,0.4202727272727273,0.2883030303030303
12437,0.2005151515151515,0.4202727272727273,0.37921212121212117
12443,0.2005151515151515,0.4202727272727273,0.37921212121212117
12445,0.2005151515151515,0.5111818181818182,0.2883030303030303
12476,0.2005151515151515,0.5111818181818182,0.2883030303030303
12479,0.2005151515151515,0.5111818181818182,0.2883030303030303
12482,0.2914242424242424,0.4202727272727273,0.2883030303030303
12486,0.2005151515151515,0.4202727272727273,0.37921212121212117
12496,0.2005151515151515,0.5111818181818182,0.2883030303030303
12503,0.2005151515151515,0.4202727272727273,0.37921212121212117
12513,0.2005151515151515,0.5111818181818182,0.2883030303030303
12532,0.2914242424242424,0.4202727272727273,0.2883030303030303
12566,0.18380555555555556,0.38525000000000004,0.4309444444444444
12567,0.2005151515151515,0.4202727272727273,0.37921212121212117
12576,0.2005151515151515,0.4202727272727273,0.37921212121212117
12578,0.2005151515151515,0.5111818181818182,0.2883030303030303
12597,0.2005151515151515,0.4202727272727273,0.37921212121212117
12613,0.2914242424242424,0.4202727272727273,0.2883030303030303
12633,0.2005151515151515,0.4202727272727273,0.37921212121212117
12663,0.2005151515151515,0.5111818181818182,0.2883030303030303
12669,0.2005151515151515,0.5111818181818182,0.2883030303030303
12697,0.2005151515151515,0.5111818181818182,0.2883030303030303
12720,0.2005151515151515,0.5111818181818182,0.2883030303030303
12728,0.2005151515151515,0.4202727272727273,0.37921212121212117
12772,0.18380555555555556,0.5519166666666667,0.2642777777777778
12778,0.2005151515151515,0.5111818181818182,0.2883030303030303
12782,0.2005151515151515,0.5111818181818182,0.2883030303030303
12832,0.2005151515151515,0.4202727272727273,0.37921212121212117
12841,0.2005151515151515,0.5111818181818182,0.2883030303030303
12853,0.2005151515151515,0.5111818181818182,0.2883030303030303
12883,0.2005151515151515,0.5111818181818182,0.2883030303030303
12896,0.18380555555555556,0.5519166666666667,0.2642777777777778
12902,0.2005151515151515,0.4202727272727273,0.37921212121212117
12913,0.2914242424242424,0.4202727272727273,0.2883030303030303
12966,0.2914242424242424,0.4202727272727273,0.2883030303030303
12980,0.18380555555555556,0.5519166666666667,0.2642777777777778
12981,0.2914242424242424,0.4202727272727273,0.2883030303030303
12994,0.18380555555555556,0.38525000000000004,0.4309444444444444
13000,0.2005151515151515,0.4202727272727273,0.37921212121212117
13023,0.2005151515151515,0.4202727272727273,0.37921212121212117
13029,0.2005151515151515,0.5111818181818182,0.2883030303030303
13048,0.2005151515151515,0.5111818181818182,0.2883030303030303
13062,0.2005151515151515,0.5111818181818182,0.2883030303030303
13071,0.2005151515151515,0.4202727272727273,0.37921212121212117
13076,0.2005151515151515,0.4202727272727273,0.37921212121212117
13082,0.2914242424242424,0.4202727272727273,0.2883030303030303
13104,0.2005151515151515,0.4202727272727273,0.37921212121212117
13119,0.2005151515151515,0.4202727272727273,0.37921212121212117
13137,0.2005151515151515,0.5111818181818182,0.2883030303030303
13141,0.18380555555555556,0.5519166666666667,0.2642777777777778
13148,0.2005151515151515,0.5111818181818182,0.2883030303030303
13161,0.2005151515151515,0.5111818181818182,0.2883030303030303
13168,0.2005151515151515,0.5111818181818182,0.2883030303030303
13169,0.2005151515151515,0.4202727272727273,0.37921212121212117
13189,0.2005151515151515,0.5111818181818182,0.2883030303030303
13197,0.2005151515151515,0.5111818181818182,0.2883030303030303
13222,0.2005151515151515,0.4202727272727273,0.37921212121212117
13227,0.2005151515151515,0.5111818181818182,0.2883030303030303
13262,0.2005151515151515,0.4202727272727273,0.37921212121212117
13274,0.18380555555555556,0.5519166666666667,0.2642777777777778
13276,0.2005151515151515,0.4202727272727273,0.37921212121212117
13335,0.2005151515151515,0.4202727272727273,0.37921212121212117
13354,0.2914242424242424,0.4202727272727273,0.2883030303030303
13365,0.2005151515151515,0.4202727272727273,0.37921212121212117
13366,0.2005151515151515,0.5111818181818182,0.2883030303030303
13373,0.2005151515151515,0.4202727272727273,0.37921212121212117
13376,0.2005151515151515,0.5111818181818182,0.2883030303030303
13397,0.2005151515151515,0.5111818181818182,0.2883030303030303
13410,0.2005151515151515,0.5111818181818182,0.2883030303030303
13423,0.2005151515151515,0.4202727272727273,0.37921212121212117
13447,0.2005151515151515,0.5111818181818182,0.2883030303030303
13456,0.26713888888888887,0.46858333333333335,0.2642777777777778
13476,0.2005151515151515,0.4202727272727273,0.37921212121212117
13489,0.2005151515151515,0.5111818181818182,0.2883030303030303
13505,0.2005151515151515,0.4202727272727273,0.37921212121212117
13518,0.2914242424242424,0.4202727272727273,0.2883030303030303
13541,0.2914242424242424,0.4202727272727273,0.2883030303030303
13545,0.2005151515151515,0.5111818181818182,0.2883030303030303
13553,0.2005151515151515,0.5111818181818182,0.2883030303030303
13555,0.2005151515151515,0.5111818181818182,0.2883030303030303
13558,0.2005151515151515,0.5111818181818182,0.2883030303030303
13568,0.2005151515151515,0.4202727272727273,0.37921212121212117
13578,0.2914242424242424,0.4202727272727273,0.2883030303030303
13581,0.2005151515151515,0.5111818181818182,0.2883030303030303
13589,0.2005151515151515,0.5111818181818182,0.2883030303030303
13622,0.2005151515151515,0.5111818181818182,0.2883030303030303
13627,0.2005151515151515,0.5111818181818182,0.2883030303030303
13656,0.2005151515151515,0.4202727272727273,0.37921212121212117
13667,0.2005151515151515,0.5111818181818182,0.2883030303030303
13669,0.2005151515151515,0.5111818181818182,0.2883030303030303
13681,0.2005151515151515,0.4202727272727273,0.37921212121212117
13713,0.2005151515151515,0.4202727272727273,0.37921212121212117
13720,0.2005151515151515,0.5111818181818182,0.2883030303030303
13754,0.2005151515151515,0.5111818181818182,0.2883030303030303
13770,0.2005151515151515,0.4202727272727273,0.37921212121212117
13775,0.2005151515151515,0.5111818181818182,0.2883030303030303
13831,0.2005151515151515,0.5111818181818182,0.2883030303030303
13835,0.2005151515151515,0.4202727272727273,0.37921212121212117
13842,0.2005151515151515,0.4202727272727273,0.37921212121212117
13847,0.2005151515151515,0.5111818181818182,0.2883030303030303
13848,0.18380555555555556,0.38525000000000004,0.4309444444444444
13883,0.2005151515151515,0.5111818181818182,0.2883030303030303
13903,0.2005151515151515,0.4202727272727273,0.37921212121212117
13920,0.2005151515151515,0.5111818181818182,0.2883030303030303
13925,0.2005151515151515,0.5111818181818182,0.2883030303030303
13935,0.2914242424242424,0.4202727272727273,0.2883030303030303
13956,0.2005151515151515,0.5111818181818182,0.2883030303030303
14008,0.2005151515151515,0.5111818181818182,0.2883030303030303
14019,0.2914242424242424,0.4202727272727273,0.2883030303030303
14073,0.2005151515151515,0.4202727272727273,0.37921212121212117
14209,0.2005151515151515,0.4202727272727273,0.37921212121212117
14243,0.2005151515151515,0.4202727272727273,0.37921212121212117
14260,0.2914242424242424,0.4202727272727273,0.2883030303030303
14303,0.2005151515151515,0.5111818181818182,0.2883030303030303
14309,0.18380555555555556,0.38525000000000004,0.4309444444444444
14330,0.2005151515151515,0.5111818181818182,0.2883030303030303
14341,0.2005151515151515,0.4202727272727273,0.37921212121212117
14362,0.2005151515151515,0.5111818181818182,0.2883030303030303
14369,0.2005151515151515,0.4202727272727273,0.37921212121212117
14370,0.2005151515151515,0.4202727272727273,0.37921212121212117
14393,0.2005151515151515,0.5111818181818182,0.2883030303030303
14414,0.2005151515151515,0.4202727272727273,0.37921212121212117
14484,0.2005151515151515,0.5111818181818182,0.2883030303030303
14487,0.2005151515151515,0.4202727272727273,0.37921212121212117
14496,0.18380555555555556,0.5519166666666667,0.2642777777777778
14515,0.2005151515151515,0.5111818181818182,0.2883030303030303
14527,0.2005151515151515,0.4202727272727273,0.37921212121212117
14531,0.2005151515151515,0.5111818181818182,0.2883030303030303
14540,0.2005151515151515,0.5111818181818182,0.2883030303030303
14547,0.2005151515151515,0.4202727272727273,0.37921212121212117
14564,0.2005151515151515,0.4202727272727273,0.37921212121212117
14614,0.2005151515151515,0.4202727272727273,0.37921212121212117
14621,0.18380555555555556,0.5519166666666667,0.2642777777777778
14662,0.2005151515151515,0.4202727272727273,0.37921212121212117
14674,0.2005151515151515,0.5111818181818182,0.2883030303030303
14678,0.2914242424242424,0.4202727272727273,0.2883030303030303
14688,0.2914242424242424,0.4202727272727273,0.2883030303030303
14704,0.2005151515151515,0.5111818181818182,0.2883030303030303
14744,0.2005151515151515,0.5111818181818182,0.2883030303030303
14800,0.2914242424242424,0.4202727272727273,0.2883030303030303
14820,0.2005151515151515,0.5111818181818182,0.2883030303030303
14826,0.2005151515151515,0.5111818181818182,0.2883030303030303
14827,0.2914242424242424,0.4202727272727273,0.2883030303030303
14829,0.2914242424242424,0.4202727272727273,0.2883030303030303
14837,0.2005151515151515,0.5111818181818182,0.2883030303030303
14838,0.2005151515151515,0.5111818181818182,0.2883030303030303
14839,0.2005151515151515,0.5111818181818182,0.2883030303030303
14859,0.2005151515151515,0.5111818181818182,0.2883030303030303
14875,0.2005151515151515,0.5111818181818182,0.2883030303030303
14912,0.2005151515151515,0.4202727272727273,0.37921212121212117
14941,0.2005151515151515,0.4202727272727273,0.37921212121212117
14953,0.2005151515151515,0.4202727272727273,0.37921212121212117
14961,0.2005151515151515,0.4202727272727273,0.37921212121212117
14983,0.2005151515151515,0.4202727272727273,0.37921212121212117
15007,0.2005151515151515,0.5111818181818182,0.2883030303030303
15018,0.2914242424242424,0.4202727272727273,0.2883030303030303
15064,0.2005151515151515,0.5111818181818182,0.2883030303030303
15079,0.2005151515151515,0.5111818181818182,0.2883030303030303
15101,0.2005151515151515,0.5111818181818182,0.2883030303030303
15114,0.2005151515151515,0.4202727272727273,0.37921212121212117
15116,0.2005151515151515,0.4202727272727273,0.37921212121212117
15170,0.2005151515151515,0.4202727272727273,0.37921212121212117
15240,0.2005151515151515,0.4202727272727273,0.37921212121212117
15242,0.2005151515151515,0.5111818181818182,0.2883030303030303
15257,0.2005151515151515,0.5111818181818182,0.2883030303030303
15318,0.2005151515151515,0.5111818181818182,0.2883030303030303
15322,0.2005151515151515,0.5111818181818182,0.2883030303030303
15324,0.2005151515151515,0.5111818181818182,0.2883030303030303
15325,0.2005151515151515,0.4202727272727273,0.37921212121212117
15386,0.2005151515151515,0.5111818181818182,0.2883030303030303
15394,0.2914242424242424,0.4202727272727273,0.2883030303030303
15466,0.2005151515151515,0.4202727272727273,0.37921212121212117
15475,0.2914242424242424,0.4202727272727273,0.2883030303030303
15477,0.2914242424242424,0.4202727272727273,0.2883030303030303
15518,0.18380555555555556,0.46858333333333335,0.3476111111111111
15522,0.2005151515151515,0.4202727272727273,0.37921212121212117
15542,0.18380555555555556,0.38525000000000004,0.4309444444444444
15548,0.2005151515151515,0.5111818181818182,0.2883030303030303
15550,0.2914242424242424,0.4202727272727273,0.2883030303030303
15554,0.2914242424242424,0.4202727272727273,0.2883030303030303
15555,0.26713888888888887,0.38525000000000004,0.3476111111111111
15571,0.2005151515151515,0.4202727272727273,0.37921212121212117
15583,0.2005151515151515,0.5111818181818182,0.2883030303030303
15624,0.2005151515151515,0.5111818181818182,0.2883030303030303
15625,0.2005151515151515,0.4202727272727273,0.37921212121212117
15628,0.2005151515151515,0.4202727272727273,0.37921212121212117
15630,0.2914242424242424,0.4202727272727273,0.2883030303030303
15648,0.2005151515151515,0.4202727272727273,0.37921212121212117
15649,0.2005151515151515,0.4202727272727273,0.37921212121212117
15695,0.2005151515151515,0.5111818181818182,0.2883030303030303
15701,0.2005151515151515,0.5111818181818182,0.2883030303030303
15780,0.2914242424242424,0.4202727272727273,0.2883030303030303
15802,0.2005151515151515,0.5111818181818182,0.2883030303030303
15804,0.2005151515151515,0.5111818181818182,0.2883030303030303
15825,0.2005151515151515,0.4202727272727273,0.37921212121212117
15849,0.2005151515151515,0.5111818181818182,0.2883030303030303
15864,0.2005151515151515,0.5111818181818182,0.2883030303030303
15870,0.2005151515151515,0.4202727272727273,0.37921212121212117
15887,0.2005151515151515,0.5111818181818182,0.2883030303030303
15891,0.2005151515151515,0.4202727272727273,0.37921212121212117
15915,0.2005151515151515,0.5111818181818182,0.2883030303030303
15916,0.2005151515151515,0.5111818181818182,0.2883030303030303
15927,0.2005151515151515,0.4202727272727273,0.37921212121212117
15945,0.2005151515151515,0.5111818181818182,0.2883030303030303
15947,0.2005151515151515,0.4202727272727273,0.37921212121212117
15964,0.2914242424242424,0.4202727272727273,0.2883030303030303
15978,0.2914242424242424,0.4202727272727273,0.2883030303030303
15993,0.2005151515151515,0.5111818181818182,0.2883030303030303
15998,0.2005151515151515,0.4202727272727273,0.37921212121212117
16011,0.2005151515151515,0.5111818181818182,0.2883030303030303
16033,0.2005151515151515,0.4202727272727273,0.37921212121212117
16052,0.18380555555555556,0.5519166666666667,0.2642777777777778
16060,0.2005151515151515,0.5111818181818182,0.2883030303030303
16063,0.2005151515151515,0.5111818181818182,0.2883030303030303
16081,0.2005151515151515,0.4202727272727273,0.37921212121212117
16086,0.2005151515151515,0.4202727272727273,0.37921212121212117
16088,0.2005151515151515,0.4202727272727273,0.37921212121212117
16116,0.2005151515151515,0.4202727272727273,0.37921212121212117
16129,0.2005151515151515,0.5111818181818182,0.2883030303030303
16137,0.2005151515151515,0.5111818181818182,0.2883030303030303
16139,0.2005151515151515,0.5111818181818182,0.2883030303030303
16154,0.2005151515151515,0.5111818181818182,0.2883030303030303
16156,0.2005151515151515,0.5111818181818182,0.2883030303030303
16162,0.2005151515151515,0.4202727272727273,0.37921212121212117
16163,0.2005151515151515,0.5111818181818182,0.2883030303030303
16190,0.2005151515151515,0.4202727272727273,0.37921212121212117
16196,0.2005151515151515,0.4202727272727273,0.37921212121212117
16199,0.2005151515151515,0.5111818181818182,0.2883030303030303
16258,0.2914242424242424,0.4202727272727273,0.2883030303030303
16292,0.2914242424242424,0.4202727272727273,0.2883030303030303
16316,0.2005151515151515,0.5111818181818182,0.2883030303030303
16322,0.2005151515151515,0.4202727272727273,0.37921212121212117
16344,0.2005151515151515,0.5111818181818182,0.2883030303030303
16346,0.26713888888888887,0.38525000000000004,0.3476111111111111
16349,0.2914242424242424,0.4202727272727273,0.2883030303030303
16373,0.2005151515151515,0.5111818181818182,0.2883030303030303
16375,0.35047222222222224,0.38525000000000004,0.2642777777777778
16405,0.2005151515151515,0.5111818181818182,0.2883030303030303
16427,0.2005151515151515,0.5111818181818182,0.2883030303030303
16438,0.2005151515151515,0.5111818181818182,0.2883030303030303
16447,0.2914242424242424,0.4202727272727273,0.2883030303030303
16454,0.2914242424242424,0.4202727272727273,0.2883030303030303
16461,0.18380555555555556,0.46858333333333335,0.3476111111111111
16472,0.2005151515151515,0.5111818181818182,0.2883030303030303
16485,0.2005151515151515,0.5111818181818182,0.2883030303030303
16491,0.2005151515151515,0.5111818181818182,0.2883030303030303
16528,0.2005151515151515,0.5111818181818182,0.2883030303030303
16562,0.2005151515151515,0.5111818181818182,0.2883030303030303
16576,0.2005151515151515,0.5111818181818182,0.2883030303030303
16617,0.2005151515151515,0.4202727272727273,0.37921212121212117
16631,0.2005151515151515,0.4202727272727273,0.37921212121212117
16633,0.2005151515151515,0.5111818181818182,0.2883030303030303
16646,0.2005151515151515,0.4202727272727273,0.37921212121212117
16651,0.2005151515151515,0.5111818181818182,0.2883030303030303
16692,0.2005151515151515,0.4202727272727273,0.37921212121212117
16699,0.2005151515151515,0.4202727272727273,0.37921212121212117
16745,0.2005151515151515,0.5111818181818182,0.2883030303030303
16749,0.2005151515151515,0.4202727272727273,0.37921212121212117
16790,0.2005151515151515,0.5111818181818182,0.2883030303030303
16791,0.2005151515151515,0.4202727272727273,0.37921212121212117
16799,0.2005151515151515,0.5111818181818182,0.2883030303030303
16801,0.2005151515151515,0.4202727272727273,0.37921212121212117
16817,0.2005151515151515,0.5111818181818182,0.2883030303030303
16832,0.2005151515151515,0.5111818181818182,0.2883030303030303
16851,0.2005151515151515,0.4202727272727273,0.37921212121212117
16880,0.2005151515151515,0.4202727272727273,0.37921212121212117
16889,0.2005151515151515,0.5111818181818182,0.2883030303030303
16902,0.2005151515151515,0.4202727272727273,0.37921212121212117
16904,0.2005151515151515,0.4202727272727273,0.37921212121212117
16945,0.2005151515151515,0.4202727272727273,0.37921212121212117
16968,0.2005151515151515,0.5111818181818182,0.2883030303030303
16974,0.2005151515151515,0.4202727272727273,0.37921212121212117
16975,0.2005151515151515,0.4202727272727273,0.37921212121212117
16987,0.2005151515151515,0.5111818181818182,0.2883030303030303
17019,0.2914242424242424,0.4202727272727273,0.2883030303030303
17027,0.2005151515151515,0.4202727272727273,0.37921212121212117
17050,0.2005151515151515,0.4202727272727273,0.37921212121212117
17076,0.2005151515151515,0.5111818181818182,0.2883030303030303
17079,0.2005151515151515,0.5111818181818182,0.2883030303030303
17117,0.2005151515151515,0.4202727272727273,0.37921212121212117
17171,0.2005151515151515,0.5111818181818182,0.2883030303030303
17239,0.2914242424242424,0.4202727272727273,0.2883030303030303
17285,0.2005151515151515,0.4202727272727273,0.37921212121212117
17302,0.2005151515151515,0.4202727272727273,0.37921212121212117
17326,0.2005151515151515,0.5111818181818182,0.2883030303030303
17329,0.2005151515151515,0.5111818181818182,0.2883030303030303
17337,0.2005151515151515,0.4202727272727273,0.37921212121212117
17349,0.2005151515151515,0.4202727272727273,0.37921212121212117
17355,0.2914242424242424,0.4202727272727273,0.2883030303030303
17365,0.2914242424242424,0.4202727272727273,0.2883030303030303
17370,0.2005151515151515,0.4202727272727273,0.37921212121212117
17383,0.2914242424242424,0.4202727272727273,0.2883030303030303
17420,0.2005151515151515,0.5111818181818182,0.2883030303030303
17433,0.2005151515151515,0.5111818181818182,0.2883030303030303
17445,0.2005151515151515,0.5111818181818182,0.2883030303030303
17509,0.2005151515151515,0.4202727272727273,0.37921212121212117
17522,0.18380555555555556,0.5519166666666667,0.2642777777777778
17616,0.2914242424242424,0.4202727272727273,0.2883030303030303
17654,0.2005151515151515,0.4202727272727273,0.37921212121212117
17672,0.2005151515151515,0.4202727272727273,0.37921212121212117
17702,0.2914242424242424,0.4202727272727273,0.2883030303030303
17706,0.2005151515151515,0.5111818181818182,0.2883030303030303
17709,0.2005151515151515,0.5111818181818182,0.2883030303030303
17718,0.2005151515151515,0.4202727272727273,0.37921212121212117
17736,0.2005151515151515,0.5111818181818182,0.2883030303030303
17737,0.2005151515151515,0.4202727272727273,0.37921212121212117
17750,0.2005151515151515,0.4202727272727273,0.37921212121212117
17751,0.2914242424242424,0.4202727272727273,0.2883030303030303
17779,0.2914242424242424,0.4202727272727273,0.2883030303030303
17788,0.2005151515151515,0.4202727272727273,0.37921212121212117
17789,0.2914242424242424,0.4202727272727273,0.2883030303030303
17799,0.2005151515151515,0.4202727272727273,0.37921212121212117
17802,0.2005151515151515,0.5111818181818182,0.2883030303030303
17807,0.2005151515151515,0.4202727272727273,0.37921212121212117
17836,0.2914242424242424,0.4202727272727273,0.2883030303030303
17912,0.2914242424242424,0.4202727272727273,0.2883030303030303
17927,0.18380555555555556,0.38525000000000004,0.4309444444444444
17930,0.2005151515151515,0.5111818181818182,0.2883030303030303
17944,0.2005151515151515,0.5111818181818182,0.2883030303030303
17969,0.2005151515151515,0.5111818181818182,0.2883030303030303
17981,0.2005151515151515,0.4202727272727273,0.37921212121212117
17989,0.2005151515151515,0.5111818181818182,0.2883030303030303
17990,0.2005151515151515,0.5111818181818182,0.2883030303030303
17995,0.2005151515151515,0.4202727272727273,0.37921212121212117
17996,0.2005151515151515,0.5111818181818182,0.2883030303030303
17997,0.2005151515151515,0.4202727272727273,0.37921212121212117
18019,0.2005151515151515,0.4202727272727273,0.37921212121212117
18026,0.2005151515151515,0.5111818181818182,0.2883030303030303
18037,0.2005151515151515,0.4202727272727273,0.37921212121212117
18043,0.18380555555555556,0.5519166666666667,0.2642777777777778
18088,0.2005151515151515,0.5111818181818182,0.2883030303030303
18117,0.2005151515151515,0.5111818181818182,0.2883030303030303
18128,0.2914242424242424,0.4202727272727273,0.2883030303030303
18173,0.2005151515151515,0.5111818181818182,0.2883030303030303
18182,0.2005151515151515,0.5111818181818182,0.2883030303030303
18206,0.2914242424242424,0.4202727272727273,0.2883030303030303
18230,0.2005151515151515,0.5111818181818182,0.2883030303030303
18243,0.2005151515151515,0.5111818181818182,0.2883030303030303
18259,0.2914242424242424,0.4202727272727273,0.2883030303030303
18311,0.2005151515151515,0.4202727272727273,0.37921212121212117
18322,0.2005151515151515,0.5111818181818182,0.2883030303030303
18383,0.2914242424242424,0.4202727272727273,0.2883030303030303
18411,0.2914242424242424,0.4202727272727273,0.2883030303030303
18431,0.2005151515151515,0.4202727272727273,0.37921212121212117
18448,0.2914242424242424,0.4202727272727273,0.2883030303030303
18476,0.2005151515151515,0.5111818181818182,0.2883030303030303
18481,0.2005151515151515,0.4202727272727273,0.37921212121212117
18489,0.26713888888888887,0.38525000000000004,0.3476111111111111
18505,0.2005151515151515,0.4202727272727273,0.37921212121212117
18528,0.2005151515151515,0.5111818181818182,0.2883030303030303
18578,0.2914242424242424,0.4202727272727273,0.2883030303030303
18593,0.2005151515151515,0.5111818181818182,0.2883030303030303
18630,0.2005151515151515,0.5111818181818182,0.2883030303030303
18660,0.2005151515151515,0.5111818181818182,0.2883030303030303
18681,0.2005151515151515,0.5111818181818182,0.2883030303030303
18705,0.2914242424242424,0.4202727272727273,0.2883030303030303
18801,0.2005151515151515,0.5111818181818182,0.2883030303030303
18814,0.2005151515151515,0.5111818181818182,0.2883030303030303
18815,0.2005151515151515,0.4202727272727273,0.37921212121212117
18868,0.2005151515151515,0.5111818181818182,0.2883030303030303
18882,0.2005151515151515,0.5111818181818182,0.2883030303030303
18925,0.2914242424242424,0.4202727272727273,0.2883030303030303
18963,0.2005151515151515,0.4202727272727273,0.37921212121212117
18969,0.18380555555555556,0.5519166666666667,0.2642777777777778
18982,0.2005151515151515,0.5111818181818182,0.2883030303030303
18987,0.2005151515151515,0.5111818181818182,0.2883030303030303
19033,0.18380555555555556,0.5519166666666667,0.2642777777777778
19058,0.2005151515151515,0.4202727272727273,0.37921212121212117
19065,0.2005151515151515,0.4202727272727273,0.37921212121212117
19066,0.2005151515151515,0.4202727272727273,0.37921212121212117
19077,0.2005151515151515,0.4202727272727273,0.37921212121212117
19130,0.2005151515151515,0.4202727272727273,0.37921212121212117
19138,0.2005151515151515,0.5111818181818182,0.2883030303030303
19157,0.2005151515151515,0.4202727272727273,0.37921212121212117
19230,0.2914242424242424,0.4202727272727273,0.2883030303030303
19248,0.2005151515151515,0.5111818181818182,0.2883030303030303
19267,0.2005151515151515,0.5111818181818182,0.2883030303030303
19287,0.2005151515151515,0.4202727272727273,0.37921212121212117
19310,0.2005151515151515,0.5111818181818182,0.2883030303030303
19343,0.2005151515151515,0.5111818181818182,0.2883030303030303
19353,0.2005151515151515,0.5111818181818182,0.2883030303030303
19382,0.2005151515151515,0.5111818181818182,0.2883030303030303
19389,0.2005151515151515,0.4202727272727273,0.37921212121212117
19398,0.2005151515151515,0.4202727272727273,0.37921212121212117
19404,0.2005151515151515,0.5111818181818182,0.2883030303030303
19431,0.2005151515151515,0.5111818181818182,0.2883030303030303
19445,0.2005151515151515,0.5111818181818182,0.2883030303030303
19487,0.2005151515151515,0.4202727272727273,0.37921212121212117
19494,0.2005151515151515,0.4202727272727273,0.37921212121212117
19502,0.2005151515151515,0.5111818181818182,0.2883030303030303
19521,0.2005151515151515,0.4202727272727273,0.37921212121212117
19526,0.2914242424242424,0.4202727272727273,0.2883030303030303
19540,0.2005151515151515,0.5111818181818182,0.2883030303030303
19564,0.2005151515151515,0.5111818181818182,0.2883030303030303
19656,0.2005151515151515,0.4202727272727273,0.37921212121212117
19661,0.2005151515151515,0.5111818181818182,0.2883030303030303
19678,0.2005151515151515,0.5111818181818182,0.2883030303030303
19682,0.2005151515151515,0.5111818181818182,0.2883030303030303
19697,0.2005151515151515,0.5111818181818182,0.2883030303030303
19706,0.2005151515151515,0.4202727272727273,0.37921212121212117
19730,0.2914242424242424,0.4202727272727273,0.2883030303030303
19732,0.2005151515151515,0.4202727272727273,0.37921212121212117
19734,0.2005151515151515,0.4202727272727273,0.37921212121212117
19763,0.2005151515151515,0.4202727272727273,0.37921212121212117
19802,0.2914242424242424,0.4202727272727273,0.2883030303030303
19823,0.2005151515151515,0.5111818181818182,0.2883030303030303
19826,0.2005151515151515,0.5111818181818182,0.2883030303030303
19835,0.2005151515151515,0.5111818181818182,0.2883030303030303
19858,0.2914242424242424,0.4202727272727273,0.2883030303030303
19862,0.2914242424242424,0.4202727272727273,0.2883030303030303
19876,0.2914242424242424,0.4202727272727273,0.2883030303030303
19882,0.2005151515151515,0.4202727272727273,0.37921212121212117
19891,0.2005151515151515,0.5111818181818182,0.2883030303030303
19916,0.2005151515151515,0.4202727272727273,0.37921212121212117
19928,0.2005151515151515,0.5111818181818182,0.2883030303030303
19947,0.2005151515151515,0.5111818181818182,0.2883030303030303
19999,0.2005151515151515,0.5111818181818182,0.2883030303030303
20007,0.2005151515151515,0.4202727272727273,0.37921212121212117
20019,0.2005151515151515,0.5111818181818182,0.2883030303030303
20049,0.2005151515151515,0.5111818181818182,0.2883030303030303
20063,0.2005151515151515,0.4202727272727273,0.37921212121212117
20071,0.2914242424242424,0.4202727272727273,0.2883030303030303
20090,0.2005151515151515,0.5111818181818182,0.2883030303030303
20133,0.2005151515151515,0.5111818181818182,0.2883030303030303
20179,0.2005151515151515,0.5111818181818182,0.2883030303030303
20278,0.2005151515151515,0.4202727272727273,0.37921212121212117
20283,0.2914242424242424,0.4202727272727273,0.2883030303030303
20305,0.2005151515151515,0.5111818181818182,0.2883030303030303
20357,0.2005151515151515,0.4202727272727273,0.37921212121212117
20394,0.2005151515151515,0.4202727272727273,0.37921212121212117
20414,0.2914242424242424,0.4202727272727273,0.2883030303030303
20415,0.2005151515151515,0.5111818181818182,0.2883030303030303
20443,0.2005151515151515,0.4202727272727273,0.37921212121212117
20457,0.2005151515151515,0.5111818181818182,0.2883030303030303
20464,0.2914242424242424,0.4202727272727273,0.2883030303030303
20480,0.2005151515151515,0.5111818181818182,0.2883030303030303
20483,0.2914242424242424,0.4202727272727273,0.2883030303030303
20499,0.2005151515151515,0.5111818181818182,0.2883030303030303
20536,0.2005151515151515,0.5111818181818182,0.2883030303030303
20538,0.2005151515151515,0.5111818181818182,0.2883030303030303
20543,0.2005151515151515,0.5111818181818182,0.2883030303030303
20545,0.2005151515151515,0.4202727272727273,0.37921212121212117
20565,0.2005151515151515,0.5111818181818182,0.2883030303030303
20594,0.2005151515151515,0.5111818181818182,0.2883030303030303
20610,0.2914242424242424,0.4202727272727273,0.2883030303030303
20612,0.2005151515151515,0.5111818181818182,0.2883030303030303
20625,0.2005151515151515,0.5111818181818182,0.2883030303030303
20628,0.2914242424242424,0.4202727272727273,0.2883030303030303
20661,0.2914242424242424,0.4202727272727273,0.2883030303030303
20679,0.2005151515151515,0.5111818181818182,0.2883030303030303
20680,0.2914242424242424,0.4202727272727273,0.2883030303030303
20750,0.2005151515151515,0.5111818181818182,0.2883030303030303
20755,0.2005151515151515,0.5111818181818182,0.2883030303030303
20762,0.2005151515151515,0.5111818181818182,0.2883030303030303
20772,0.2005151515151515,0.4202727272727273,0.37921212121212117
20788,0.2005151515151515,0.5111818181818182,0.2883030303030303
20825,0.2005151515151515,0.5111818181818182,0.2883030303030303
20840,0.18380555555555556,0.5519166666666667,0.2642777777777778
20866,0.2005151515151515,0.4202727272727273,0.37921212121212117
20904,0.2005151515151515,0.5111818181818182,0.2883030303030303
20938,0.2005151515151515,0.5111818181818182,0.2883030303030303
20942,0.2005151515151515,0.5111818181818182,0.2883030303030303
20972,0.2005151515151515,0.5111818181818182,0.2883030303030303
21035,0.2005151515151515,0.4202727272727273,0.37921212121212117
21053,0.2005151515151515,0.4202727272727273,0.37921212121212117
21066,0.2005151515151515,0.5111818181818182,0.2883030303030303
21095,0.2005151515151515,0.4202727272727273,0.37921212121212117
21096,0.2005151515151515,0.4202727272727273,0.37921212121212117
21106,0.2914242424242424,0.4202727272727273,0.2883030303030303
21110,0.2914242424242424,0.4202727272727273,0.2883030303030303
21119,0.2914242424242424,0.4202727272727273,0.2883030303030303
21155,0.2005151515151515,0.5111818181818182,0.2883030303030303
21170,0.2005151515151515,0.5111818181818182,0.2883030303030303
21189,0.2005151515151515,0.4202727272727273,0.37921212121212117
21191,0.2005151515151515,0.5111818181818182,0.2883030303030303
21198,0.2005151515151515,0.5111818181818182,0.2883030303030303
21205,0.2005151515151515,0.5111818181818182,0.2883030303030303
21248,0.2005151515151515,0.5111818181818182,0.2883030303030303
21303,0.2914242424242424,0.4202727272727273,0.2883030303030303
21376,0.2005151515151515,0.4202727272727273,0.37921212121212117
21379,0.2914242424242424,0.4202727272727273,0.2883030303030303
21394,0.18380555555555556,0.5519166666666667,0.2642777777777778
21452,0.2005151515151515,0.4202727272727273,0.37921212121212117
21454,0.2005151515151515,0.4202727272727273,0.37921212121212117
21457,0.2914242424242424,0.4202727272727273,0.2883030303030303
21471,0.2005151515151515,0.4202727272727273,0.37921212121212117
21501,0.2005151515151515,0.5111818181818182,0.2883030303030303
21526,0.18380555555555556,0.38525000000000004,0.4309444444444444
21545,0.2005151515151515,0.5111818181818182,0.2883030303030303
21560,0.2005151515151515,0.4202727272727273,0.37921212121212117
21619,0.2005151515151515,0.4202727272727273,0.37921212121212117
21674,0.2005151515151515,0.4202727272727273,0.37921212121212117
21687,0.2005151515151515,0.5111818181818182,0.2883030303030303
21696,0.2914242424242424,0.4202727272727273,0.2883030303030303
21702,0.2005151515151515,0.5111818181818182,0.2883030303030303
21726,0.2005151515151515,0.4202727272727273,0.37921212121212117
21751,0.2005151515151515,0.4202727272727273,0.37921212121212117
21767,0.2005151515151515,0.5111818181818182,0.2883030303030303
21771,0.2005151515151515,0.4202727272727273,0.37921212121212117
21781,0.2005151515151515,0.4202727272727273,0.37921212121212117
21795,0.2005151515151515,0.4202727272727273,0.37921212121212117
21812,0.2914242424242424,0.4202727272727273,0.2883030303030303
21853,0.2914242424242424,0.4202727272727273,0.2883030303030303
21871,0.2005151515151515,0.5111818181818182,0.2883030303030303
21904,0.2005151515151515,0.5111818181818182,0.2883030303030303
21923,0.2005151515151515,0.4202727272727273,0.37921212121212117
21948,0.2005151515151515,0.5111818181818182,0.2883030303030303
22125,0.2914242424242424,0.4202727272727273,0.2883030303030303
22183,0.2005151515151515,0.5111818181818182,0.2883030303030303
22198,0.2005151515151515,0.4202727272727273,0.37921212121212117
22241,0.2005151515151515,0.4202727272727273,0.37921212121212117
22265,0.2005151515151515,0.5111818181818182,0.2883030303030303
22266,0.2005151515151515,0.5111818181818182,0.2883030303030303
22280,0.2005151515151515,0.5111818181818182,0.2883030303030303
22305,0.2005151515151515,0.5111818181818182,0.2883030303030303
22405,0.2005151515151515,0.5111818181818182,0.2883030303030303
22425,0.2005151515151515,0.5111818181818182,0.2883030303030303
22431,0.2005151515151515,0.4202727272727273,0.37921212121212117
22433,0.2005151515151515,0.4202727272727273,0.37921212121212117
22470,0.26713888888888887,0.38525000000000004,0.3476111111111111
22480,0.2005151515151515,0.4202727272727273,0.37921212121212117
22492,0.2005151515151515,0.5111818181818182,0.2883030303030303
22499,0.2005151515151515,0.5111818181818182,0.2883030303030303
22530,0.2005151515151515,0.4202727272727273,0.37921212121212117
22546,0.2005151515151515,0.4202727272727273,0.37921212121212117
22555,0.2005151515151515,0.4202727272727273,0.37921212121212117
22563,0.2005151515151515,0.4202727272727273,0.37921212121212117
22622,0.2005151515151515,0.5111818181818182,0.2883030303030303
22623,0.2005151515151515,0.5111818181818182,0.2883030303030303
22677,0.2005151515151515,0.5111818181818182,0.2883030303030303
22681,0.2914242424242424,0.4202727272727273,0.2883030303030303
22683,0.2005151515151515,0.4202727272727273,0.37921212121212117
22725,0.2005151515151515,0.5111818181818182,0.2883030303030303
22897,0.2005151515151515,0.5111818181818182,0.2883030303030303
22916,0.2005151515151515,0.5111818181818182,0.2883030303030303
22935,0.2005151515151515,0.4202727272727273,0.37921212121212117
22995,0.2005151515151515,0.5111818181818182,0.2883030303030303
23013,0.2005151515151515,0.5111818181818182,0.2883030303030303
23029,0.2005151515151515,0.4202727272727273,0.37921212121212117
23034,0.2005151515151515,0.4202727272727273,0.37921212121212117
23038,0.18380555555555556,0.5519166666666667,0.2642777777777778
23041,0.2005151515151515,0.5111818181818182,0.2883030303030303
23058,0.2005151515151515,0.5111818181818182,0.2883030303030303
23074,0.2005151515151515,0.4202727272727273,0.37921212121212117
23080,0.2005151515151515,0.4202727272727273,0.37921212121212117
23081,0.2005151515151515,0.5111818181818182,0.2883030303030303
23097,0.2005151515151515,0.4202727272727273,0.37921212121212117
23122,0.2005151515151515,0.5111818181818182,0.2883030303030303
23133,0.2005151515151515,0.4202727272727273,0.37921212121212117
23185,0.2005151515151515,0.4202727272727273,0.37921212121212117
23190,0.2005151515151515,0.5111818181818182,0.2883030303030303
23221,0.2005151515151515,0.5111818181818182,0.2883030303030303
23247,0.2005151515151515,0.5111818181818182,0.2883030303030303
23266,0.2005151515151515,0.5111818181818182,0.2883030303030303
23361,0.2005151515151515,0.4202727272727273,0.37921212121212117
23410,0.2005151515151515,0.5111818181818182,0.2883030303030303
23456,0.2914242424242424,0.4202727272727273,0.2883030303030303
23471,0.2005151515151515,0.4202727272727273,0.37921212121212117
23478,0.2005151515151515,0.5111818181818182,0.2883030303030303
23490,0.2914242424242424,0.4202727272727273,0.2883030303030303
23495,0.2005151515151515,0.5111818181818182,0.2883030303030303
23547,0.2005151515151515,0.5111818181818182,0.2883030303030303
23558,0.2005151515151515,0.4202727272727273,0.37921212121212117
23559,0.2005151515151515,0.5111818181818182,0.2883030303030303
23609,0.2914242424242424,0.4202727272727273,0.2883030303030303
23630,0.2914242424242424,0.4202727272727273,0.2883030303030303
23647,0.2005151515151515,0.4202727272727273,0.37921212121212117
23663,0.2005151515151515,0.4202727272727273,0.37921212121212117
23697,0.2914242424242424,0.4202727272727273,0.2883030303030303
23710,0.2005151515151515,0.5111818181818182,0.2883030303030303
23737,0.2005151515151515,0.5111818181818182,0.2883030303030303
23760,0.2005151515151515,0.4202727272727273,0.37921212121212117
23764,0.2005151515151515,0.5111818181818182,0.2883030303030303
23783,0.2005151515151515,0.4202727272727273,0.37921212121212117
23793,0.2005151515151515,0.5111818181818182,0.2883030303030303
23794,0.2914242424242424,0.4202727272727273,0.2883030303030303
23820,0.2005151515151515,0.5111818181818182,0.2883030303030303
23900,0.2005151515151515,0.5111818181818182,0.2883030303030303
23904,0.2005151515151515,0.5111818181818182,0.2883030303030303
23910,0.2005151515151515,0.4202727272727273,0.37921212121212117
23916,0.2005151515151515,0.4202727272727273,0.37921212121212117
23932,0.2005151515151515,0.4202727272727273,0.37921212121212117
23954,0.2005151515151515,0.5111818181818182,0.2883030303030303
23966,0.2005151515151515,0.5111818181818182,0.2883030303030303
23975,0.2005151515151515,0.4202727272727273,0.37921212121212117
23978,0.2005151515151515,0.4202727272727273,0.37921212121212117
24011,0.18380555555555556,0.5519166666666667,0.2642777777777778
24021,0.2005151515151515,0.4202727272727273,0.37921212121212117
24079,0.2914242424242424,0.4202727272727273,0.2883030303030303
24117,0.2005151515151515,0.5111818181818182,0.2883030303030303
24144,0.26713888888888887,0.46858333333333335,0.2642777777777778
24186,0.2005151515151515,0.5111818181818182,0.2883030303030303
24197,0.2005151515151515,0.4202727272727273,0.37921212121212117
24227,0.2005151515151515,0.4202727272727273,0.37921212121212117
24250,0.2005151515151515,0.5111818181818182,0.2883030303030303
24260,0.2914242424242424,0.4202727272727273,0.2883030303030303
24309,0.2005151515151515,0.4202727272727273,0.37921212121212117
24316,0.2005151515151515,0.5111818181818182,0.2883030303030303
24348,0.2005151515151515,0.5111818181818182,0.2883030303030303
24448,0.2005151515151515,0.5111818181818182,0.2883030303030303
24477,0.2005151515151515,0.5111818181818182,0.2883030303030303
24504,0.2005151515151515,0.5111818181818182,0.2883030303030303
24619,0.2005151515151515,0.5111818181818182,0.2883030303030303
24661,0.2005151515151515,0.5111818181818182,0.2883030303030303
24678,0.2005151515151515,0.5111818181818182,0.2883030303030303
24802,0.2005151515151515,0.4202727272727273,0.37921212121212117
24814,0.2005151515151515,0.5111818181818182,0.2883030303030303
24836,0.2005151515151515,0.5111818181818182,0.2883030303030303
24887,0.2005151515151515,0.5111818181818182,0.2883030303030303
24890,0.2005151515151515,0.4202727272727273,0.37921212121212117
24897,0.2005151515151515,0.5111818181818182,0.2883030303030303
24917,0.2914242424242424,0.4202727272727273,0.2883030303030303
24946,0.2005151515151515,0.5111818181818182,0.2883030303030303
24953,0.2005151515151515,0.5111818181818182,0.2883030303030303
24980,0.2914242424242424,0.4202727272727273,0.2883030303030303
24989,0.2005151515151515,0.4202727272727273,0.37921212121212117
24996,0.2005151515151515,0.5111818181818182,0.2883030303030303
25077,0.2005151515151515,0.4202727272727273,0.37921212121212117
25095,0.2005151515151515,0.4202727272727273,0.37921212121212117
25132,0.2005151515151515,0.4202727272727273,0.37921212121212117
25135,0.2005151515151515,0.5111818181818182,0.2883030303030303
25178,0.2005151515151515,0.4202727272727273,0.37921212121212117
25191,0.2005151515151515,0.5111818181818182,0.2883030303030303
25214,0.2005151515151515,0.5111818181818182,0.2883030303030303
25226,0.2005151515151515,0.5111818181818182,0.2883030303030303
25256,0.2005151515151515,0.5111818181818182,0.2883030303030303
25307,0.35047222222222224,0.38525000000000004,0.2642777777777778
25339,0.2914242424242424,0.4202727272727273,0.2883030303030303
25356,0.2005151515151515,0.5111818181818182,0.2883030303030303
25451,0.2914242424242424,0.4202727272727273,0.2883030303030303
25458,0.2005151515151515,0.5111818181818182,0.2883030303030303
25479,0.2005151515151515,0.5111818181818182,0.2883030303030303
25486,0.2005151515151515,0.5111818181818182,0.2883030303030303
25487,0.2005151515151515,0.4202727272727273,0.37921212121212117
25545,0.2914242424242424,0.4202727272727273,0.2883030303030303
25551,0.2914242424242424,0.4202727272727273,0.2883030303030303
25603,0.2005151515151515,0.4202727272727273,0.37921212121212117
25615,0.2914242424242424,0.4202727272727273,0.2883030303030303
25639,0.2005151515151515,0.4202727272727273,0.37921212121212117
25669,0.2005151515151515,0.5111818181818182,0.2883030303030303
25692,0.2005151515151515,0.4202727272727273,0.37921212121212117
25698,0.2914242424242424,0.4202727272727273,0.2883030303030303
25716,0.2005151515151515,0.5111818181818182,0.2883030303030303
25718,0.2005151515151515,0.5111818181818182,0.2883030303030303
25733,0.2005151515151515,0.5111818181818182,0.2883030303030303
25734,0.2005151515151515,0.4202727272727273,0.37921212121212117
25740,0.2914242424242424,0.4202727272727273,0.2883030303030303
25795,0.2005151515151515,0.5111818181818182,0.2883030303030303
25797,0.2005151515151515,0.5111818181818182,0.2883030303030303
25809,0.2005151515151515,0.5111818181818182,0.2883030303030303
25825,0.2914242424242424,0.4202727272727273,0.2883030303030303
25859,0.2005151515151515,0.5111818181818182,0.2883030303030303
25860,0.2005151515151515,0.5111818181818182,0.2883030303030303
25873,0.2005151515151515,0.5111818181818182,0.2883030303030303
25889,0.2005151515151515,0.4202727272727273,0.37921212121212117
25912,0.2005151515151515,0.5111818181818182,0.2883030303030303
25918,0.2005151515151515,0.5111818181818182,0.2883030303030303
25927,0.2005151515151515,0.5111818181818182,0.2883030303030303
25953,0.2005151515151515,0.4202727272727273,0.37921212121212117
25966,0.18380555555555556,0.5519166666666667,0.2642777777777778
26010,0.2005151515151515,0.5111818181818182,0.2883030303030303
26027,0.2914242424242424,0.4202727272727273,0.2883030303030303
26031,0.2005151515151515,0.5111818181818182,0.2883030303030303
26058,0.2005151515151515,0.5111818181818182,0.2883030303030303
26083,0.2005151515151515,0.5111818181818182,0.2883030303030303
26121,0.2005151515151515,0.4202727272727273,0.37921212121212117
26128,0.2005151515151515,0.4202727272727273,0.37921212121212117
26191,0.2914242424242424,0.4202727272727273,0.2883030303030303
26293,0.2005151515151515,0.5111818181818182,0.2883030303030303
26323,0.2005151515151515,0.4202727272727273,0.37921212121212117
26339,0.2005151515151515,0.5111818181818182,0.2883030303030303
26359,0.2005151515151515,0.5111818181818182,0.2883030303030303
26390,0.2005151515151515,0.5111818181818182,0.2883030303030303
26431,0.2005151515151515,0.4202727272727273,0.37921212121212117
26537,0.2005151515151515,0.4202727272727273,0.37921212121212117
26575,0.2005151515151515,0.5111818181818182,0.2883030303030303
26588,0.2005151515151515,0.5111818181818182,0.2883030303030303
26625,0.2005151515151515,0.4202727272727273,0.37921212121212117
26632,0.2914242424242424,0.4202727272727273,0.2883030303030303
26656,0.2005151515151515,0.5111818181818182,0.2883030303030303
26762,0.2005151515151515,0.5111818181818182,0.2883030303030303
26781,0.2914242424242424,0.4202727272727273,0.2883030303030303
26789,0.2005151515151515,0.4202727272727273,0.37921212121212117
26797,0.2005151515151515,0.4202727272727273,0.37921212121212117
26846,0.2914242424242424,0.4202727272727273,0.2883030303030303
26899,0.2005151515151515,0.5111818181818182,0.2883030303030303
26910,0.2005151515151515,0.4202727272727273,0.37921212121212117
26951,0.2005151515151515,0.4202727272727273,0.37921212121212117
26993,0.2005151515151515,0.5111818181818182,0.2883030303030303
27086,0.2005151515151515,0.4202727272727273,0.37921212121212117
27167,0.2005151515151515,0.5111818181818182,0.2883030303030303
27194,0.2005151515151515,0.4202727272727273,0.37921212121212117
27198,0.2005151515151515,0.4202727272727273,0.37921212121212117
27216,0.2005151515151515,0.5111818181818182,0.2883030303030303
27270,0.2005151515151515,0.4202727272727273,0.37921212121212117
27274,0.2005151515151515,0.4202727272727273,0.37921212121212117
27499,0.2005151515151515,0.5111818181818182,0.2883030303030303
27508,0.2005151515151515,0.4202727272727273,0.37921212121212117
27532,0.2005151515151515,0.5111818181818182,0.2883030303030303
27553,0.2005151515151515,0.5111818181818182,0.2883030303030303
27565,0.2005151515151515,0.5111818181818182,0.2883030303030303
27593,0.2005151515151515,0.5111818181818182,0.2883030303030303
27602,0.2005151515151515,0.5111818181818182,0.2883030303030303
27633,0.2005151515151515,0.5111818181818182,0.2883030303030303
27644,0.2005151515151515,0.5111818181818182,0.2883030303030303
27697,0.2005151515151515,0.5111818181818182,0.2883030303030303
27705,0.18380555555555556,0.38525000000000004,0.4309444444444444
27709,0.2914242424242424,0.4202727272727273,0.2883030303030303
27710,0.2005151515151515,0.5111818181818182,0.2883030303030303
27723,0.2005151515151515,0.5111818181818182,0.2883030303030303
27749,0.2005151515151515,0.4202727272727273,0.37921212121212117
27806,0.2005151515151515,0.4202727272727273,0.37921212121212117
27842,0.2005151515151515,0.4202727272727273,0.37921212121212117
27867,0.2005151515151515,0.4202727272727273,0.37921212121212117
27891,0.2005151515151515,0.5111818181818182,0.2883030303030303
27901,0.2005151515151515,0.5111818181818182,0.2883030303030303
27932,0.2914242424242424,0.4202727272727273,0.2883030303030303
27947,0.2005151515151515,0.5111818181818182,0.2883030303030303
27999,0.2005151515151515,0.4202727272727273,0.37921212121212117
28075,0.2005151515151515,0.5111818181818182,0.2883030303030303
28086,0.2005151515151515,0.5111818181818182,0.2883030303030303
28090,0.2005151515151515,0.5111818181818182,0.2883030303030303
28158,0.2005151515151515,0.5111818181818182,0.2883030303030303
28166,0.2005151515151515,0.5111818181818182,0.2883030303030303
28176,0.2005151515151515,0.4202727272727273,0.37921212121212117
28219,0.2005151515151515,0.4202727272727273,0.37921212121212117
28253,0.2005151515151515,0.5111818181818182,0.2883030303030303
28268,0.2005151515151515,0.5111818181818182,0.2883030303030303
28293,0.2914242424242424,0.4202727272727273,0.2883030303030303
28301,0.2005151515151515,0.5111818181818182,0.2883030303030303
28304,0.2005151515151515,0.4202727272727273,0.37921212121212117
28324,0.2914242424242424,0.4202727272727273,0.2883030303030303
28349,0.2005151515151515,0.5111818181818182,0.2883030303030303
28352,0.2005151515151515,0.5111818181818182,0.2883030303030303
28401,0.2005151515151515,0.5111818181818182,0.2883030303030303
28454,0.2005151515151515,0.5111818181818182,0.2883030303030303
28467,0.2005151515151515,0.4202727272727273,0.37921212121212117
28498,0.2005151515151515,0.4202727272727273,0.37921212121212117
28519,0.2005151515151515,0.5111818181818182,0.2883030303030303
28532,0.2914242424242424,0.4202727272727273,0.2883030303030303
28550,0.2005151515151515,0.4202727272727273,0.37921212121212117
28558,0.2005151515151515,0.5111818181818182,0.2883030303030303
28563,0.2005151515151515,0.5111818181818182,0.2883030303030303
28581,0.18380555555555556,0.5519166666666667,0.2642777777777778
28582,0.2005151515151515,0.5111818181818182,0.2883030303030303
28583,0.2005151515151515,0.4202727272727273,0.37921212121212117
28604,0.2005151515151515,0.4202727272727273,0.37921212121212117
28681,0.2005151515151515,0.5111818181818182,0.2883030303030303
28696,0.2005151515151515,0.4202727272727273,0.37921212121212117
28712,0.2005151515151515,0.4202727272727273,0.37921212121212117
28817,0.2005151515151515,0.5111818181818182,0.2883030303030303
28823,0.2005151515151515,0.5111818181818182,0.2883030303030303
28843,0.18380555555555556,0.38525000000000004,0.4309444444444444
28912,0.2005151515151515,0.4202727272727273,0.37921212121212117
28914,0.2005151515151515,0.5111818181818182,0.2883030303030303
28957,0.2005151515151515,0.5111818181818182,0.2883030303030303
28961,0.2005151515151515,0.5111818181818182,0.2883030303030303
28964,0.2005151515151515,0.5111818181818182,0.2883030303030303
29024,0.2005151515151515,0.5111818181818182,0.2883030303030303
29032,0.2005151515151515,0.5111818181818182,0.2883030303030303
29034,0.2005151515151515,0.5111818181818182,0.2883030303030303
29043,0.2005151515151515,0.5111818181818182,0.2883030303030303
29050,0.2005151515151515,0.5111818181818182,0.2883030303030303
29074,0.2914242424242424,0.4202727272727273,0.2883030303030303
29134,0.2005151515151515,0.4202727272727273,0.37921212121212117
29186,0.2005151515151515,0.4202727272727273,0.37921212121212117
29196,0.2005151515151515,0.5111818181818182,0.2883030303030303
29215,0.2005151515151515,0.5111818181818182,0.2883030303030303
29219,0.18380555555555556,0.38525000000000004,0.4309444444444444
29251,0.2005151515151515,0.5111818181818182,0.2883030303030303
29254,0.2005151515151515,0.5111818181818182,0.2883030303030303
29324,0.2005151515151515,0.4202727272727273,0.37921212121212117
29338,0.2005151515151515,0.4202727272727273,0.37921212121212117
29339,0.2005151515151515,0.5111818181818182,0.2883030303030303
29390,0.2005151515151515,0.4202727272727273,0.37921212121212117
29459,0.2005151515151515,0.5111818181818182,0.2883030303030303
29532,0.2914242424242424,0.4202727272727273,0.2883030303030303
29568,0.2005151515151515,0.5111818181818182,0.2883030303030303
29624,0.2005151515151515,0.4202727272727273,0.37921212121212117
29640,0.2005151515151515,0.4202727272727273,0.37921212121212117
29660,0.2005151515151515,0.4202727272727273,0.37921212121212117
29671,0.2005151515151515,0.5111818181818182,0.2883030303030303
29693,0.2005151515151515,0.4202727272727273,0.37921212121212117
29697,0.2914242424242424,0.4202727272727273,0.2883030303030303
29701,0.2005151515151515,0.4202727272727273,0.37921212121212117
29727,0.2005151515151515,0.5111818181818182,0.2883030303030303
29755,0.2005151515151515,0.4202727272727273,0.37921212121212117
29776,0.2914242424242424,0.4202727272727273,0.2883030303030303
29841,0.2005151515151515,0.4202727272727273,0.37921212121212117
29872,0.2005151515151515,0.4202727272727273,0.37921212121212117
29874,0.2005151515151515,0.5111818181818182,0.2883030303030303
29916,0.2005151515151515,0.4202727272727273,0.37921212121212117
29965,0.2005151515151515,0.5111818181818182,0.2883030303030303
29990,0.2005151515151515,0.5111818181818182,0.2883030303030303
29994,0.2005151515151515,0.5111818181818182,0.2883030303030303
30005,0.2005151515151515,0.5111818181818182,0.2883030303030303
30119,0.2005151515151515,0.4202727272727273,0.37921212121212117
30124,0.2005151515151515,0.5111818181818182,0.2883030303030303
30141,0.2005151515151515,0.5111818181818182,0.2883030303030303
30173,0.2005151515151515,0.5111818181818182,0.2883030303030303
30216,0.2005151515151515,0.5111818181818182,0.2883030303030303
30236,0.18380555555555556,0.38525000000000004,0.4309444444444444
30260,0.2005151515151515,0.4202727272727273,0.37921212121212117
30289,0.2005151515151515,0.4202727272727273,0.37921212121212117
30327,0.2005151515151515,0.4202727272727273,0.37921212121212117
30341,0.2005151515151515,0.4202727272727273,0.37921212121212117
30342,0.2914242424242424,0.4202727272727273,0.2883030303030303
30455,0.2005151515151515,0.5111818181818182,0.2883030303030303
30473,0.2005151515151515,0.4202727272727273,0.37921212121212117
30489,0.2005151515151515,0.5111818181818182,0.2883030303030303
30563,0.2005151515151515,0.5111818181818182,0.2883030303030303
30601,0.2005151515151515,0.4202727272727273,0.37921212121212117
30624,0.2005151515151515,0.4202727272727273,0.37921212121212117
30635,0.2005151515151515,0.4202727272727273,0.37921212121212117
30640,0.2005151515151515,0.4202727272727273,0.37921212121212117
30683,0.2005151515151515,0.4202727272727273,0.37921212121212117
30703,0.2005151515151515,0.4202727272727273,0.37921212121212117
30723,0.2005151515151515,0.4202727272727273,0.37921212121212117
30724,0.2005151515151515,0.4202727272727273,0.37921212121212117
30745,0.2914242424242424,0.4202727272727273,0.2883030303030303
30763,0.2005151515151515,0.4202727272727273,0.37921212121212117
30819,0.2005151515151515,0.5111818181818182,0.2883030303030303
30868,0.2005151515151515,0.5111818181818182,0.2883030303030303
30879,0.2005151515151515,0.5111818181818182,0.2883030303030303
30882,0.2005151515151515,0.4202727272727273,0.37921212121212117
30893,0.2005151515151515,0.4202727272727273,0.37921212121212117
30908,0.2005151515151515,0.5111818181818182,0.2883030303030303
30933,0.2005151515151515,0.4202727272727273,0.37921212121212117
30942,0.2914242424242424,0.4202727272727273,0.2883030303030303
30960,0.2005151515151515,0.5111818181818182,0.2883030303030303
30978,0.2005151515151515,0.5111818181818182,0.2883030303030303
30983,0.2005151515151515,0.5111818181818182,0.2883030303030303
31007,0.2005151515151515,0.4202727272727273,0.37921212121212117
31040,0.2005151515151515,0.5111818181818182,0.2883030303030303
31060,0.2005151515151515,0.4202727272727273,0.37921212121212117
31128,0.2005151515151515,0.4202727272727273,0.37921212121212117
31147,0.2005151515151515,0.4202727272727273,0.37921212121212117
31336,0.2005151515151515,0.5111818181818182,0.2883030303030303
31366,0.2005151515151515,0.4202727272727273,0.37921212121212117
31419,0.2005151515151515,0.4202727272727273,0.37921212121212117
31421,0.2005151515151515,0.5111818181818182,0.2883030303030303
31432,0.2005151515151515,0.5111818181818182,0.2883030303030303
31475,0.2005151515151515,0.5111818181818182,0.2883030303030303
31476,0.2005151515151515,0.5111818181818182,0.2883030303030303
31580,0.2005151515151515,0.5111818181818182,0.2883030303030303
31594,0.2005151515151515,0.4202727272727273,0.37921212121212117
31604,0.2005151515151515,0.5111818181818182,0.2883030303030303
31710,0.2005151515151515,0.5111818181818182,0.2883030303030303
31777,0.2005151515151515,0.5111818181818182,0.2883030303030303
31829,0.2005151515151515,0.5111818181818182,0.2883030303030303
31841,0.2914242424242424,0.4202727272727273,0.2883030303030303
31862,0.2005151515151515,0.4202727272727273,0.37921212121212117
31866,0.2005151515151515,0.5111818181818182,0.2883030303030303
31885,0.2914242424242424,0.4202727272727273,0.2883030303030303
31904,0.2005151515151515,0.4202727272727273,0.37921212121212117
31932,0.2005151515151515,0.5111818181818182,0.2883030303030303
31975,0.2005151515151515,0.4202727272727273,0.37921212121212117
31996,0.2005151515151515,0.5111818181818182,0.2883030303030303
32023,0.2005151515151515,0.5111818181818182,0.2883030303030303
32045,0.2005151515151515,0.4202727272727273,0.37921212121212117
32050,0.2005151515151515,0.5111818181818182,0.2883030303030303
32063,0.2005151515151515,0.4202727272727273,0.37921212121212117
32175,0.2005151515151515,0.4202727272727273,0.37921212121212117
32254,0.2005151515151515,0.5111818181818182,0.2883030303030303
32360,0.2914242424242424,0.4202727272727273,0.2883030303030303
32372,0.2005151515151515,0.5111818181818182,0.2883030303030303
32382,0.2914242424242424,0.4202727272727273,0.2883030303030303
32425,0.2005151515151515,0.4202727272727273,0.37921212121212117
32447,0.2005151515151515,0.5111818181818182,0.2883030303030303
32461,0.2005151515151515,0.5111818181818182,0.2883030303030303
32587,0.2005151515151515,0.5111818181818182,0.2883030303030303
32598,0.2914242424242424,0.4202727272727273,0.2883030303030303
32629,0.2005151515151515,0.4202727272727273,0.37921212121212117
32630,0.2005151515151515,0.5111818181818182,0.2883030303030303
32654,0.2914242424242424,0.4202727272727273,0.2883030303030303
32691,0.2005151515151515,0.5111818181818182,0.2883030303030303
32737,0.2005151515151515,0.4202727272727273,0.37921212121212117
32757,0.2005151515151515,0.4202727272727273,0.37921212121212117
32767,0.2005151515151515,0.4202727272727273,0.37921212121212117
32810,0.2914242424242424,0.4202727272727273,0.2883030303030303
32811,0.2005151515151515,0.5111818181818182,0.2883030303030303
32851,0.2005151515151515,0.4202727272727273,0.37921212121212117
32880,0.2914242424242424,0.4202727272727273,0.2883030303030303
32936,0.2005151515151515,0.4202727272727273,0.37921212121212117
32958,0.2914242424242424,0.4202727272727273,0.2883030303030303
33026,0.2005151515151515,0.5111818181818182,0.2883030303030303
33031,0.2005151515151515,0.4202727272727273,0.37921212121212117
33110,0.2005151515151515,0.5111818181818182,0.2883030303030303
33137,0.2005151515151515,0.4202727272727273,0.37921212121212117
33155,0.2005151515151515,0.4202727272727273,0.37921212121212117
33165,0.2005151515151515,0.5111818181818182,0.2883030303030303
33176,0.2005151515151515,0.4202727272727273,0.37921212121212117
33191,0.2005151515151515,0.4202727272727273,0.37921212121212117
33194,0.2005151515151515,0.5111818181818182,0.2883030303030303
33229,0.2005151515151515,0.4202727272727273,0.37921212121212117
33242,0.2005151515151515,0.5111818181818182,0.2883030303030303
33250,0.2005151515151515,0.5111818181818182,0.2883030303030303
33300,0.2005151515151515,0.4202727272727273,0.37921212121212117
33403,0.2005151515151515,0.5111818181818182,0.2883030303030303
33417,0.2005151515151515,0.5111818181818182,0.2883030303030303
33482,0.2005151515151515,0.5111818181818182,0.2883030303030303
33514,0.2005151515151515,0.4202727272727273,0.37921212121212117
33519,0.2005151515151515,0.5111818181818182,0.2883030303030303
33525,0.2005151515151515,0.4202727272727273,0.37921212121212117
33559,0.2005151515151515,0.5111818181818182,0.2883030303030303
33583,0.2005151515151515,0.5111818181818182,0.2883030303030303
33594,0.2005151515151515,0.5111818181818182,0.2883030303030303
33598,0.2005151515151515,0.4202727272727273,0.37921212121212117
33602,0.2005151515151515,0.4202727272727273,0.37921212121212117
33705,0.2914242424242424,0.4202727272727273,0.2883030303030303
33710,0.2005151515151515,0.4202727272727273,0.37921212121212117
33771,0.2005151515151515,0.5111818181818182,0.2883030303030303
33807,0.2005151515151515,0.5111818181818182,0.2883030303030303
33857,0.2005151515151515,0.5111818181818182,0.2883030303030303
33865,0.2005151515151515,0.5111818181818182,0.2883030303030303
33866,0.2914242424242424,0.4202727272727273,0.2883030303030303
33868,0.2005151515151515,0.4202727272727273,0.37921212121212117
33931,0.2005151515151515,0.4202727272727273,0.37921212121212117
33962,0.2005151515151515,0.4202727272727273,0.37921212121212117
34098,0.2005151515151515,0.5111818181818182,0.2883030303030303
34099,0.2005151515151515,0.5111818181818182,0.2883030303030303
34146,0.2914242424242424,0.4202727272727273,0.2883030303030303
34194,0.2005151515151515,0.5111818181818182,0.2883030303030303
34211,0.2005151515151515,0.5111818181818182,0.2883030303030303
34220,0.2005151515151515,0.5111818181818182,0.2883030303030303
34293,0.2005151515151515,0.4202727272727273,0.37921212121212117
34295,0.2005151515151515,0.5111818181818182,0.2883030303030303
34302,0.2005151515151515,0.5111818181818182,0.2883030303030303
34327,0.2005151515151515,0.4202727272727273,0.37921212121212117
34340,0.2005151515151515,0.4202727272727273,0.37921212121212117
34349,0.2005151515151515,0.4202727272727273,0.37921212121212117
34439,0.2005151515151515,0.5111818181818182,0.2883030303030303
34460,0.2005151515151515,0.4202727272727273,0.37921212121212117
34487,0.2005151515151515,0.5111818181818182,0.2883030303030303
34539,0.2005151515151515,0.4202727272727273,0.37921212121212117
34577,0.2005151515151515,0.5111818181818182,0.2883030303030303
34614,0.2914242424242424,0.4202727272727273,0.2883030303030303
34642,0.2005151515151515,0.4202727272727273,0.37921212121212117
34672,0.2005151515151515,0.5111818181818182,0.2883030303030303
34687,0.2005151515151515,0.4202727272727273,0.37921212121212117
34692,0.2005151515151515,0.4202727272727273,0.37921212121212117
34726,0.2005151515151515,0.5111818181818182,0.2883030303030303
34785,0.2005151515151515,0.4202727272727273,0.37921212121212117
34799,0.2005151515151515,0.5111818181818182,0.2883030303030303
34892,0.2005151515151515,0.4202727272727273,0.37921212121212117
34921,0.2005151515151515,0.4202727272727273,0.37921212121212117
34968,0.2005151515151515,0.5111818181818182,0.2883030303030303
34987,0.2005151515151515,0.5111818181818182,0.2883030303030303
35077,0.2005151515151515,0.5111818181818182,0.2883030303030303
35096,0.2005151515151515,0.5111818181818182,0.2883030303030303
35097,0.2005151515151515,0.4202727272727273,0.37921212121212117
35107,0.2005151515151515,0.4202727272727273,0.37921212121212117
35117,0.2005151515151515,0.5111818181818182,0.2883030303030303
35149,0.2005151515151515,0.5111818181818182,0.2883030303030303
35162,0.2005151515151515,0.4202727272727273,0.37921212121212117
35279,0.2005151515151515,0.5111818181818182,0.2883030303030303
35285,0.2005151515151515,0.5111818181818182,0.2883030303030303
35371,0.2005151515151515,0.5111818181818182,0.2883030303030303
35410,0.2005151515151515,0.4202727272727273,0.37921212121212117
35431,0.2005151515151515,0.4202727272727273,0.37921212121212117
35442,0.2005151515151515,0.5111818181818182,0.2883030303030303
35455,0.2005151515151515,0.4202727272727273,0.37921212121212117
35518,0.18380555555555556,0.5519166666666667,0.2642777777777778
35520,0.2005151515151515,0.5111818181818182,0.2883030303030303
35554,0.2914242424242424,0.4202727272727273,0.2883030303030303
35587,0.2914242424242424,0.4202727272727273,0.2883030303030303
35660,0.2005151515151515,0.4202727272727273,0.37921212121212117
35665,0.2005151515151515,0.5111818181818182,0.2883030303030303
35706,0.2005151515151515,0.4202727272727273,0.37921212121212117
35721,0.2005151515151515,0.5111818181818182,0.2883030303030303
35822,0.2005151515151515,0.5111818181818182,0.2883030303030303
35907,0.2005151515151515,0.4202727272727273,0.37921212121212117
35915,0.2005151515151515,0.4202727272727273,0.37921212121212117
35927,0.2005151515151515,0.4202727272727273,0.37921212121212117
35965,0.2005151515151515,0.5111818181818182,0.2883030303030303
35999,0.35047222222222224,0.38525000000000004,0.2642777777777778
36021,0.2005151515151515,0.4202727272727273,0.37921212121212117
36023,0.2005151515151515,0.4202727272727273,0.37921212121212117
36025,0.2005151515151515,0.5111818181818182,0.2883030303030303
36065,0.2005151515151515,0.5111818181818182,0.2883030303030303
36068,0.18380555555555556,0.5519166666666667,0.2642777777777778
36076,0.2005151515151515,0.5111818181818182,0.2883030303030303
36184,0.2005151515151515,0.5111818181818182,0.2883030303030303
36257,0.2005151515151515,0.4202727272727273,0.37921212121212117
36258,0.2005151515151515,0.4202727272727273,0.37921212121212117
36261,0.2005151515151515,0.5111818181818182,0.2883030303030303
36270,0.2005151515151515,0.5111818181818182,0.2883030303030303
36281,0.2005151515151515,0.4202727272727273,0.37921212121212117
36312,0.2005151515151515,0.4202727272727273,0.37921212121212117
36363,0.2005151515151515,0.5111818181818182,0.2883030303030303
36411,0.2005151515151515,0.4202727272727273,0.37921212121212117
36471,0.2005151515151515,0.5111818181818182,0.2883030303030303
36516,0.2005151515151515,0.5111818181818182,0.2883030303030303
36549,0.2005151515151515,0.4202727272727273,0.37921212121212117
36616,0.2005151515151515,0.4202727272727273,0.37921212121212117
36634,0.2005151515151515,0.5111818181818182,0.2883030303030303
36640,0.2914242424242424,0.4202727272727273,0.2883030303030303
36694,0.2005151515151515,0.4202727272727273,0.37921212121212117
36760,0.2005151515151515,0.4202727272727273,0.37921212121212117
36779,0.2005151515151515,0.5111818181818182,0.2883030303030303
36786,0.2005151515151515,0.5111818181818182,0.2883030303030303
36806,0.2005151515151515,0.4202727272727273,0.37921212121212117
36897,0.2914242424242424,0.4202727272727273,0.2883030303030303
36901,0.2005151515151515,0.5111818181818182,0.2883030303030303
36903,0.2005151515151515,0.5111818181818182,0.2883030303030303
36913,0.2005151515151515,0.4202727272727273,0.37921212121212117
36950,0.2005151515151515,0.5111818181818182,0.2883030303030303
36985,0.2005151515151515,0.5111818181818182,0.2883030303030303
36988,0.2005151515151515,0.5111818181818182,0.2883030303030303
37008,0.2005151515151515,0.4202727272727273,0.37921212121212117
37015,0.2005151515151515,0.4202727272727273,0.37921212121212117
37095,0.2005151515151515,0.5111818181818182,0.2883030303030303
37113,0.2005151515151515,0.5111818181818182,0.2883030303030303
37139,0.2005151515151515,0.5111818181818182,0.2883030303030303
37148,0.2005151515151515,0.4202727272727273,0.37921212121212117
37173,0.2005151515151515,0.5111818181818182,0.2883030303030303
37181,0.2005151515151515,0.4202727272727273,0.37921212121212117
37216,0.2005151515151515,0.5111818181818182,0.2883030303030303
37217,0.2005151515151515,0.5111818181818182,0.2883030303030303
37275,0.2005151515151515,0.5111818181818182,0.2883030303030303
37277,0.2005151515151515,0.5111818181818182,0.2883030303030303
37319,0.2005151515151515,0.5111818181818182,0.2883030303030303
37348,0.2914242424242424,0.4202727272727273,0.2883030303030303
37417,0.2005151515151515,0.5111818181818182,0.2883030303030303
37427,0.2005151515151515,0.4202727272727273,0.37921212121212117
37447,0.2005151515151515,0.4202727272727273,0.37921212121212117
37482,0.2005151515151515,0.5111818181818182,0.2883030303030303
37502,0.2005151515151515,0.5111818181818182,0.2883030303030303
37541,0.2005151515151515,0.4202727272727273,0.37921212121212117
37544,0.2005151515151515,0.4202727272727273,0.37921212121212117
37646,0.2005151515151515,0.5111818181818182,0.2883030303030303
37663,0.2005151515151515,0.4202727272727273,0.37921212121212117
37668,0.2005151515151515,0.4202727272727273,0.37921212121212117
37790,0.2005151515151515,0.5111818181818182,0.2883030303030303
37794,0.2005151515151515,0.4202727272727273,0.37921212121212117
37834,0.2914242424242424,0.4202727272727273,0.2883030303030303
37841,0.2005151515151515,0.4202727272727273,0.37921212121212117
37868,0.2005151515151515,0.5111818181818182,0.2883030303030303
37871,0.2005151515151515,0.4202727272727273,0.37921212121212117
37899,0.2005151515151515,0.4202727272727273,0.37921212121212117
37942,0.2005151515151515,0.4202727272727273,0.37921212121212117
37968,0.2005151515151515,0.4202727272727273,0.37921212121212117
37984,0.2005151515151515,0.4202727272727273,0.37921212121212117
38016,0.2914242424242424,0.4202727272727273,0.2883030303030303
38065,0.2005151515151515,0.5111818181818182,0.2883030303030303
38109,0.2005151515151515,0.4202727272727273,0.37921212121212117
38217,0.2005151515151515,0.5111818181818182,0.2883030303030303
38240,0.2005151515151515,0.4202727272727273,0.37921212121212117
38266,0.2005151515151515,0.5111818181818182,0.2883030303030303
38283,0.2005151515151515,0.5111818181818182,0.2883030303030303
38372,0.2005151515151515,0.5111818181818182,0.2883030303030303
38509,0.2005151515151515,0.4202727272727273,0.37921212121212117
38555,0.2005151515151515,0.4202727272727273,0.37921212121212117
38608,0.18380555555555556,0.5519166666666667,0.2642777777777778
38640,0.2005151515151515,0.5111818181818182,0.2883030303030303
38641,0.2914242424242424,0.4202727272727273,0.2883030303030303
38663,0.2005151515151515,0.4202727272727273,0.37921212121212117
38670,0.2005151515151515,0.5111818181818182,0.2883030303030303
38726,0.2005151515151515,0.5111818181818182,0.2883030303030303
38784,0.2005151515151515,0.5111818181818182,0.2883030303030303
38878,0.2914242424242424,0.4202727272727273,0.2883030303030303
38881,0.2005151515151515,0.5111818181818182,0.2883030303030303
38890,0.2005151515151515,0.5111818181818182,0.2883030303030303
38957,0.2005151515151515,0.4202727272727273,0.37921212121212117
38989,0.2005151515151515,0.5111818181818182,0.2883030303030303
39008,0.2005151515151515,0.5111818181818182,0.2883030303030303
39048,0.2005151515151515,0.4202727272727273,0.37921212121212117
39131,0.2005151515151515,0.5111818181818182,0.2883030303030303
39165,0.2005151515151515,0.5111818181818182,0.2883030303030303
39199,0.2005151515151515,0.5111818181818182,0.2883030303030303
39269,0.2005151515151515,0.4202727272727273,0.37921212121212117
39281,0.2005151515151515,0.5111818181818182,0.2883030303030303
39289,0.2005151515151515,0.4202727272727273,0.37921212121212117
39300,0.2005151515151515,0.5111818181818182,0.2883030303030303
39302,0.2005151515151515,0.5111818181818182,0.2883030303030303
39425,0.2005151515151515,0.5111818181818182,0.2883030303030303
39465,0.2005151515151515,0.5111818181818182,0.2883030303030303
39485,0.2005151515151515,0.5111818181818182,0.2883030303030303
39489,0.18380555555555556,0.38525000000000004,0.4309444444444444
39635,0.2005151515151515,0.4202727272727273,0.37921212121212117
39653,0.2005151515151515,0.5111818181818182,0.2883030303030303
39733,0.2005151515151515,0.5111818181818182,0.2883030303030303
39744,0.2005151515151515,0.5111818181818182,0.2883030303030303
39794,0.2005151515151515,0.5111818181818182,0.2883030303030303
39797,0.2005151515151515,0.5111818181818182,0.2883030303030303
39814,0.2005151515151515,0.5111818181818182,0.2883030303030303
39819,0.2005151515151515,0.4202727272727273,0.37921212121212117
39846,0.2005151515151515,0.5111818181818182,0.2883030303030303
39850,0.2005151515151515,0.5111818181818182,0.2883030303030303
39903,0.2005151515151515,0.4202727272727273,0.37921212121212117
39906,0.2914242424242424,0.4202727272727273,0.2883030303030303
39983,0.2005151515151515,0.5111818181818182,0.2883030303030303
39999,0.2005151515151515,0.5111818181818182,0.2883030303030303
40031,0.2005151515151515,0.4202727272727273,0.37921212121212117
40077,0.2005151515151515,0.4202727272727273,0.37921212121212117
40187,0.2005151515151515,0.5111818181818182,0.2883030303030303
40262,0.2005151515151515,0.5111818181818182,0.2883030303030303
40372,0.2005151515151515,0.5111818181818182,0.2883030303030303
40389,0.2005151515151515,0.4202727272727273,0.37921212121212117
40431,0.2005151515151515,0.5111818181818182,0.2883030303030303
40450,0.2005151515151515,0.5111818181818182,0.2883030303030303
40555,0.2005151515151515,0.4202727272727273,0.37921212121212117
40558,0.2005151515151515,0.4202727272727273,0.37921212121212117
40603,0.2005151515151515,0.4202727272727273,0.37921212121212117
40641,0.2005151515151515,0.5111818181818182,0.2883030303030303
40674,0.2005151515151515,0.5111818181818182,0.2883030303030303
40678,0.2005151515151515,0.5111818181818182,0.2883030303030303
40683,0.2005151515151515,0.5111818181818182,0.2883030303030303
40689,0.2005151515151515,0.5111818181818182,0.2883030303030303
40726,0.2005151515151515,0.4202727272727273,0.37921212121212117
40750,0.2005151515151515,0.4202727272727273,0.37921212121212117
40765,0.2005151515151515,0.4202727272727273,0.37921212121212117
40875,0.2005151515151515,0.5111818181818182,0.2883030303030303
40877,0.2005151515151515,0.4202727272727273,0.37921212121212117
40896,0.2005151515151515,0.5111818181818182,0.2883030303030303
40919,0.2005151515151515,0.5111818181818182,0.2883030303030303
40942,0.2005151515151515,0.5111818181818182,0.2883030303030303
40981,0.2005151515151515,0.5111818181818182,0.2883030303030303
40989,0.2005151515151515,0.4202727272727273,0.37921212121212117
40992,0.2005151515151515,0.4202727272727273,0.37921212121212117
41086,0.2005151515151515,0.5111818181818182,0.2883030303030303
41172,0.18380555555555556,0.5519166666666667,0.2642777777777778
41232,0.2005151515151515,0.4202727272727273,0.37921212121212117
41234,0.2005151515151515,0.5111818181818182,0.2883030303030303
41285,0.2005151515151515,0.5111818181818182,0.2883030303030303
41301,0.2005151515151515,0.5111818181818182,0.2883030303030303
41346,0.2005151515151515,0.5111818181818182,0.2883030303030303
41395,0.2005151515151515,0.4202727272727273,0.37921212121212117
41401,0.2005151515151515,0.5111818181818182,0.2883030303030303
41414,0.2005151515151515,0.5111818181818182,0.2883030303030303
41423,0.2005151515151515,0.5111818181818182,0.2883030303030303
41483,0.2005151515151515,0.5111818181818182,0.2883030303030303
41578,0.2914242424242424,0.4202727272727273,0.2883030303030303
41695,0.2005151515151515,0.5111818181818182,0.2883030303030303
41879,0.2005151515151515,0.5111818181818182,0.2883030303030303
41889,0.2005151515151515,0.5111818181818182,0.2883030303030303
41890,0.2005151515151515,0.5111818181818182,0.2883030303030303
41908,0.2005151515151515,0.5111818181818182,0.2883030303030303
42037,0.2005151515151515,0.4202727272727273,0.37921212121212117
42053,0.2005151515151515,0.5111818181818182,0.2883030303030303
42057,0.2005151515151515,0.4202727272727273,0.37921212121212117
42078,0.2005151515151515,0.5111818181818182,0.2883030303030303
42079,0.2005151515151515,0.4202727272727273,0.37921212121212117
42084,0.2005151515151515,0.5111818181818182,0.2883030303030303
42121,0.2005151515151515,0.5111818181818182,0.2883030303030303
42153,0.2005151515151515,0.5111818181818182,0.2883030303030303
42171,0.2005151515151515,0.5111818181818182,0.2883030303030303
42260,0.2914242424242424,0.4202727272727273,0.2883030303030303
42263,0.2005151515151515,0.5111818181818182,0.2883030303030303
42265,0.2005151515151515,0.5111818181818182,0.2883030303030303
42285,0.2005151515151515,0.4202727272727273,0.37921212121212117
42329,0.2005151515151515,0.4202727272727273,0.37921212121212117
42365,0.2914242424242424,0.4202727272727273,0.2883030303030303
42372,0.2005151515151515,0.5111818181818182,0.2883030303030303
42426,0.2005151515151515,0.5111818181818182,0.2883030303030303
42456,0.2005151515151515,0.4202727272727273,0.37921212121212117
42468,0.2005151515151515,0.5111818181818182,0.2883030303030303
42533,0.2005151515151515,0.4202727272727273,0.37921212121212117
42549,0.2005151515151515,0.4202727272727273,0.37921212121212117
42554,0.2005151515151515,0.4202727272727273,0.37921212121212117
42561,0.2914242424242424,0.4202727272727273,0.2883030303030303
42580,0.2005151515151515,0.4202727272727273,0.37921212121212117
42589,0.2005151515151515,0.5111818181818182,0.2883030303030303
42594,0.2914242424242424,0.4202727272727273,0.2883030303030303
42604,0.2005151515151515,0.5111818181818182,0.2883030303030303
42619,0.2005151515151515,0.4202727272727273,0.37921212121212117
42633,0.2005151515151515,0.4202727272727273,0.37921212121212117
42662,0.2005151515151515,0.4202727272727273,0.37921212121212117
42674,0.2914242424242424,0.4202727272727273,0.2883030303030303
42687,0.2005151515151515,0.5111818181818182,0.2883030303030303
42707,0.2005151515151515,0.5111818181818182,0.2883030303030303
42816,0.2005151515151515,0.4202727272727273,0.37921212121212117
42865,0.2005151515151515,0.5111818181818182,0.2883030303030303
42907,0.2005151515151515,0.5111818181818182,0.2883030303030303
42934,0.2005151515151515,0.5111818181818182,0.2883030303030303
42971,0.2005151515151515,0.5111818181818182,0.2883030303030303
42979,0.2005151515151515,0.4202727272727273,0.37921212121212117
43333,0.2005151515151515,0.5111818181818182,0.2883030303030303
43336,0.2005151515151515,0.5111818181818182,0.2883030303030303
43343,0.2005151515151515,0.4202727272727273,0.37921212121212117
43358,0.2005151515151515,0.5111818181818182,0.2883030303030303
43446,0.2005151515151515,0.5111818181818182,0.2883030303030303
43464,0.2005151515151515,0.5111818181818182,0.2883030303030303
43500,0.2005151515151515,0.5111818181818182,0.2883030303030303
43503,0.2005151515151515,0.5111818181818182,0.2883030303030303
43528,0.2005151515151515,0.5111818181818182,0.2883030303030303
43552,0.2005151515151515,0.5111818181818182,0.2883030303030303
43597,0.2914242424242424,0.4202727272727273,0.2883030303030303
43657,0.2005151515151515,0.5111818181818182,0.2883030303030303
43703,0.2005151515151515,0.4202727272727273,0.37921212121212117
43748,0.2005151515151515,0.5111818181818182,0.2883030303030303
43790,0.2914242424242424,0.4202727272727273,0.2883030303030303
43819,0.2005151515151515,0.5111818181818182,0.2883030303030303
43894,0.2005151515151515,0.4202727272727273,0.37921212121212117
43907,0.2914242424242424,0.4202727272727273,0.2883030303030303
43929,0.2914242424242424,0.4202727272727273,0.2883030303030303
43963,0.2005151515151515,0.5111818181818182,0.2883030303030303
43980,0.2005151515151515,0.5111818181818182,0.2883030303030303
44025,0.2005151515151515,0.4202727272727273,0.37921212121212117
44066,0.2005151515151515,0.4202727272727273,0.37921212121212117
44091,0.2005151515151515,0.4202727272727273,0.37921212121212117
44101,0.2005151515151515,0.5111818181818182,0.2883030303030303
44124,0.2005151515151515,0.5111818181818182,0.2883030303030303
44144,0.2005151515151515,0.5111818181818182,0.2883030303030303
44145,0.2005151515151515,0.5111818181818182,0.2883030303030303
44188,0.2914242424242424,0.4202727272727273,0.2883030303030303
44251,0.2005151515151515,0.4202727272727273,0.37921212121212117
44252,0.2005151515151515,0.5111818181818182,0.2883030303030303
44268,0.2005151515151515,0.5111818181818182,0.2883030303030303
44288,0.2005151515151515,0.5111818181818182,0.2883030303030303
44323,0.2005151515151515,0.5111818181818182,0.2883030303030303
44339,0.2005151515151515,0.5111818181818182,0.2883030303030303
44418,0.2005151515151515,0.5111818181818182,0.2883030303030303
44455,0.2005151515151515,0.4202727272727273,0.37921212121212117
44510,0.2005151515151515,0.5111818181818182,0.2883030303030303
44574,0.2005151515151515,0.4202727272727273,0.37921212121212117
44604,0.2005151515151515,0.5111818181818182,0.2883030303030303
44605,0.2005151515151515,0.5111818181818182,0.2883030303030303
44610,0.2005151515151515,0.4202727272727273,0.37921212121212117
44611,0.2005151515151515,0.5111818181818182,0.2883030303030303
44633,0.2914242424242424,0.4202727272727273,0.2883030303030303
44666,0.18380555555555556,0.38525000000000004,0.4309444444444444
44696,0.2005151515151515,0.5111818181818182,0.2883030303030303
44718,0.2005151515151515,0.5111818181818182,0.2883030303030303
44735,0.2005151515151515,0.5111818181818182,0.2883030303030303
44768,0.2005151515151515,0.4202727272727273,0.37921212121212117
44809,0.2005151515151515,0.5111818181818182,0.2883030303030303
44921,0.2005151515151515,0.4202727272727273,0.37921212121212117
45032,0.2914242424242424,0.4202727272727273,0.2883030303030303
45051,0.2005151515151515,0.5111818181818182,0.2883030303030303
45062,0.2005151515151515,0.4202727272727273,0.37921212121212117
45120,0.2005151515151515,0.5111818181818182,0.2883030303030303
45140,0.2914242424242424,0.4202727272727273,0.2883030303030303
45152,0.2005151515151515,0.5111818181818182,0.2883030303030303
45165,0.2005151515151515,0.4202727272727273,0.37921212121212117
45228,0.2005151515151515,0.4202727272727273,0.37921212121212117
45259,0.2005151515151515,0.4202727272727273,0.37921212121212117
45266,0.2005151515151515,0.5111818181818182,0.2883030303030303
45284,0.2005151515151515,0.5111818181818182,0.2883030303030303
45298,0.2005151515151515,0.5111818181818182,0.2883030303030303
45322,0.2005151515151515,0.5111818181818182,0.2883030303030303
45346,0.2005151515151515,0.4202727272727273,0.37921212121212117
45364,0.2005151515151515,0.5111818181818182,0.2883030303030303
45375,0.2005151515151515,0.5111818181818182,0.2883030303030303
45378,0.2914242424242424,0.4202727272727273,0.2883030303030303
45398,0.2005151515151515,0.4202727272727273,0.37921212121212117
45465,0.2005151515151515,0.5111818181818182,0.2883030303030303
45511,0.2005151515151515,0.5111818181818182,0.2883030303030303
45569,0.2005151515151515,0.5111818181818182,0.2883030303030303
45577,0.2005151515151515,0.4202727272727273,0.37921212121212117
45596,0.2005151515151515,0.5111818181818182,0.2883030303030303
45617,0.2005151515151515,0.5111818181818182,0.2883030303030303
45680,0.2005151515151515,0.5111818181818182,0.2883030303030303
45681,0.2914242424242424,0.4202727272727273,0.2883030303030303
45758,0.2005151515151515,0.4202727272727273,0.37921212121212117
45774,0.2005151515151515,0.5111818181818182,0.2883030303030303
45820,0.2005151515151515,0.4202727272727273,0.37921212121212117
45828,0.2005151515151515,0.5111818181818182,0.2883030303030303
45874,0.2005151515151515,0.4202727272727273,0.37921212121212117
45878,0.2005151515151515,0.5111818181818182,0.2883030303030303
45918,0.18380555555555556,0.5519166666666667,0.2642777777777778
45987,0.2005151515151515,0.4202727272727273,0.37921212121212117
45999,0.2005151515151515,0.5111818181818182,0.2883030303030303
46018,0.2005151515151515,0.5111818181818182,0.2883030303030303
46031,0.2005151515151515,0.4202727272727273,0.37921212121212117
46055,0.2005151515151515,0.5111818181818182,0.2883030303030303
46131,0.2005151515151515,0.4202727272727273,0.37921212121212117
46135,0.2005151515151515,0.5111818181818182,0.2883030303030303
46147,0.2914242424242424,0.4202727272727273,0.2883030303030303
46152,0.2005151515151515,0.4202727272727273,0.37921212121212117
46155,0.2005151515151515,0.4202727272727273,0.37921212121212117
46160,0.18380555555555556,0.5519166666666667,0.2642777777777778
46166,0.2005151515151515,0.4202727272727273,0.37921212121212117
46260,0.2005151515151515,0.4202727272727273,0.37921212121212117
46329,0.2914242424242424,0.4202727272727273,0.2883030303030303
46338,0.2005151515151515,0.5111818181818182,0.2883030303030303
46349,0.2005151515151515,0.5111818181818182,0.2883030303030303
46411,0.2914242424242424,0.4202727272727273,0.2883030303030303
46532,0.2005151515151515,0.4202727272727273,0.37921212121212117
46534,0.2005151515151515,0.5111818181818182,0.2883030303030303
46593,0.2005151515151515,0.4202727272727273,0.37921212121212117
46652,0.2005151515151515,0.4202727272727273,0.37921212121212117
46664,0.2005151515151515,0.4202727272727273,0.37921212121212117
46714,0.2005151515151515,0.4202727272727273,0.37921212121212117
46771,0.2005151515151515,0.5111818181818182,0.2883030303030303
46832,0.2005151515151515,0.5111818181818182,0.2883030303030303
46838,0.2005151515151515,0.4202727272727273,0.37921212121212117
46869,0.2005151515151515,0.5111818181818182,0.2883030303030303
46944,0.2005151515151515,0.4202727272727273,0.37921212121212117
46993,0.2005151515151515,0.4202727272727273,0.37921212121212117
47075,0.2005151515151515,0.5111818181818182,0.2883030303030303
47081,0.2005151515151515,0.5111818181818182,0.2883030303030303
47113,0.2005151515151515,0.5111818181818182,0.2883030303030303
47138,0.2005151515151515,0.5111818181818182,0.2883030303030303
47199,0.2005151515151515,0.5111818181818182,0.2883030303030303
47225,0.2005151515151515,0.5111818181818182,0.2883030303030303
47280,0.2005151515151515,0.5111818181818182,0.2883030303030303
47310,0.2005151515151515,0.4202727272727273,0.37921212121212117
47311,0.2005151515151515,0.4202727272727273,0.37921212121212117
47354,0.2005151515151515,0.4202727272727273,0.37921212121212117
47435,0.2005151515151515,0.4202727272727273,0.37921212121212117
47438,0.2005151515151515,0.5111818181818182,0.2883030303030303
47448,0.2005151515151515,0.5111818181818182,0.2883030303030303
47536,0.2005151515151515,0.5111818181818182,0.2883030303030303
47589,0.2914242424242424,0.4202727272727273,0.2883030303030303
47622,0.2005151515151515,0.5111818181818182,0.2883030303030303
47777,0.2005151515151515,0.4202727272727273,0.37921212121212117
47786,0.2005151515151515,0.5111818181818182,0.2883030303030303
47788,0.2005151515151515,0.4202727272727273,0.37921212121212117
47808,0.2005151515151515,0.4202727272727273,0.37921212121212117
47815,0.2005151515151515,0.5111818181818182,0.2883030303030303
47842,0.2005151515151515,0.5111818181818182,0.2883030303030303
47854,0.2005151515151515,0.5111818181818182,0.2883030303030303
47910,0.2005151515151515,0.5111818181818182,0.2883030303030303
47982,0.2005151515151515,0.5111818181818182,0.2883030303030303
47995,0.2005151515151515,0.5111818181818182,0.2883030303030303
48041,0.2005151515151515,0.4202727272727273,0.37921212121212117
48070,0.2914242424242424,0.4202727272727273,0.2883030303030303
48091,0.2005151515151515,0.4202727272727273,0.37921212121212117
48150,0.2005151515151515,0.5111818181818182,0.2883030303030303
48270,0.2005151515151515,0.5111818181818182,0.2883030303030303
48274,0.2005151515151515,0.5111818181818182,0.2883030303030303
48318,0.2005151515151515,0.5111818181818182,0.2883030303030303
48325,0.2005151515151515,0.4202727272727273,0.37921212121212117
48364,0.2005151515151515,0.5111818181818182,0.2883030303030303
48447,0.2005151515151515,0.4202727272727273,0.37921212121212117
48505,0.2005151515151515,0.5111818181818182,0.2883030303030303
48525,0.2005151515151515,0.5111818181818182,0.2883030303030303
48562,0.2005151515151515,0.5111818181818182,0.2883030303030303
48573,0.2005151515151515,0.5111818181818182,0.2883030303030303
48608,0.2005151515151515,0.5111818181818182,0.2883030303030303
48622,0.2005151515151515,0.5111818181818182,0.2883030303030303
48652,0.2005151515151515,0.5111818181818182,0.2883030303030303
48700,0.2005151515151515,0.5111818181818182,0.2883030303030303
48714,0.2005151515151515,0.5111818181818182,0.2883030303030303
48792,0.2005151515151515,0.5111818181818182,0.2883030303030303
48798,0.2005151515151515,0.4202727272727273,0.37921212121212117
48807,0.2005151515151515,0.4202727272727273,0.37921212121212117
48832,0.2914242424242424,0.4202727272727273,0.2883030303030303
48860,0.2005151515151515,0.5111818181818182,0.2883030303030303
48942,0.2914242424242424,0.4202727272727273,0.2883030303030303
48944,0.2005151515151515,0.5111818181818182,0.2883030303030303
49097,0.2005151515151515,0.5111818181818182,0.2883030303030303
49206,0.2005151515151515,0.5111818181818182,0.2883030303030303
49234,0.2914242424242424,0.4202727272727273,0.2883030303030303
49326,0.2005151515151515,0.4202727272727273,0.37921212121212117
49342,0.2005151515151515,0.5111818181818182,0.2883030303030303
49384,0.2005151515151515,0.5111818181818182,0.2883030303030303
49425,0.2005151515151515,0.4202727272727273,0.37921212121212117
49443,0.2005151515151515,0.5111818181818182,0.2883030303030303
49489,0.2005151515151515,0.4202727272727273,0.37921212121212117
49492,0.2005151515151515,0.5111818181818182,0.2883030303030303
49539,0.2005151515151515,0.4202727272727273,0.37921212121212117
49611,0.2005151515151515,0.5111818181818182,0.2883030303030303
49612,0.2005151515151515,0.5111818181818182,0.2883030303030303
49653,0.2005151515151515,0.5111818181818182,0.2883030303030303
49826,0.2005151515151515,0.5111818181818182,0.2883030303030303
49892,0.2005151515151515,0.5111818181818182,0.2883030303030303
49901,0.2005151515151515,0.5111818181818182,0.2883030303030303
49937,0.2005151515151515,0.5111818181818182,0.2883030303030303
49938,0.2005151515151515,0.4202727272727273,0.37921212121212117
49960,0.2005151515151515,0.5111818181818182,0.2883030303030303
49993,0.2005151515151515,0.5111818181818182,0.2883030303030303
50015,0.2005151515151515,0.5111818181818182,0.2883030303030303
50041,0.2005151515151515,0.5111818181818182,0.2883030303030303
50059,0.2005151515151515,0.4202727272727273,0.37921212121212117
50106,0.2005151515151515,0.5111818181818182,0.2883030303030303
50120,0.2005151515151515,0.5111818181818182,0.2883030303030303
50121,0.2005151515151515,0.5111818181818182,0.2883030303030303
50170,0.2005151515151515,0.4202727272727273,0.37921212121212117
50280,0.2005151515151515,0.5111818181818182,0.2883030303030303
50300,0.2005151515151515,0.4202727272727273,0.37921212121212117
50340,0.2005151515151515,0.4202727272727273,0.37921212121212117
50368,0.2005151515151515,0.5111818181818182,0.2883030303030303
50392,0.2005151515151515,0.5111818181818182,0.2883030303030303
50429,0.2005151515151515,0.5111818181818182,0.2883030303030303
50450,0.2005151515151515,0.5111818181818182,0.2883030303030303
50552,0.2005151515151515,0.5111818181818182,0.2883030303030303
50553,0.2005151515151515,0.5111818181818182,0.2883030303030303
50574,0.2005151515151515,0.4202727272727273,0.37921212121212117
50603,0.2005151515151515,0.4202727272727273,0.37921212121212117
50634,0.2005151515151515,0.4202727272727273,0.37921212121212117
50719,0.2005151515151515,0.5111818181818182,0.2883030303030303
50731,0.2005151515151515,0.5111818181818182,0.2883030303030303
50793,0.2005151515151515,0.4202727272727273,0.37921212121212117
50868,0.2005151515151515,0.5111818181818182,0.2883030303030303
50884,0.2005151515151515,0.4202727272727273,0.37921212121212117
50885,0.2914242424242424,0.4202727272727273,0.2883030303030303
50934,0.2005151515151515,0.4202727272727273,0.37921212121212117
50975,0.2005151515151515,0.4202727272727273,0.37921212121212117
50989,0.2005151515151515,0.5111818181818182,0.2883030303030303
51005,0.2005151515151515,0.4202727272727273,0.37921212121212117
51011,0.2005151515151515,0.5111818181818182,0.2883030303030303
51024,0.2005151515151515,0.5111818181818182,0.2883030303030303
51041,0.2005151515151515,0.5111818181818182,0.2883030303030303
51094,0.2005151515151515,0.4202727272727273,0.37921212121212117
51119,0.2005151515151515,0.4202727272727273,0.37921212121212117
51139,0.2005151515151515,0.5111818181818182,0.2883030303030303
51147,0.2005151515151515,0.4202727272727273,0.37921212121212117
51150,0.2005151515151515,0.5111818181818182,0.2883030303030303
51214,0.2005151515151515,0.4202727272727273,0.37921212121212117
51221,0.2005151515151515,0.5111818181818182,0.2883030303030303
51256,0.2005151515151515,0.4202727272727273,0.37921212121212117
51297,0.2005151515151515,0.5111818181818182,0.2883030303030303
51344,0.2005151515151515,0.5111818181818182,0.2883030303030303
51378,0.2914242424242424,0.4202727272727273,0.2883030303030303
51414,0.2005151515151515,0.5111818181818182,0.2883030303030303
51426,0.2005151515151515,0.5111818181818182,0.2883030303030303
51430,0.2914242424242424,0.4202727272727273,0.2883030303030303
51434,0.2005151515151515,0.4202727272727273,0.37921212121212117
51476,0.2005151515151515,0.5111818181818182,0.2883030303030303
51661,0.2005151515151515,0.5111818181818182,0.2883030303030303
51862,0.2914242424242424,0.4202727272727273,0.2883030303030303
51879,0.2005151515151515,0.5111818181818182,0.2883030303030303
51900,0.2005151515151515,0.5111818181818182,0.2883030303030303
52001,0.2005151515151515,0.4202727272727273,0.37921212121212117
52023,0.18380555555555556,0.5519166666666667,0.2642777777777778
52123,0.2005151515151515,0.4202727272727273,0.37921212121212117
52153,0.2005151515151515,0.5111818181818182,0.2883030303030303
52342,0.2005151515151515,0.5111818181818182,0.2883030303030303
52389,0.2005151515151515,0.4202727272727273,0.37921212121212117
52485,0.2005151515151515,0.4202727272727273,0.37921212121212117
52536,0.2005151515151515,0.4202727272727273,0.37921212121212117
52569,0.2005151515151515,0.5111818181818182,0.2883030303030303
52571,0.2005151515151515,0.5111818181818182,0.2883030303030303
52632,0.2005151515151515,0.4202727272727273,0.37921212121212117
52706,0.2005151515151515,0.4202727272727273,0.37921212121212117
52724,0.2005151515151515,0.5111818181818182,0.2883030303030303
52732,0.2005151515151515,0.5111818181818182,0.2883030303030303
52784,0.2005151515151515,0.4202727272727273,0.37921212121212117
52824,0.2005151515151515,0.4202727272727273,0.37921212121212117
52862,0.2005151515151515,0.5111818181818182,0.2883030303030303
52870,0.2005151515151515,0.4202727272727273,0.37921212121212117
52901,0.2005151515151515,0.5111818181818182,0.2883030303030303
52908,0.2005151515151515,0.5111818181818182,0.2883030303030303
52921,0.2005151515151515,0.5111818181818182,0.2883030303030303
52973,0.2005151515151515,0.4202727272727273,0.37921212121212117
53014,0.2005151515151515,0.5111818181818182,0.2883030303030303
53058,0.2005151515151515,0.5111818181818182,0.2883030303030303
53099,0.2914242424242424,0.4202727272727273,0.2883030303030303
53115,0.2005151515151515,0.5111818181818182,0.2883030303030303
53117,0.2005151515151515,0.5111818181818182,0.2883030303030303
53125,0.2005151515151515,0.5111818181818182,0.2883030303030303
53166,0.2005151515151515,0.5111818181818182,0.2883030303030303
53248,0.2005151515151515,0.5111818181818182,0.2883030303030303
53255,0.2005151515151515,0.5111818181818182,0.2883030303030303
53289,0.2005151515151515,0.5111818181818182,0.2883030303030303
53327,0.2005151515151515,0.4202727272727273,0.37921212121212117
53432,0.2005151515151515,0.4202727272727273,0.37921212121212117
53468,0.2005151515151515,0.5111818181818182,0.2883030303030303
53485,0.2005151515151515,0.4202727272727273,0.37921212121212117
53496,0.2005151515151515,0.5111818181818182,0.2883030303030303
53533,0.2005151515151515,0.4202727272727273,0.37921212121212117
53534,0.2005151515151515,0.5111818181818182,0.2883030303030303
53680,0.2005151515151515,0.5111818181818182,0.2883030303030303
53682,0.2005151515151515,0.5111818181818182,0.2883030303030303
53709,0.2005151515151515,0.5111818181818182,0.2883030303030303
53783,0.2005151515151515,0.5111818181818182,0.2883030303030303
53814,0.2005151515151515,0.4202727272727273,0.37921212121212117
53837,0.2005151515151515,0.4202727272727273,0.37921212121212117
53846,0.2914242424242424,0.4202727272727273,0.2883030303030303
53854,0.2005151515151515,0.5111818181818182,0.2883030303030303
53881,0.2005151515151515,0.5111818181818182,0.2883030303030303
53903,0.2005151515151515,0.5111818181818182,0.2883030303030303
53907,0.2005151515151515,0.5111818181818182,0.2883030303030303
53915,0.2005151515151515,0.5111818181818182,0.2883030303030303
53941,0.2005151515151515,0.4202727272727273,0.37921212121212117
54003,0.2005151515151515,0.5111818181818182,0.2883030303030303
54051,0.2005151515151515,0.4202727272727273,0.37921212121212117
54059,0.2005151515151515,0.5111818181818182,0.2883030303030303
54103,0.2005151515151515,0.4202727272727273,0.37921212121212117
54109,0.2005151515151515,0.4202727272727273,0.37921212121212117
54158,0.2005151515151515,0.5111818181818182,0.2883030303030303
54193,0.2005151515151515,0.5111818181818182,0.2883030303030303
54225,0.2005151515151515,0.4202727272727273,0.37921212121212117
54316,0.2005151515151515,0.5111818181818182,0.2883030303030303
54359,0.2005151515151515,0.4202727272727273,0.37921212121212117
54435,0.2005151515151515,0.5111818181818182,0.2883030303030303
54515,0.2005151515151515,0.4202727272727273,0.37921212121212117
54521,0.2005151515151515,0.4202727272727273,0.37921212121212117
54591,0.2005151515151515,0.4202727272727273,0.37921212121212117
54620,0.2005151515151515,0.4202727272727273,0.37921212121212117
54638,0.2005151515151515,0.5111818181818182,0.2883030303030303
54649,0.2914242424242424,0.4202727272727273,0.2883030303030303
54694,0.2005151515151515,0.4202727272727273,0.37921212121212117
54781,0.2005151515151515,0.4202727272727273,0.37921212121212117
54825,0.2005151515151515,0.5111818181818182,0.2883030303030303
54868,0.2005151515151515,0.4202727272727273,0.37921212121212117
54968,0.2005151515151515,0.5111818181818182,0.2883030303030303
55044,0.2005151515151515,0.5111818181818182,0.2883030303030303
55060,0.2005151515151515,0.5111818181818182,0.2883030303030303
55072,0.2005151515151515,0.4202727272727273,0.37921212121212117
55111,0.2005151515151515,0.5111818181818182,0.2883030303030303
55144,0.2914242424242424,0.4202727272727273,0.2883030303030303
55156,0.18380555555555556,0.5519166666666667,0.2642777777777778
55175,0.2914242424242424,0.4202727272727273,0.2883030303030303
55218,0.2005151515151515,0.5111818181818182,0.2883030303030303
55243,0.2005151515151515,0.5111818181818182,0.2883030303030303
55343,0.2005151515151515,0.5111818181818182,0.2883030303030303
55356,0.2005151515151515,0.5111818181818182,0.2883030303030303
55361,0.2914242424242424,0.4202727272727273,0.2883030303030303
55380,0.2005151515151515,0.4202727272727273,0.37921212121212117
55394,0.2005151515151515,0.5111818181818182,0.2883030303030303
55402,0.2005151515151515,0.5111818181818182,0.2883030303030303
55404,0.2005151515151515,0.5111818181818182,0.2883030303030303
55472,0.2005151515151515,0.5111818181818182,0.2883030303030303
55578,0.2005151515151515,0.5111818181818182,0.2883030303030303
55629,0.2005151515151515,0.5111818181818182,0.2883030303030303
55642,0.2005151515151515,0.5111818181818182,0.2883030303030303
55733,0.2005151515151515,0.5111818181818182,0.2883030303030303
55915,0.2914242424242424,0.4202727272727273,0.2883030303030303
55926,0.2005151515151515,0.4202727272727273,0.37921212121212117
55973,0.2005151515151515,0.5111818181818182,0.2883030303030303
55991,0.2005151515151515,0.5111818181818182,0.2883030303030303
55993,0.2005151515151515,0.4202727272727273,0.37921212121212117
56005,0.2005151515151515,0.5111818181818182,0.2883030303030303
56033,0.2005151515151515,0.5111818181818182,0.2883030303030303
56102,0.2005151515151515,0.5111818181818182,0.2883030303030303
56122,0.2005151515151515,0.4202727272727273,0.37921212121212117
56123,0.2005151515151515,0.4202727272727273,0.37921212121212117
56160,0.2005151515151515,0.4202727272727273,0.37921212121212117
56163,0.2005151515151515,0.5111818181818182,0.2883030303030303
56172,0.2005151515151515,0.5111818181818182,0.2883030303030303
56236,0.2005151515151515,0.5111818181818182,0.2883030303030303
56251,0.2005151515151515,0.4202727272727273,0.37921212121212117
56272,0.2005151515151515,0.5111818181818182,0.2883030303030303
56274,0.2005151515151515,0.5111818181818182,0.2883030303030303
56285,0.2005151515151515,0.5111818181818182,0.2883030303030303
56383,0.2005151515151515,0.5111818181818182,0.2883030303030303
56481,0.2005151515151515,0.4202727272727273,0.37921212121212117
56526,0.2005151515151515,0.5111818181818182,0.2883030303030303
56530,0.2005151515151515,0.5111818181818182,0.2883030303030303
56642,0.2005151515151515,0.5111818181818182,0.2883030303030303
56657,0.2005151515151515,0.4202727272727273,0.37921212121212117
56710,0.2005151515151515,0.5111818181818182,0.2883030303030303
56737,0.2005151515151515,0.5111818181818182,0.2883030303030303
56819,0.2005151515151515,0.5111818181818182,0.2883030303030303
56825,0.2005151515151515,0.5111818181818182,0.2883030303030303
56914,0.2005151515151515,0.4202727272727273,0.37921212121212117
56990,0.2914242424242424,0.4202727272727273,0.2883030303030303
57018,0.2005151515151515,0.5111818181818182,0.2883030303030303
57096,0.2005151515151515,0.5111818181818182,0.2883030303030303
57135,0.2005151515151515,0.4202727272727273,0.37921212121212117
57235,0.2005151515151515,0.4202727272727273,0.37921212121212117
57250,0.2005151515151515,0.5111818181818182,0.2883030303030303
57282,0.2005151515151515,0.4202727272727273,0.37921212121212117
57324,0.2005151515151515,0.5111818181818182,0.2883030303030303
57341,0.2005151515151515,0.5111818181818182,0.2883030303030303
57386,0.2005151515151515,0.5111818181818182,0.2883030303030303
57484,0.2005151515151515,0.4202727272727273,0.37921212121212117
57505,0.2005151515151515,0.5111818181818182,0.2883030303030303
57551,0.2005151515151515,0.5111818181818182,0.2883030303030303
57566,0.2005151515151515,0.5111818181818182,0.2883030303030303
57592,0.2005151515151515,0.4202727272727273,0.37921212121212117
57610,0.2005151515151515,0.5111818181818182,0.2883030303030303
57667,0.2005151515151515,0.5111818181818182,0.2883030303030303
57669,0.2914242424242424,0.4202727272727273,0.2883030303030303
57741,0.2005151515151515,0.4202727272727273,0.37921212121212117
57780,0.2005151515151515,0.5111818181818182,0.2883030303030303
57901,0.2914242424242424,0.4202727272727273,0.2883030303030303
57931,0.2005151515151515,0.5111818181818182,0.2883030303030303
57935,0.2005151515151515,0.5111818181818182,0.2883030303030303
58011,0.2005151515151515,0.5111818181818182,0.2883030303030303
58140,0.2914242424242424,0.4202727272727273,0.2883030303030303
58153,0.2005151515151515,0.5111818181818182,0.2883030303030303
58180,0.2005151515151515,0.5111818181818182,0.2883030303030303
58270,0.2005151515151515,0.5111818181818182,0.2883030303030303
58339,0.2914242424242424,0.4202727272727273,0.2883030303030303
58458,0.2005151515151515,0.4202727272727273,0.37921212121212117
58499,0.2005151515151515,0.5111818181818182,0.2883030303030303
58599,0.2005151515151515,0.5111818181818182,0.2883030303030303
58620,0.2005151515151515,0.5111818181818182,0.2883030303030303
58627,0.2005151515151515,0.5111818181818182,0.2883030303030303
58637,0.2005151515151515,0.4202727272727273,0.37921212121212117
58706,0.2005151515151515,0.5111818181818182,0.2883030303030303
58768,0.2005151515151515,0.5111818181818182,0.2883030303030303
58778,0.2005151515151515,0.5111818181818182,0.2883030303030303
58829,0.2005151515151515,0.5111818181818182,0.2883030303030303
58830,0.2005151515151515,0.5111818181818182,0.2883030303030303
58840,0.2005151515151515,0.4202727272727273,0.37921212121212117
58868,0.2005151515151515,0.5111818181818182,0.2883030303030303
58956,0.2005151515151515,0.5111818181818182,0.2883030303030303
58994,0.2005151515151515,0.4202727272727273,0.37921212121212117
59105,0.2005151515151515,0.4202727272727273,0.37921212121212117
59139,0.2005151515151515,0.5111818181818182,0.2883030303030303
59154,0.2005151515151515,0.5111818181818182,0.2883030303030303
59166,0.2005151515151515,0.5111818181818182,0.2883030303030303
59230,0.2005151515151515,0.4202727272727273,0.37921212121212117
59279,0.2005151515151515,0.5111818181818182,0.2883030303030303
59363,0.2005151515151515,0.5111818181818182,0.2883030303030303
59364,0.2005151515151515,0.5111818181818182,0.2883030303030303
59427,0.2005151515151515,0.4202727272727273,0.37921212121212117
59479,0.2005151515151515,0.5111818181818182,0.2883030303030303
59519,0.2914242424242424,0.4202727272727273,0.2883030303030303
59548,0.2005151515151515,0.4202727272727273,0.37921212121212117
59555,0.2005151515151515,0.5111818181818182,0.2883030303030303
59630,0.2005151515151515,0.4202727272727273,0.37921212121212117
59649,0.18380555555555556,0.38525000000000004,0.4309444444444444
59678,0.2005151515151515,0.4202727272727273,0.37921212121212117
59691,0.2005151515151515,0.5111818181818182,0.2883030303030303
59791,0.2914242424242424,0.4202727272727273,0.2883030303030303
59799,0.2005151515151515,0.5111818181818182,0.2883030303030303
59801,0.2005151515151515,0.5111818181818182,0.2883030303030303
59802,0.2005151515151515,0.5111818181818182,0.2883030303030303
59812,0.2005151515151515,0.5111818181818182,0.2883030303030303
59844,0.2914242424242424,0.4202727272727273,0.2883030303030303
59845,0.2005151515151515,0.5111818181818182,0.2883030303030303
59948,0.2005151515151515,0.5111818181818182,0.2883030303030303
59969,0.2005151515151515,0.5111818181818182,0.2883030303030303
59972,0.2005151515151515,0.4202727272727273,0.37921212121212117
59991,0.2005151515151515,0.5111818181818182,0.2883030303030303
60012,0.2005151515151515,0.4202727272727273,0.37921212121212117
60157,0.2005151515151515,0.5111818181818182,0.2883030303030303
60170,0.2005151515151515,0.4202727272727273,0.37921212121212117
60171,0.2005151515151515,0.5111818181818182,0.2883030303030303
60332,0.2914242424242424,0.4202727272727273,0.2883030303030303
60335,0.2914242424242424,0.4202727272727273,0.2883030303030303
60463,0.2005151515151515,0.5111818181818182,0.2883030303030303
60476,0.2914242424242424,0.4202727272727273,0.2883030303030303
60492,0.2005151515151515,0.5111818181818182,0.2883030303030303
60570,0.2005151515151515,0.5111818181818182,0.2883030303030303
60593,0.2005151515151515,0.5111818181818182,0.2883030303030303
60700,0.2005151515151515,0.4202727272727273,0.37921212121212117
60740,0.2005151515151515,0.5111818181818182,0.2883030303030303
60757,0.2005151515151515,0.5111818181818182,0.2883030303030303
60798,0.2005151515151515,0.5111818181818182,0.2883030303030303
60845,0.2005151515151515,0.5111818181818182,0.2883030303030303
60976,0.2005151515151515,0.5111818181818182,0.2883030303030303
60986,0.2005151515151515,0.5111818181818182,0.2883030303030303
61009,0.2005151515151515,0.4202727272727273,0.37921212121212117
61036,0.2005151515151515,0.4202727272727273,0.37921212121212117
61123,0.2914242424242424,0.4202727272727273,0.2883030303030303
61153,0.2005151515151515,0.5111818181818182,0.2883030303030303
61192,0.2005151515151515,0.4202727272727273,0.37921212121212117
61253,0.2005151515151515,0.5111818181818182,0.2883030303030303
61311,0.2005151515151515,0.5111818181818182,0.2883030303030303
61323,0.2005151515151515,0.5111818181818182,0.2883030303030303
61390,0.2005151515151515,0.5111818181818182,0.2883030303030303
61457,0.2005151515151515,0.4202727272727273,0.37921212121212117
61464,0.2005151515151515,0.5111818181818182,0.2883030303030303
61528,0.2005151515151515,0.5111818181818182,0.2883030303030303
61577,0.2005151515151515,0.5111818181818182,0.2883030303030303
61596,0.2005151515151515,0.4202727272727273,0.37921212121212117
61659,0.2005151515151515,0.4202727272727273,0.37921212121212117
61749,0.2005151515151515,0.5111818181818182,0.2883030303030303
61767,0.2005151515151515,0.5111818181818182,0.2883030303030303
61806,0.2005151515151515,0.4202727272727273,0.37921212121212117
61919,0.2005151515151515,0.4202727272727273,0.37921212121212117
61984,0.2005151515151515,0.5111818181818182,0.2883030303030303
62138,0.2005151515151515,0.5111818181818182,0.2883030303030303
62222,0.2005151515151515,0.5111818181818182,0.2883030303030303
62384,0.2005151515151515,0.5111818181818182,0.2883030303030303
62487,0.2005151515151515,0.5111818181818182,0.2883030303030303
62515,0.2005151515151515,0.4202727272727273,0.37921212121212117
62543,0.2005151515151515,0.4202727272727273,0.37921212121212117
62566,0.2914242424242424,0.4202727272727273,0.2883030303030303
62567,0.2005151515151515,0.4202727272727273,0.37921212121212117
62607,0.2914242424242424,0.4202727272727273,0.2883030303030303
62672,0.2005151515151515,0.5111818181818182,0.2883030303030303
62673,0.2005151515151515,0.5111818181818182,0.2883030303030303
62702,0.2005151515151515,0.4202727272727273,0.37921212121212117
62704,0.2005151515151515,0.5111818181818182,0.2883030303030303
62727,0.2005151515151515,0.4202727272727273,0.37921212121212117
62734,0.2005151515151515,0.4202727272727273,0.37921212121212117
62752,0.2005151515151515,0.5111818181818182,0.2883030303030303
62754,0.2005151515151515,0.4202727272727273,0.37921212121212117
62773,0.2005151515151515,0.4202727272727273,0.37921212121212117
62776,0.2005151515151515,0.5111818181818182,0.2883030303030303
62803,0.2005151515151515,0.4202727272727273,0.37921212121212117
62845,0.2005151515151515,0.4202727272727273,0.37921212121212117
62869,0.2005151515151515,0.4202727272727273,0.37921212121212117
62894,0.2005151515151515,0.5111818181818182,0.2883030303030303
62913,0.2005151515151515,0.5111818181818182,0.2883030303030303
62925,0.2005151515151515,0.5111818181818182,0.2883030303030303
62936,0.2005151515151515,0.5111818181818182,0.2883030303030303
63006,0.2005151515151515,0.5111818181818182,0.2883030303030303
63028,0.2005151515151515,0.5111818181818182,0.2883030303030303
63043,0.2005151515151515,0.5111818181818182,0.2883030303030303
63071,0.2005151515151515,0.5111818181818182,0.2883030303030303
63109,0.2005151515151515,0.5111818181818182,0.2883030303030303
63176,0.2005151515151515,0.5111818181818182,0.2883030303030303
63222,0.2005151515151515,0.5111818181818182,0.2883030303030303
63225,0.2005151515151515,0.5111818181818182,0.2883030303030303
63227,0.2005151515151515,0.5111818181818182,0.2883030303030303
63270,0.2914242424242424,0.4202727272727273,0.2883030303030303
63298,0.2005151515151515,0.5111818181818182,0.2883030303030303
63301,0.2005151515151515,0.5111818181818182,0.2883030303030303
63306,0.2005151515151515,0.5111818181818182,0.2883030303030303
63372,0.2005151515151515,0.5111818181818182,0.2883030303030303
63429,0.2005151515151515,0.4202727272727273,0.37921212121212117
63447,0.2005151515151515,0.4202727272727273,0.37921212121212117
63502,0.2914242424242424,0.4202727272727273,0.2883030303030303
63540,0.2005151515151515,0.5111818181818182,0.2883030303030303
63541,0.2005151515151515,0.4202727272727273,0.37921212121212117
63712,0.2005151515151515,0.4202727272727273,0.37921212121212117
63743,0.2005151515151515,0.4202727272727273,0.37921212121212117
63760,0.2005151515151515,0.4202727272727273,0.37921212121212117
63804,0.2005151515151515,0.5111818181818182,0.2883030303030303
63881,0.2914242424242424,0.4202727272727273,0.2883030303030303
63916,0.2005151515151515,0.4202727272727273,0.37921212121212117
64123,0.2005151515151515,0.4202727272727273,0.37921212121212117
64174,0.2005151515151515,0.5111818181818182,0.2883030303030303
64191,0.2005151515151515,0.5111818181818182,0.2883030303030303
64195,0.2005151515151515,0.5111818181818182,0.2883030303030303
64317,0.2005151515151515,0.4202727272727273,0.37921212121212117
64334,0.2005151515151515,0.5111818181818182,0.2883030303030303
64375,0.2005151515151515,0.5111818181818182,0.2883030303030303
64480,0.2005151515151515,0.4202727272727273,0.37921212121212117
64505,0.2005151515151515,0.4202727272727273,0.37921212121212117
64550,0.2005151515151515,0.5111818181818182,0.2883030303030303
64565,0.2005151515151515,0.4202727272727273,0.37921212121212117
64601,0.18380555555555556,0.38525000000000004,0.4309444444444444
64602,0.2005151515151515,0.5111818181818182,0.2883030303030303
64623,0.2005151515151515,0.5111818181818182,0.2883030303030303
64648,0.2005151515151515,0.5111818181818182,0.2883030303030303
64668,0.2005151515151515,0.5111818181818182,0.2883030303030303
64676,0.2914242424242424,0.4202727272727273,0.2883030303030303
64701,0.2005151515151515,0.5111818181818182,0.2883030303030303
64710,0.2005151515151515,0.5111818181818182,0.2883030303030303
64733,0.2005151515151515,0.5111818181818182,0.2883030303030303
64757,0.2005151515151515,0.4202727272727273,0.37921212121212117
64785,0.2005151515151515,0.5111818181818182,0.2883030303030303
64786,0.2914242424242424,0.4202727272727273,0.2883030303030303
64854,0.2914242424242424,0.4202727272727273,0.2883030303030303
64874,0.2005151515151515,0.5111818181818182,0.2883030303030303
64890,0.2005151515151515,0.5111818181818182,0.2883030303030303
64921,0.2005151515151515,0.4202727272727273,0.37921212121212117
64985,0.2005151515151515,0.4202727272727273,0.37921212121212117
65050,0.2005151515151515,0.5111818181818182,0.2883030303030303
65074,0.2005151515151515,0.5111818181818182,0.2883030303030303
65105,0.2914242424242424,0.4202727272727273,0.2883030303030303
65285,0.2005151515151515,0.5111818181818182,0.2883030303030303
65301,0.2005151515151515,0.5111818181818182,0.2883030303030303
65353,0.2005151515151515,0.4202727272727273,0.37921212121212117
65401,0.2005151515151515,0.5111818181818182,0.2883030303030303
65406,0.2005151515151515,0.5111818181818182,0.2883030303030303
65500,0.2914242424242424,0.4202727272727273,0.2883030303030303
65526,0.2005151515151515,0.4202727272727273,0.37921212121212117
65742,0.2005151515151515,0.5111818181818182,0.2883030303030303
65792,0.2005151515151515,0.5111818181818182,0.2883030303030303
65834,0.2005151515151515,0.5111818181818182,0.2883030303030303
65962,0.2005151515151515,0.4202727272727273,0.37921212121212117
65987,0.2005151515151515,0.4202727272727273,0.37921212121212117
66360,0.2005151515151515,0.5111818181818182,0.2883030303030303
66368,0.2005151515151515,0.4202727272727273,0.37921212121212117
66515,0.2914242424242424,0.4202727272727273,0.2883030303030303
66545,0.2005151515151515,0.5111818181818182,0.2883030303030303
66547,0.2005151515151515,0.5111818181818182,0.2883030303030303
66571,0.2005151515151515,0.5111818181818182,0.2883030303030303
66624,0.2005151515151515,0.5111818181818182,0.2883030303030303
66653,0.2005151515151515,0.5111818181818182,0.2883030303030303
66655,0.2005151515151515,0.4202727272727273,0.37921212121212117
66665,0.2005151515151515,0.5111818181818182,0.2883030303030303
66673,0.2005151515151515,0.5111818181818182,0.2883030303030303
66699,0.2005151515151515,0.5111818181818182,0.2883030303030303
66704,0.2005151515151515,0.5111818181818182,0.2883030303030303
66707,0.2005151515151515,0.5111818181818182,0.2883030303030303
66726,0.2005151515151515,0.5111818181818182,0.2883030303030303
66964,0.2005151515151515,0.5111818181818182,0.2883030303030303
66988,0.2005151515151515,0.4202727272727273,0.37921212121212117
67096,0.2005151515151515,0.4202727272727273,0.37921212121212117
67158,0.2005151515151515,0.5111818181818182,0.2883030303030303
67160,0.2005151515151515,0.4202727272727273,0.37921212121212117
67215,0.2005151515151515,0.5111818181818182,0.2883030303030303
67242,0.2005151515151515,0.5111818181818182,0.2883030303030303
67376,0.2005151515151515,0.4202727272727273,0.37921212121212117
67433,0.2914242424242424,0.4202727272727273,0.2883030303030303
67463,0.2005151515151515,0.4202727272727273,0.37921212121212117
67508,0.2005151515151515,0.4202727272727273,0.37921212121212117
67510,0.2005151515151515,0.5111818181818182,0.2883030303030303
67570,0.2005151515151515,0.5111818181818182,0.2883030303030303
67659,0.2005151515151515,0.5111818181818182,0.2883030303030303
67675,0.2005151515151515,0.5111818181818182,0.2883030303030303
67823,0.2914242424242424,0.4202727272727273,0.2883030303030303
67896,0.2005151515151515,0.5111818181818182,0.2883030303030303
67913,0.2005151515151515,0.4202727272727273,0.37921212121212117
67996,0.2005151515151515,0.4202727272727273,0.37921212121212117
68088,0.2005151515151515,0.4202727272727273,0.37921212121212117
68235,0.2005151515151515,0.4202727272727273,0.37921212121212117
68301,0.2005151515151515,0.5111818181818182,0.2883030303030303
68327,0.2005151515151515,0.5111818181818182,0.2883030303030303
68342,0.2914242424242424,0.4202727272727273,0.2883030303030303
68507,0.2005151515151515,0.5111818181818182,0.2883030303030303
68547,0.2005151515151515,0.4202727272727273,0.37921212121212117
68622,0.2005151515151515,0.5111818181818182,0.2883030303030303
68683,0.2005151515151515,0.5111818181818182,0.2883030303030303
68755,0.2005151515151515,0.4202727272727273,0.37921212121212117
68769,0.2005151515151515,0.4202727272727273,0.37921212121212117
68797,0.2005151515151515,0.5111818181818182,0.2883030303030303
68812,0.2005151515151515,0.5111818181818182,0.2883030303030303
68823,0.2005151515151515,0.4202727272727273,0.37921212121212117
68870,0.2005151515151515,0.4202727272727273,0.37921212121212117
68911,0.2005151515151515,0.5111818181818182,0.2883030303030303
68914,0.2005151515151515,0.5111818181818182,0.2883030303030303
68943,0.2005151515151515,0.5111818181818182,0.2883030303030303
69165,0.2914242424242424,0.4202727272727273,0.2883030303030303
69176,0.2005151515151515,0.4202727272727273,0.37921212121212117
69230,0.2005151515151515,0.5111818181818182,0.2883030303030303
69258,0.2005151515151515,0.5111818181818182,0.2883030303030303
69282,0.2005151515151515,0.5111818181818182,0.2883030303030303
69430,0.2005151515151515,0.5111818181818182,0.2883030303030303
69496,0.2914242424242424,0.4202727272727273,0.2883030303030303
69570,0.2005151515151515,0.4202727272727273,0.37921212121212117
69628,0.2914242424242424,0.4202727272727273,0.2883030303030303
69706,0.2005151515151515,0.4202727272727273,0.37921212121212117
69901,0.2005151515151515,0.4202727272727273,0.37921212121212117
69916,0.2005151515151515,0.5111818181818182,0.2883030303030303
69989,0.2005151515151515,0.5111818181818182,0.2883030303030303
70002,0.2005151515151515,0.4202727272727273,0.37921212121212117
70023,0.2005151515151515,0.4202727272727273,0.37921212121212117
70080,0.2005151515151515,0.5111818181818182,0.2883030303030303
70082,0.2005151515151515,0.4202727272727273,0.37921212121212117
70102,0.2005151515151515,0.4202727272727273,0.37921212121212117
70260,0.2005151515151515,0.5111818181818182,0.2883030303030303
70333,0.2005151515151515,0.5111818181818182,0.2883030303030303
70467,0.2005151515151515,0.5111818181818182,0.2883030303030303
70666,0.2005151515151515,0.4202727272727273,0.37921212121212117
70680,0.2005151515151515,0.4202727272727273,0.37921212121212117
70763,0.2005151515151515,0.4202727272727273,0.37921212121212117
70902,0.2914242424242424,0.4202727272727273,0.2883030303030303
70920,0.2005151515151515,0.4202727272727273,0.37921212121212117
70940,0.2005151515151515,0.4202727272727273,0.37921212121212117
70993,0.2005151515151515,0.5111818181818182,0.2883030303030303
71075,0.2005151515151515,0.5111818181818182,0.2883030303030303
71078,0.2005151515151515,0.5111818181818182,0.2883030303030303
71118,0.2005151515151515,0.4202727272727273,0.37921212121212117
71124,0.2005151515151515,0.5111818181818182,0.2883030303030303
71180,0.2005151515151515,0.5111818181818182,0.2883030303030303
71209,0.2005151515151515,0.5111818181818182,0.2883030303030303
71223,0.2005151515151515,0.5111818181818182,0.2883030303030303
71225,0.2005151515151515,0.4202727272727273,0.37921212121212117
71233,0.2005151515151515,0.5111818181818182,0.2883030303030303
71270,0.2005151515151515,0.5111818181818182,0.2883030303030303
71296,0.2005151515151515,0.5111818181818182,0.2883030303030303
71329,0.2005151515151515,0.5111818181818182,0.2883030303030303
71361,0.2005151515151515,0.5111818181818182,0.2883030303030303
71422,0.2005151515151515,0.5111818181818182,0.2883030303030303
71442,0.2005151515151515,0.4202727272727273,0.37921212121212117
71483,0.2005151515151515,0.4202727272727273,0.37921212121212117
71486,0.2005151515151515,0.4202727272727273,0.37921212121212117
71689,0.2005151515151515,0.4202727272727273,0.37921212121212117
71692,0.2005151515151515,0.4202727272727273,0.37921212121212117
71762,0.2005151515151515,0.5111818181818182,0.2883030303030303
71764,0.2005151515151515,0.5111818181818182,0.2883030303030303
71863,0.2005151515151515,0.5111818181818182,0.2883030303030303
71894,0.2005151515151515,0.4202727272727273,0.37921212121212117
71918,0.2005151515151515,0.5111818181818182,0.2883030303030303
71973,0.2005151515151515,0.5111818181818182,0.2883030303030303
71990,0.2005151515151515,0.4202727272727273,0.37921212121212117
72121,0.2005151515151515,0.5111818181818182,0.2883030303030303
72207,0.2005151515151515,0.5111818181818182,0.2883030303030303
72217,0.2005151515151515,0.4202727272727273,0.37921212121212117
72251,0.2005151515151515,0.5111818181818182,0.2883030303030303
72263,0.2005151515151515,0.4202727272727273,0.37921212121212117
72274,0.2005151515151515,0.5111818181818182,0.2883030303030303
72385,0.2005151515151515,0.4202727272727273,0.37921212121212117
72405,0.2005151515151515,0.5111818181818182,0.2883030303030303
72435,0.2005151515151515,0.5111818181818182,0.2883030303030303
72455,0.2005151515151515,0.5111818181818182,0.2883030303030303
72532,0.2005151515151515,0.4202727272727273,0.37921212121212117
72598,0.2005151515151515,0.4202727272727273,0.37921212121212117
72601,0.2005151515151515,0.5111818181818182,0.2883030303030303
72658,0.2005151515151515,0.5111818181818182,0.2883030303030303
72673,0.2005151515151515,0.5111818181818182,0.2883030303030303
72842,0.2005151515151515,0.4202727272727273,0.37921212121212117
72953,0.2005151515151515,0.4202727272727273,0.37921212121212117
72992,0.2005151515151515,0.5111818181818182,0.2883030303030303
73039,0.2005151515151515,0.4202727272727273,0.37921212121212117
73095,0.2005151515151515,0.4202727272727273,0.37921212121212117
73111,0.2005151515151515,0.5111818181818182,0.2883030303030303
73155,0.2005151515151515,0.5111818181818182,0.2883030303030303
73210,0.2005151515151515,0.5111818181818182,0.2883030303030303
73226,0.2005151515151515,0.4202727272727273,0.37921212121212117
73242,0.2005151515151515,0.5111818181818182,0.2883030303030303
73275,0.2005151515151515,0.4202727272727273,0.37921212121212117
73295,0.2005151515151515,0.5111818181818182,0.2883030303030303
73322,0.2005151515151515,0.5111818181818182,0.2883030303030303
73323,0.2005151515151515,0.4202727272727273,0.37921212121212117
73330,0.2005151515151515,0.5111818181818182,0.2883030303030303
73347,0.2005151515151515,0.5111818181818182,0.2883030303030303
73400,0.2005151515151515,0.4202727272727273,0.37921212121212117
73542,0.2005151515151515,0.5111818181818182,0.2883030303030303
73558,0.2005151515151515,0.5111818181818182,0.2883030303030303
73623,0.2005151515151515,0.5111818181818182,0.2883030303030303
73679,0.2005151515151515,0.5111818181818182,0.2883030303030303
73773,0.2005151515151515,0.5111818181818182,0.2883030303030303
73777,0.2914242424242424,0.4202727272727273,0.2883030303030303
73796,0.2005151515151515,0.5111818181818182,0.2883030303030303
73828,0.2914242424242424,0.4202727272727273,0.2883030303030303
73860,0.2005151515151515,0.4202727272727273,0.37921212121212117
73872,0.2005151515151515,0.5111818181818182,0.2883030303030303
73973,0.2005151515151515,0.5111818181818182,0.2883030303030303
74038,0.2005151515151515,0.4202727272727273,0.37921212121212117
74052,0.2005151515151515,0.4202727272727273,0.37921212121212117
74235,0.2005151515151515,0.5111818181818182,0.2883030303030303
74283,0.2005151515151515,0.5111818181818182,0.2883030303030303
74369,0.2005151515151515,0.5111818181818182,0.2883030303030303
74389,0.2005151515151515,0.5111818181818182,0.2883030303030303
74459,0.2005151515151515,0.5111818181818182,0.2883030303030303
74549,0.2005151515151515,0.4202727272727273,0.37921212121212117
74642,0.2005151515151515,0.4202727272727273,0.37921212121212117
74700,0.2914242424242424,0.4202727272727273,0.2883030303030303
74747,0.2005151515151515,0.5111818181818182,0.2883030303030303
74813,0.2914242424242424,0.4202727272727273,0.2883030303030303
74861,0.2005151515151515,0.4202727272727273,0.37921212121212117
74947,0.2005151515151515,0.5111818181818182,0.2883030303030303
74986,0.2005151515151515,0.5111818181818182,0.2883030303030303
75034,0.2005151515151515,0.4202727272727273,0.37921212121212117
75046,0.2005151515151515,0.4202727272727273,0.37921212121212117
75074,0.2005151515151515,0.5111818181818182,0.2883030303030303
75131,0.2005151515151515,0.4202727272727273,0.37921212121212117
75150,0.2005151515151515,0.4202727272727273,0.37921212121212117
75214,0.2005151515151515,0.5111818181818182,0.2883030303030303
75238,0.2005151515151515,0.5111818181818182,0.2883030303030303
75247,0.2005151515151515,0.5111818181818182,0.2883030303030303
75341,0.2005151515151515,0.4202727272727273,0.37921212121212117
75718,0.2005151515151515,0.4202727272727273,0.37921212121212117
75806,0.2005151515151515,0.5111818181818182,0.2883030303030303
75817,0.2005151515151515,0.5111818181818182,0.2883030303030303
75859,0.2914242424242424,0.4202727272727273,0.2883030303030303
75868,0.2005151515151515,0.5111818181818182,0.2883030303030303
75894,0.2005151515151515,0.5111818181818182,0.2883030303030303
76007,0.2005151515151515,0.4202727272727273,0.37921212121212117
76008,0.2005151515151515,0.4202727272727273,0.37921212121212117
76062,0.2005151515151515,0.5111818181818182,0.2883030303030303
76074,0.2005151515151515,0.5111818181818182,0.2883030303030303
76255,0.2005151515151515,0.5111818181818182,0.2883030303030303
76302,0.2005151515151515,0.5111818181818182,0.2883030303030303
76353,0.2005151515151515,0.4202727272727273,0.37921212121212117
76456,0.2005151515151515,0.5111818181818182,0.2883030303030303
76669,0.2005151515151515,0.4202727272727273,0.37921212121212117
76831,0.2005151515151515,0.5111818181818182,0.2883030303030303
76855,0.2005151515151515,0.4202727272727273,0.37921212121212117
76913,0.2005151515151515,0.5111818181818182,0.2883030303030303
76923,0.2005151515151515,0.5111818181818182,0.2883030303030303
76966,0.2005151515151515,0.5111818181818182,0.2883030303030303
76991,0.2005151515151515,0.5111818181818182,0.2883030303030303
77020,0.2005151515151515,0.5111818181818182,0.2883030303030303
77052,0.2005151515151515,0.5111818181818182,0.2883030303030303
77142,0.2005151515151515,0.4202727272727273,0.37921212121212117
77181,0.2005151515151515,0.5111818181818182,0.2883030303030303
77188,0.2914242424242424,0.4202727272727273,0.2883030303030303
77202,0.2005151515151515,0.5111818181818182,0.2883030303030303
77327,0.2005151515151515,0.4202727272727273,0.37921212121212117
77361,0.2005151515151515,0.4202727272727273,0.37921212121212117
77377,0.2005151515151515,0.5111818181818182,0.2883030303030303
77705,0.2005151515151515,0.5111818181818182,0.2883030303030303
77813,0.2005151515151515,0.5111818181818182,0.2883030303030303
77889,0.2005151515151515,0.4202727272727273,0.37921212121212117
77993,0.2005151515151515,0.4202727272727273,0.37921212121212117
78004,0.2005151515151515,0.5111818181818182,0.2883030303030303
78108,0.2005151515151515,0.5111818181818182,0.2883030303030303
78130,0.2005151515151515,0.4202727272727273,0.37921212121212117
78260,0.2005151515151515,0.5111818181818182,0.2883030303030303
78286,0.2005151515151515,0.4202727272727273,0.37921212121212117
78374,0.2005151515151515,0.5111818181818182,0.2883030303030303
78380,0.2005151515151515,0.4202727272727273,0.37921212121212117
78402,0.2005151515151515,0.5111818181818182,0.2883030303030303
78413,0.2005151515151515,0.5111818181818182,0.2883030303030303
78418,0.2005151515151515,0.5111818181818182,0.2883030303030303
78463,0.2005151515151515,0.5111818181818182,0.2883030303030303
78578,0.2005151515151515,0.5111818181818182,0.2883030303030303
78622,0.2005151515151515,0.5111818181818182,0.2883030303030303
78699,0.2005151515151515,0.5111818181818182,0.2883030303030303
78716,0.2005151515151515,0.5111818181818182,0.2883030303030303
78841,0.2005151515151515,0.4202727272727273,0.37921212121212117
79087,0.2005151515151515,0.5111818181818182,0.2883030303030303
79111,0.2005151515151515,0.5111818181818182,0.2883030303030303
79162,0.2005151515151515,0.5111818181818182,0.2883030303030303
79185,0.2005151515151515,0.5111818181818182,0.2883030303030303
79203,0.2005151515151515,0.5111818181818182,0.2883030303030303
79294,0.2005151515151515,0.4202727272727273,0.37921212121212117
79400,0.2005151515151515,0.5111818181818182,0.2883030303030303
79471,0.2005151515151515,0.4202727272727273,0.37921212121212117
79531,0.2005151515151515,0.5111818181818182,0.2883030303030303
79655,0.2005151515151515,0.5111818181818182,0.2883030303030303
79948,0.2005151515151515,0.5111818181818182,0.2883030303030303
80005,0.2005151515151515,0.5111818181818182,0.2883030303030303
80023,0.2005151515151515,0.5111818181818182,0.2883030303030303
80050,0.2005151515151515,0.5111818181818182,0.2883030303030303
80056,0.2005151515151515,0.4202727272727273,0.37921212121212117
80238,0.2914242424242424,0.4202727272727273,0.2883030303030303
80333,0.2914242424242424,0.4202727272727273,0.2883030303030303
80351,0.2005151515151515,0.4202727272727273,0.37921212121212117
80424,0.2914242424242424,0.4202727272727273,0.2883030303030303
80474,0.2914242424242424,0.4202727272727273,0.2883030303030303
80495,0.2005151515151515,0.4202727272727273,0.37921212121212117
80562,0.2005151515151515,0.4202727272727273,0.37921212121212117
80582,0.2005151515151515,0.5111818181818182,0.2883030303030303
80601,0.2914242424242424,0.4202727272727273,0.2883030303030303
80657,0.2005151515151515,0.4202727272727273,0.37921212121212117
80658,0.2005151515151515,0.5111818181818182,0.2883030303030303
80762,0.2005151515151515,0.5111818181818182,0.2883030303030303
80771,0.2005151515151515,0.5111818181818182,0.2883030303030303
80776,0.2005151515151515,0.5111818181818182,0.2883030303030303
80827,0.2005151515151515,0.5111818181818182,0.2883030303030303
80849,0.2914242424242424,0.4202727272727273,0.2883030303030303
80877,0.2005151515151515,0.4202727272727273,0.37921212121212117
80890,0.2005151515151515,0.5111818181818182,0.2883030303030303
80976,0.2005151515151515,0.4202727272727273,0.37921212121212117
81043,0.2005151515151515,0.5111818181818182,0.2883030303030303
81136,0.2005151515151515,0.5111818181818182,0.2883030303030303
81146,0.2005151515151515,0.4202727272727273,0.37921212121212117
81168,0.2005151515151515,0.5111818181818182,0.2883030303030303
81223,0.2005151515151515,0.4202727272727273,0.37921212121212117
81286,0.2005151515151515,0.5111818181818182,0.2883030303030303
81314,0.2005151515151515,0.4202727272727273,0.37921212121212117
81335,0.2005151515151515,0.5111818181818182,0.2883030303030303
81357,0.2005151515151515,0.4202727272727273,0.37921212121212117
81371,0.2005151515151515,0.4202727272727273,0.37921212121212117
81408,0.2005151515151515,0.5111818181818182,0.2883030303030303
81426,0.2005151515151515,0.5111818181818182,0.2883030303030303
81534,0.2005151515151515,0.5111818181818182,0.2883030303030303
81584,0.2005151515151515,0.4202727272727273,0.37921212121212117
81610,0.2005151515151515,0.4202727272727273,0.37921212121212117
81630,0.2005151515151515,0.5111818181818182,0.2883030303030303
81649,0.2005151515151515,0.4202727272727273,0.37921212121212117
81693,0.2005151515151515,0.4202727272727273,0.37921212121212117
81754,0.2005151515151515,0.4202727272727273,0.37921212121212117
81771,0.2005151515151515,0.5111818181818182,0.2883030303030303
81784,0.2005151515151515,0.5111818181818182,0.2883030303030303
81956,0.2005151515151515,0.5111818181818182,0.2883030303030303
82084,0.2005151515151515,0.5111818181818182,0.2883030303030303
82105,0.2005151515151515,0.5111818181818182,0.2883030303030303
82137,0.2005151515151515,0.5111818181818182,0.2883030303030303
82162,0.2005151515151515,0.5111818181818182,0.2883030303030303
82248,0.2914242424242424,0.4202727272727273,0.2883030303030303
82253,0.2914242424242424,0.4202727272727273,0.2883030303030303
82261,0.2914242424242424,0.4202727272727273,0.2883030303030303
82285,0.2005151515151515,0.5111818181818182,0.2883030303030303
82296,0.2005151515151515,0.4202727272727273,0.37921212121212117
82331,0.2005151515151515,0.4202727272727273,0.37921212121212117
82351,0.2005151515151515,0.4202727272727273,0.37921212121212117
82475,0.2005151515151515,0.5111818181818182,0.2883030303030303
82522,0.2005151515151515,0.4202727272727273,0.37921212121212117
82627,0.2005151515151515,0.4202727272727273,0.37921212121212117
82655,0.2005151515151515,0.4202727272727273,0.37921212121212117
82706,0.2914242424242424,0.4202727272727273,0.2883030303030303
82734,0.2005151515151515,0.5111818181818182,0.2883030303030303
82772,0.2005151515151515,0.5111818181818182,0.2883030303030303
82827,0.2005151515151515,0.5111818181818182,0.2883030303030303
82909,0.2005151515151515,0.4202727272727273,0.37921212121212117
83083,0.2005151515151515,0.4202727272727273,0.37921212121212117
83174,0.2005151515151515,0.4202727272727273,0.37921212121212117
83181,0.2005151515151515,0.4202727272727273,0.37921212121212117
83203,0.2005151515151515,0.4202727272727273,0.37921212121212117
83375,0.2005151515151515,0.4202727272727273,0.37921212121212117
83383,0.2005151515151515,0.5111818181818182,0.2883030303030303
83410,0.2005151515151515,0.5111818181818182,0.2883030303030303
83511,0.2005151515151515,0.5111818181818182,0.2883030303030303
83550,0.2005151515151515,0.4202727272727273,0.37921212121212117
83665,0.2005151515151515,0.5111818181818182,0.2883030303030303
83795,0.2005151515151515,0.4202727272727273,0.37921212121212117
83802,0.2005151515151515,0.4202727272727273,0.37921212121212117
83921,0.2005151515151515,0.4202727272727273,0.37921212121212117
83948,0.2005151515151515,0.5111818181818182,0.2883030303030303
83987,0.2005151515151515,0.4202727272727273,0.37921212121212117
84084,0.2005151515151515,0.4202727272727273,0.37921212121212117
84174,0.2005151515151515,0.4202727272727273,0.37921212121212117
84197,0.2005151515151515,0.5111818181818182,0.2883030303030303
84206,0.2914242424242424,0.4202727272727273,0.2883030303030303
84208,0.2005151515151515,0.4202727272727273,0.37921212121212117
84254,0.2005151515151515,0.5111818181818182,0.2883030303030303
84345,0.2005151515151515,0.4202727272727273,0.37921212121212117
84507,0.2914242424242424,0.4202727272727273,0.2883030303030303
84531,0.2005151515151515,0.5111818181818182,0.2883030303030303
84729,0.2005151515151515,0.4202727272727273,0.37921212121212117
84762,0.2005151515151515,0.5111818181818182,0.2883030303030303
85054,0.2005151515151515,0.4202727272727273,0.37921212121212117
85321,0.2005151515151515,0.5111818181818182,0.2883030303030303
85403,0.2005151515151515,0.4202727272727273,0.37921212121212117
85476,0.2005151515151515,0.4202727272727273,0.37921212121212117
85520,0.2005151515151515,0.5111818181818182,0.2883030303030303
85586,0.2005151515151515,0.5111818181818182,0.2883030303030303
85612,0.2005151515151515,0.5111818181818182,0.2883030303030303
85620,0.2005151515151515,0.4202727272727273,0.37921212121212117
85654,0.2914242424242424,0.4202727272727273,0.2883030303030303
85675,0.2005151515151515,0.4202727272727273,0.37921212121212117
85720,0.2005151515151515,0.5111818181818182,0.2883030303030303
85748,0.2005151515151515,0.5111818181818182,0.2883030303030303
85752,0.2005151515151515,0.5111818181818182,0.2883030303030303
85774,0.2914242424242424,0.4202727272727273,0.2883030303030303
85776,0.2005151515151515,0.5111818181818182,0.2883030303030303
85786,0.2005151515151515,0.5111818181818182,0.2883030303030303
85830,0.2005151515151515,0.5111818181818182,0.2883030303030303
85831,0.2005151515151515,0.4202727272727273,0.37921212121212117
86000,0.2005151515151515,0.4202727272727273,0.37921212121212117
86016,0.2005151515151515,0.5111818181818182,0.2883030303030303
86041,0.2005151515151515,0.5111818181818182,0.2883030303030303
86177,0.2005151515151515,0.5111818181818182,0.2883030303030303
86196,0.2005151515151515,0.5111818181818182,0.2883030303030303
86217,0.2005151515151515,0.4202727272727273,0.37921212121212117
86240,0.2914242424242424,0.4202727272727273,0.2883030303030303
86249,0.2914242424242424,0.4202727272727273,0.2883030303030303
86268,0.2005151515151515,0.5111818181818182,0.2883030303030303
86331,0.2005151515151515,0.4202727272727273,0.37921212121212117
86431,0.2005151515151515,0.5111818181818182,0.2883030303030303
86471,0.2005151515151515,0.5111818181818182,0.2883030303030303
86557,0.2005151515151515,0.4202727272727273,0.37921212121212117
86576,0.2005151515151515,0.5111818181818182,0.2883030303030303
86633,0.2005151515151515,0.5111818181818182,0.2883030303030303
86645,0.2005151515151515,0.5111818181818182,0.2883030303030303
86680,0.2005151515151515,0.4202727272727273,0.37921212121212117
86748,0.2005151515151515,0.5111818181818182,0.2883030303030303
86763,0.2005151515151515,0.4202727272727273,0.37921212121212117
86807,0.2005151515151515,0.4202727272727273,0.37921212121212117
86884,0.2005151515151515,0.5111818181818182,0.2883030303030303
86917,0.2005151515151515,0.5111818181818182,0.2883030303030303
86923,0.2005151515151515,0.4202727272727273,0.37921212121212117
87035,0.2005151515151515,0.5111818181818182,0.2883030303030303
87116,0.2005151515151515,0.4202727272727273,0.37921212121212117
87150,0.2005151515151515,0.5111818181818182,0.2883030303030303
87295,0.2005151515151515,0.5111818181818182,0.2883030303030303
87299,0.2005151515151515,0.4202727272727273,0.37921212121212117
87331,0.2914242424242424,0.4202727272727273,0.2883030303030303
87362,0.2005151515151515,0.5111818181818182,0.2883030303030303
87385,0.2005151515151515,0.5111818181818182,0.2883030303030303
87386,0.2005151515151515,0.5111818181818182,0.2883030303030303
87630,0.2005151515151515,0.4202727272727273,0.37921212121212117
87663,0.2914242424242424,0.4202727272727273,0.2883030303030303
87713,0.2005151515151515,0.4202727272727273,0.37921212121212117
87793,0.2005151515151515,0.5111818181818182,0.2883030303030303
87821,0.2005151515151515,0.5111818181818182,0.2883030303030303
87836,0.2005151515151515,0.5111818181818182,0.2883030303030303
87878,0.2005151515151515,0.4202727272727273,0.37921212121212117
87907,0.2005151515151515,0.5111818181818182,0.2883030303030303
87925,0.2005151515151515,0.5111818181818182,0.2883030303030303
87938,0.2005151515151515,0.4202727272727273,0.37921212121212117
87947,0.2005151515151515,0.4202727272727273,0.37921212121212117
88048,0.2005151515151515,0.5111818181818182,0.2883030303030303
88117,0.2005151515151515,0.5111818181818182,0.2883030303030303
88212,0.2005151515151515,0.5111818181818182,0.2883030303030303
88237,0.2005151515151515,0.5111818181818182,0.2883030303030303
88269,0.2005151515151515,0.5111818181818182,0.2883030303030303
88293,0.2005151515151515,0.5111818181818182,0.2883030303030303
88385,0.2005151515151515,0.4202727272727273,0.37921212121212117
88391,0.2005151515151515,0.4202727272727273,0.37921212121212117
88474,0.2005151515151515,0.4202727272727273,0.37921212121212117
88515,0.2005151515151515,0.5111818181818182,0.2883030303030303
88538,0.2005151515151515,0.5111818181818182,0.2883030303030303
88548,0.2005151515151515,0.5111818181818182,0.2883030303030303
88738,0.2005151515151515,0.4202727272727273,0.37921212121212117
88740,0.2005151515151515,0.5111818181818182,0.2883030303030303
88776,0.2005151515151515,0.5111818181818182,0.2883030303030303
88792,0.2005151515151515,0.5111818181818182,0.2883030303030303
88812,0.2005151515151515,0.5111818181818182,0.2883030303030303
88821,0.2005151515151515,0.5111818181818182,0.2883030303030303
88822,0.2005151515151515,0.4202727272727273,0.37921212121212117
88827,0.2005151515151515,0.5111818181818182,0.2883030303030303
88839,0.2005151515151515,0.5111818181818182,0.2883030303030303
88884,0.2005151515151515,0.5111818181818182,0.2883030303030303
88904,0.2005151515151515,0.4202727272727273,0.37921212121212117
88906,0.2005151515151515,0.5111818181818182,0.2883030303030303
89047,0.2005151515151515,0.4202727272727273,0.37921212121212117
89081,0.2005151515151515,0.5111818181818182,0.2883030303030303
89085,0.2005151515151515,0.4202727272727273,0.37921212121212117
89128,0.2005151515151515,0.5111818181818182,0.2883030303030303
89163,0.2005151515151515,0.4202727272727273,0.37921212121212117
89204,0.2005151515151515,0.4202727272727273,0.37921212121212117
89260,0.2005151515151515,0.5111818181818182,0.2883030303030303
89296,0.2914242424242424,0.4202727272727273,0.2883030303030303
89371,0.2005151515151515,0.5111818181818182,0.2883030303030303
89499,0.2914242424242424,0.4202727272727273,0.2883030303030303
89641,0.2005151515151515,0.5111818181818182,0.2883030303030303
89737,0.2005151515151515,0.4202727272727273,0.37921212121212117
89749,0.2005151515151515,0.5111818181818182,0.2883030303030303
89763,0.2005151515151515,0.5111818181818182,0.2883030303030303
89820,0.2005151515151515,0.5111818181818182,0.2883030303030303
89859,0.2005151515151515,0.5111818181818182,0.2883030303030303
89862,0.2005151515151515,0.4202727272727273,0.37921212121212117
89886,0.2005151515151515,0.4202727272727273,0.37921212121212117
90000,0.2914242424242424,0.4202727272727273,0.2883030303030303
90001,0.2005151515151515,0.4202727272727273,0.37921212121212117
90104,0.2005151515151515,0.5111818181818182,0.2883030303030303
90137,0.2005151515151515,0.4202727272727273,0.37921212121212117
90202,0.2005151515151515,0.5111818181818182,0.2883030303030303
90251,0.2005151515151515,0.5111818181818182,0.2883030303030303
90277,0.2005151515151515,0.4202727272727273,0.37921212121212117
90346,0.2005151515151515,0.5111818181818182,0.2883030303030303
90446,0.2005151515151515,0.5111818181818182,0.2883030303030303
90481,0.2005151515151515,0.5111818181818182,0.2883030303030303
90563,0.2005151515151515,0.5111818181818182,0.2883030303030303
90573,0.2005151515151515,0.5111818181818182,0.2883030303030303
90728,0.2005151515151515,0.4202727272727273,0.37921212121212117
90764,0.2005151515151515,0.5111818181818182,0.2883030303030303
90766,0.2005151515151515,0.5111818181818182,0.2883030303030303
90916,0.2005151515151515,0.5111818181818182,0.2883030303030303
90953,0.2005151515151515,0.5111818181818182,0.2883030303030303
90976,0.2005151515151515,0.4202727272727273,0.37921212121212117
91010,0.2005151515151515,0.5111818181818182,0.2883030303030303
91097,0.2914242424242424,0.4202727272727273,0.2883030303030303
91127,0.2005151515151515,0.5111818181818182,0.2883030303030303
91213,0.2005151515151515,0.5111818181818182,0.2883030303030303
91227,0.2005151515151515,0.4202727272727273,0.37921212121212117
91298,0.2005151515151515,0.4202727272727273,0.37921212121212117
91362,0.2005151515151515,0.4202727272727273,0.37921212121212117
91528,0.2005151515151515,0.4202727272727273,0.37921212121212117
91536,0.2005151515151515,0.5111818181818182,0.2883030303030303
91684,0.2005151515151515,0.4202727272727273,0.37921212121212117
91693,0.2005151515151515,0.4202727272727273,0.37921212121212117
91753,0.2005151515151515,0.5111818181818182,0.2883030303030303
91763,0.2005151515151515,0.5111818181818182,0.2883030303030303
91806,0.2005151515151515,0.4202727272727273,0.37921212121212117
91824,0.2005151515151515,0.4202727272727273,0.37921212121212117
91987,0.2005151515151515,0.5111818181818182,0.2883030303030303
92006,0.2005151515151515,0.4202727272727273,0.37921212121212117
92183,0.2914242424242424,0.4202727272727273,0.2883030303030303
92223,0.2005151515151515,0.5111818181818182,0.2883030303030303
92236,0.2005151515151515,0.4202727272727273,0.37921212121212117
92267,0.2914242424242424,0.4202727272727273,0.2883030303030303
92430,0.2005151515151515,0.5111818181818182,0.2883030303030303
92447,0.2005151515151515,0.5111818181818182,0.2883030303030303
92555,0.2005151515151515,0.4202727272727273,0.37921212121212117
92562,0.2005151515151515,0.5111818181818182,0.2883030303030303
92580,0.2005151515151515,0.5111818181818182,0.2883030303030303
92594,0.2005151515151515,0.4202727272727273,0.37921212121212117
92658,0.2005151515151515,0.5111818181818182,0.2883030303030303
92712,0.2914242424242424,0.4202727272727273,0.2883030303030303
92722,0.2005151515151515,0.5111818181818182,0.2883030303030303
92887,0.2005151515151515,0.5111818181818182,0.2883030303030303
93013,0.2005151515151515,0.4202727272727273,0.37921212121212117
93024,0.2005151515151515,0.5111818181818182,0.2883030303030303
93067,0.2005151515151515,0.5111818181818182,0.2883030303030303
93081,0.2005151515151515,0.5111818181818182,0.2883030303030303
93097,0.2005151515151515,0.5111818181818182,0.2883030303030303
93140,0.2005151515151515,0.5111818181818182,0.2883030303030303
93159,0.2005151515151515,0.4202727272727273,0.37921212121212117
93175,0.2005151515151515,0.5111818181818182,0.2883030303030303
93254,0.2005151515151515,0.5111818181818182,0.2883030303030303
93322,0.2005151515151515,0.4202727272727273,0.37921212121212117
93412,0.2005151515151515,0.5111818181818182,0.2883030303030303
93445,0.2005151515151515,0.5111818181818182,0.2883030303030303
93488,0.2005151515151515,0.5111818181818182,0.2883030303030303
93587,0.2005151515151515,0.5111818181818182,0.2883030303030303
93637,0.2005151515151515,0.5111818181818182,0.2883030303030303
93649,0.2005151515151515,0.5111818181818182,0.2883030303030303
93703,0.2005151515151515,0.4202727272727273,0.37921212121212117
93747,0.2005151515151515,0.4202727272727273,0.37921212121212117
93748,0.2005151515151515,0.5111818181818182,0.2883030303030303
93945,0.2005151515151515,0.5111818181818182,0.2883030303030303
94068,0.2005151515151515,0.4202727272727273,0.37921212121212117
94077,0.2914242424242424,0.4202727272727273,0.2883030303030303
94114,0.2005151515151515,0.4202727272727273,0.37921212121212117
94172,0.2005151515151515,0.4202727272727273,0.37921212121212117
94371,0.2005151515151515,0.5111818181818182,0.2883030303030303
94445,0.2005151515151515,0.4202727272727273,0.37921212121212117
94478,0.2005151515151515,0.5111818181818182,0.2883030303030303
94517,0.2005151515151515,0.5111818181818182,0.2883030303030303
94528,0.2005151515151515,0.4202727272727273,0.37921212121212117
94537,0.2914242424242424,0.4202727272727273,0.2883030303030303
94554,0.2005151515151515,0.4202727272727273,0.37921212121212117
94557,0.2005151515151515,0.4202727272727273,0.37921212121212117
94753,0.2005151515151515,0.4202727272727273,0.37921212121212117
94757,0.2005151515151515,0.5111818181818182,0.2883030303030303
94878,0.2005151515151515,0.5111818181818182,0.2883030303030303
94897,0.2005151515151515,0.5111818181818182,0.2883030303030303
95083,0.2005151515151515,0.4202727272727273,0.37921212121212117
95088,0.2005151515151515,0.4202727272727273,0.37921212121212117
95113,0.2005151515151515,0.5111818181818182,0.2883030303030303
95134,0.2005151515151515,0.5111818181818182,0.2883030303030303
95156,0.2005151515151515,0.5111818181818182,0.2883030303030303
95179,0.2005151515151515,0.5111818181818182,0.2883030303030303
95190,0.2005151515151515,0.4202727272727273,0.37921212121212117
95253,0.2005151515151515,0.5111818181818182,0.2883030303030303
95330,0.2005151515151515,0.5111818181818182,0.2883030303030303
95385,0.2005151515151515,0.4202727272727273,0.37921212121212117
95534,0.2005151515151515,0.4202727272727273,0.37921212121212117
95547,0.2005151515151515,0.4202727272727273,0.37921212121212117
95654,0.2005151515151515,0.4202727272727273,0.37921212121212117
95659,0.2914242424242424,0.4202727272727273,0.2883030303030303
95660,0.2005151515151515,0.5111818181818182,0.2883030303030303
95676,0.2005151515151515,0.5111818181818182,0.2883030303030303
95699,0.2005151515151515,0.5111818181818182,0.2883030303030303
95700,0.2005151515151515,0.5111818181818182,0.2883030303030303
95837,0.2005151515151515,0.5111818181818182,0.2883030303030303
95845,0.2005151515151515,0.5111818181818182,0.2883030303030303
95872,0.2005151515151515,0.5111818181818182,0.2883030303030303
95908,0.2914242424242424,0.4202727272727273,0.2883030303030303
95949,0.2005151515151515,0.5111818181818182,0.2883030303030303
96118,0.2005151515151515,0.5111818181818182,0.2883030303030303
96142,0.2005151515151515,0.5111818181818182,0.2883030303030303
96203,0.2005151515151515,0.5111818181818182,0.2883030303030303
96290,0.2005151515151515,0.4202727272727273,0.37921212121212117
96296,0.2005151515151515,0.4202727272727273,0.37921212121212117
96373,0.2005151515151515,0.5111818181818182,0.2883030303030303
96498,0.2005151515151515,0.4202727272727273,0.37921212121212117
96602,0.2005151515151515,0.5111818181818182,0.2883030303030303
96623,0.2005151515151515,0.5111818181818182,0.2883030303030303
96638,0.2005151515151515,0.5111818181818182,0.2883030303030303
96689,0.2005151515151515,0.4202727272727273,0.37921212121212117
96956,0.2005151515151515,0.4202727272727273,0.37921212121212117
97366,0.2005151515151515,0.5111818181818182,0.2883030303030303
97469,0.2005151515151515,0.4202727272727273,0.37921212121212117
97520,0.2005151515151515,0.5111818181818182,0.2883030303030303
97541,0.2005151515151515,0.5111818181818182,0.2883030303030303
97575,0.2005151515151515,0.5111818181818182,0.2883030303030303
97679,0.2005151515151515,0.4202727272727273,0.37921212121212117
97690,0.2005151515151515,0.4202727272727273,0.37921212121212117
97692,0.2005151515151515,0.5111818181818182,0.2883030303030303
97756,0.2005151515151515,0.5111818181818182,0.2883030303030303
97759,0.2005151515151515,0.5111818181818182,0.2883030303030303
97837,0.2005151515151515,0.5111818181818182,0.2883030303030303
97855,0.2005151515151515,0.5111818181818182,0.2883030303030303
97923,0.2005151515151515,0.4202727272727273,0.37921212121212117
98052,0.2005151515151515,0.4202727272727273,0.37921212121212117
98173,0.2005151515151515,0.5111818181818182,0.2883030303030303
98208,0.2005151515151515,0.5111818181818182,0.2883030303030303
98541,0.2005151515151515,0.5111818181818182,0.2883030303030303
98561,0.2914242424242424,0.4202727272727273,0.2883030303030303
98568,0.2914242424242424,0.4202727272727273,0.2883030303030303
98611,0.2005151515151515,0.5111818181818182,0.2883030303030303
98716,0.2005151515151515,0.5111818181818182,0.2883030303030303
98982,0.2005151515151515,0.5111818181818182,0.2883030303030303
98996,0.2005151515151515,0.5111818181818182,0.2883030303030303
99051,0.2005151515151515,0.4202727272727273,0.37921212121212117
99078,0.2005151515151515,0.4202727272727273,0.37921212121212117
99222,0.2005151515151515,0.4202727272727273,0.37921212121212117
99273,0.2005151515151515,0.5111818181818182,0.2883030303030303
99280,0.2005151515151515,0.4202727272727273,0.37921212121212117
99442,0.2005151515151515,0.5111818181818182,0.2883030303030303
99704,0.2005151515151515,0.5111818181818182,0.2883030303030303
99740,0.2005151515151515,0.5111818181818182,0.2883030303030303
99757,0.2005151515151515,0.5111818181818182,0.2883030303030303
99782,0.2005151515151515,0.5111818181818182,0.2883030303030303
99791,0.2005151515151515,0.5111818181818182,0.2883030303030303
99857,0.2005151515151515,0.5111818181818182,0.2883030303030303
99986,0.2005151515151515,0.4202727272727273,0.37921212121212117
100009,0.2005151515151515,0.4202727272727273,0.37921212121212117
100052,0.2005151515151515,0.5111818181818182,0.2883030303030303
100057,0.2005151515151515,0.5111818181818182,0.2883030303030303
100106,0.2005151515151515,0.4202727272727273,0.37921212121212117
100131,0.2005151515151515,0.5111818181818182,0.2883030303030303
100180,0.2005151515151515,0.4202727272727273,0.37921212121212117
100256,0.2005151515151515,0.4202727272727273,0.37921212121212117
100306,0.2005151515151515,0.4202727272727273,0.37921212121212117
100325,0.2005151515151515,0.4202727272727273,0.37921212121212117
100361,0.2005151515151515,0.5111818181818182,0.2883030303030303
100411,0.2005151515151515,0.4202727272727273,0.37921212121212117
100415,0.2005151515151515,0.5111818181818182,0.2883030303030303
100502,0.2005151515151515,0.4202727272727273,0.37921212121212117
100598,0.2005151515151515,0.4202727272727273,0.37921212121212117
100665,0.2005151515151515,0.5111818181818182,0.2883030303030303
100692,0.2005151515151515,0.4202727272727273,0.37921212121212117
100703,0.2005151515151515,0.4202727272727273,0.37921212121212117
100711,0.2005151515151515,0.5111818181818182,0.2883030303030303
100727,0.2005151515151515,0.4202727272727273,0.37921212121212117
100781,0.2005151515151515,0.4202727272727273,0.37921212121212117
100874,0.2005151515151515,0.5111818181818182,0.2883030303030303
100877,0.2005151515151515,0.5111818181818182,0.2883030303030303
100895,0.2005151515151515,0.4202727272727273,0.37921212121212117
100961,0.2005151515151515,0.4202727272727273,0.37921212121212117
101304,0.2005151515151515,0.4202727272727273,0.37921212121212117
101426,0.2005151515151515,0.4202727272727273,0.37921212121212117
101513,0.2005151515151515,0.4202727272727273,0.37921212121212117
101545,0.2005151515151515,0.4202727272727273,0.37921212121212117
101608,0.2005151515151515,0.4202727272727273,0.37921212121212117
101704,0.2005151515151515,0.5111818181818182,0.2883030303030303
101721,0.2005151515151515,0.4202727272727273,0.37921212121212117
101752,0.2005151515151515,0.5111818181818182,0.2883030303030303
101811,0.2005151515151515,0.5111818181818182,0.2883030303030303
102008,0.2005151515151515,0.5111818181818182,0.2883030303030303
102060,0.2005151515151515,0.5111818181818182,0.2883030303030303
102071,0.2005151515151515,0.5111818181818182,0.2883030303030303
102195,0.2005151515151515,0.5111818181818182,0.2883030303030303
102398,0.2005151515151515,0.5111818181818182,0.2883030303030303
102455,0.2005151515151515,0.5111818181818182,0.2883030303030303
102485,0.2005151515151515,0.4202727272727273,0.37921212121212117
102509,0.2005151515151515,0.5111818181818182,0.2883030303030303
102514,0.2005151515151515,0.4202727272727273,0.37921212121212117
102580,0.2005151515151515,0.5111818181818182,0.2883030303030303
102639,0.2005151515151515,0.5111818181818182,0.2883030303030303
102650,0.2005151515151515,0.4202727272727273,0.37921212121212117
102708,0.2005151515151515,0.5111818181818182,0.2883030303030303
102721,0.2005151515151515,0.5111818181818182,0.2883030303030303
102893,0.2005151515151515,0.4202727272727273,0.37921212121212117
102927,0.2005151515151515,0.5111818181818182,0.2883030303030303
103089,0.2005151515151515,0.4202727272727273,0.37921212121212117
103189,0.2005151515151515,0.5111818181818182,0.2883030303030303
103191,0.2005151515151515,0.5111818181818182,0.2883030303030303
103194,0.2005151515151515,0.4202727272727273,0.37921212121212117
103280,0.2005151515151515,0.4202727272727273,0.37921212121212117
103348,0.2005151515151515,0.4202727272727273,0.37921212121212117
103437,0.2914242424242424,0.4202727272727273,0.2883030303030303
103464,0.2005151515151515,0.5111818181818182,0.2883030303030303
103507,0.2005151515151515,0.5111818181818182,0.2883030303030303
103575,0.2005151515151515,0.5111818181818182,0.2883030303030303
103579,0.2005151515151515,0.5111818181818182,0.2883030303030303
103650,0.2005151515151515,0.5111818181818182,0.2883030303030303
103733,0.2005151515151515,0.5111818181818182,0.2883030303030303
103744,0.2005151515151515,0.4202727272727273,0.37921212121212117
103753,0.2005151515151515,0.4202727272727273,0.37921212121212117
103825,0.2005151515151515,0.4202727272727273,0.37921212121212117
103853,0.2005151515151515,0.5111818181818182,0.2883030303030303
104038,0.2005151515151515,0.4202727272727273,0.37921212121212117
104091,0.2005151515151515,0.4202727272727273,0.37921212121212117
104157,0.2005151515151515,0.5111818181818182,0.2883030303030303
104178,0.2005151515151515,0.4202727272727273,0.37921212121212117
104392,0.2005151515151515,0.5111818181818182,0.2883030303030303
104483,0.2005151515151515,0.4202727272727273,0.37921212121212117
104529,0.2005151515151515,0.5111818181818182,0.2883030303030303
104549,0.2005151515151515,0.5111818181818182,0.2883030303030303
104595,0.2005151515151515,0.5111818181818182,0.2883030303030303
104831,0.2005151515151515,0.4202727272727273,0.37921212121212117
104859,0.2914242424242424,0.4202727272727273,0.2883030303030303
104943,0.2005151515151515,0.5111818181818182,0.2883030303030303
104946,0.2005151515151515,0.5111818181818182,0.2883030303030303
104994,0.2005151515151515,0.5111818181818182,0.2883030303030303
105002,0.2005151515151515,0.4202727272727273,0.37921212121212117
105021,0.2005151515151515,0.5111818181818182,0.2883030303030303
105181,0.2005151515151515,0.5111818181818182,0.2883030303030303
105237,0.2005151515151515,0.4202727272727273,0.37921212121212117
105249,0.2005151515151515,0.5111818181818182,0.2883030303030303
105313,0.2005151515151515,0.4202727272727273,0.37921212121212117
105358,0.2914242424242424,0.4202727272727273,0.2883030303030303
105390,0.2005151515151515,0.5111818181818182,0.2883030303030303
105425,0.2005151515151515,0.5111818181818182,0.2883030303030303
105502,0.2005151515151515,0.4202727272727273,0.37921212121212117
105635,0.2005151515151515,0.4202727272727273,0.37921212121212117
105737,0.2005151515151515,0.4202727272727273,0.37921212121212117
105770,0.2005151515151515,0.4202727272727273,0.37921212121212117
105779,0.2914242424242424,0.4202727272727273,0.2883030303030303
105820,0.2005151515151515,0.4202727272727273,0.37921212121212117
105877,0.2005151515151515,0.4202727272727273,0.37921212121212117
105978,0.2005151515151515,0.4202727272727273,0.37921212121212117
106155,0.2005151515151515,0.5111818181818182,0.2883030303030303
106241,0.2005151515151515,0.5111818181818182,0.2883030303030303
106263,0.2005151515151515,0.5111818181818182,0.2883030303030303
106555,0.2005151515151515,0.5111818181818182,0.2883030303030303
106596,0.2005151515151515,0.4202727272727273,0.37921212121212117
106676,0.2005151515151515,0.4202727272727273,0.37921212121212117
106726,0.2005151515151515,0.4202727272727273,0.37921212121212117
106760,0.2005151515151515,0.5111818181818182,0.2883030303030303
106908,0.2005151515151515,0.5111818181818182,0.2883030303030303
106917,0.2005151515151515,0.4202727272727273,0.37921212121212117
106925,0.2005151515151515,0.4202727272727273,0.37921212121212117
106998,0.2005151515151515,0.5111818181818182,0.2883030303030303
107086,0.2005151515151515,0.4202727272727273,0.37921212121212117
107272,0.2005151515151515,0.4202727272727273,0.37921212121212117
107310,0.2005151515151515,0.5111818181818182,0.2883030303030303
107358,0.2005151515151515,0.4202727272727273,0.37921212121212117
107437,0.2005151515151515,0.4202727272727273,0.37921212121212117
107463,0.2005151515151515,0.5111818181818182,0.2883030303030303
107498,0.2005151515151515,0.4202727272727273,0.37921212121212117
107509,0.2005151515151515,0.4202727272727273,0.37921212121212117
107563,0.2005151515151515,0.5111818181818182,0.2883030303030303
107590,0.2914242424242424,0.4202727272727273,0.2883030303030303
107616,0.2005151515151515,0.5111818181818182,0.2883030303030303
107686,0.2914242424242424,0.4202727272727273,0.2883030303030303
107709,0.2005151515151515,0.5111818181818182,0.2883030303030303
107957,0.2005151515151515,0.5111818181818182,0.2883030303030303
108025,0.2005151515151515,0.5111818181818182,0.2883030303030303
108073,0.2005151515151515,0.5111818181818182,0.2883030303030303
108384,0.2005151515151515,0.5111818181818182,0.2883030303030303
108489,0.2914242424242424,0.4202727272727273,0.2883030303030303
108502,0.2005151515151515,0.5111818181818182,0.2883030303030303
108571,0.2005151515151515,0.5111818181818182,0.2883030303030303
108575,0.2005151515151515,0.4202727272727273,0.37921212121212117
108662,0.2005151515151515,0.4202727272727273,0.37921212121212117
108776,0.2005151515151515,0.4202727272727273,0.37921212121212117
108849,0.2005151515151515,0.4202727272727273,0.37921212121212117
108855,0.2005151515151515,0.5111818181818182,0.2883030303030303
108868,0.2005151515151515,0.4202727272727273,0.37921212121212117
108876,0.2005151515151515,0.4202727272727273,0.37921212121212117
108949,0.2005151515151515,0.4202727272727273,0.37921212121212117
108995,0.2005151515151515,0.4202727272727273,0.37921212121212117
109002,0.2005151515151515,0.5111818181818182,0.2883030303030303
109110,0.2005151515151515,0.5111818181818182,0.2883030303030303
109122,0.2005151515151515,0.4202727272727273,0.37921212121212117
109160,0.2005151515151515,0.5111818181818182,0.2883030303030303
109197,0.2005151515151515,0.4202727272727273,0.37921212121212117
109341,0.2005151515151515,0.4202727272727273,0.37921212121212117
109388,0.2005151515151515,0.4202727272727273,0.37921212121212117
109398,0.2005151515151515,0.5111818181818182,0.2883030303030303
109412,0.2005151515151515,0.4202727272727273,0.37921212121212117
109424,0.2005151515151515,0.4202727272727273,0.37921212121212117
109441,0.2005151515151515,0.5111818181818182,0.2883030303030303
109442,0.2005151515151515,0.4202727272727273,0.37921212121212117
109579,0.2005151515151515,0.5111818181818182,0.2883030303030303
109611,0.2005151515151515,0.4202727272727273,0.37921212121212117
109617,0.2005151515151515,0.4202727272727273,0.37921212121212117
110003,0.2005151515151515,0.4202727272727273,0.37921212121212117
110057,0.2005151515151515,0.5111818181818182,0.2883030303030303
110224,0.2005151515151515,0.5111818181818182,0.2883030303030303
110316,0.2005151515151515,0.5111818181818182,0.2883030303030303
110594,0.2005151515151515,0.5111818181818182,0.2883030303030303
110808,0.2005151515151515,0.5111818181818182,0.2883030303030303
110947,0.2005151515151515,0.5111818181818182,0.2883030303030303
111311,0.2005151515151515,0.5111818181818182,0.2883030303030303
111414,0.2005151515151515,0.5111818181818182,0.2883030303030303
111455,0.2005151515151515,0.5111818181818182,0.2883030303030303
111556,0.2005151515151515,0.5111818181818182,0.2883030303030303
111622,0.2914242424242424,0.4202727272727273,0.2883030303030303
111630,0.2005151515151515,0.4202727272727273,0.37921212121212117
111642,0.2005151515151515,0.5111818181818182,0.2883030303030303
111685,0.2005151515151515,0.5111818181818182,0.2883030303030303
111722,0.2914242424242424,0.4202727272727273,0.2883030303030303
111729,0.2914242424242424,0.4202727272727273,0.2883030303030303
112002,0.2005151515151515,0.5111818181818182,0.2883030303030303
112158,0.2005151515151515,0.5111818181818182,0.2883030303030303
112263,0.2005151515151515,0.5111818181818182,0.2883030303030303
112271,0.2914242424242424,0.4202727272727273,0.2883030303030303
112431,0.2005151515151515,0.5111818181818182,0.2883030303030303
112850,0.2005151515151515,0.5111818181818182,0.2883030303030303
112901,0.2005151515151515,0.5111818181818182,0.2883030303030303
112952,0.2005151515151515,0.5111818181818182,0.2883030303030303
113029,0.2005151515151515,0.5111818181818182,0.2883030303030303
113079,0.2005151515151515,0.5111818181818182,0.2883030303030303
113103,0.2914242424242424,0.4202727272727273,0.2883030303030303
