IncidentId,explanation_text
543568,"**Score de priorisation : 100/100** — Décision suggérée : ACTION_URGENTE

**Raisons principales (↑ augmente le score) :**
  • nb_failed_logins_7d = 14.00 → +1.646
  • alert_title_tp_rate = 0.97 → +1.497
  • user_criticality_score = 2 → +0.667

**Éléments qui réduisent le score (↓) :**
  • alerts_per_detector = 1.50 → -0.028
  • nb_alerts = 3 → -0.025"
541044,"**Score de priorisation : 100/100** — Décision suggérée : ACTION_URGENTE

**Raisons principales (↑ augmente le score) :**
  • ti_actor_cybercrime = 1 → +1.781
  • alert_title_tp_rate = 0.97 → +1.662
  • asset_x_ti = 81.00 → +0.780

**Éléments qui réduisent le score (↓) :**
  • user_criticality_score = 1 → -0.066
  • spread_score = 4.50 → -0.030"
284148,"**Score de priorisation : 100/100** — Décision suggérée : ACTION_URGENTE

**Raisons principales (↑ augmente le score) :**
  • nb_failed_logins_7d = 14.00 → +1.722
  • alert_title_tp_rate = 0.97 → +1.516
  • user_criticality_score = 2 → +0.680

**Éléments qui réduisent le score (↓) :**
  • alerts_per_detector = 2.50 → -0.023
  • login_country_mismatch = 0 → -0.019"
140421,"**Score de priorisation : 100/100** — Décision suggérée : ACTION_URGENTE

**Raisons principales (↑ augmente le score) :**
  • ti_actor_cybercrime = 1 → +1.760
  • alert_title_tp_rate = 0.97 → +1.667
  • asset_x_ti = 72.00 → +0.685

**Éléments qui réduisent le score (↓) :**
  • user_criticality_score = 1 → -0.061
  • alerts_per_detector = 7.00 → -0.055"
540884,"**Score de priorisation : 100/100** — Décision suggérée : ACTION_URGENTE

**Raisons principales (↑ augmente le score) :**
  • ti_actor_cybercrime = 1 → +1.738
  • alert_title_tp_rate = 0.97 → +1.678
  • asset_x_ti = 82.00 → +0.769

**Éléments qui réduisent le score (↓) :**
  • user_criticality_score = 1 → -0.065
  • hour_cos = -0.87 → -0.038"
541621,"**Score de priorisation : 100/100** — Décision suggérée : ACTION_URGENTE

**Raisons principales (↑ augmente le score) :**
  • ti_actor_cybercrime = 1 → +1.760
  • alert_title_tp_rate = 0.97 → +1.681
  • asset_x_ti = 43.00 → +0.732

**Éléments qui réduisent le score (↓) :**
  • user_criticality_score = 1 → -0.064
  • ip_ti_confidence = 0.63 → -0.033"
539458,"**Score de priorisation : 100/100** — Décision suggérée : ACTION_URGENTE

**Raisons principales (↑ augmente le score) :**
  • ti_actor_cybercrime = 1 → +1.778
  • alert_title_tp_rate = 0.97 → +1.651
  • asset_x_ti = 82.00 → +0.766

**Éléments qui réduisent le score (↓) :**
  • user_criticality_score = 1 → -0.067
  • spread_score = 4.50 → -0.035"
541599,"**Score de priorisation : 100/100** — Décision suggérée : ACTION_URGENTE

**Raisons principales (↑ augmente le score) :**
  • nb_failed_logins_7d = 19.00 → +2.348
  • alert_title_tp_rate = 0.97 → +1.715
  • login_country_mismatch = 1 → +0.717

**Éléments qui réduisent le score (↓) :**
  • user_criticality_score = 1 → -0.088
  • alerts_per_detector = 1.50 → -0.020"
541016,"**Score de priorisation : 100/100** — Décision suggérée : ACTION_URGENTE

**Raisons principales (↑ augmente le score) :**
  • ti_actor_cybercrime = 1 → +1.757
  • alert_title_tp_rate = 0.97 → +1.677
  • asset_x_ti = 83.00 → +0.780

**Éléments qui réduisent le score (↓) :**
  • user_criticality_score = 1 → -0.065
  • hour_cos = -0.97 → -0.031"
543273,"**Score de priorisation : 100/100** — Décision suggérée : ACTION_URGENTE

**Raisons principales (↑ augmente le score) :**
  • ti_actor_cybercrime = 1 → +1.770
  • alert_title_tp_rate = 0.97 → +1.692
  • asset_x_ti = 72.00 → +0.644

**Éléments qui réduisent le score (↓) :**
  • user_criticality_score = 1 → -0.064
  • ip_ti_confidence = 0.91 → -0.035"
217782,"**Score de priorisation : 100/100** — Décision suggérée : ACTION_URGENTE

**Raisons principales (↑ augmente le score) :**
  • nb_failed_logins_7d = 17.00 → +2.415
  • alert_title_tp_rate = 0.91 → +1.184
  • user_criticality_score = 4 → +0.882

**Éléments qui réduisent le score (↓) :**
  • detector_tp_rate = 0.49 → -0.036
  • hour_of_day = 23 → -0.030"
140382,"**Score de priorisation : 100/100** — Décision suggérée : ACTION_URGENTE

**Raisons principales (↑ augmente le score) :**
  • ti_actor_cybercrime = 1 → +1.750
  • alert_title_tp_rate = 0.97 → +1.664
  • asset_x_ti = 79.00 → +0.827

**Éléments qui réduisent le score (↓) :**
  • user_criticality_score = 1 → -0.064
  • alerts_per_detector = 6.50 → -0.054"
441635,"**Score de priorisation : 100/100** — Décision suggérée : ACTION_URGENTE

**Raisons principales (↑ augmente le score) :**
  • nb_failed_logins_7d = 17.00 → +2.433
  • alert_title_tp_rate = 0.91 → +1.212
  • user_criticality_score = 4 → +0.909

**Éléments qui réduisent le score (↓) :**
  • hour_cos = -0.97 → -0.083
  • detector_tp_rate = 0.49 → -0.034"
542855,"**Score de priorisation : 100/100** — Décision suggérée : ACTION_URGENTE

**Raisons principales (↑ augmente le score) :**
  • alert_title_tp_rate = 0.97 → +1.738
  • ti_actor_APT = 1 → +1.063
  • asset_x_ti = 60.00 → +0.590

**Éléments qui réduisent le score (↓) :**
  • ti_actor_cybercrime = 0 → -0.072
  • user_criticality_score = 1 → -0.069"
538377,"**Score de priorisation : 100/100** — Décision suggérée : ACTION_URGENTE

**Raisons principales (↑ augmente le score) :**
  • nb_failed_logins_7d = 16.00 → +2.684
  • user_criticality_score = 4 → +1.209
  • privileged_x_failed_logins = 16.00 → +0.803

**Éléments qui réduisent le score (↓) :**
  • alert_title_tp_rate = 0.12 → -0.227
  • alerts_per_detector = 1.50 → -0.038"
465080,"**Score de priorisation : 100/100** — Décision suggérée : ACTION_URGENTE

**Raisons principales (↑ augmente le score) :**
  • ti_actor_cybercrime = 1 → +1.817
  • alert_title_tp_rate = 0.65 → +0.955
  • asset_x_ti = 84.00 → +0.869

**Éléments qui réduisent le score (↓) :**
  • user_criticality_score = 1 → -0.074
  • spread_score = 4.50 → -0.041"
543545,"**Score de priorisation : 100/100** — Décision suggérée : ACTION_URGENTE

**Raisons principales (↑ augmente le score) :**
  • nb_failed_logins_7d = 9.00 → +1.531
  • alert_title_tp_rate = 0.97 → +1.254
  • user_criticality_score = 3 → +0.608

**Éléments qui réduisent le score (↓) :**
  • nb_alerts = 2 → -0.041
  • hour_cos = -1.00 → -0.039"
472008,"**Score de priorisation : 100/100** — Décision suggérée : ACTION_URGENTE

**Raisons principales (↑ augmente le score) :**
  • ti_actor_cybercrime = 1 → +1.830
  • alert_title_tp_rate = 0.65 → +0.932
  • asset_x_ti = 85.00 → +0.889

**Éléments qui réduisent le score (↓) :**
  • user_criticality_score = 1 → -0.077
  • spread_score = 4.50 → -0.046"
41039,"**Score de priorisation : 100/100** — Décision suggérée : ACTION_URGENTE

**Raisons principales (↑ augmente le score) :**
  • nb_failed_logins_7d = 11.00 → +2.083
  • user_criticality_score = 3 → +0.906
  • login_country_mismatch = 1 → +0.841

**Éléments qui réduisent le score (↓) :**
  • spread_score = 12.00 → -0.095
  • hour_cos = -0.97 → -0.048"
539731,"**Score de priorisation : 100/100** — Décision suggérée : ACTION_URGENTE

**Raisons principales (↑ augmente le score) :**
  • alert_title_tp_rate = 0.97 → +1.442
  • login_country_mismatch = 1 → +0.826
  • nb_failed_logins_7d = 6.00 → +0.624

**Éléments qui réduisent le score (↓) :**
  • alerts_per_detector = 1.00 → -0.025
  • privileged_x_failed_logins = 0.00 → -0.010"
460017,"**Score de priorisation : 100/100** — Décision suggérée : ACTION_URGENTE

**Raisons principales (↑ augmente le score) :**
  • nb_failed_logins_7d = 19.00 → +2.421
  • user_criticality_score = 4 → +0.961
  • login_country_mismatch = 1 → +0.829

**Éléments qui réduisent le score (↓) :**
  • accounts_per_device = 0.50 → -0.019
  • spread_score = 5.50 → -0.018"
465108,"**Score de priorisation : 100/100** — Décision suggérée : ACTION_URGENTE

**Raisons principales (↑ augmente le score) :**
  • ti_actor_cybercrime = 1 → +1.817
  • alert_title_tp_rate = 0.65 → +0.963
  • asset_x_ti = 76.00 → +0.899

**Éléments qui réduisent le score (↓) :**
  • user_criticality_score = 1 → -0.074
  • ip_ti_confidence = 0.92 → -0.024"
541177,"**Score de priorisation : 100/100** — Décision suggérée : ACTION_URGENTE

**Raisons principales (↑ augmente le score) :**
  • alert_title_tp_rate = 0.97 → +1.738
  • asset_x_ti = 80.00 → +0.599
  • alert_title_bp_rate = 0.02 → +0.286

**Éléments qui réduisent le score (↓) :**
  • ti_actor_cybercrime = 0 → -0.089
  • user_criticality_score = 1 → -0.072"
462289,"**Score de priorisation : 100/100** — Décision suggérée : ACTION_URGENTE

**Raisons principales (↑ augmente le score) :**
  • nb_failed_logins_7d = 14.00 → +1.718
  • login_country_mismatch = 1 → +0.805
  • user_criticality_score = 4 → +0.755

**Éléments qui réduisent le score (↓) :**
  • nb_alerts = 3 → -0.058
  • alerts_per_detector = 1.50 → -0.026"
542297,"**Score de priorisation : 100/100** — Décision suggérée : ACTION_URGENTE

**Raisons principales (↑ augmente le score) :**
  • alert_title_tp_rate = 0.97 → +2.083
  • alert_title_bp_rate = 0.02 → +0.248
  • nb_failed_logins_7d = 15.00 → +0.162

**Éléments qui réduisent le score (↓) :**
  • user_criticality_score = 1 → -0.085
  • alerts_per_detector = 1.00 → -0.024"
471984,"**Score de priorisation : 100/100** — Décision suggérée : ACTION_URGENTE

**Raisons principales (↑ augmente le score) :**
  • ti_actor_cybercrime = 1 → +1.820
  • alert_title_tp_rate = 0.65 → +0.945
  • asset_x_ti = 51.00 → +0.824

**Éléments qui réduisent le score (↓) :**
  • user_criticality_score = 1 → -0.078
  • hour_of_day = 23 → -0.054"
541780,"**Score de priorisation : 100/100** — Décision suggérée : ACTION_URGENTE

**Raisons principales (↑ augmente le score) :**
  • alert_title_tp_rate = 0.97 → +1.755
  • asset_x_ti = 42.00 → +0.534
  • ti_score_max = 42.00 → +0.271

**Éléments qui réduisent le score (↓) :**
  • ti_actor_cybercrime = 0 → -0.091
  • user_criticality_score = 1 → -0.071"
540132,"**Score de priorisation : 100/100** — Décision suggérée : ACTION_URGENTE

**Raisons principales (↑ augmente le score) :**
  • alert_title_tp_rate = 0.97 → +2.083
  • alert_title_bp_rate = 0.02 → +0.269
  • nb_failed_logins_7d = 15.00 → +0.165

**Éléments qui réduisent le score (↓) :**
  • user_criticality_score = 1 → -0.085
  • alerts_per_detector = 1.50 → -0.029"
465033,"**Score de priorisation : 100/100** — Décision suggérée : ACTION_URGENTE

**Raisons principales (↑ augmente le score) :**
  • ti_actor_cybercrime = 1 → +1.808
  • alert_title_tp_rate = 0.65 → +1.011
  • asset_x_ti = 35.00 → +0.738

**Éléments qui réduisent le score (↓) :**
  • user_criticality_score = 1 → -0.078
  • accounts_per_device = 0.50 → -0.026"
13459,"**Score de priorisation : 100/100** — Décision suggérée : ACTION_URGENTE

**Raisons principales (↑ augmente le score) :**
  • nb_failed_logins_7d = 11.00 → +1.942
  • user_criticality_score = 3 → +0.924
  • privileged_x_failed_logins = 11.00 → +0.540

**Éléments qui réduisent le score (↓) :**
  • alert_title_bp_rate = 0.55 → -0.091
  • mitre_lateral_movement = 1 → -0.045"
475310,"**Score de priorisation : 100/100** — Décision suggérée : ACTION_URGENTE

**Raisons principales (↑ augmente le score) :**
  • ti_actor_cybercrime = 1 → +1.835
  • alert_title_tp_rate = 0.65 → +0.941
  • asset_x_ti = 47.00 → +0.825

**Éléments qui réduisent le score (↓) :**
  • user_criticality_score = 1 → -0.078
  • ip_ti_confidence = 0.76 → -0.033"
7767,"**Score de priorisation : 100/100** — Décision suggérée : ACTION_URGENTE

**Raisons principales (↑ augmente le score) :**
  • nb_failed_logins_7d = 18.00 → +2.472
  • user_criticality_score = 4 → +0.989
  • privileged_x_failed_logins = 18.00 → +0.490

**Éléments qui réduisent le score (↓) :**
  • nb_impacted_entities = 13 → -0.071
  • nb_evidences = 169 → -0.049"
24365,"**Score de priorisation : 100/100** — Décision suggérée : ACTION_URGENTE

**Raisons principales (↑ augmente le score) :**
  • sandbox_dns_count = 336 → +1.074
  • alert_title_tp_rate = 0.29 → +0.784
  • sandbox_evasion = 1 → +0.592

**Éléments qui réduisent le score (↓) :**
  • user_criticality_score = 1 → -0.099
  • mitre_lateral_movement = 1 → -0.068"
466982,"**Score de priorisation : 100/100** — Décision suggérée : ACTION_URGENTE

**Raisons principales (↑ augmente le score) :**
  • nb_failed_logins_7d = 14.00 → +1.686
  • user_criticality_score = 3 → +0.733
  • alert_title_tp_rate = 0.65 → +0.574

**Éléments qui réduisent le score (↓) :**
  • nb_alerts = 3 → -0.066
  • alerts_per_detector = 1.50 → -0.028"
470498,"**Score de priorisation : 100/100** — Décision suggérée : ACTION_URGENTE

**Raisons principales (↑ augmente le score) :**
  • ti_actor_APT = 1 → +1.161
  • alert_title_tp_rate = 0.65 → +0.950
  • asset_x_ti = 80.00 → +0.787

**Éléments qui réduisent le score (↓) :**
  • user_criticality_score = 1 → -0.081
  • ti_actor_cybercrime = 0 → -0.067"
69186,"**Score de priorisation : 100/100** — Décision suggérée : ACTION_URGENTE

**Raisons principales (↑ augmente le score) :**
  • nb_failed_logins_7d = 12.00 → +1.851
  • login_country_mismatch = 1 → +0.837
  • user_criticality_score = 4 → +0.776

**Éléments qui réduisent le score (↓) :**
  • alerts_per_detector = 2.50 → -0.099
  • detector_nb_incidents = 247.00 → -0.070"
467728,"**Score de priorisation : 100/100** — Décision suggérée : ACTION_URGENTE

**Raisons principales (↑ augmente le score) :**
  • nb_failed_logins_7d = 12.00 → +1.679
  • user_criticality_score = 4 → +0.719
  • alert_title_tp_rate = 0.65 → +0.561

**Éléments qui réduisent le score (↓) :**
  • nb_alerts = 3 → -0.057
  • spread_score = 4.50 → -0.027"
442258,"**Score de priorisation : 100/100** — Décision suggérée : ACTION_URGENTE

**Raisons principales (↑ augmente le score) :**
  • alert_title_tp_rate = 0.91 → +1.168
  • nb_failed_logins_7d = 8.00 → +1.031
  • user_criticality_score = 4 → +0.560

**Éléments qui réduisent le score (↓) :**
  • hour_of_day = 19 → -0.033
  • alerts_per_detector = 1.50 → -0.032"
539838,"**Score de priorisation : 100/100** — Décision suggérée : ACTION_URGENTE

**Raisons principales (↑ augmente le score) :**
  • alert_title_tp_rate = 0.97 → +2.079
  • alert_title_bp_rate = 0.02 → +0.269
  • nb_failed_logins_7d = 15.00 → +0.168

**Éléments qui réduisent le score (↓) :**
  • user_criticality_score = 1 → -0.085
  • hour_cos = -0.50 → -0.026"
543004,"**Score de priorisation : 100/100** — Décision suggérée : ACTION_URGENTE

**Raisons principales (↑ augmente le score) :**
  • alert_title_tp_rate = 0.97 → +2.092
  • alert_title_bp_rate = 0.02 → +0.275
  • nb_failed_logins_7d = 15.00 → +0.162

**Éléments qui réduisent le score (↓) :**
  • user_criticality_score = 1 → -0.085
  • alerts_per_detector = 1.50 → -0.028"
442463,"**Score de priorisation : 100/100** — Décision suggérée : ACTION_URGENTE

**Raisons principales (↑ augmente le score) :**
  • alert_title_tp_rate = 0.91 → +1.199
  • nb_failed_logins_7d = 8.00 → +1.049
  • user_criticality_score = 4 → +0.552

**Éléments qui réduisent le score (↓) :**
  • alerts_per_detector = 1.50 → -0.044
  • login_country_mismatch = 0 → -0.025"
540660,"**Score de priorisation : 100/100** — Décision suggérée : ACTION_URGENTE

**Raisons principales (↑ augmente le score) :**
  • alert_title_tp_rate = 0.97 → +2.097
  • alert_title_bp_rate = 0.02 → +0.274
  • nb_failed_logins_7d = 15.00 → +0.164

**Éléments qui réduisent le score (↓) :**
  • user_criticality_score = 1 → -0.085
  • alerts_per_detector = 1.50 → -0.028"
19189,"**Score de priorisation : 100/100** — Décision suggérée : ACTION_URGENTE

**Raisons principales (↑ augmente le score) :**
  • alert_title_tp_rate = 0.97 → +1.466
  • user_criticality_score = 3 → +0.453
  • alert_title_bp_rate = 0.02 → +0.351

**Éléments qui réduisent le score (↓) :**
  • nb_evidences = 77 → -0.066
  • login_country_mismatch = 0 → -0.056"
544058,"**Score de priorisation : 100/100** — Décision suggérée : ACTION_URGENTE

**Raisons principales (↑ augmente le score) :**
  • nb_failed_logins_7d = 12.00 → +2.144
  • user_criticality_score = 2 → +1.039
  • detector_nb_incidents = 4318.00 → +0.178

**Éléments qui réduisent le score (↓) :**
  • alert_title_tp_rate = 0.12 → -0.255
  • hour_cos = -0.97 → -0.042"
541596,"**Score de priorisation : 100/100** — Décision suggérée : ACTION_URGENTE

**Raisons principales (↑ augmente le score) :**
  • alert_title_tp_rate = 0.97 → +2.084
  • alert_title_bp_rate = 0.02 → +0.285
  • nb_failed_logins_7d = 15.00 → +0.163

**Éléments qui réduisent le score (↓) :**
  • user_criticality_score = 1 → -0.084
  • alerts_per_detector = 1.50 → -0.027"
539188,"**Score de priorisation : 100/100** — Décision suggérée : ACTION_URGENTE

**Raisons principales (↑ augmente le score) :**
  • alert_title_tp_rate = 0.97 → +2.070
  • alert_title_bp_rate = 0.02 → +0.284
  • nb_failed_logins_7d = 15.00 → +0.163

**Éléments qui réduisent le score (↓) :**
  • user_criticality_score = 1 → -0.085
  • day_of_week = 0 → -0.031"
541263,"**Score de priorisation : 100/100** — Décision suggérée : ACTION_URGENTE

**Raisons principales (↑ augmente le score) :**
  • alert_title_tp_rate = 0.97 → +2.097
  • alert_title_bp_rate = 0.02 → +0.277
  • nb_failed_logins_7d = 15.00 → +0.159

**Éléments qui réduisent le score (↓) :**
  • user_criticality_score = 1 → -0.085
  • day_of_week = 0 → -0.047"
541589,"**Score de priorisation : 100/100** — Décision suggérée : ACTION_URGENTE

**Raisons principales (↑ augmente le score) :**
  • alert_title_tp_rate = 0.97 → +2.084
  • alert_title_bp_rate = 0.02 → +0.285
  • nb_failed_logins_7d = 15.00 → +0.163

**Éléments qui réduisent le score (↓) :**
  • user_criticality_score = 1 → -0.084
  • alerts_per_detector = 1.50 → -0.027"
543214,"**Score de priorisation : 100/100** — Décision suggérée : ACTION_URGENTE

**Raisons principales (↑ augmente le score) :**
  • alert_title_tp_rate = 0.97 → +2.100
  • alert_title_bp_rate = 0.02 → +0.265
  • nb_failed_logins_7d = 15.00 → +0.158

**Éléments qui réduisent le score (↓) :**
  • user_criticality_score = 1 → -0.085
  • alerts_per_detector = 1.50 → -0.028"
339047,"**Score de priorisation : 100/100** — Décision suggérée : ACTION_URGENTE

**Raisons principales (↑ augmente le score) :**
  • alert_title_tp_rate = 0.91 → +1.195
  • nb_failed_logins_7d = 8.00 → +1.042
  • user_criticality_score = 4 → +0.544

**Éléments qui réduisent le score (↓) :**
  • alerts_per_detector = 1.50 → -0.034
  • login_country_mismatch = 0 → -0.026"
260488,"**Score de priorisation : 100/100** — Décision suggérée : ACTION_URGENTE

**Raisons principales (↑ augmente le score) :**
  • nb_failed_logins_7d = 12.00 → +1.788
  • user_criticality_score = 4 → +0.748
  • alert_title_tp_rate = 0.65 → +0.570

**Éléments qui réduisent le score (↓) :**
  • login_country_mismatch = 0 → -0.024
  • spread_score = 4.50 → -0.023"
541606,"**Score de priorisation : 100/100** — Décision suggérée : ACTION_URGENTE

**Raisons principales (↑ augmente le score) :**
  • alert_title_tp_rate = 0.97 → +2.088
  • alert_title_bp_rate = 0.02 → +0.274
  • nb_failed_logins_7d = 15.00 → +0.163

**Éléments qui réduisent le score (↓) :**
  • user_criticality_score = 1 → -0.085
  • alerts_per_detector = 1.50 → -0.028"
539578,"**Score de priorisation : 100/100** — Décision suggérée : ACTION_URGENTE

**Raisons principales (↑ augmente le score) :**
  • alert_title_tp_rate = 0.97 → +2.088
  • alert_title_bp_rate = 0.02 → +0.274
  • nb_failed_logins_7d = 15.00 → +0.163

**Éléments qui réduisent le score (↓) :**
  • user_criticality_score = 1 → -0.085
  • alerts_per_detector = 1.50 → -0.028"
441625,"**Score de priorisation : 100/100** — Décision suggérée : ACTION_URGENTE

**Raisons principales (↑ augmente le score) :**
  • alert_title_tp_rate = 0.91 → +1.189
  • nb_failed_logins_7d = 8.00 → +1.054
  • user_criticality_score = 4 → +0.571

**Éléments qui réduisent le score (↓) :**
  • hour_cos = -0.87 → -0.082
  • alerts_per_detector = 1.00 → -0.026"
540977,"**Score de priorisation : 100/100** — Décision suggérée : ACTION_URGENTE

**Raisons principales (↑ augmente le score) :**
  • alert_title_tp_rate = 0.97 → +2.102
  • alert_title_bp_rate = 0.02 → +0.276
  • nb_failed_logins_7d = 15.00 → +0.159

**Éléments qui réduisent le score (↓) :**
  • user_criticality_score = 1 → -0.084
  • hour_cos = -0.26 → -0.033"
539945,"**Score de priorisation : 100/100** — Décision suggérée : ACTION_URGENTE

**Raisons principales (↑ augmente le score) :**
  • alert_title_tp_rate = 0.97 → +2.093
  • alert_title_bp_rate = 0.02 → +0.282
  • nb_failed_logins_7d = 15.00 → +0.164

**Éléments qui réduisent le score (↓) :**
  • user_criticality_score = 1 → -0.084
  • hour_cos = -0.26 → -0.033"
88742,"**Score de priorisation : 100/100** — Décision suggérée : ACTION_URGENTE

**Raisons principales (↑ augmente le score) :**
  • sandbox_dns_count = 432 → +1.125
  • asset_x_ti = 73.00 → +0.668
  • alert_title_tp_rate = 0.40 → +0.663

**Éléments qui réduisent le score (↓) :**
  • user_criticality_score = 1 → -0.074
  • ti_actor_cybercrime = 0 → -0.073"
32582,"**Score de priorisation : 100/100** — Décision suggérée : ACTION_URGENTE

**Raisons principales (↑ augmente le score) :**
  • nb_failed_logins_7d = 14.00 → +2.138
  • privileged_x_failed_logins = 14.00 → +0.858
  • user_criticality_score = 3 → +0.856

**Éléments qui réduisent le score (↓) :**
  • alert_title_tp_rate = 0.14 → -0.200
  • alert_title_bp_rate = 0.73 → -0.038"
466920,"**Score de priorisation : 99/100** — Décision suggérée : ACTION_URGENTE

**Raisons principales (↑ augmente le score) :**
  • ti_actor_APT = 1 → +1.135
  • alert_title_tp_rate = 0.65 → +0.965
  • asset_x_ti = 46.00 → +0.701

**Éléments qui réduisent le score (↓) :**
  • user_criticality_score = 1 → -0.080
  • ti_actor_cybercrime = 0 → -0.070"
186058,"**Score de priorisation : 99/100** — Décision suggérée : ACTION_URGENTE

**Raisons principales (↑ augmente le score) :**
  • alert_title_tp_rate = 0.91 → +1.776
  • asset_x_ti = 83.00 → +0.621
  • ti_score_max = 83.00 → +0.252

**Éléments qui réduisent le score (↓) :**
  • ti_actor_cybercrime = 0 → -0.089
  • user_criticality_score = 1 → -0.077"
103315,"**Score de priorisation : 99/100** — Décision suggérée : ACTION_URGENTE

**Raisons principales (↑ augmente le score) :**
  • nb_failed_logins_7d = 19.00 → +2.492
  • user_criticality_score = 2 → +1.016
  • alert_title_tp_rate = 0.44 → +0.721

**Éléments qui réduisent le score (↓) :**
  • alert_title_fp_rate = 0.27 → -0.042
  • day_of_week = 0 → -0.028"
238439,"**Score de priorisation : 99/100** — Décision suggérée : ACTION_URGENTE

**Raisons principales (↑ augmente le score) :**
  • alert_title_tp_rate = 0.91 → +1.163
  • nb_failed_logins_7d = 8.00 → +1.038
  • user_criticality_score = 4 → +0.550

**Éléments qui réduisent le score (↓) :**
  • alerts_per_detector = 1.50 → -0.032
  • hour_cos = -0.26 → -0.030"
108529,"**Score de priorisation : 99/100** — Décision suggérée : ACTION_URGENTE

**Raisons principales (↑ augmente le score) :**
  • nb_failed_logins_7d = 13.00 → +1.973
  • alert_title_tp_rate = 0.29 → +0.740
  • category_bp_rate = 0.72 → +0.134

**Éléments qui réduisent le score (↓) :**
  • user_criticality_score = 1 → -0.089
  • detector_nb_incidents = 181.00 → -0.069"
528003,"**Score de priorisation : 99/100** — Décision suggérée : ACTION_URGENTE

**Raisons principales (↑ augmente le score) :**
  • nb_failed_logins_7d = 12.00 → +2.054
  • user_criticality_score = 4 → +0.833
  • privileged_x_failed_logins = 12.00 → +0.818

**Éléments qui réduisent le score (↓) :**
  • alert_title_tp_rate = 0.22 → -0.071
  • alert_title_bp_rate = 0.56 → -0.062"
170842,"**Score de priorisation : 99/100** — Décision suggérée : ACTION_URGENTE

**Raisons principales (↑ augmente le score) :**
  • alert_title_tp_rate = 0.97 → +2.092
  • alert_title_bp_rate = 0.02 → +0.263
  • nb_failed_logins_7d = 15.00 → +0.159

**Éléments qui réduisent le score (↓) :**
  • user_criticality_score = 1 → -0.085
  • alerts_per_detector = 6.00 → -0.042"
38568,"**Score de priorisation : 99/100** — Décision suggérée : ACTION_URGENTE

**Raisons principales (↑ augmente le score) :**
  • alert_title_tp_rate = 0.97 → +2.002
  • alert_title_bp_rate = 0.02 → +0.319
  • nb_failed_logins_7d = 15.00 → +0.161

**Éléments qui réduisent le score (↓) :**
  • user_criticality_score = 1 → -0.084
  • nb_evidences = 45 → -0.039"
77865,"**Score de priorisation : 99/100** — Décision suggérée : ACTION_URGENTE

**Raisons principales (↑ augmente le score) :**
  • alert_title_tp_rate = 0.91 → +1.100
  • nb_failed_logins_7d = 8.00 → +1.084
  • user_criticality_score = 4 → +0.584

**Éléments qui réduisent le score (↓) :**
  • alerts_per_detector = 7.67 → -0.063
  • spread_score = 9.00 → -0.052"
74204,"**Score de priorisation : 99/100** — Décision suggérée : ACTION_URGENTE

**Raisons principales (↑ augmente le score) :**
  • alert_title_tp_rate = 0.97 → +2.013
  • alert_title_bp_rate = 0.02 → +0.299
  • nb_failed_logins_7d = 15.00 → +0.159

**Éléments qui réduisent le score (↓) :**
  • user_criticality_score = 1 → -0.085
  • nb_impacted_entities = 3 → -0.030"
140394,"**Score de priorisation : 99/100** — Décision suggérée : ACTION_URGENTE

**Raisons principales (↑ augmente le score) :**
  • alert_title_tp_rate = 0.97 → +2.048
  • alert_title_bp_rate = 0.02 → +0.293
  • nb_failed_logins_7d = 15.00 → +0.164

**Éléments qui réduisent le score (↓) :**
  • user_criticality_score = 1 → -0.084
  • alerts_per_detector = 7.00 → -0.057"
51503,"**Score de priorisation : 99/100** — Décision suggérée : ACTION_URGENTE

**Raisons principales (↑ augmente le score) :**
  • ti_actor_APT = 1 → +1.035
  • asset_x_ti = 78.00 → +0.869
  • alert_title_tp_rate = 0.34 → +0.671

**Éléments qui réduisent le score (↓) :**
  • user_criticality_score = 1 → -0.097
  • ti_actor_cybercrime = 0 → -0.070"
140137,"**Score de priorisation : 99/100** — Décision suggérée : ACTION_URGENTE

**Raisons principales (↑ augmente le score) :**
  • alert_title_tp_rate = 0.97 → +2.060
  • alert_title_bp_rate = 0.02 → +0.280
  • nb_failed_logins_7d = 15.00 → +0.165

**Éléments qui réduisent le score (↓) :**
  • user_criticality_score = 1 → -0.089
  • hour_of_day = 22 → -0.048"
529099,"**Score de priorisation : 99/100** — Décision suggérée : ACTION_URGENTE

**Raisons principales (↑ augmente le score) :**
  • nb_failed_logins_7d = 12.00 → +2.009
  • user_criticality_score = 4 → +0.840
  • privileged_x_failed_logins = 12.00 → +0.816

**Éléments qui réduisent le score (↓) :**
  • nb_alerts = 3 → -0.067
  • alert_title_tp_rate = 0.22 → -0.063"
467510,"**Score de priorisation : 99/100** — Décision suggérée : ACTION_URGENTE

**Raisons principales (↑ augmente le score) :**
  • nb_failed_logins_7d = 9.00 → +1.837
  • alert_title_tp_rate = 0.65 → +0.885
  • alert_title_bp_rate = 0.34 → +0.112

**Éléments qui réduisent le score (↓) :**
  • user_criticality_score = 1 → -0.071
  • nb_alerts = 3 → -0.055"
442473,"**Score de priorisation : 99/100** — Décision suggérée : ACTION_URGENTE

**Raisons principales (↑ augmente le score) :**
  • alert_title_tp_rate = 0.91 → +2.085
  • nb_failed_logins_7d = 15.00 → +0.170
  • alert_title_bp_rate = 0.06 → +0.113

**Éléments qui réduisent le score (↓) :**
  • user_criticality_score = 1 → -0.091
  • hour_cos = -0.87 → -0.077"
474304,"**Score de priorisation : 99/100** — Décision suggérée : ACTION_URGENTE

**Raisons principales (↑ augmente le score) :**
  • alert_title_tp_rate = 0.65 → +0.979
  • asset_x_ti = 83.00 → +0.714
  • ti_score_max = 83.00 → +0.259

**Éléments qui réduisent le score (↓) :**
  • ti_actor_cybercrime = 0 → -0.089
  • user_criticality_score = 1 → -0.080"
441813,"**Score de priorisation : 99/100** — Décision suggérée : ACTION_URGENTE

**Raisons principales (↑ augmente le score) :**
  • alert_title_tp_rate = 0.91 → +2.092
  • nb_failed_logins_7d = 15.00 → +0.169
  • alert_title_bp_rate = 0.06 → +0.116

**Éléments qui réduisent le score (↓) :**
  • user_criticality_score = 1 → -0.090
  • hour_cos = -0.87 → -0.077"
463726,"**Score de priorisation : 99/100** — Décision suggérée : ACTION_URGENTE

**Raisons principales (↑ augmente le score) :**
  • alert_title_tp_rate = 0.65 → +0.963
  • asset_x_ti = 88.00 → +0.848
  • ti_score_max = 88.00 → +0.274

**Éléments qui réduisent le score (↓) :**
  • ti_actor_cybercrime = 0 → -0.089
  • user_criticality_score = 1 → -0.083"
285767,"**Score de priorisation : 99/100** — Décision suggérée : ACTION_URGENTE

**Raisons principales (↑ augmente le score) :**
  • alert_title_tp_rate = 0.91 → +2.065
  • nb_failed_logins_7d = 15.00 → +0.164
  • alert_title_bp_rate = 0.06 → +0.114

**Éléments qui réduisent le score (↓) :**
  • user_criticality_score = 1 → -0.091
  • hour_of_day = 19 → -0.034"
442233,"**Score de priorisation : 99/100** — Décision suggérée : ACTION_URGENTE

**Raisons principales (↑ augmente le score) :**
  • alert_title_tp_rate = 0.91 → +2.078
  • nb_failed_logins_7d = 15.00 → +0.169
  • alert_title_bp_rate = 0.06 → +0.116

**Éléments qui réduisent le score (↓) :**
  • user_criticality_score = 1 → -0.091
  • hour_cos = -0.26 → -0.036"
442006,"**Score de priorisation : 99/100** — Décision suggérée : ACTION_URGENTE

**Raisons principales (↑ augmente le score) :**
  • alert_title_tp_rate = 0.91 → +2.070
  • nb_failed_logins_7d = 15.00 → +0.160
  • alert_title_bp_rate = 0.06 → +0.117

**Éléments qui réduisent le score (↓) :**
  • user_criticality_score = 1 → -0.091
  • hour_of_day = 19 → -0.032"
212714,"**Score de priorisation : 99/100** — Décision suggérée : ACTION_URGENTE

**Raisons principales (↑ augmente le score) :**
  • nb_failed_logins_7d = 18.00 → +2.670
  • user_criticality_score = 2 → +1.227
  • alert_title_tp_rate = 0.26 → +0.242

**Éléments qui réduisent le score (↓) :**
  • alert_title_bp_rate = 0.51 → -0.082
  • alert_rate_per_hour = 700.00 → -0.060"
218186,"**Score de priorisation : 99/100** — Décision suggérée : ACTION_URGENTE

**Raisons principales (↑ augmente le score) :**
  • alert_title_tp_rate = 0.91 → +2.115
  • nb_failed_logins_7d = 15.00 → +0.166
  • alert_title_bp_rate = 0.06 → +0.126

**Éléments qui réduisent le score (↓) :**
  • user_criticality_score = 1 → -0.089
  • hour_cos = -0.97 → -0.043"
441910,"**Score de priorisation : 99/100** — Décision suggérée : ACTION_URGENTE

**Raisons principales (↑ augmente le score) :**
  • alert_title_tp_rate = 0.91 → +2.109
  • nb_failed_logins_7d = 15.00 → +0.166
  • alert_title_bp_rate = 0.06 → +0.122

**Éléments qui réduisent le score (↓) :**
  • user_criticality_score = 1 → -0.090
  • hour_cos = -0.97 → -0.048"
148863,"**Score de priorisation : 98/100** — Décision suggérée : ACTION_URGENTE

**Raisons principales (↑ augmente le score) :**
  • nb_failed_logins_7d = 12.00 → +2.229
  • user_criticality_score = 2 → +1.026
  • MFA_enabled = 1 → +0.201

**Éléments qui réduisent le score (↓) :**
  • alert_title_tp_rate = 0.12 → -0.292
  • alert_title_fp_rate = 0.83 → -0.031"
3741,"**Score de priorisation : 98/100** — Décision suggérée : ACTION_URGENTE

**Raisons principales (↑ augmente le score) :**
  • alert_title_tp_rate = 0.66 → +1.143
  • detector_tp_rate = 1.00 → +0.185
  • alert_title_bp_rate = 0.20 → +0.139

**Éléments qui réduisent le score (↓) :**
  • nb_evidences = 332 → -0.122
  • user_criticality_score = 1 → -0.090"
235297,"**Score de priorisation : 98/100** — Décision suggérée : ACTION_URGENTE

**Raisons principales (↑ augmente le score) :**
  • nb_failed_logins_7d = 8.00 → +1.717
  • user_criticality_score = 3 → +0.749
  • privileged_x_failed_logins = 8.00 → +0.730

**Éléments qui réduisent le score (↓) :**
  • alert_title_tp_rate = 0.14 → -0.187
  • alert_title_bp_rate = 0.77 → -0.061"
1881,"**Score de priorisation : 98/100** — Décision suggérée : ACTION_URGENTE

**Raisons principales (↑ augmente le score) :**
  • alert_title_tp_rate = 0.66 → +1.153
  • detector_tp_rate = 1.00 → +0.210
  • alert_title_bp_rate = 0.20 → +0.150

**Éléments qui réduisent le score (↓) :**
  • nb_evidences = 494 → -0.092
  • user_criticality_score = 1 → -0.090"
460376,"**Score de priorisation : 98/100** — Décision suggérée : ACTION_URGENTE

**Raisons principales (↑ augmente le score) :**
  • alert_title_tp_rate = 0.65 → +0.951
  • asset_x_ti = 40.00 → +0.612
  • ti_score_max = 40.00 → +0.298

**Éléments qui réduisent le score (↓) :**
  • ti_actor_cybercrime = 0 → -0.092
  • user_criticality_score = 1 → -0.085"
465644,"**Score de priorisation : 98/100** — Décision suggérée : ACTION_URGENTE

**Raisons principales (↑ augmente le score) :**
  • alert_title_tp_rate = 0.65 → +0.973
  • asset_x_ti = 49.00 → +0.638
  • ti_score_max = 49.00 → +0.319

**Éléments qui réduisent le score (↓) :**
  • ti_actor_cybercrime = 0 → -0.092
  • user_criticality_score = 1 → -0.084"
238428,"**Score de priorisation : 97/100** — Décision suggérée : ACTION_URGENTE

**Raisons principales (↑ augmente le score) :**
  • alert_title_tp_rate = 0.91 → +2.079
  • nb_failed_logins_7d = 15.00 → +0.163
  • alert_title_bp_rate = 0.06 → +0.113

**Éléments qui réduisent le score (↓) :**
  • user_criticality_score = 1 → -0.093
  • hour_of_day = 20 → -0.043"
74775,"**Score de priorisation : 97/100** — Décision suggérée : ACTION_URGENTE

**Raisons principales (↑ augmente le score) :**
  • alert_title_tp_rate = 0.91 → +2.061
  • nb_failed_logins_7d = 15.00 → +0.165
  • alert_title_fp_rate = 0.03 → +0.095

**Éléments qui réduisent le score (↓) :**
  • user_criticality_score = 1 → -0.093
  • ips_per_hour = 0.01 → -0.083"
532590,"**Score de priorisation : 97/100** — Décision suggérée : ACTION_URGENTE

**Raisons principales (↑ augmente le score) :**
  • nb_failed_logins_7d = 8.00 → +1.980
  • detector_nb_incidents = 4318.00 → +0.144
  • nb_evidences = 3 → +0.108

**Éléments qui réduisent le score (↓) :**
  • alert_title_tp_rate = 0.12 → -0.233
  • user_criticality_score = 1 → -0.064"
186109,"**Score de priorisation : 97/100** — Décision suggérée : ACTION_URGENTE

**Raisons principales (↑ augmente le score) :**
  • alert_title_tp_rate = 0.91 → +2.069
  • nb_failed_logins_7d = 15.00 → +0.166
  • alert_title_bp_rate = 0.06 → +0.084

**Éléments qui réduisent le score (↓) :**
  • ips_per_hour = 0.01 → -0.094
  • user_criticality_score = 1 → -0.090"
174586,"**Score de priorisation : 97/100** — Décision suggérée : ACTION_URGENTE

**Raisons principales (↑ augmente le score) :**
  • alert_title_tp_rate = 0.29 → +1.126
  • category_bp_rate = 0.70 → +0.149
  • alert_title_bp_rate = 0.42 → +0.141

**Éléments qui réduisent le score (↓) :**
  • user_criticality_score = 1 → -0.111
  • asset_x_ti = 0.00 → -0.027"
217875,"**Score de priorisation : 97/100** — Décision suggérée : ACTION_URGENTE

**Raisons principales (↑ augmente le score) :**
  • alert_title_tp_rate = 0.91 → +2.131
  • user_criticality_score = 3 → +0.504
  • alert_title_bp_rate = 0.06 → +0.266

**Éléments qui réduisent le score (↓) :**
  • nb_failed_logins_7d = 3.00 → -1.500
  • login_country_mismatch = 0 → -0.042"
9780,"**Score de priorisation : 97/100** — Décision suggérée : ACTION_URGENTE

**Raisons principales (↑ augmente le score) :**
  • sandbox_dns_count = 179 → +0.992
  • alert_title_tp_rate = 0.29 → +0.773
  • nb_failed_logins_7d = 15.00 → +0.182

**Éléments qui réduisent le score (↓) :**
  • user_criticality_score = 1 → -0.110
  • nb_evidences = 129 → -0.097"
462209,"**Score de priorisation : 96/100** — Décision suggérée : ACTION_URGENTE

**Raisons principales (↑ augmente le score) :**
  • alert_title_tp_rate = 0.65 → +1.112
  • nb_failed_logins_7d = 15.00 → +0.145
  • alert_title_bp_rate = 0.34 → +0.111

**Éléments qui réduisent le score (↓) :**
  • user_criticality_score = 1 → -0.101
  • asset_x_ti = 0.00 → -0.025"
50238,"**Score de priorisation : 96/100** — Décision suggérée : ACTION_URGENTE

**Raisons principales (↑ augmente le score) :**
  • nb_failed_logins_7d = 14.00 → +2.202
  • user_criticality_score = 2 → +1.036
  • MFA_enabled = 1 → +0.197

**Éléments qui réduisent le score (↓) :**
  • alert_title_tp_rate = 0.12 → -0.303
  • day_of_week = 0 → -0.053"
466973,"**Score de priorisation : 96/100** — Décision suggérée : ACTION_URGENTE

**Raisons principales (↑ augmente le score) :**
  • alert_title_tp_rate = 0.65 → +1.122
  • nb_failed_logins_7d = 15.00 → +0.144
  • alert_title_bp_rate = 0.34 → +0.112

**Éléments qui réduisent le score (↓) :**
  • user_criticality_score = 1 → -0.100
  • asset_x_ti = 0.00 → -0.025"
226725,"**Score de priorisation : 96/100** — Décision suggérée : ACTION_URGENTE

**Raisons principales (↑ augmente le score) :**
  • sandbox_dns_count = 392 → +0.977
  • alert_title_tp_rate = 0.31 → +0.666
  • asset_x_sandbox = 81 → +0.234

**Éléments qui réduisent le score (↓) :**
  • user_criticality_score = 1 → -0.107
  • sandbox_network_conns = 28 → -0.077"
465847,"**Score de priorisation : 96/100** — Décision suggérée : ACTION_URGENTE

**Raisons principales (↑ augmente le score) :**
  • nb_failed_logins_7d = 8.00 → +1.760
  • login_country_mismatch = 1 → +0.811
  • user_criticality_score = 3 → +0.771

**Éléments qui réduisent le score (↓) :**
  • alert_title_tp_rate = 0.13 → -0.249
  • alert_title_bp_rate = 0.78 → -0.140"
500454,"**Score de priorisation : 95/100** — Décision suggérée : ACTION_URGENTE

**Raisons principales (↑ augmente le score) :**
  • alert_title_tp_rate = 0.48 → +0.881
  • user_criticality_score = 3 → +0.558
  • nb_failed_logins_7d = 6.00 → +0.538

**Éléments qui réduisent le score (↓) :**
  • login_country_mismatch = 0 → -0.057
  • detector_nb_incidents = 1545.00 → -0.032"
552468,"**Score de priorisation : 95/100** — Décision suggérée : ACTION_URGENTE

**Raisons principales (↑ augmente le score) :**
  • alert_title_tp_rate = 0.65 → +1.116
  • nb_failed_logins_7d = 15.00 → +0.147
  • nb_evidences = 2 → +0.117

**Éléments qui réduisent le score (↓) :**
  • user_criticality_score = 1 → -0.104
  • hour_of_day = 20 → -0.027"
473190,"**Score de priorisation : 95/100** — Décision suggérée : ACTION_URGENTE

**Raisons principales (↑ augmente le score) :**
  • alert_title_tp_rate = 0.65 → +1.106
  • nb_failed_logins_7d = 15.00 → +0.150
  • alert_title_bp_rate = 0.34 → +0.112

**Éléments qui réduisent le score (↓) :**
  • user_criticality_score = 1 → -0.101
  • alerts_per_detector = 1.50 → -0.026"
471588,"**Score de priorisation : 95/100** — Décision suggérée : ACTION_URGENTE

**Raisons principales (↑ augmente le score) :**
  • alert_title_tp_rate = 0.65 → +1.111
  • nb_failed_logins_7d = 15.00 → +0.151
  • alert_title_bp_rate = 0.34 → +0.111

**Éléments qui réduisent le score (↓) :**
  • user_criticality_score = 1 → -0.101
  • alerts_per_detector = 1.50 → -0.026"
462180,"**Score de priorisation : 95/100** — Décision suggérée : ACTION_URGENTE

**Raisons principales (↑ augmente le score) :**
  • alert_title_tp_rate = 0.65 → +1.113
  • nb_failed_logins_7d = 15.00 → +0.152
  • alert_title_bp_rate = 0.34 → +0.110

**Éléments qui réduisent le score (↓) :**
  • user_criticality_score = 1 → -0.100
  • alerts_per_detector = 1.50 → -0.027"
474146,"**Score de priorisation : 95/100** — Décision suggérée : ACTION_URGENTE

**Raisons principales (↑ augmente le score) :**
  • alert_title_tp_rate = 0.65 → +1.114
  • nb_failed_logins_7d = 15.00 → +0.150
  • alert_title_bp_rate = 0.34 → +0.112

**Éléments qui réduisent le score (↓) :**
  • user_criticality_score = 1 → -0.100
  • asset_x_ti = 0.00 → -0.025"
464965,"**Score de priorisation : 95/100** — Décision suggérée : ACTION_URGENTE

**Raisons principales (↑ augmente le score) :**
  • alert_title_tp_rate = 0.65 → +1.114
  • nb_failed_logins_7d = 15.00 → +0.150
  • alert_title_bp_rate = 0.34 → +0.112

**Éléments qui réduisent le score (↓) :**
  • user_criticality_score = 1 → -0.100
  • asset_x_ti = 0.00 → -0.025"
462501,"**Score de priorisation : 95/100** — Décision suggérée : ACTION_URGENTE

**Raisons principales (↑ augmente le score) :**
  • alert_title_tp_rate = 0.65 → +1.110
  • nb_failed_logins_7d = 15.00 → +0.150
  • alert_title_bp_rate = 0.34 → +0.112

**Éléments qui réduisent le score (↓) :**
  • user_criticality_score = 1 → -0.101
  • alerts_per_detector = 1.50 → -0.026"
470579,"**Score de priorisation : 95/100** — Décision suggérée : ACTION_URGENTE

**Raisons principales (↑ augmente le score) :**
  • alert_title_tp_rate = 0.65 → +1.094
  • nb_failed_logins_7d = 15.00 → +0.149
  • alert_title_bp_rate = 0.34 → +0.109

**Éléments qui réduisent le score (↓) :**
  • user_criticality_score = 1 → -0.101
  • spread_score = 4.50 → -0.026"
470380,"**Score de priorisation : 95/100** — Décision suggérée : ACTION_URGENTE

**Raisons principales (↑ augmente le score) :**
  • alert_title_tp_rate = 0.65 → +1.091
  • nb_failed_logins_7d = 15.00 → +0.149
  • alert_title_bp_rate = 0.34 → +0.110

**Éléments qui réduisent le score (↓) :**
  • user_criticality_score = 1 → -0.101
  • spread_score = 4.50 → -0.029"
470561,"**Score de priorisation : 94/100** — Décision suggérée : ACTION_URGENTE

**Raisons principales (↑ augmente le score) :**
  • alert_title_tp_rate = 0.65 → +1.113
  • nb_failed_logins_7d = 15.00 → +0.134
  • alert_title_bp_rate = 0.34 → +0.115

**Éléments qui réduisent le score (↓) :**
  • user_criticality_score = 1 → -0.104
  • hour_of_day = 23 → -0.047"
464956,"**Score de priorisation : 94/100** — Décision suggérée : ACTION_URGENTE

**Raisons principales (↑ augmente le score) :**
  • alert_title_tp_rate = 0.65 → +1.117
  • nb_failed_logins_7d = 15.00 → +0.154
  • alert_title_bp_rate = 0.34 → +0.107

**Éléments qui réduisent le score (↓) :**
  • user_criticality_score = 1 → -0.103
  • accounts_per_device = 0.50 → -0.027"
474228,"**Score de priorisation : 94/100** — Décision suggérée : ACTION_URGENTE

**Raisons principales (↑ augmente le score) :**
  • alert_title_tp_rate = 0.65 → +1.125
  • nb_failed_logins_7d = 15.00 → +0.153
  • alert_title_bp_rate = 0.34 → +0.111

**Éléments qui réduisent le score (↓) :**
  • user_criticality_score = 1 → -0.099
  • hour_cos = -0.26 → -0.032"
469099,"**Score de priorisation : 94/100** — Décision suggérée : ACTION_URGENTE

**Raisons principales (↑ augmente le score) :**
  • alert_title_tp_rate = 0.65 → +1.111
  • nb_failed_logins_7d = 15.00 → +0.148
  • alert_title_bp_rate = 0.34 → +0.109

**Éléments qui réduisent le score (↓) :**
  • user_criticality_score = 1 → -0.101
  • day_of_week = 0 → -0.042"
464044,"**Score de priorisation : 94/100** — Décision suggérée : ACTION_URGENTE

**Raisons principales (↑ augmente le score) :**
  • alert_title_tp_rate = 0.65 → +1.113
  • nb_failed_logins_7d = 15.00 → +0.150
  • alert_title_bp_rate = 0.34 → +0.110

**Éléments qui réduisent le score (↓) :**
  • user_criticality_score = 1 → -0.104
  • accounts_per_device = 0.50 → -0.026"
460616,"**Score de priorisation : 94/100** — Décision suggérée : ACTION_URGENTE

**Raisons principales (↑ augmente le score) :**
  • alert_title_tp_rate = 0.65 → +1.100
  • nb_failed_logins_7d = 15.00 → +0.140
  • alert_title_bp_rate = 0.34 → +0.110

**Éléments qui réduisent le score (↓) :**
  • user_criticality_score = 1 → -0.104
  • asset_x_ti = 0.00 → -0.025"
470000,"**Score de priorisation : 94/100** — Décision suggérée : ACTION_URGENTE

**Raisons principales (↑ augmente le score) :**
  • alert_title_tp_rate = 0.65 → +1.100
  • nb_failed_logins_7d = 15.00 → +0.140
  • alert_title_bp_rate = 0.34 → +0.110

**Éléments qui réduisent le score (↓) :**
  • user_criticality_score = 1 → -0.104
  • asset_x_ti = 0.00 → -0.025"
459991,"**Score de priorisation : 94/100** — Décision suggérée : ACTION_URGENTE

**Raisons principales (↑ augmente le score) :**
  • alert_title_tp_rate = 0.65 → +1.105
  • nb_failed_logins_7d = 15.00 → +0.152
  • alert_title_bp_rate = 0.34 → +0.106

**Éléments qui réduisent le score (↓) :**
  • user_criticality_score = 1 → -0.099
  • hour_cos = -0.26 → -0.034"
204566,"**Score de priorisation : 94/100** — Décision suggérée : ACTION_URGENTE

**Raisons principales (↑ augmente le score) :**
  • alert_title_tp_rate = 0.65 → +1.131
  • nb_failed_logins_7d = 15.00 → +0.151
  • alert_title_bp_rate = 0.34 → +0.098

**Éléments qui réduisent le score (↓) :**
  • user_criticality_score = 1 → -0.104
  • asset_x_ti = 0.00 → -0.025"
468734,"**Score de priorisation : 94/100** — Décision suggérée : ACTION_URGENTE

**Raisons principales (↑ augmente le score) :**
  • alert_title_tp_rate = 0.65 → +1.101
  • nb_failed_logins_7d = 15.00 → +0.145
  • alert_title_bp_rate = 0.34 → +0.111

**Éléments qui réduisent le score (↓) :**
  • user_criticality_score = 1 → -0.101
  • day_of_week = 0 → -0.029"
475281,"**Score de priorisation : 94/100** — Décision suggérée : ACTION_URGENTE

**Raisons principales (↑ augmente le score) :**
  • alert_title_tp_rate = 0.65 → +1.110
  • nb_failed_logins_7d = 15.00 → +0.136
  • alert_title_bp_rate = 0.34 → +0.113

**Éléments qui réduisent le score (↓) :**
  • user_criticality_score = 1 → -0.104
  • asset_x_ti = 0.00 → -0.025"
463480,"**Score de priorisation : 94/100** — Décision suggérée : ACTION_URGENTE

**Raisons principales (↑ augmente le score) :**
  • alert_title_tp_rate = 0.65 → +1.113
  • nb_failed_logins_7d = 15.00 → +0.151
  • alert_title_bp_rate = 0.34 → +0.110

**Éléments qui réduisent le score (↓) :**
  • user_criticality_score = 1 → -0.104
  • accounts_per_device = 0.50 → -0.030"
467737,"**Score de priorisation : 94/100** — Décision suggérée : ACTION_URGENTE

**Raisons principales (↑ augmente le score) :**
  • alert_title_tp_rate = 0.65 → +1.110
  • nb_failed_logins_7d = 15.00 → +0.136
  • alert_title_bp_rate = 0.34 → +0.113

**Éléments qui réduisent le score (↓) :**
  • user_criticality_score = 1 → -0.104
  • asset_x_ti = 0.00 → -0.025"
459972,"**Score de priorisation : 94/100** — Décision suggérée : ACTION_URGENTE

**Raisons principales (↑ augmente le score) :**
  • alert_title_tp_rate = 0.65 → +1.099
  • nb_failed_logins_7d = 15.00 → +0.148
  • alert_title_bp_rate = 0.34 → +0.111

**Éléments qui réduisent le score (↓) :**
  • user_criticality_score = 1 → -0.104
  • asset_x_ti = 0.00 → -0.025"
466626,"**Score de priorisation : 94/100** — Décision suggérée : ACTION_URGENTE

**Raisons principales (↑ augmente le score) :**
  • alert_title_tp_rate = 0.65 → +1.112
  • nb_failed_logins_7d = 15.00 → +0.149
  • alert_title_bp_rate = 0.34 → +0.111

**Éléments qui réduisent le score (↓) :**
  • user_criticality_score = 1 → -0.099
  • accounts_per_device = 0.50 → -0.026"
27862,"**Score de priorisation : 94/100** — Décision suggérée : ACTION_URGENTE

**Raisons principales (↑ augmente le score) :**
  • alert_title_tp_rate = 0.65 → +1.086
  • nb_failed_logins_7d = 15.00 → +0.149
  • alert_title_fp_rate = 0.02 → +0.136

**Éléments qui réduisent le score (↓) :**
  • user_criticality_score = 1 → -0.104
  • nb_evidences = 57 → -0.040"
468500,"**Score de priorisation : 94/100** — Décision suggérée : ACTION_URGENTE

**Raisons principales (↑ augmente le score) :**
  • alert_title_tp_rate = 0.65 → +1.106
  • nb_failed_logins_7d = 15.00 → +0.139
  • alert_title_bp_rate = 0.34 → +0.113

**Éléments qui réduisent le score (↓) :**
  • user_criticality_score = 1 → -0.103
  • asset_x_ti = 0.00 → -0.025"
468610,"**Score de priorisation : 93/100** — Décision suggérée : ACTION_URGENTE

**Raisons principales (↑ augmente le score) :**
  • alert_title_tp_rate = 0.65 → +1.109
  • nb_failed_logins_7d = 15.00 → +0.147
  • alert_title_bp_rate = 0.34 → +0.113

**Éléments qui réduisent le score (↓) :**
  • user_criticality_score = 1 → -0.103
  • asset_x_ti = 0.00 → -0.025"
62930,"**Score de priorisation : 93/100** — Décision suggérée : ACTION_URGENTE

**Raisons principales (↑ augmente le score) :**
  • alert_title_tp_rate = 0.65 → +1.089
  • nb_failed_logins_7d = 15.00 → +0.151
  • alert_title_fp_rate = 0.02 → +0.117

**Éléments qui réduisent le score (↓) :**
  • user_criticality_score = 1 → -0.105
  • hour_of_day = 22 → -0.048"
131679,"**Score de priorisation : 93/100** — Décision suggérée : ACTION_URGENTE

**Raisons principales (↑ augmente le score) :**
  • alert_title_tp_rate = 0.65 → +1.128
  • nb_failed_logins_7d = 15.00 → +0.154
  • alert_title_bp_rate = 0.34 → +0.093

**Éléments qui réduisent le score (↓) :**
  • user_criticality_score = 1 → -0.104
  • alerts_per_detector = 6.50 → -0.055"
260743,"**Score de priorisation : 93/100** — Décision suggérée : ACTION_URGENTE

**Raisons principales (↑ augmente le score) :**
  • alert_title_tp_rate = 0.65 → +1.131
  • nb_failed_logins_7d = 15.00 → +0.147
  • alert_title_bp_rate = 0.34 → +0.118

**Éléments qui réduisent le score (↓) :**
  • user_criticality_score = 1 → -0.101
  • spread_score = 5.50 → -0.026"
14222,"**Score de priorisation : 93/100** — Décision suggérée : ACTION_URGENTE

**Raisons principales (↑ augmente le score) :**
  • alert_title_tp_rate = 0.48 → +1.221
  • nb_failed_logins_7d = 15.00 → +0.131
  • category_bp_rate = 0.74 → +0.118

**Éléments qui réduisent le score (↓) :**
  • user_criticality_score = 1 → -0.091
  • spread_score = 22.00 → -0.078"
132368,"**Score de priorisation : 93/100** — Décision suggérée : ACTION_URGENTE

**Raisons principales (↑ augmente le score) :**
  • alert_title_tp_rate = 0.65 → +1.120
  • nb_failed_logins_7d = 15.00 → +0.152
  • alert_title_bp_rate = 0.34 → +0.094

**Éléments qui réduisent le score (↓) :**
  • user_criticality_score = 1 → -0.104
  • alerts_per_detector = 7.50 → -0.043"
468166,"**Score de priorisation : 93/100** — Décision suggérée : ACTION_URGENTE

**Raisons principales (↑ augmente le score) :**
  • alert_title_tp_rate = 0.65 → +1.112
  • nb_failed_logins_7d = 15.00 → +0.155
  • alert_title_bp_rate = 0.34 → +0.109

**Éléments qui réduisent le score (↓) :**
  • user_criticality_score = 1 → -0.100
  • hour_cos = -0.50 → -0.032"
463543,"**Score de priorisation : 93/100** — Décision suggérée : ACTION_URGENTE

**Raisons principales (↑ augmente le score) :**
  • alert_title_tp_rate = 0.65 → +1.109
  • nb_failed_logins_7d = 15.00 → +0.159
  • alert_title_bp_rate = 0.34 → +0.105

**Éléments qui réduisent le score (↓) :**
  • user_criticality_score = 1 → -0.103
  • accounts_per_device = 0.50 → -0.034"
132092,"**Score de priorisation : 92/100** — Décision suggérée : ACTION_URGENTE

**Raisons principales (↑ augmente le score) :**
  • alert_title_tp_rate = 0.65 → +1.123
  • nb_failed_logins_7d = 15.00 → +0.150
  • alert_title_bp_rate = 0.34 → +0.098

**Éléments qui réduisent le score (↓) :**
  • user_criticality_score = 1 → -0.103
  • alerts_per_detector = 7.00 → -0.061"
253814,"**Score de priorisation : 92/100** — Décision suggérée : ACTION_URGENTE

**Raisons principales (↑ augmente le score) :**
  • nb_failed_logins_7d = 13.00 → +2.159
  • alert_title_tp_rate = 0.23 → +0.235
  • alert_title_fp_rate = 0.15 → +0.039

**Éléments qui réduisent le score (↓) :**
  • user_criticality_score = 1 → -0.093
  • alert_title_bp_rate = 0.62 → -0.089"
468164,"**Score de priorisation : 92/100** — Décision suggérée : ACTION_URGENTE

**Raisons principales (↑ augmente le score) :**
  • alert_title_tp_rate = 0.65 → +1.100
  • nb_failed_logins_7d = 15.00 → +0.155
  • alert_title_bp_rate = 0.34 → +0.110

**Éléments qui réduisent le score (↓) :**
  • user_criticality_score = 1 → -0.099
  • hour_cos = -0.71 → -0.039"
131920,"**Score de priorisation : 92/100** — Décision suggérée : ACTION_URGENTE

**Raisons principales (↑ augmente le score) :**
  • alert_title_tp_rate = 0.65 → +1.122
  • nb_failed_logins_7d = 15.00 → +0.156
  • alert_title_fp_rate = 0.02 → +0.093

**Éléments qui réduisent le score (↓) :**
  • user_criticality_score = 1 → -0.102
  • alerts_per_detector = 7.50 → -0.045"
240729,"**Score de priorisation : 91/100** — Décision suggérée : ACTION_URGENTE

**Raisons principales (↑ augmente le score) :**
  • alert_title_tp_rate = 0.65 → +1.137
  • nb_failed_logins_7d = 15.00 → +0.158
  • alert_title_bp_rate = 0.34 → +0.103

**Éléments qui réduisent le score (↓) :**
  • user_criticality_score = 1 → -0.104
  • accounts_per_device = 0.50 → -0.031"
468821,"**Score de priorisation : 91/100** — Décision suggérée : ACTION_URGENTE

**Raisons principales (↑ augmente le score) :**
  • nb_failed_logins_7d = 14.00 → +2.189
  • user_criticality_score = 2 → +0.953
  • detector_nb_incidents = 3249.00 → +0.195

**Éléments qui réduisent le score (↓) :**
  • alert_title_tp_rate = 0.13 → -0.375
  • alert_title_bp_rate = 0.78 → -0.148"
198682,"**Score de priorisation : 90/100** — Décision suggérée : ACTION_URGENTE

**Raisons principales (↑ augmente le score) :**
  • alert_title_tp_rate = 0.51 → +1.116
  • nb_failed_logins_7d = 15.00 → +0.136
  • alert_title_bp_rate = 0.27 → +0.069

**Éléments qui réduisent le score (↓) :**
  • user_criticality_score = 1 → -0.104
  • accounts_per_device = 0.33 → -0.038"
37652,"**Score de priorisation : 90/100** — Décision suggérée : ACTION_URGENTE

**Raisons principales (↑ augmente le score) :**
  • alert_title_tp_rate = 0.65 → +1.083
  • nb_failed_logins_7d = 15.00 → +0.159
  • alert_title_fp_rate = 0.02 → +0.134

**Éléments qui réduisent le score (↓) :**
  • user_criticality_score = 1 → -0.103
  • nb_evidences = 45 → -0.037"
160931,"**Score de priorisation : 90/100** — Décision suggérée : ACTION_URGENTE

**Raisons principales (↑ augmente le score) :**
  • alert_title_tp_rate = 0.65 → +1.127
  • nb_failed_logins_7d = 15.00 → +0.155
  • alert_title_bp_rate = 0.34 → +0.095

**Éléments qui réduisent le score (↓) :**
  • user_criticality_score = 1 → -0.105
  • alerts_per_detector = 5.50 → -0.041"
459907,"**Score de priorisation : 88/100** — Décision suggérée : ACTION_URGENTE

**Raisons principales (↑ augmente le score) :**
  • nb_failed_logins_7d = 14.00 → +2.199
  • user_criticality_score = 2 → +0.971
  • detector_nb_incidents = 3249.00 → +0.185

**Éléments qui réduisent le score (↓) :**
  • alert_title_tp_rate = 0.13 → -0.358
  • alert_title_bp_rate = 0.78 → -0.164"
499322,"**Score de priorisation : 87/100** — Décision suggérée : ACTION_URGENTE

**Raisons principales (↑ augmente le score) :**
  • alert_title_tp_rate = 0.44 → +1.031
  • nb_failed_logins_7d = 15.00 → +0.161
  • alert_title_bp_rate = 0.29 → +0.134

**Éléments qui réduisent le score (↓) :**
  • user_criticality_score = 1 → -0.099
  • alert_title_fp_rate = 0.27 → -0.043"
465860,"**Score de priorisation : 87/100** — Décision suggérée : ACTION_URGENTE

**Raisons principales (↑ augmente le score) :**
  • nb_failed_logins_7d = 13.00 → +2.211
  • user_criticality_score = 2 → +0.974
  • detector_nb_incidents = 3249.00 → +0.173

**Éléments qui réduisent le score (↓) :**
  • alert_title_tp_rate = 0.13 → -0.375
  • alert_title_bp_rate = 0.78 → -0.170"
1049,"**Score de priorisation : 85/100** — Décision suggérée : ACTION_URGENTE

**Raisons principales (↑ augmente le score) :**
  • ti_actor_cybercrime = 1 → +1.622
  • alert_title_tp_rate = 0.26 → +0.257
  • alerts_per_detector = 129.33 → +0.178

**Éléments qui réduisent le score (↓) :**
  • alert_title_bp_rate = 0.70 → -0.145
  • spread_score = 60.50 → -0.136"
368777,"**Score de priorisation : 83/100** — Décision suggérée : ACTION_URGENTE

**Raisons principales (↑ augmente le score) :**
  • alert_title_tp_rate = 0.46 → +1.119
  • nb_failed_logins_7d = 15.00 → +0.159
  • has_impacted_entity = 0 → +0.116

**Éléments qui réduisent le score (↓) :**
  • user_criticality_score = 1 → -0.101
  • hour_cos = -0.87 → -0.071"
471455,"**Score de priorisation : 83/100** — Décision suggérée : ACTION_URGENTE

**Raisons principales (↑ augmente le score) :**
  • alert_title_tp_rate = 0.65 → +1.143
  • user_criticality_score = 2 → +0.570
  • alert_title_bp_rate = 0.34 → +0.163

**Éléments qui réduisent le score (↓) :**
  • nb_failed_logins_7d = 3.00 → -1.488
  • login_country_mismatch = 0 → -0.050"
278787,"**Score de priorisation : 82/100** — Décision suggérée : ACTION_URGENTE

**Raisons principales (↑ augmente le score) :**
  • alert_title_tp_rate = 0.69 → +1.014
  • nb_failed_logins_7d = 15.00 → +0.158
  • alert_title_bp_rate = 0.14 → +0.085

**Éléments qui réduisent le score (↓) :**
  • user_criticality_score = 1 → -0.103
  • detector_nb_incidents = 247.00 → -0.065"
469735,"**Score de priorisation : 81/100** — Décision suggérée : ACTION_URGENTE

**Raisons principales (↑ augmente le score) :**
  • ti_actor_cybercrime = 1 → +1.852
  • asset_x_ti = 50.00 → +0.801
  • ti_score_max = 50.00 → +0.414

**Éléments qui réduisent le score (↓) :**
  • alert_title_tp_rate = 0.13 → -0.579
  • alert_title_bp_rate = 0.78 → -0.180"
17007,"**Score de priorisation : 80/100** — Décision suggérée : ACTION_URGENTE

**Raisons principales (↑ augmente le score) :**
  • alert_title_tp_rate = 0.65 → +1.148
  • user_criticality_score = 3 → +0.585
  • alert_title_fp_rate = 0.02 → +0.238

**Éléments qui réduisent le score (↓) :**
  • nb_failed_logins_7d = 2.00 → -2.186
  • login_country_mismatch = 0 → -0.044"
515159,"**Score de priorisation : 79/100** — Décision suggérée : ACTION_URGENTE

**Raisons principales (↑ augmente le score) :**
  • alert_title_tp_rate = 0.68 → +1.057
  • nb_failed_logins_7d = 15.00 → +0.155
  • alert_title_bp_rate = 0.13 → +0.095

**Éléments qui réduisent le score (↓) :**
  • user_criticality_score = 1 → -0.097
  • detector_nb_incidents = 166.00 → -0.056"
41834,"**Score de priorisation : 78/100** — Décision suggérée : ACTION_URGENTE

**Raisons principales (↑ augmente le score) :**
  • alert_title_tp_rate = 0.36 → +0.726
  • nb_failed_logins_7d = 15.00 → +0.165
  • alert_title_bp_rate = 0.37 → +0.097

**Éléments qui réduisent le score (↓) :**
  • user_criticality_score = 1 → -0.117
  • detector_fp_rate = 0.59 → -0.034"
45191,"**Score de priorisation : 76/100** — Décision suggérée : ACTION_URGENTE

**Raisons principales (↑ augmente le score) :**
  • alert_title_tp_rate = 0.68 → +1.013
  • nb_failed_logins_7d = 15.00 → +0.162
  • alerts_per_detector = 8.75 → +0.089

**Éléments qui réduisent le score (↓) :**
  • user_criticality_score = 1 → -0.100
  • detector_nb_incidents = 166.00 → -0.076"
85054,"**Score de priorisation : 70/100** — Décision suggérée : ESCALADE_N2

**Raisons principales (↑ augmente le score) :**
  • alert_title_tp_rate = 0.69 → +0.983
  • nb_failed_logins_7d = 15.00 → +0.157
  • alert_title_bp_rate = 0.14 → +0.083

**Éléments qui réduisent le score (↓) :**
  • user_criticality_score = 1 → -0.106
  • detector_nb_incidents = 247.00 → -0.053"
183658,"**Score de priorisation : 69/100** — Décision suggérée : ESCALADE_N2

**Raisons principales (↑ augmente le score) :**
  • alert_title_tp_rate = 0.68 → +1.047
  • nb_failed_logins_7d = 15.00 → +0.160
  • alert_title_bp_rate = 0.13 → +0.097

**Éléments qui réduisent le score (↓) :**
  • user_criticality_score = 1 → -0.102
  • ips_per_hour = 0.01 → -0.059"
471293,"**Score de priorisation : 67/100** — Décision suggérée : ESCALADE_N2

**Raisons principales (↑ augmente le score) :**
  • ti_actor_APT = 1 → +1.171
  • asset_x_ti = 37.00 → +0.653
  • ti_score_max = 37.00 → +0.337

**Éléments qui réduisent le score (↓) :**
  • alert_title_tp_rate = 0.13 → -0.583
  • alert_title_bp_rate = 0.78 → -0.179"
59453,"**Score de priorisation : 65/100** — Décision suggérée : ESCALADE_N2

**Raisons principales (↑ augmente le score) :**
  • alert_title_tp_rate = 0.37 → +0.766
  • nb_failed_logins_7d = 15.00 → +0.126
  • alert_title_bp_rate = 0.33 → +0.071

**Éléments qui réduisent le score (↓) :**
  • user_criticality_score = 1 → -0.121
  • alert_title_fp_rate = 0.30 → -0.070"
85267,"**Score de priorisation : 64/100** — Décision suggérée : ESCALADE_N2

**Raisons principales (↑ augmente le score) :**
  • asset_x_ti = 36.00 → +0.584
  • ti_score_max = 36.00 → +0.367
  • nb_failed_logins_7d = 15.00 → +0.192

**Éléments qui réduisent le score (↓) :**
  • alert_title_tp_rate = 0.12 → -0.495
  • ti_actor_cybercrime = 0 → -0.101"
467330,"**Score de priorisation : 63/100** — Décision suggérée : ESCALADE_N2

**Raisons principales (↑ augmente le score) :**
  • nb_failed_logins_7d = 9.00 → +2.295
  • detector_nb_incidents = 3249.00 → +0.149
  • alert_title_fp_rate = 0.09 → +0.067

**Éléments qui réduisent le score (↓) :**
  • alert_title_tp_rate = 0.13 → -0.386
  • alert_title_bp_rate = 0.78 → -0.184"
196855,"**Score de priorisation : 63/100** — Décision suggérée : ESCALADE_N2

**Raisons principales (↑ augmente le score) :**
  • alert_title_tp_rate = 0.33 → +0.740
  • nb_failed_logins_7d = 15.00 → +0.146
  • alert_rate_per_hour = 0.02 → +0.055

**Éléments qui réduisent le score (↓) :**
  • alert_title_bp_rate = 0.46 → -0.129
  • user_criticality_score = 1 → -0.126"
16244,"**Score de priorisation : 62/100** — Décision suggérée : ESCALADE_N2

**Raisons principales (↑ augmente le score) :**
  • alert_title_tp_rate = 0.35 → +0.540
  • alerts_per_detector = 9.50 → +0.161
  • nb_failed_logins_7d = 15.00 → +0.146

**Éléments qui réduisent le score (↓) :**
  • alert_title_bp_rate = 0.55 → -0.132
  • user_criticality_score = 1 → -0.131"
548585,"**Score de priorisation : 61/100** — Décision suggérée : ESCALADE_N2

**Raisons principales (↑ augmente le score) :**
  • alert_title_tp_rate = 0.36 → +0.668
  • nb_failed_logins_7d = 15.00 → +0.152
  • alert_title_bp_rate = 0.34 → +0.085

**Éléments qui réduisent le score (↓) :**
  • alert_title_fp_rate = 0.30 → -0.169
  • user_criticality_score = 1 → -0.121"
517601,"**Score de priorisation : 58/100** — Décision suggérée : ESCALADE_N2

**Raisons principales (↑ augmente le score) :**
  • alert_title_tp_rate = 0.28 → +0.610
  • nb_failed_logins_7d = 15.00 → +0.147
  • category_bp_rate = 0.50 → +0.045

**Éléments qui réduisent le score (↓) :**
  • user_criticality_score = 1 → -0.123
  • alert_title_bp_rate = 0.45 → -0.107"
34380,"**Score de priorisation : 58/100** — Décision suggérée : ESCALADE_N2

**Raisons principales (↑ augmente le score) :**
  • alert_title_tp_rate = 0.26 → +0.307
  • nb_failed_logins_7d = 15.00 → +0.157
  • hour_cos = 0.71 → +0.035

**Éléments qui réduisent le score (↓) :**
  • user_criticality_score = 1 → -0.127
  • alert_title_bp_rate = 0.51 → -0.089"
22416,"**Score de priorisation : 57/100** — Décision suggérée : ESCALADE_N2

**Raisons principales (↑ augmente le score) :**
  • alert_title_tp_rate = 0.26 → +0.322
  • nb_failed_logins_7d = 15.00 → +0.159
  • hour_of_day = 5 → +0.063

**Éléments qui réduisent le score (↓) :**
  • user_criticality_score = 1 → -0.127
  • alert_title_bp_rate = 0.51 → -0.095"
249089,"**Score de priorisation : 57/100** — Décision suggérée : ESCALADE_N2

**Raisons principales (↑ augmente le score) :**
  • alert_title_tp_rate = 0.33 → +0.640
  • nb_failed_logins_7d = 15.00 → +0.147
  • alert_title_fp_rate = 0.07 → +0.055

**Éléments qui réduisent le score (↓) :**
  • user_criticality_score = 1 → -0.133
  • alert_title_bp_rate = 0.59 → -0.116"
9429,"**Score de priorisation : 56/100** — Décision suggérée : ESCALADE_N2

**Raisons principales (↑ augmente le score) :**
  • alert_title_tp_rate = 0.35 → +0.564
  • nb_failed_logins_7d = 15.00 → +0.154
  • alert_title_fp_rate = 0.10 → +0.040

**Éléments qui réduisent le score (↓) :**
  • user_criticality_score = 1 → -0.134
  • alert_title_bp_rate = 0.55 → -0.114"
11868,"**Score de priorisation : 56/100** — Décision suggérée : ESCALADE_N2

**Raisons principales (↑ augmente le score) :**
  • alert_title_tp_rate = 0.35 → +0.543
  • nb_failed_logins_7d = 15.00 → +0.149
  • asset_x_alerts = 4.47 → +0.041

**Éléments qui réduisent le score (↓) :**
  • user_criticality_score = 1 → -0.132
  • alert_title_bp_rate = 0.55 → -0.131"
97551,"**Score de priorisation : 54/100** — Décision suggérée : ESCALADE_N2

**Raisons principales (↑ augmente le score) :**
  • alert_title_tp_rate = 0.26 → +0.309
  • nb_failed_logins_7d = 15.00 → +0.156
  • alert_rate_per_hour = 0.10 → +0.090

**Éléments qui réduisent le score (↓) :**
  • user_criticality_score = 1 → -0.127
  • alert_title_bp_rate = 0.51 → -0.081"
81518,"**Score de priorisation : 53/100** — Décision suggérée : ESCALADE_N2

**Raisons principales (↑ augmente le score) :**
  • alert_title_tp_rate = 0.35 → +0.573
  • nb_failed_logins_7d = 15.00 → +0.146
  • alert_rate_per_hour = 0.10 → +0.080

**Éléments qui réduisent le score (↓) :**
  • user_criticality_score = 1 → -0.132
  • alert_title_bp_rate = 0.55 → -0.119"
85929,"**Score de priorisation : 52/100** — Décision suggérée : ESCALADE_N2

**Raisons principales (↑ augmente le score) :**
  • alert_title_tp_rate = 0.35 → +0.573
  • nb_failed_logins_7d = 15.00 → +0.153
  • alert_title_fp_rate = 0.10 → +0.045

**Éléments qui réduisent le score (↓) :**
  • user_criticality_score = 1 → -0.133
  • alert_title_bp_rate = 0.55 → -0.122"
462411,"**Score de priorisation : 52/100** — Décision suggérée : ESCALADE_N2

**Raisons principales (↑ augmente le score) :**
  • alert_title_tp_rate = 0.65 → +1.004
  • user_criticality_score = 2 → +0.553
  • alert_title_fp_rate = 0.02 → +0.174

**Éléments qui réduisent le score (↓) :**
  • nb_failed_logins_7d = 1.00 → -2.827
  • login_country_mismatch = 0 → -0.043"
68247,"**Score de priorisation : 52/100** — Décision suggérée : ESCALADE_N2

**Raisons principales (↑ augmente le score) :**
  • alert_title_tp_rate = 0.33 → +0.646
  • nb_failed_logins_7d = 15.00 → +0.145
  • alert_title_fp_rate = 0.05 → +0.070

**Éléments qui réduisent le score (↓) :**
  • user_criticality_score = 1 → -0.133
  • alert_title_bp_rate = 0.62 → -0.111"
467847,"**Score de priorisation : 52/100** — Décision suggérée : ESCALADE_N2

**Raisons principales (↑ augmente le score) :**
  • alert_title_tp_rate = 0.65 → +0.902
  • user_criticality_score = 2 → +0.544
  • hour_of_day = 23 → +0.229

**Éléments qui réduisent le score (↓) :**
  • nb_failed_logins_7d = 0.00 → -2.547
  • login_country_mismatch = 0 → -0.067"
39129,"**Score de priorisation : 52/100** — Décision suggérée : ESCALADE_N2

**Raisons principales (↑ augmente le score) :**
  • alert_title_tp_rate = 0.35 → +0.568
  • nb_failed_logins_7d = 15.00 → +0.154
  • alert_rate_per_hour = 0.10 → +0.081

**Éléments qui réduisent le score (↓) :**
  • user_criticality_score = 1 → -0.135
  • alert_title_bp_rate = 0.55 → -0.113"
16678,"**Score de priorisation : 51/100** — Décision suggérée : ESCALADE_N2

**Raisons principales (↑ augmente le score) :**
  • alert_title_tp_rate = 0.26 → +0.290
  • nb_failed_logins_7d = 15.00 → +0.169
  • alerts_per_detector = 10.60 → +0.088

**Éléments qui réduisent le score (↓) :**
  • user_criticality_score = 1 → -0.126
  • alert_title_bp_rate = 0.51 → -0.110"
173595,"**Score de priorisation : 51/100** — Décision suggérée : ESCALADE_N2

**Raisons principales (↑ augmente le score) :**
  • alert_title_tp_rate = 0.35 → +0.621
  • nb_failed_logins_7d = 15.00 → +0.167
  • alert_title_fp_rate = 0.10 → +0.049

**Éléments qui réduisent le score (↓) :**
  • user_criticality_score = 1 → -0.133
  • alert_title_bp_rate = 0.55 → -0.109"
64125,"**Score de priorisation : 51/100** — Décision suggérée : ESCALADE_N2

**Raisons principales (↑ augmente le score) :**
  • alert_title_tp_rate = 0.35 → +0.565
  • alerts_per_detector = 9.50 → +0.150
  • nb_failed_logins_7d = 15.00 → +0.150

**Éléments qui réduisent le score (↓) :**
  • user_criticality_score = 1 → -0.132
  • alert_title_bp_rate = 0.55 → -0.127"
20861,"**Score de priorisation : 51/100** — Décision suggérée : ESCALADE_N2

**Raisons principales (↑ augmente le score) :**
  • alert_title_tp_rate = 0.26 → +0.309
  • nb_failed_logins_7d = 15.00 → +0.148
  • alerts_per_detector = 9.80 → +0.118

**Éléments qui réduisent le score (↓) :**
  • user_criticality_score = 1 → -0.130
  • alert_title_bp_rate = 0.51 → -0.105"
117220,"**Score de priorisation : 50/100** — Décision suggérée : ESCALADE_N2

**Raisons principales (↑ augmente le score) :**
  • user_criticality_score = 2 → +0.714
  • nb_failed_logins_7d = 7.00 → +0.577
  • alert_title_tp_rate = 0.26 → +0.287

**Éléments qui réduisent le score (↓) :**
  • alert_title_bp_rate = 0.70 → -0.145
  • alert_rate_per_hour = 600.00 → -0.110"
499544,"**Score de priorisation : 49/100** — Décision suggérée : ESCALADE_N2

**Raisons principales (↑ augmente le score) :**
  • alert_title_tp_rate = 0.35 → +0.574
  • nb_failed_logins_7d = 15.00 → +0.153
  • alert_title_fp_rate = 0.10 → +0.062

**Éléments qui réduisent le score (↓) :**
  • user_criticality_score = 1 → -0.131
  • alert_title_bp_rate = 0.55 → -0.123"
163556,"**Score de priorisation : 48/100** — Décision suggérée : ESCALADE_N2

**Raisons principales (↑ augmente le score) :**
  • alert_title_tp_rate = 0.35 → +0.613
  • nb_failed_logins_7d = 15.00 → +0.154
  • alert_title_fp_rate = 0.10 → +0.052

**Éléments qui réduisent le score (↓) :**
  • user_criticality_score = 1 → -0.130
  • alert_title_bp_rate = 0.55 → -0.107"
52154,"**Score de priorisation : 48/100** — Décision suggérée : ESCALADE_N2

**Raisons principales (↑ augmente le score) :**
  • alert_title_tp_rate = 0.35 → +0.571
  • nb_failed_logins_7d = 15.00 → +0.153
  • alert_title_fp_rate = 0.10 → +0.043

**Éléments qui réduisent le score (↓) :**
  • user_criticality_score = 1 → -0.134
  • alert_title_bp_rate = 0.55 → -0.118"
74107,"**Score de priorisation : 48/100** — Décision suggérée : ESCALADE_N2

**Raisons principales (↑ augmente le score) :**
  • alert_title_tp_rate = 0.35 → +0.568
  • nb_failed_logins_7d = 15.00 → +0.160
  • alert_title_fp_rate = 0.10 → +0.040

**Éléments qui réduisent le score (↓) :**
  • user_criticality_score = 1 → -0.134
  • alert_title_bp_rate = 0.55 → -0.110"
152451,"**Score de priorisation : 48/100** — Décision suggérée : ESCALADE_N2

**Raisons principales (↑ augmente le score) :**
  • alert_title_tp_rate = 0.35 → +0.628
  • nb_failed_logins_7d = 15.00 → +0.157
  • alert_title_fp_rate = 0.10 → +0.050

**Éléments qui réduisent le score (↓) :**
  • user_criticality_score = 1 → -0.133
  • alert_title_bp_rate = 0.55 → -0.107"
161311,"**Score de priorisation : 47/100** — Décision suggérée : ESCALADE_N2

**Raisons principales (↑ augmente le score) :**
  • alert_title_tp_rate = 0.35 → +0.619
  • nb_failed_logins_7d = 15.00 → +0.156
  • alert_title_fp_rate = 0.10 → +0.051

**Éléments qui réduisent le score (↓) :**
  • user_criticality_score = 1 → -0.132
  • alert_title_bp_rate = 0.55 → -0.108"
143516,"**Score de priorisation : 47/100** — Décision suggérée : ESCALADE_N2

**Raisons principales (↑ augmente le score) :**
  • alert_title_tp_rate = 0.26 → +0.274
  • nb_failed_logins_7d = 15.00 → +0.164
  • detector_tp_rate = 0.25 → +0.056

**Éléments qui réduisent le score (↓) :**
  • user_criticality_score = 1 → -0.131
  • alert_title_bp_rate = 0.70 → -0.110"
65829,"**Score de priorisation : 47/100** — Décision suggérée : ESCALADE_N2

**Raisons principales (↑ augmente le score) :**
  • alert_title_tp_rate = 0.35 → +0.616
  • nb_failed_logins_7d = 15.00 → +0.163
  • alert_title_fp_rate = 0.10 → +0.048

**Éléments qui réduisent le score (↓) :**
  • user_criticality_score = 1 → -0.133
  • alert_title_bp_rate = 0.55 → -0.108"
99544,"**Score de priorisation : 47/100** — Décision suggérée : ESCALADE_N2

**Raisons principales (↑ augmente le score) :**
  • alert_title_tp_rate = 0.35 → +0.595
  • nb_failed_logins_7d = 15.00 → +0.160
  • alert_title_fp_rate = 0.10 → +0.045

**Éléments qui réduisent le score (↓) :**
  • user_criticality_score = 1 → -0.132
  • alert_title_bp_rate = 0.55 → -0.114"
20603,"**Score de priorisation : 47/100** — Décision suggérée : ESCALADE_N2

**Raisons principales (↑ augmente le score) :**
  • alert_title_tp_rate = 0.35 → +0.544
  • alerts_per_detector = 10.67 → +0.167
  • nb_failed_logins_7d = 15.00 → +0.162

**Éléments qui réduisent le score (↓) :**
  • user_criticality_score = 1 → -0.132
  • alert_title_bp_rate = 0.55 → -0.115"
16920,"**Score de priorisation : 46/100** — Décision suggérée : ESCALADE_N2

**Raisons principales (↑ augmente le score) :**
  • alert_title_tp_rate = 0.26 → +0.304
  • nb_failed_logins_7d = 15.00 → +0.174
  • alerts_per_detector = 20.33 → +0.045

**Éléments qui réduisent le score (↓) :**
  • user_criticality_score = 1 → -0.129
  • alert_title_bp_rate = 0.51 → -0.102"
386307,"**Score de priorisation : 45/100** — Décision suggérée : ESCALADE_N2

**Raisons principales (↑ augmente le score) :**
  • alert_title_tp_rate = 0.32 → +0.652
  • nb_failed_logins_7d = 15.00 → +0.139
  • alert_title_bp_rate = 0.32 → +0.031

**Éléments qui réduisent le score (↓) :**
  • user_criticality_score = 1 → -0.131
  • alert_title_fp_rate = 0.36 → -0.116"
38360,"**Score de priorisation : 44/100** — Décision suggérée : INVESTIGATION_N1

**Raisons principales (↑ augmente le score) :**
  • has_threat_family = 1 → +0.334
  • nb_failed_logins_7d = 15.00 → +0.155
  • detector_nb_incidents = 3210.00 → +0.114

**Éléments qui réduisent le score (↓) :**
  • alert_title_tp_rate = 0.14 → -0.517
  • user_criticality_score = 1 → -0.111"
7327,"**Score de priorisation : 44/100** — Décision suggérée : INVESTIGATION_N1

**Raisons principales (↑ augmente le score) :**
  • alert_title_tp_rate = 0.26 → +0.266
  • nb_failed_logins_7d = 15.00 → +0.153
  • alert_rate_per_hour = 0.10 → +0.098

**Éléments qui réduisent le score (↓) :**
  • user_criticality_score = 1 → -0.130
  • alert_title_bp_rate = 0.70 → -0.118"
33962,"**Score de priorisation : 43/100** — Décision suggérée : INVESTIGATION_N1

**Raisons principales (↑ augmente le score) :**
  • alert_title_tp_rate = 0.35 → +0.560
  • nb_failed_logins_7d = 15.00 → +0.151
  • alert_title_fp_rate = 0.10 → +0.046

**Éléments qui réduisent le score (↓) :**
  • user_criticality_score = 1 → -0.135
  • alert_title_bp_rate = 0.55 → -0.115"
94600,"**Score de priorisation : 43/100** — Décision suggérée : INVESTIGATION_N1

**Raisons principales (↑ augmente le score) :**
  • alert_title_tp_rate = 0.35 → +0.550
  • nb_failed_logins_7d = 15.00 → +0.158
  • alert_title_fp_rate = 0.10 → +0.041

**Éléments qui réduisent le score (↓) :**
  • user_criticality_score = 1 → -0.133
  • alert_title_bp_rate = 0.55 → -0.120"
170552,"**Score de priorisation : 42/100** — Décision suggérée : INVESTIGATION_N1

**Raisons principales (↑ augmente le score) :**
  • alert_title_tp_rate = 0.26 → +0.298
  • nb_failed_logins_7d = 15.00 → +0.160
  • alert_title_fp_rate = 0.23 → +0.040

**Éléments qui réduisent le score (↓) :**
  • user_criticality_score = 1 → -0.131
  • alert_title_bp_rate = 0.51 → -0.084"
4351,"**Score de priorisation : 42/100** — Décision suggérée : INVESTIGATION_N1

**Raisons principales (↑ augmente le score) :**
  • alert_title_tp_rate = 0.35 → +0.561
  • nb_failed_logins_7d = 15.00 → +0.152
  • alert_title_fp_rate = 0.10 → +0.056

**Éléments qui réduisent le score (↓) :**
  • user_criticality_score = 1 → -0.134
  • alert_title_bp_rate = 0.55 → -0.114"
128067,"**Score de priorisation : 42/100** — Décision suggérée : INVESTIGATION_N1

**Raisons principales (↑ augmente le score) :**
  • alert_title_tp_rate = 0.26 → +0.294
  • nb_failed_logins_7d = 15.00 → +0.176
  • nb_evidences = 16 → +0.049

**Éléments qui réduisent le score (↓) :**
  • user_criticality_score = 1 → -0.130
  • alert_title_bp_rate = 0.51 → -0.102"
32720,"**Score de priorisation : 42/100** — Décision suggérée : INVESTIGATION_N1

**Raisons principales (↑ augmente le score) :**
  • alert_title_tp_rate = 0.35 → +0.568
  • nb_failed_logins_7d = 15.00 → +0.147
  • alert_title_fp_rate = 0.10 → +0.040

**Éléments qui réduisent le score (↓) :**
  • user_criticality_score = 1 → -0.134
  • alert_title_bp_rate = 0.55 → -0.122"
70903,"**Score de priorisation : 42/100** — Décision suggérée : INVESTIGATION_N1

**Raisons principales (↑ augmente le score) :**
  • alert_title_tp_rate = 0.26 → +0.294
  • nb_failed_logins_7d = 15.00 → +0.164
  • alert_title_fp_rate = 0.23 → +0.030

**Éléments qui réduisent le score (↓) :**
  • user_criticality_score = 1 → -0.130
  • alert_title_bp_rate = 0.51 → -0.090"
80485,"**Score de priorisation : 41/100** — Décision suggérée : INVESTIGATION_N1

**Raisons principales (↑ augmente le score) :**
  • nb_failed_logins_7d = 15.00 → +0.144
  • detector_nb_incidents = 3210.00 → +0.113
  • alert_rate_per_hour = 0.08 → +0.071

**Éléments qui réduisent le score (↓) :**
  • alert_title_tp_rate = 0.14 → -0.491
  • user_criticality_score = 1 → -0.108"
386321,"**Score de priorisation : 40/100** — Décision suggérée : INVESTIGATION_N1

**Raisons principales (↑ augmente le score) :**
  • alert_title_tp_rate = 0.32 → +0.642
  • nb_failed_logins_7d = 15.00 → +0.145
  • alert_title_bp_rate = 0.32 → +0.031

**Éléments qui réduisent le score (↓) :**
  • user_criticality_score = 1 → -0.133
  • alert_title_fp_rate = 0.36 → -0.110"
97536,"**Score de priorisation : 40/100** — Décision suggérée : INVESTIGATION_N1

**Raisons principales (↑ augmente le score) :**
  • alert_title_tp_rate = 0.26 → +0.297
  • nb_failed_logins_7d = 15.00 → +0.152
  • detector_tp_rate = 0.26 → +0.040

**Éléments qui réduisent le score (↓) :**
  • user_criticality_score = 1 → -0.128
  • ips_per_hour = 0.01 → -0.096"
462146,"**Score de priorisation : 40/100** — Décision suggérée : INVESTIGATION_N1

**Raisons principales (↑ augmente le score) :**
  • alert_title_tp_rate = 0.65 → +0.976
  • user_criticality_score = 2 → +0.514
  • alert_title_fp_rate = 0.02 → +0.134

**Éléments qui réduisent le score (↓) :**
  • nb_failed_logins_7d = 0.00 → -3.019
  • login_country_mismatch = 0 → -0.077"
121511,"**Score de priorisation : 40/100** — Décision suggérée : INVESTIGATION_N1

**Raisons principales (↑ augmente le score) :**
  • nb_failed_logins_7d = 15.00 → +0.153
  • detector_nb_incidents = 3210.00 → +0.104
  • alert_title_fp_rate = 0.09 → +0.053

**Éléments qui réduisent le score (↓) :**
  • alert_title_tp_rate = 0.14 → -0.511
  • user_criticality_score = 1 → -0.111"
56163,"**Score de priorisation : 40/100** — Décision suggérée : INVESTIGATION_N1

**Raisons principales (↑ augmente le score) :**
  • alert_title_tp_rate = 0.32 → +0.642
  • nb_failed_logins_7d = 15.00 → +0.148
  • accounts_per_device = 1.00 → +0.054

**Éléments qui réduisent le score (↓) :**
  • user_criticality_score = 1 → -0.132
  • alert_title_fp_rate = 0.36 → -0.104"
71777,"**Score de priorisation : 38/100** — Décision suggérée : INVESTIGATION_N1

**Raisons principales (↑ augmente le score) :**
  • alert_title_tp_rate = 0.26 → +0.278
  • nb_failed_logins_7d = 15.00 → +0.168
  • detector_tp_rate = 0.25 → +0.057

**Éléments qui réduisent le score (↓) :**
  • user_criticality_score = 1 → -0.131
  • alert_title_bp_rate = 0.70 → -0.116"
237639,"**Score de priorisation : 38/100** — Décision suggérée : INVESTIGATION_N1

**Raisons principales (↑ augmente le score) :**
  • alert_title_tp_rate = 0.34 → +0.616
  • nb_failed_logins_7d = 15.00 → +0.148
  • spread_score = 7.00 → +0.043

**Éléments qui réduisent le score (↓) :**
  • user_criticality_score = 1 → -0.137
  • alert_title_fp_rate = 0.60 → -0.107"
208446,"**Score de priorisation : 36/100** — Décision suggérée : INVESTIGATION_N1

**Raisons principales (↑ augmente le score) :**
  • alert_title_tp_rate = 0.23 → +0.179
  • nb_failed_logins_7d = 15.00 → +0.150
  • alert_title_fp_rate = 0.15 → +0.054

**Éléments qui réduisent le score (↓) :**
  • user_criticality_score = 1 → -0.125
  • alert_title_bp_rate = 0.62 → -0.088"
184538,"**Score de priorisation : 36/100** — Décision suggérée : INVESTIGATION_N1

**Raisons principales (↑ augmente le score) :**
  • alert_title_tp_rate = 0.26 → +0.289
  • nb_failed_logins_7d = 15.00 → +0.170
  • alert_title_fp_rate = 0.23 → +0.038

**Éléments qui réduisent le score (↓) :**
  • user_criticality_score = 1 → -0.131
  • ips_per_hour = 0.01 → -0.102"
47259,"**Score de priorisation : 35/100** — Décision suggérée : INVESTIGATION_N1

**Raisons principales (↑ augmente le score) :**
  • alert_title_tp_rate = 0.32 → +0.636
  • nb_failed_logins_7d = 15.00 → +0.132
  • alert_title_bp_rate = 0.32 → +0.036

**Éléments qui réduisent le score (↓) :**
  • user_criticality_score = 1 → -0.130
  • alert_title_fp_rate = 0.36 → -0.110"
170512,"**Score de priorisation : 35/100** — Décision suggérée : INVESTIGATION_N1

**Raisons principales (↑ augmente le score) :**
  • alert_title_tp_rate = 0.26 → +0.299
  • nb_failed_logins_7d = 15.00 → +0.176
  • detector_tp_rate = 0.26 → +0.037

**Éléments qui réduisent le score (↓) :**
  • user_criticality_score = 1 → -0.130
  • alert_title_bp_rate = 0.51 → -0.092"
499718,"**Score de priorisation : 35/100** — Décision suggérée : INVESTIGATION_N1

**Raisons principales (↑ augmente le score) :**
  • alert_title_tp_rate = 0.23 → +0.294
  • nb_failed_logins_7d = 15.00 → +0.146
  • mitre_execution = 1 → +0.022

**Éléments qui réduisent le score (↓) :**
  • user_criticality_score = 1 → -0.120
  • alert_title_fp_rate = 0.34 → -0.069"
229899,"**Score de priorisation : 35/100** — Décision suggérée : INVESTIGATION_N1

**Raisons principales (↑ augmente le score) :**
  • alert_title_tp_rate = 0.26 → +0.259
  • nb_failed_logins_7d = 15.00 → +0.171
  • accounts_per_device = 1.00 → +0.044

**Éléments qui réduisent le score (↓) :**
  • user_criticality_score = 1 → -0.130
  • alert_title_bp_rate = 0.51 → -0.102"
156212,"**Score de priorisation : 32/100** — Décision suggérée : INVESTIGATION_N1

**Raisons principales (↑ augmente le score) :**
  • alert_title_tp_rate = 0.26 → +0.267
  • nb_failed_logins_7d = 15.00 → +0.175
  • accounts_per_device = 1.00 → +0.040

**Éléments qui réduisent le score (↓) :**
  • user_criticality_score = 1 → -0.130
  • alert_title_bp_rate = 0.51 → -0.099"
213196,"**Score de priorisation : 32/100** — Décision suggérée : INVESTIGATION_N1

**Raisons principales (↑ augmente le score) :**
  • alert_title_tp_rate = 0.26 → +0.266
  • nb_failed_logins_7d = 15.00 → +0.176
  • accounts_per_device = 1.00 → +0.040

**Éléments qui réduisent le score (↓) :**
  • user_criticality_score = 1 → -0.130
  • alert_title_bp_rate = 0.51 → -0.100"
212859,"**Score de priorisation : 31/100** — Décision suggérée : INVESTIGATION_N1

**Raisons principales (↑ augmente le score) :**
  • alert_title_tp_rate = 0.26 → +0.270
  • nb_failed_logins_7d = 15.00 → +0.176
  • accounts_per_device = 1.00 → +0.048

**Éléments qui réduisent le score (↓) :**
  • user_criticality_score = 1 → -0.129
  • alert_title_bp_rate = 0.51 → -0.101"
60016,"**Score de priorisation : 31/100** — Décision suggérée : INVESTIGATION_N1

**Raisons principales (↑ augmente le score) :**
  • alert_title_tp_rate = 0.34 → +0.596
  • nb_failed_logins_7d = 15.00 → +0.151
  • alert_title_bp_rate = 0.07 → +0.041

**Éléments qui réduisent le score (↓) :**
  • user_criticality_score = 1 → -0.136
  • alert_title_fp_rate = 0.60 → -0.110"
55155,"**Score de priorisation : 29/100** — Décision suggérée : INVESTIGATION_N1

**Raisons principales (↑ augmente le score) :**
  • nb_failed_logins_7d = 15.00 → +0.150
  • detector_nb_incidents = 3210.00 → +0.113
  • alert_title_fp_rate = 0.09 → +0.057

**Éléments qui réduisent le score (↓) :**
  • alert_title_tp_rate = 0.14 → -0.508
  • user_criticality_score = 1 → -0.107"
48508,"**Score de priorisation : 29/100** — Décision suggérée : INVESTIGATION_N1

**Raisons principales (↑ augmente le score) :**
  • nb_failed_logins_7d = 15.00 → +0.158
  • category_bp_rate = 0.31 → +0.031
  • hour_cos = 0.97 → +0.020

**Éléments qui réduisent le score (↓) :**
  • alert_title_tp_rate = 0.22 → -0.149
  • user_criticality_score = 1 → -0.113"
38398,"**Score de priorisation : 29/100** — Décision suggérée : INVESTIGATION_N1

**Raisons principales (↑ augmente le score) :**
  • alert_title_tp_rate = 0.26 → +0.261
  • nb_failed_logins_7d = 15.00 → +0.173
  • alert_title_fp_rate = 0.23 → +0.031

**Éléments qui réduisent le score (↓) :**
  • user_criticality_score = 1 → -0.129
  • alert_rate_per_hour = 1000.00 → -0.104"
442224,"**Score de priorisation : 28/100** — Décision suggérée : INVESTIGATION_N1

**Raisons principales (↑ augmente le score) :**
  • nb_failed_logins_7d = 15.00 → +0.159
  • nb_evidences = 3 → +0.092
  • category_bp_rate = 0.31 → +0.061

**Éléments qui réduisent le score (↓) :**
  • alert_title_tp_rate = 0.14 → -0.440
  • user_criticality_score = 1 → -0.112"
470881,"**Score de priorisation : 28/100** — Décision suggérée : INVESTIGATION_N1

**Raisons principales (↑ augmente le score) :**
  • login_country_mismatch = 1 → +0.875
  • MFA_enabled = 1 → +0.063
  • category_bp_rate = 0.31 → +0.042

**Éléments qui réduisent le score (↓) :**
  • nb_failed_logins_7d = 4.00 → -0.345
  • user_criticality_score = 1 → -0.150"
182316,"**Score de priorisation : 27/100** — Décision suggérée : INVESTIGATION_N1

**Raisons principales (↑ augmente le score) :**
  • nb_failed_logins_7d = 15.00 → +0.161
  • detector_nb_incidents = 3210.00 → +0.102
  • alert_title_fp_rate = 0.09 → +0.048

**Éléments qui réduisent le score (↓) :**
  • alert_title_tp_rate = 0.14 → -0.508
  • user_criticality_score = 1 → -0.110"
169778,"**Score de priorisation : 27/100** — Décision suggérée : INVESTIGATION_N1

**Raisons principales (↑ augmente le score) :**
  • nb_failed_logins_7d = 15.00 → +0.160
  • mitre_credential_access = 1 → +0.128
  • detector_nb_incidents = 3210.00 → +0.102

**Éléments qui réduisent le score (↓) :**
  • alert_title_tp_rate = 0.14 → -0.502
  • user_criticality_score = 1 → -0.109"
235530,"**Score de priorisation : 26/100** — Décision suggérée : INVESTIGATION_N1

**Raisons principales (↑ augmente le score) :**
  • nb_failed_logins_7d = 15.00 → +0.153
  • detector_nb_incidents = 3210.00 → +0.099
  • alert_title_fp_rate = 0.09 → +0.073

**Éléments qui réduisent le score (↓) :**
  • alert_title_tp_rate = 0.14 → -0.519
  • user_criticality_score = 1 → -0.111"
74022,"**Score de priorisation : 26/100** — Décision suggérée : INVESTIGATION_N1

**Raisons principales (↑ augmente le score) :**
  • nb_failed_logins_7d = 15.00 → +0.133
  • detector_nb_incidents = 3210.00 → +0.107
  • alert_title_fp_rate = 0.09 → +0.049

**Éléments qui réduisent le score (↓) :**
  • alert_title_tp_rate = 0.14 → -0.495
  • user_criticality_score = 1 → -0.112"
499491,"**Score de priorisation : 26/100** — Décision suggérée : INVESTIGATION_N1

**Raisons principales (↑ augmente le score) :**
  • login_country_mismatch = 1 → +1.116
  • alert_title_tp_rate = 0.35 → +0.506
  • user_criticality_score = 2 → +0.491

**Éléments qui réduisent le score (↓) :**
  • nb_failed_logins_7d = 0.00 → -2.538
  • alert_title_bp_rate = 0.55 → -0.099"
250840,"**Score de priorisation : 25/100** — Décision suggérée : INVESTIGATION_N1

**Raisons principales (↑ augmente le score) :**
  • nb_failed_logins_7d = 15.00 → +0.158
  • detector_nb_incidents = 3210.00 → +0.103
  • alert_title_fp_rate = 0.09 → +0.055

**Éléments qui réduisent le score (↓) :**
  • alert_title_tp_rate = 0.14 → -0.501
  • user_criticality_score = 1 → -0.111"
68043,"**Score de priorisation : 25/100** — Décision suggérée : INVESTIGATION_N1

**Raisons principales (↑ augmente le score) :**
  • nb_failed_logins_7d = 15.00 → +0.157
  • detector_nb_incidents = 3210.00 → +0.101
  • alert_title_fp_rate = 0.09 → +0.050

**Éléments qui réduisent le score (↓) :**
  • alert_title_tp_rate = 0.14 → -0.497
  • user_criticality_score = 1 → -0.110"
157163,"**Score de priorisation : 25/100** — Décision suggérée : INVESTIGATION_N1

**Raisons principales (↑ augmente le score) :**
  • nb_failed_logins_7d = 15.00 → +0.123
  • detector_nb_incidents = 3210.00 → +0.097
  • alert_title_fp_rate = 0.09 → +0.048

**Éléments qui réduisent le score (↓) :**
  • alert_title_tp_rate = 0.14 → -0.504
  • user_criticality_score = 1 → -0.107"
250973,"**Score de priorisation : 25/100** — Décision suggérée : INVESTIGATION_N1

**Raisons principales (↑ augmente le score) :**
  • nb_failed_logins_7d = 15.00 → +0.149
  • detector_nb_incidents = 3210.00 → +0.101
  • alert_title_fp_rate = 0.09 → +0.054

**Éléments qui réduisent le score (↓) :**
  • alert_title_tp_rate = 0.14 → -0.517
  • user_criticality_score = 1 → -0.106"
139408,"**Score de priorisation : 25/100** — Décision suggérée : INVESTIGATION_N1

**Raisons principales (↑ augmente le score) :**
  • nb_failed_logins_7d = 15.00 → +0.144
  • detector_nb_incidents = 3210.00 → +0.100
  • alert_title_fp_rate = 0.09 → +0.047

**Éléments qui réduisent le score (↓) :**
  • alert_title_tp_rate = 0.14 → -0.495
  • user_criticality_score = 1 → -0.106"
72610,"**Score de priorisation : 24/100** — Décision suggérée : INVESTIGATION_N1

**Raisons principales (↑ augmente le score) :**
  • alert_title_tp_rate = 0.26 → +0.184
  • mitre_credential_access = 1 → +0.077
  • accounts_per_device = 1.00 → +0.042

**Éléments qui réduisent le score (↓) :**
  • nb_failed_logins_7d = 4.00 → -0.349
  • alert_title_bp_rate = 0.69 → -0.138"
48816,"**Score de priorisation : 24/100** — Décision suggérée : INVESTIGATION_N1

**Raisons principales (↑ augmente le score) :**
  • mitre_credential_access = 1 → +0.162
  • nb_failed_logins_7d = 15.00 → +0.140
  • detector_nb_incidents = 4318.00 → +0.112

**Éléments qui réduisent le score (↓) :**
  • alert_title_tp_rate = 0.12 → -0.430
  • user_criticality_score = 1 → -0.115"
468851,"**Score de priorisation : 24/100** — Décision suggérée : INVESTIGATION_N1

**Raisons principales (↑ augmente le score) :**
  • alert_title_tp_rate = 0.65 → +0.974
  • category_bp_rate = 0.50 → +0.104
  • alert_title_fp_rate = 0.02 → +0.097

**Éléments qui réduisent le score (↓) :**
  • nb_failed_logins_7d = 0.00 → -2.677
  • user_criticality_score = 1 → -0.280"
62307,"**Score de priorisation : 23/100** — Décision suggérée : INVESTIGATION_N1

**Raisons principales (↑ augmente le score) :**
  • nb_failed_logins_7d = 15.00 → +0.125
  • detector_nb_incidents = 3210.00 → +0.103
  • alert_title_fp_rate = 0.09 → +0.055

**Éléments qui réduisent le score (↓) :**
  • alert_title_tp_rate = 0.14 → -0.505
  • user_criticality_score = 1 → -0.111"
229849,"**Score de priorisation : 22/100** — Décision suggérée : INVESTIGATION_N1

**Raisons principales (↑ augmente le score) :**
  • nb_failed_logins_7d = 15.00 → +0.162
  • nb_evidences = 3 → +0.103
  • category_bp_rate = 0.31 → +0.061

**Éléments qui réduisent le score (↓) :**
  • alert_title_tp_rate = 0.14 → -0.455
  • user_criticality_score = 1 → -0.112"
157204,"**Score de priorisation : 20/100** — Décision suggérée : INVESTIGATION_N1

**Raisons principales (↑ augmente le score) :**
  • nb_failed_logins_7d = 15.00 → +0.145
  • detector_nb_incidents = 3210.00 → +0.112
  • alert_title_fp_rate = 0.09 → +0.052

**Éléments qui réduisent le score (↓) :**
  • alert_title_tp_rate = 0.14 → -0.479
  • sandbox_network_conns = 28 → -0.152"
499335,"**Score de priorisation : 20/100** — Décision suggérée : CLOTURE_FP

**Raisons principales (↑ augmente le score) :**
  • nb_failed_logins_7d = 15.00 → +0.159
  • nb_evidences = 3 → +0.097
  • alert_title_fp_rate = 0.17 → +0.062

**Éléments qui réduisent le score (↓) :**
  • alert_title_tp_rate = 0.14 → -0.451
  • user_criticality_score = 1 → -0.111"
178863,"**Score de priorisation : 20/100** — Décision suggérée : CLOTURE_FP

**Raisons principales (↑ augmente le score) :**
  • detector_nb_incidents = 4318.00 → +0.097
  • nb_failed_logins_7d = 15.00 → +0.096
  • alert_title_bp_rate = 0.04 → +0.054

**Éléments qui réduisent le score (↓) :**
  • alert_title_tp_rate = 0.12 → -0.443
  • user_criticality_score = 1 → -0.113"
472235,"**Score de priorisation : 19/100** — Décision suggérée : CLOTURE_FP

**Raisons principales (↑ augmente le score) :**
  • nb_failed_logins_7d = 15.00 → +0.137
  • alert_title_fp_rate = 0.09 → +0.115
  • detector_nb_incidents = 3249.00 → +0.096

**Éléments qui réduisent le score (↓) :**
  • alert_title_tp_rate = 0.13 → -0.545
  • alert_title_bp_rate = 0.78 → -0.161"
63949,"**Score de priorisation : 18/100** — Décision suggérée : CLOTURE_FP

**Raisons principales (↑ augmente le score) :**
  • alert_title_bp_rate = 0.03 → +0.220
  • nb_failed_logins_7d = 15.00 → +0.126
  • detector_bp_rate = 0.02 → +0.062

**Éléments qui réduisent le score (↓) :**
  • alert_title_tp_rate = 0.12 → -0.477
  • user_criticality_score = 1 → -0.115"
15157,"**Score de priorisation : 18/100** — Décision suggérée : CLOTURE_FP

**Raisons principales (↑ augmente le score) :**
  • nb_failed_logins_7d = 15.00 → +0.124
  • category_bp_rate = 0.31 → +0.062
  • hour_cos = 0.87 → +0.049

**Éléments qui réduisent le score (↓) :**
  • alert_title_tp_rate = 0.20 → -0.841
  • alert_title_fp_rate = 0.38 → -0.160"
74961,"**Score de priorisation : 18/100** — Décision suggérée : CLOTURE_FP

**Raisons principales (↑ augmente le score) :**
  • alert_title_tp_rate = 0.33 → +0.583
  • sandbox_evasion = 1 → +0.466
  • nb_failed_logins_7d = 15.00 → +0.135

**Éléments qui réduisent le score (↓) :**
  • sandbox_dns_count = 9 → -0.915
  • user_criticality_score = 1 → -0.136"
472777,"**Score de priorisation : 18/100** — Décision suggérée : CLOTURE_FP

**Raisons principales (↑ augmente le score) :**
  • nb_failed_logins_7d = 15.00 → +0.144
  • alert_title_fp_rate = 0.09 → +0.106
  • detector_nb_incidents = 3249.00 → +0.101

**Éléments qui réduisent le score (↓) :**
  • alert_title_tp_rate = 0.13 → -0.556
  • alert_title_bp_rate = 0.78 → -0.161"
388841,"**Score de priorisation : 17/100** — Décision suggérée : CLOTURE_FP

**Raisons principales (↑ augmente le score) :**
  • nb_failed_logins_7d = 15.00 → +0.118
  • detector_nb_incidents = 4318.00 → +0.083
  • alert_title_bp_rate = 0.04 → +0.065

**Éléments qui réduisent le score (↓) :**
  • alert_title_tp_rate = 0.12 → -0.488
  • user_criticality_score = 1 → -0.117"
88923,"**Score de priorisation : 17/100** — Décision suggérée : CLOTURE_FP

**Raisons principales (↑ augmente le score) :**
  • nb_failed_logins_7d = 15.00 → +0.126
  • alert_title_bp_rate = 0.03 → +0.104
  • spread_score = 7.00 → +0.054

**Éléments qui réduisent le score (↓) :**
  • alert_title_tp_rate = 0.12 → -0.473
  • user_criticality_score = 1 → -0.109"
552345,"**Score de priorisation : 17/100** — Décision suggérée : CLOTURE_FP

**Raisons principales (↑ augmente le score) :**
  • nb_evidences = 2 → +0.202
  • nb_failed_logins_7d = 15.00 → +0.144
  • alert_title_fp_rate = 0.09 → +0.122

**Éléments qui réduisent le score (↓) :**
  • alert_title_tp_rate = 0.13 → -0.540
  • user_criticality_score = 1 → -0.113"
134178,"**Score de priorisation : 16/100** — Décision suggérée : CLOTURE_FP

**Raisons principales (↑ augmente le score) :**
  • nb_failed_logins_7d = 15.00 → +0.138
  • detector_nb_incidents = 4318.00 → +0.089
  • alert_rate_per_hour = 0.08 → +0.063

**Éléments qui réduisent le score (↓) :**
  • alert_title_tp_rate = 0.12 → -0.453
  • user_criticality_score = 1 → -0.114"
464764,"**Score de priorisation : 16/100** — Décision suggérée : CLOTURE_FP

**Raisons principales (↑ augmente le score) :**
  • nb_failed_logins_7d = 15.00 → +0.147
  • alert_title_fp_rate = 0.09 → +0.110
  • detector_nb_incidents = 3249.00 → +0.097

**Éléments qui réduisent le score (↓) :**
  • alert_title_tp_rate = 0.13 → -0.549
  • alert_title_bp_rate = 0.78 → -0.158"
102963,"**Score de priorisation : 16/100** — Décision suggérée : CLOTURE_FP

**Raisons principales (↑ augmente le score) :**
  • alert_title_bp_rate = 0.03 → +0.144
  • nb_failed_logins_7d = 15.00 → +0.134
  • detector_tp_rate = 0.12 → +0.055

**Éléments qui réduisent le score (↓) :**
  • alert_title_tp_rate = 0.12 → -0.487
  • user_criticality_score = 1 → -0.115"
13571,"**Score de priorisation : 16/100** — Décision suggérée : CLOTURE_FP

**Raisons principales (↑ augmente le score) :**
  • login_country_mismatch = 1 → +0.874
  • alert_title_tp_rate = 0.35 → +0.579
  • alerts_per_detector = 11.17 → +0.061

**Éléments qui réduisent le score (↓) :**
  • nb_failed_logins_7d = 2.00 → -2.285
  • user_criticality_score = 1 → -0.222"
170491,"**Score de priorisation : 15/100** — Décision suggérée : CLOTURE_FP

**Raisons principales (↑ augmente le score) :**
  • nb_failed_logins_7d = 15.00 → +0.137
  • detector_nb_incidents = 4318.00 → +0.090
  • alert_title_bp_rate = 0.04 → +0.061

**Éléments qui réduisent le score (↓) :**
  • alert_title_tp_rate = 0.12 → -0.442
  • user_criticality_score = 1 → -0.116"
124741,"**Score de priorisation : 15/100** — Décision suggérée : CLOTURE_FP

**Raisons principales (↑ augmente le score) :**
  • nb_failed_logins_7d = 15.00 → +0.131
  • detector_nb_incidents = 4318.00 → +0.092
  • alert_title_bp_rate = 0.04 → +0.063

**Éléments qui réduisent le score (↓) :**
  • alert_title_tp_rate = 0.12 → -0.459
  • user_criticality_score = 1 → -0.116"
243308,"**Score de priorisation : 15/100** — Décision suggérée : CLOTURE_FP

**Raisons principales (↑ augmente le score) :**
  • nb_failed_logins_7d = 15.00 → +0.098
  • detector_nb_incidents = 4318.00 → +0.097
  • alert_title_bp_rate = 0.04 → +0.055

**Éléments qui réduisent le score (↓) :**
  • alert_title_tp_rate = 0.12 → -0.460
  • user_criticality_score = 1 → -0.114"
62969,"**Score de priorisation : 14/100** — Décision suggérée : CLOTURE_FP

**Raisons principales (↑ augmente le score) :**
  • nb_failed_logins_7d = 15.00 → +0.127
  • detector_nb_incidents = 4318.00 → +0.090
  • spread_score = 7.00 → +0.048

**Éléments qui réduisent le score (↓) :**
  • alert_title_tp_rate = 0.12 → -0.447
  • user_criticality_score = 1 → -0.111"
472187,"**Score de priorisation : 14/100** — Décision suggérée : CLOTURE_FP

**Raisons principales (↑ augmente le score) :**
  • nb_failed_logins_7d = 15.00 → +0.141
  • detector_nb_incidents = 3249.00 → +0.101
  • alert_title_fp_rate = 0.09 → +0.088

**Éléments qui réduisent le score (↓) :**
  • alert_title_tp_rate = 0.13 → -0.557
  • alert_title_bp_rate = 0.78 → -0.179"
113489,"**Score de priorisation : 14/100** — Décision suggérée : CLOTURE_FP

**Raisons principales (↑ augmente le score) :**
  • alert_title_tp_rate = 0.26 → +0.218
  • nb_failed_logins_7d = 15.00 → +0.154
  • sandbox_network_conns = 23 → +0.128

**Éléments qui réduisent le score (↓) :**
  • sandbox_malware_score = 31 → -0.145
  • user_criticality_score = 1 → -0.134"
463282,"**Score de priorisation : 14/100** — Décision suggérée : CLOTURE_FP

**Raisons principales (↑ augmente le score) :**
  • nb_failed_logins_7d = 15.00 → +0.147
  • alert_title_fp_rate = 0.09 → +0.114
  • detector_nb_incidents = 3249.00 → +0.092

**Éléments qui réduisent le score (↓) :**
  • alert_title_tp_rate = 0.13 → -0.546
  • alert_title_bp_rate = 0.78 → -0.158"
460954,"**Score de priorisation : 14/100** — Décision suggérée : CLOTURE_FP

**Raisons principales (↑ augmente le score) :**
  • nb_failed_logins_7d = 15.00 → +0.149
  • detector_nb_incidents = 3249.00 → +0.095
  • alert_title_fp_rate = 0.09 → +0.088

**Éléments qui réduisent le score (↓) :**
  • alert_title_tp_rate = 0.13 → -0.542
  • alert_title_bp_rate = 0.78 → -0.169"
461618,"**Score de priorisation : 14/100** — Décision suggérée : CLOTURE_FP

**Raisons principales (↑ augmente le score) :**
  • nb_failed_logins_7d = 15.00 → +0.142
  • detector_nb_incidents = 3249.00 → +0.110
  • alert_title_fp_rate = 0.09 → +0.089

**Éléments qui réduisent le score (↓) :**
  • alert_title_tp_rate = 0.13 → -0.563
  • alert_title_bp_rate = 0.78 → -0.172"
462020,"**Score de priorisation : 14/100** — Décision suggérée : CLOTURE_FP

**Raisons principales (↑ augmente le score) :**
  • nb_failed_logins_7d = 15.00 → +0.147
  • detector_nb_incidents = 3249.00 → +0.101
  • alert_title_fp_rate = 0.09 → +0.089

**Éléments qui réduisent le score (↓) :**
  • alert_title_tp_rate = 0.13 → -0.557
  • alert_title_bp_rate = 0.78 → -0.180"
243310,"**Score de priorisation : 13/100** — Décision suggérée : CLOTURE_FP

**Raisons principales (↑ augmente le score) :**
  • nb_failed_logins_7d = 15.00 → +0.110
  • detector_nb_incidents = 4318.00 → +0.082
  • detector_tp_rate = 0.12 → +0.054

**Éléments qui réduisent le score (↓) :**
  • alert_title_tp_rate = 0.12 → -0.464
  • user_criticality_score = 1 → -0.117"
243320,"**Score de priorisation : 13/100** — Décision suggérée : CLOTURE_FP

**Raisons principales (↑ augmente le score) :**
  • nb_failed_logins_7d = 15.00 → +0.137
  • detector_nb_incidents = 4318.00 → +0.080
  • alert_title_bp_rate = 0.04 → +0.050

**Éléments qui réduisent le score (↓) :**
  • alert_title_tp_rate = 0.12 → -0.459
  • user_criticality_score = 1 → -0.116"
247817,"**Score de priorisation : 13/100** — Décision suggérée : CLOTURE_FP

**Raisons principales (↑ augmente le score) :**
  • nb_failed_logins_7d = 15.00 → +0.105
  • detector_nb_incidents = 4318.00 → +0.095
  • alert_title_bp_rate = 0.04 → +0.060

**Éléments qui réduisent le score (↓) :**
  • alert_title_tp_rate = 0.12 → -0.488
  • user_criticality_score = 1 → -0.114"
143049,"**Score de priorisation : 13/100** — Décision suggérée : CLOTURE_FP

**Raisons principales (↑ augmente le score) :**
  • alert_title_tp_rate = 0.26 → +0.248
  • nb_failed_logins_7d = 15.00 → +0.160
  • detector_tp_rate = 0.25 → +0.028

**Éléments qui réduisent le score (↓) :**
  • alert_title_bp_rate = 0.70 → -0.133
  • user_criticality_score = 1 → -0.131"
345202,"**Score de priorisation : 13/100** — Décision suggérée : CLOTURE_FP

**Raisons principales (↑ augmente le score) :**
  • alert_title_bp_rate = 0.03 → +0.171
  • nb_failed_logins_7d = 15.00 → +0.128
  • category_bp_rate = 0.31 → +0.055

**Éléments qui réduisent le score (↓) :**
  • alert_title_tp_rate = 0.12 → -0.487
  • user_criticality_score = 1 → -0.112"
92946,"**Score de priorisation : 13/100** — Décision suggérée : CLOTURE_FP

**Raisons principales (↑ augmente le score) :**
  • nb_failed_logins_7d = 15.00 → +0.132
  • detector_nb_incidents = 4318.00 → +0.096
  • alert_title_bp_rate = 0.04 → +0.052

**Éléments qui réduisent le score (↓) :**
  • alert_title_tp_rate = 0.12 → -0.451
  • user_criticality_score = 1 → -0.111"
163405,"**Score de priorisation : 13/100** — Décision suggérée : CLOTURE_FP

**Raisons principales (↑ augmente le score) :**
  • nb_failed_logins_7d = 15.00 → +0.143
  • detector_nb_incidents = 4318.00 → +0.084
  • alert_title_bp_rate = 0.04 → +0.055

**Éléments qui réduisent le score (↓) :**
  • alert_title_tp_rate = 0.12 → -0.440
  • user_criticality_score = 1 → -0.115"
327925,"**Score de priorisation : 13/100** — Décision suggérée : CLOTURE_FP

**Raisons principales (↑ augmente le score) :**
  • nb_failed_logins_7d = 15.00 → +0.134
  • accounts_per_device = 1.00 → +0.040
  • detector_tp_rate = 0.09 → +0.036

**Éléments qui réduisent le score (↓) :**
  • alert_title_tp_rate = 0.13 → -0.621
  • detector_nb_incidents = 23.00 → -0.175"
93206,"**Score de priorisation : 12/100** — Décision suggérée : CLOTURE_FP

**Raisons principales (↑ augmente le score) :**
  • nb_failed_logins_7d = 15.00 → +0.148
  • detector_nb_incidents = 3210.00 → +0.100
  • alert_title_fp_rate = 0.09 → +0.050

**Éléments qui réduisent le score (↓) :**
  • alert_title_tp_rate = 0.14 → -0.471
  • sandbox_malware_score = 30 → -0.169"
461208,"**Score de priorisation : 12/100** — Décision suggérée : CLOTURE_FP

**Raisons principales (↑ augmente le score) :**
  • nb_failed_logins_7d = 15.00 → +0.149
  • detector_nb_incidents = 3249.00 → +0.096
  • alert_title_fp_rate = 0.09 → +0.087

**Éléments qui réduisent le score (↓) :**
  • alert_title_tp_rate = 0.13 → -0.547
  • alert_title_bp_rate = 0.78 → -0.183"
471053,"**Score de priorisation : 12/100** — Décision suggérée : CLOTURE_FP

**Raisons principales (↑ augmente le score) :**
  • nb_failed_logins_7d = 15.00 → +0.148
  • detector_nb_incidents = 3249.00 → +0.095
  • alert_title_fp_rate = 0.09 → +0.088

**Éléments qui réduisent le score (↓) :**
  • alert_title_tp_rate = 0.13 → -0.548
  • alert_title_bp_rate = 0.78 → -0.178"
111770,"**Score de priorisation : 12/100** — Décision suggérée : CLOTURE_FP

**Raisons principales (↑ augmente le score) :**
  • nb_failed_logins_7d = 15.00 → +0.141
  • detector_nb_incidents = 4318.00 → +0.082
  • alert_title_bp_rate = 0.04 → +0.047

**Éléments qui réduisent le score (↓) :**
  • alert_title_tp_rate = 0.12 → -0.461
  • user_criticality_score = 1 → -0.116"
470912,"**Score de priorisation : 12/100** — Décision suggérée : CLOTURE_FP

**Raisons principales (↑ augmente le score) :**
  • nb_failed_logins_7d = 15.00 → +0.149
  • detector_nb_incidents = 3249.00 → +0.096
  • alert_title_fp_rate = 0.09 → +0.090

**Éléments qui réduisent le score (↓) :**
  • alert_title_tp_rate = 0.13 → -0.547
  • alert_title_bp_rate = 0.78 → -0.182"
461124,"**Score de priorisation : 12/100** — Décision suggérée : CLOTURE_FP

**Raisons principales (↑ augmente le score) :**
  • nb_failed_logins_7d = 15.00 → +0.149
  • detector_nb_incidents = 3249.00 → +0.096
  • alert_title_fp_rate = 0.09 → +0.090

**Éléments qui réduisent le score (↓) :**
  • alert_title_tp_rate = 0.13 → -0.547
  • alert_title_bp_rate = 0.78 → -0.182"
469887,"**Score de priorisation : 12/100** — Décision suggérée : CLOTURE_FP

**Raisons principales (↑ augmente le score) :**
  • nb_failed_logins_7d = 15.00 → +0.145
  • detector_nb_incidents = 3249.00 → +0.097
  • alert_title_fp_rate = 0.09 → +0.083

**Éléments qui réduisent le score (↓) :**
  • alert_title_tp_rate = 0.13 → -0.559
  • alert_title_bp_rate = 0.78 → -0.180"
463351,"**Score de priorisation : 12/100** — Décision suggérée : CLOTURE_FP

**Raisons principales (↑ augmente le score) :**
  • nb_failed_logins_7d = 15.00 → +0.141
  • detector_nb_incidents = 3249.00 → +0.101
  • alert_title_fp_rate = 0.09 → +0.088

**Éléments qui réduisent le score (↓) :**
  • alert_title_tp_rate = 0.13 → -0.565
  • alert_title_bp_rate = 0.78 → -0.174"
466067,"**Score de priorisation : 11/100** — Décision suggérée : CLOTURE_FP

**Raisons principales (↑ augmente le score) :**
  • nb_failed_logins_7d = 15.00 → +0.148
  • detector_nb_incidents = 3249.00 → +0.089
  • alert_title_fp_rate = 0.09 → +0.080

**Éléments qui réduisent le score (↓) :**
  • alert_title_tp_rate = 0.13 → -0.562
  • alert_title_bp_rate = 0.78 → -0.168"
180797,"**Score de priorisation : 11/100** — Décision suggérée : CLOTURE_FP

**Raisons principales (↑ augmente le score) :**
  • alert_title_bp_rate = 0.03 → +0.141
  • nb_failed_logins_7d = 15.00 → +0.135
  • category_bp_rate = 0.31 → +0.052

**Éléments qui réduisent le score (↓) :**
  • alert_title_tp_rate = 0.12 → -0.476
  • ips_per_hour = 0.01 → -0.131"
28295,"**Score de priorisation : 11/100** — Décision suggérée : CLOTURE_FP

**Raisons principales (↑ augmente le score) :**
  • nb_failed_logins_7d = 15.00 → +0.128
  • alert_title_bp_rate = 0.03 → +0.076
  • category_bp_rate = 0.31 → +0.052

**Éléments qui réduisent le score (↓) :**
  • alert_title_tp_rate = 0.12 → -0.479
  • user_criticality_score = 1 → -0.111"
499799,"**Score de priorisation : 11/100** — Décision suggérée : CLOTURE_FP

**Raisons principales (↑ augmente le score) :**
  • user_criticality_score = 2 → +0.437
  • MFA_enabled = 1 → +0.069
  • category_bp_rate = 0.31 → +0.045

**Éléments qui réduisent le score (↓) :**
  • nb_failed_logins_7d = 5.00 → -0.620
  • alert_title_tp_rate = 0.22 → -0.250"
472779,"**Score de priorisation : 11/100** — Décision suggérée : CLOTURE_FP

**Raisons principales (↑ augmente le score) :**
  • nb_failed_logins_7d = 15.00 → +0.145
  • detector_nb_incidents = 3249.00 → +0.101
  • alert_title_fp_rate = 0.09 → +0.087

**Éléments qui réduisent le score (↓) :**
  • alert_title_tp_rate = 0.13 → -0.564
  • alert_title_bp_rate = 0.78 → -0.178"
47257,"**Score de priorisation : 11/100** — Décision suggérée : CLOTURE_FP

**Raisons principales (↑ augmente le score) :**
  • nb_failed_logins_7d = 15.00 → +0.117
  • alert_title_bp_rate = 0.03 → +0.086
  • mitre_credential_access = 1 → +0.056

**Éléments qui réduisent le score (↓) :**
  • alert_title_tp_rate = 0.12 → -0.502
  • user_criticality_score = 1 → -0.112"
459719,"**Score de priorisation : 11/100** — Décision suggérée : CLOTURE_FP

**Raisons principales (↑ augmente le score) :**
  • nb_failed_logins_7d = 15.00 → +0.147
  • detector_nb_incidents = 3249.00 → +0.093
  • alert_title_fp_rate = 0.09 → +0.082

**Éléments qui réduisent le score (↓) :**
  • alert_title_tp_rate = 0.13 → -0.558
  • alert_title_bp_rate = 0.78 → -0.181"
6458,"**Score de priorisation : 11/100** — Décision suggérée : CLOTURE_FP

**Raisons principales (↑ augmente le score) :**
  • alerts_per_detector = 11.00 → +0.159
  • nb_failed_logins_7d = 15.00 → +0.123
  • mitre_exfiltration = 1 → +0.044

**Éléments qui réduisent le score (↓) :**
  • alert_title_tp_rate = 0.17 → -0.880
  • detector_nb_incidents = 0.00 → -0.182"
18273,"**Score de priorisation : 10/100** — Décision suggérée : CLOTURE_FP

**Raisons principales (↑ augmente le score) :**
  • nb_failed_logins_7d = 15.00 → +0.129
  • detector_nb_incidents = 4318.00 → +0.097
  • alert_title_bp_rate = 0.04 → +0.042

**Éléments qui réduisent le score (↓) :**
  • alert_title_tp_rate = 0.12 → -0.449
  • user_criticality_score = 1 → -0.111"
172612,"**Score de priorisation : 10/100** — Décision suggérée : CLOTURE_FP

**Raisons principales (↑ augmente le score) :**
  • alert_title_bp_rate = 0.03 → +0.168
  • nb_failed_logins_7d = 15.00 → +0.128
  • category_bp_rate = 0.31 → +0.055

**Éléments qui réduisent le score (↓) :**
  • alert_title_tp_rate = 0.12 → -0.487
  • user_criticality_score = 1 → -0.112"
53434,"**Score de priorisation : 10/100** — Décision suggérée : CLOTURE_FP

**Raisons principales (↑ augmente le score) :**
  • login_country_mismatch = 1 → +0.982
  • user_criticality_score = 2 → +0.561
  • alert_title_tp_rate = 0.26 → +0.280

**Éléments qui réduisent le score (↓) :**
  • nb_failed_logins_7d = 1.00 → -3.054
  • detector_nb_incidents = 956.00 → -0.110"
190429,"**Score de priorisation : 10/100** — Décision suggérée : CLOTURE_FP

**Raisons principales (↑ augmente le score) :**
  • user_criticality_score = 3 → +0.371
  • alert_title_tp_rate = 0.26 → +0.069
  • category_bp_rate = 0.31 → +0.039

**Éléments qui réduisent le score (↓) :**
  • nb_failed_logins_7d = 5.00 → -0.654
  • alert_title_bp_rate = 0.51 → -0.159"
459782,"**Score de priorisation : 10/100** — Décision suggérée : CLOTURE_FP

**Raisons principales (↑ augmente le score) :**
  • nb_failed_logins_7d = 15.00 → +0.146
  • detector_nb_incidents = 3249.00 → +0.092
  • alert_title_fp_rate = 0.09 → +0.083

**Éléments qui réduisent le score (↓) :**
  • alert_title_tp_rate = 0.13 → -0.549
  • alert_title_bp_rate = 0.78 → -0.181"
204221,"**Score de priorisation : 10/100** — Décision suggérée : CLOTURE_FP

**Raisons principales (↑ augmente le score) :**
  • nb_failed_logins_7d = 15.00 → +0.142
  • detector_nb_incidents = 4318.00 → +0.084
  • alert_title_bp_rate = 0.04 → +0.054

**Éléments qui réduisent le score (↓) :**
  • alert_title_tp_rate = 0.12 → -0.456
  • user_criticality_score = 1 → -0.116"
462919,"**Score de priorisation : 10/100** — Décision suggérée : CLOTURE_FP

**Raisons principales (↑ augmente le score) :**
  • nb_failed_logins_7d = 15.00 → +0.149
  • detector_nb_incidents = 3249.00 → +0.096
  • alert_title_fp_rate = 0.09 → +0.088

**Éléments qui réduisent le score (↓) :**
  • alert_title_tp_rate = 0.13 → -0.554
  • alert_title_bp_rate = 0.78 → -0.178"
468307,"**Score de priorisation : 10/100** — Décision suggérée : CLOTURE_FP

**Raisons principales (↑ augmente le score) :**
  • nb_failed_logins_7d = 15.00 → +0.137
  • detector_nb_incidents = 3249.00 → +0.092
  • alert_title_fp_rate = 0.09 → +0.086

**Éléments qui réduisent le score (↓) :**
  • alert_title_tp_rate = 0.13 → -0.557
  • alert_title_bp_rate = 0.78 → -0.181"
559961,"**Score de priorisation : 10/100** — Décision suggérée : CLOTURE_FP

**Raisons principales (↑ augmente le score) :**
  • nb_failed_logins_7d = 15.00 → +0.117
  • nb_evidences = 2 → +0.117
  • detector_nb_incidents = 3249.00 → +0.107

**Éléments qui réduisent le score (↓) :**
  • alert_title_tp_rate = 0.17 → -0.786
  • alert_title_bp_rate = 0.59 → -0.130"
327958,"**Score de priorisation : 10/100** — Décision suggérée : CLOTURE_FP

**Raisons principales (↑ augmente le score) :**
  • nb_failed_logins_7d = 15.00 → +0.135
  • detector_tp_rate = 0.09 → +0.030
  • hour_cos = 0.50 → +0.024

**Éléments qui réduisent le score (↓) :**
  • alert_title_tp_rate = 0.13 → -0.622
  • detector_nb_incidents = 23.00 → -0.189"
114962,"**Score de priorisation : 9/100** — Décision suggérée : CLOTURE_FP

**Raisons principales (↑ augmente le score) :**
  • nb_failed_logins_7d = 15.00 → +0.138
  • detector_nb_incidents = 4318.00 → +0.074
  • alert_title_bp_rate = 0.04 → +0.044

**Éléments qui réduisent le score (↓) :**
  • alert_title_tp_rate = 0.12 → -0.456
  • ips_per_hour = 0.01 → -0.124"
472314,"**Score de priorisation : 9/100** — Décision suggérée : CLOTURE_FP

**Raisons principales (↑ augmente le score) :**
  • nb_failed_logins_7d = 15.00 → +0.149
  • detector_nb_incidents = 3249.00 → +0.096
  • alert_title_fp_rate = 0.09 → +0.090

**Éléments qui réduisent le score (↓) :**
  • alert_title_tp_rate = 0.13 → -0.554
  • alert_title_bp_rate = 0.78 → -0.176"
339911,"**Score de priorisation : 9/100** — Décision suggérée : CLOTURE_FP

**Raisons principales (↑ augmente le score) :**
  • nb_failed_logins_7d = 15.00 → +0.134
  • detector_nb_incidents = 4318.00 → +0.090
  • alert_title_bp_rate = 0.04 → +0.059

**Éléments qui réduisent le score (↓) :**
  • alert_title_tp_rate = 0.12 → -0.475
  • user_criticality_score = 1 → -0.114"
155700,"**Score de priorisation : 9/100** — Décision suggérée : CLOTURE_FP

**Raisons principales (↑ augmente le score) :**
  • alert_title_tp_rate = 0.69 → +0.813
  • user_criticality_score = 2 → +0.502
  • alert_title_bp_rate = 0.14 → +0.120

**Éléments qui réduisent le score (↓) :**
  • nb_failed_logins_7d = 2.00 → -2.493
  • login_country_mismatch = 0 → -0.073"
475607,"**Score de priorisation : 9/100** — Décision suggérée : CLOTURE_FP

**Raisons principales (↑ augmente le score) :**
  • nb_failed_logins_7d = 15.00 → +0.117
  • detector_nb_incidents = 3249.00 → +0.101
  • alert_title_fp_rate = 0.09 → +0.077

**Éléments qui réduisent le score (↓) :**
  • alert_title_tp_rate = 0.13 → -0.572
  • alert_title_bp_rate = 0.78 → -0.184"
71021,"**Score de priorisation : 9/100** — Décision suggérée : CLOTURE_FP

**Raisons principales (↑ augmente le score) :**
  • detector_nb_incidents = 3249.00 → +0.103
  • category_tp_rate = 0.37 → +0.018
  • hour_sin = 0.50 → +0.014

**Éléments qui réduisent le score (↓) :**
  • alert_title_tp_rate = 0.18 → -0.634
  • nb_failed_logins_7d = 4.00 → -0.118"
243146,"**Score de priorisation : 9/100** — Décision suggérée : CLOTURE_FP

**Raisons principales (↑ augmente le score) :**
  • nb_failed_logins_7d = 15.00 → +0.144
  • detector_nb_incidents = 4318.00 → +0.082
  • alert_title_bp_rate = 0.04 → +0.051

**Éléments qui réduisent le score (↓) :**
  • alert_title_tp_rate = 0.12 → -0.473
  • user_criticality_score = 1 → -0.115"
139587,"**Score de priorisation : 9/100** — Décision suggérée : CLOTURE_FP

**Raisons principales (↑ augmente le score) :**
  • nb_failed_logins_7d = 15.00 → +0.136
  • hour_cos = 0.50 → +0.041
  • category_tp_rate = 0.37 → +0.018

**Éléments qui réduisent le score (↓) :**
  • alert_title_tp_rate = 0.17 → -0.823
  • user_criticality_score = 1 → -0.109"
175467,"**Score de priorisation : 9/100** — Décision suggérée : CLOTURE_FP

**Raisons principales (↑ augmente le score) :**
  • nb_failed_logins_7d = 15.00 → +0.140
  • detector_nb_incidents = 4318.00 → +0.074
  • alert_title_bp_rate = 0.04 → +0.050

**Éléments qui réduisent le score (↓) :**
  • alert_title_tp_rate = 0.12 → -0.453
  • ips_per_hour = 0.01 → -0.148"
381323,"**Score de priorisation : 9/100** — Décision suggérée : CLOTURE_FP

**Raisons principales (↑ augmente le score) :**
  • nb_failed_logins_7d = 15.00 → +0.129
  • detector_nb_incidents = 4318.00 → +0.091
  • alert_title_bp_rate = 0.04 → +0.061

**Éléments qui réduisent le score (↓) :**
  • alert_title_tp_rate = 0.12 → -0.469
  • user_criticality_score = 1 → -0.114"
81273,"**Score de priorisation : 8/100** — Décision suggérée : CLOTURE_FP

**Raisons principales (↑ augmente le score) :**
  • nb_failed_logins_7d = 15.00 → +0.118
  • day_cos = 0.62 → +0.034
  • accounts_per_device = 1.00 → +0.028

**Éléments qui réduisent le score (↓) :**
  • alert_title_tp_rate = 0.19 → -0.631
  • detector_nb_incidents = 0.00 → -0.153"
468328,"**Score de priorisation : 8/100** — Décision suggérée : CLOTURE_FP

**Raisons principales (↑ augmente le score) :**
  • nb_failed_logins_7d = 15.00 → +0.140
  • detector_nb_incidents = 3249.00 → +0.100
  • alert_title_fp_rate = 0.09 → +0.076

**Éléments qui réduisent le score (↓) :**
  • alert_title_tp_rate = 0.13 → -0.572
  • alert_title_bp_rate = 0.78 → -0.193"
43581,"**Score de priorisation : 8/100** — Décision suggérée : CLOTURE_FP

**Raisons principales (↑ augmente le score) :**
  • user_criticality_score = 3 → +0.558
  • alert_title_tp_rate = 0.26 → +0.314
  • MFA_enabled = 1 → +0.122

**Éléments qui réduisent le score (↓) :**
  • nb_failed_logins_7d = 0.00 → -2.847
  • alert_title_bp_rate = 0.69 → -0.072"
395443,"**Score de priorisation : 8/100** — Décision suggérée : CLOTURE_FP

**Raisons principales (↑ augmente le score) :**
  • nb_failed_logins_7d = 15.00 → +0.136
  • detector_nb_incidents = 4318.00 → +0.094
  • alert_title_bp_rate = 0.04 → +0.052

**Éléments qui réduisent le score (↓) :**
  • alert_title_tp_rate = 0.12 → -0.486
  • user_criticality_score = 1 → -0.113"
180844,"**Score de priorisation : 7/100** — Décision suggérée : CLOTURE_FP

**Raisons principales (↑ augmente le score) :**
  • nb_failed_logins_7d = 15.00 → +0.138
  • alert_title_bp_rate = 0.03 → +0.066
  • detector_tp_rate = 0.12 → +0.055

**Éléments qui réduisent le score (↓) :**
  • alert_title_tp_rate = 0.12 → -0.459
  • user_criticality_score = 1 → -0.115"
6964,"**Score de priorisation : 7/100** — Décision suggérée : CLOTURE_FP

**Raisons principales (↑ augmente le score) :**
  • nb_failed_logins_7d = 15.00 → +0.100
  • alerts_per_detector = 8.75 → +0.062
  • day_of_week = 6 → +0.045

**Éléments qui réduisent le score (↓) :**
  • alert_title_tp_rate = 0.18 → -0.871
  • detector_nb_incidents = 0.00 → -0.183"
475461,"**Score de priorisation : 7/100** — Décision suggérée : CLOTURE_FP

**Raisons principales (↑ augmente le score) :**
  • nb_failed_logins_7d = 15.00 → +0.141
  • detector_nb_incidents = 3249.00 → +0.095
  • alert_title_fp_rate = 0.09 → +0.077

**Éléments qui réduisent le score (↓) :**
  • alert_title_tp_rate = 0.13 → -0.564
  • alert_title_bp_rate = 0.78 → -0.189"
64569,"**Score de priorisation : 7/100** — Décision suggérée : CLOTURE_FP

**Raisons principales (↑ augmente le score) :**
  • nb_failed_logins_7d = 15.00 → +0.139
  • alert_title_bp_rate = 0.03 → +0.079
  • category_bp_rate = 0.31 → +0.053

**Éléments qui réduisent le score (↓) :**
  • alert_title_tp_rate = 0.12 → -0.486
  • user_criticality_score = 1 → -0.114"
182112,"**Score de priorisation : 7/100** — Décision suggérée : CLOTURE_FP

**Raisons principales (↑ augmente le score) :**
  • nb_failed_logins_7d = 15.00 → +0.110
  • category_bp_rate = 0.31 → +0.053
  • alert_title_fp_rate = 0.18 → +0.038

**Éléments qui réduisent le score (↓) :**
  • alert_title_tp_rate = 0.12 → -0.668
  • detector_nb_incidents = 0.00 → -0.173"
262779,"**Score de priorisation : 6/100** — Décision suggérée : CLOTURE_FP

**Raisons principales (↑ augmente le score) :**
  • nb_failed_logins_7d = 15.00 → +0.143
  • detector_nb_incidents = 4318.00 → +0.080
  • alert_title_bp_rate = 0.04 → +0.052

**Éléments qui réduisent le score (↓) :**
  • alert_title_tp_rate = 0.12 → -0.490
  • user_criticality_score = 1 → -0.116"
464610,"**Score de priorisation : 6/100** — Décision suggérée : CLOTURE_FP

**Raisons principales (↑ augmente le score) :**
  • user_criticality_score = 3 → +0.497
  • detector_nb_incidents = 3249.00 → +0.142
  • alert_title_fp_rate = 0.09 → +0.070

**Éléments qui réduisent le score (↓) :**
  • nb_failed_logins_7d = 4.00 → -0.770
  • alert_title_tp_rate = 0.13 → -0.501"
159769,"**Score de priorisation : 6/100** — Décision suggérée : CLOTURE_FP

**Raisons principales (↑ augmente le score) :**
  • detector_tp_rate = 0.07 → +0.193
  • nb_failed_logins_7d = 15.00 → +0.111
  • detector_bp_rate = 0.00 → +0.043

**Éléments qui réduisent le score (↓) :**
  • alert_title_tp_rate = 0.13 → -0.582
  • detector_nb_incidents = 14.00 → -0.184"
187979,"**Score de priorisation : 6/100** — Décision suggérée : CLOTURE_FP

**Raisons principales (↑ augmente le score) :**
  • nb_failed_logins_7d = 15.00 → +0.131
  • detector_nb_incidents = 4318.00 → +0.093
  • alert_title_bp_rate = 0.04 → +0.059

**Éléments qui réduisent le score (↓) :**
  • alert_title_tp_rate = 0.12 → -0.485
  • user_criticality_score = 1 → -0.114"
460856,"**Score de priorisation : 6/100** — Décision suggérée : CLOTURE_FP

**Raisons principales (↑ augmente le score) :**
  • user_criticality_score = 2 → +0.561
  • detector_nb_incidents = 3249.00 → +0.096
  • alert_title_fp_rate = 0.09 → +0.091

**Éléments qui réduisent le score (↓) :**
  • nb_failed_logins_7d = 3.00 → -2.003
  • alert_title_tp_rate = 0.13 → -0.578"
285113,"**Score de priorisation : 6/100** — Décision suggérée : CLOTURE_FP

**Raisons principales (↑ augmente le score) :**
  • nb_failed_logins_7d = 15.00 → +0.131
  • category_bp_rate = 0.31 → +0.054
  • accounts_per_device = 1.00 → +0.033

**Éléments qui réduisent le score (↓) :**
  • alert_title_tp_rate = 0.14 → -0.657
  • detector_nb_incidents = 0.00 → -0.150"
370259,"**Score de priorisation : 6/100** — Décision suggérée : CLOTURE_FP

**Raisons principales (↑ augmente le score) :**
  • nb_failed_logins_7d = 15.00 → +0.141
  • detector_nb_incidents = 4318.00 → +0.085
  • alert_title_bp_rate = 0.04 → +0.055

**Éléments qui réduisent le score (↓) :**
  • alert_title_tp_rate = 0.12 → -0.488
  • user_criticality_score = 1 → -0.116"
98972,"**Score de priorisation : 6/100** — Décision suggérée : CLOTURE_FP

**Raisons principales (↑ augmente le score) :**
  • user_criticality_score = 2 → +0.569
  • alert_title_tp_rate = 0.35 → +0.466
  • alert_rate_per_hour = 0.10 → +0.157

**Éléments qui réduisent le score (↓) :**
  • nb_failed_logins_7d = 2.00 → -2.808
  • alert_title_bp_rate = 0.55 → -0.120"
376932,"**Score de priorisation : 5/100** — Décision suggérée : CLOTURE_FP

**Raisons principales (↑ augmente le score) :**
  • nb_failed_logins_7d = 15.00 → +0.139
  • detector_nb_incidents = 4318.00 → +0.076
  • alert_title_bp_rate = 0.04 → +0.056

**Éléments qui réduisent le score (↓) :**
  • alert_title_tp_rate = 0.12 → -0.488
  • user_criticality_score = 1 → -0.117"
356348,"**Score de priorisation : 5/100** — Décision suggérée : CLOTURE_FP

**Raisons principales (↑ augmente le score) :**
  • nb_failed_logins_7d = 15.00 → +0.143
  • detector_nb_incidents = 4318.00 → +0.084
  • alert_title_bp_rate = 0.04 → +0.056

**Éléments qui réduisent le score (↓) :**
  • alert_title_tp_rate = 0.12 → -0.495
  • user_criticality_score = 1 → -0.117"
93215,"**Score de priorisation : 5/100** — Décision suggérée : CLOTURE_FP

**Raisons principales (↑ augmente le score) :**
  • alert_title_tp_rate = 0.40 → +0.571
  • user_criticality_score = 2 → +0.495
  • alert_rate_per_hour = 0.10 → +0.144

**Éléments qui réduisent le score (↓) :**
  • nb_failed_logins_7d = 1.00 → -3.286
  • login_country_mismatch = 0 → -0.093"
175585,"**Score de priorisation : 5/100** — Décision suggérée : CLOTURE_FP

**Raisons principales (↑ augmente le score) :**
  • nb_failed_logins_7d = 15.00 → +0.139
  • detector_nb_incidents = 4318.00 → +0.084
  • alert_title_bp_rate = 0.04 → +0.056

**Éléments qui réduisent le score (↓) :**
  • alert_title_tp_rate = 0.12 → -0.494
  • user_criticality_score = 1 → -0.117"
83026,"**Score de priorisation : 5/100** — Décision suggérée : CLOTURE_FP

**Raisons principales (↑ augmente le score) :**
  • nb_failed_logins_7d = 15.00 → +0.105
  • mitre_credential_access = 1 → +0.044
  • hour_cos = 0.26 → +0.030

**Éléments qui réduisent le score (↓) :**
  • alert_title_tp_rate = 0.14 → -0.688
  • detector_nb_incidents = 0.00 → -0.236"
34095,"**Score de priorisation : 4/100** — Décision suggérée : CLOTURE_FP

**Raisons principales (↑ augmente le score) :**
  • nb_failed_logins_7d = 15.00 → +0.119
  • mitre_execution = 1 → +0.041
  • asset_x_alerts = 3.83 → +0.038

**Éléments qui réduisent le score (↓) :**
  • alert_title_tp_rate = 0.18 → -0.831
  • detector_nb_incidents = 0.00 → -0.167"
139762,"**Score de priorisation : 4/100** — Décision suggérée : CLOTURE_FP

**Raisons principales (↑ augmente le score) :**
  • alert_title_tp_rate = 0.35 → +0.405
  • alert_rate_per_hour = 1000.00 → +0.085
  • hour_of_day = 23 → +0.082

**Éléments qui réduisent le score (↓) :**
  • nb_failed_logins_7d = 2.00 → -2.213
  • user_criticality_score = 1 → -0.321"
14959,"**Score de priorisation : 4/100** — Décision suggérée : CLOTURE_FP

**Raisons principales (↑ augmente le score) :**
  • user_criticality_score = 2 → +0.550
  • alert_title_tp_rate = 0.26 → +0.267
  • MFA_enabled = 1 → +0.098

**Éléments qui réduisent le score (↓) :**
  • nb_failed_logins_7d = 2.00 → -2.871
  • alert_title_bp_rate = 0.51 → -0.089"
59471,"**Score de priorisation : 4/100** — Décision suggérée : CLOTURE_FP

**Raisons principales (↑ augmente le score) :**
  • nb_failed_logins_7d = 15.00 → +0.111
  • category_tp_rate = 0.14 → +0.029
  • incident_duration_min = 10080.00 → +0.006

**Éléments qui réduisent le score (↓) :**
  • alert_title_tp_rate = 0.17 → -0.870
  • detector_nb_incidents = 0.00 → -0.188"
73290,"**Score de priorisation : 4/100** — Décision suggérée : CLOTURE_FP

**Raisons principales (↑ augmente le score) :**
  • alert_title_tp_rate = 0.23 → +0.107
  • alert_rate_per_hour = 0.10 → +0.092
  • hour_of_day = 3 → +0.082

**Éléments qui réduisent le score (↓) :**
  • nb_failed_logins_7d = 2.00 → -2.125
  • user_criticality_score = 1 → -0.203"
356185,"**Score de priorisation : 4/100** — Décision suggérée : CLOTURE_FP

**Raisons principales (↑ augmente le score) :**
  • nb_failed_logins_7d = 15.00 → +0.142
  • detector_nb_incidents = 4318.00 → +0.077
  • alert_title_bp_rate = 0.04 → +0.053

**Éléments qui réduisent le score (↓) :**
  • alert_title_tp_rate = 0.12 → -0.492
  • user_criticality_score = 1 → -0.117"
243508,"**Score de priorisation : 4/100** — Décision suggérée : CLOTURE_FP

**Raisons principales (↑ augmente le score) :**
  • nb_failed_logins_7d = 15.00 → +0.140
  • detector_nb_incidents = 3249.00 → +0.096
  • nb_evidences = 3 → +0.046

**Éléments qui réduisent le score (↓) :**
  • alert_title_tp_rate = 0.20 → -0.862
  • alert_title_bp_rate = 0.51 → -0.160"
49811,"**Score de priorisation : 4/100** — Décision suggérée : CLOTURE_FP

**Raisons principales (↑ augmente le score) :**
  • nb_failed_logins_7d = 15.00 → +0.117
  • alert_rate_per_hour = 0.10 → +0.113
  • category_bp_rate = 0.31 → +0.047

**Éléments qui réduisent le score (↓) :**
  • alert_title_tp_rate = 0.20 → -0.952
  • detector_nb_incidents = 0.00 → -0.142"
91010,"**Score de priorisation : 4/100** — Décision suggérée : CLOTURE_FP

**Raisons principales (↑ augmente le score) :**
  • user_criticality_score = 2 → +0.560
  • alert_title_tp_rate = 0.35 → +0.491
  • MFA_enabled = 1 → +0.118

**Éléments qui réduisent le score (↓) :**
  • nb_failed_logins_7d = 1.00 → -3.080
  • alert_title_bp_rate = 0.55 → -0.086"
5179,"**Score de priorisation : 4/100** — Décision suggérée : CLOTURE_FP

**Raisons principales (↑ augmente le score) :**
  • has_threat_family = 1 → +0.117
  • alerts_per_detector = 10.70 → +0.093
  • nb_failed_logins_7d = 15.00 → +0.092

**Éléments qui réduisent le score (↓) :**
  • alert_title_tp_rate = 0.12 → -1.603
  • detector_nb_incidents = 0.00 → -0.158"
50603,"**Score de priorisation : 4/100** — Décision suggérée : CLOTURE_FP

**Raisons principales (↑ augmente le score) :**
  • nb_failed_logins_7d = 15.00 → +0.130
  • detector_nb_incidents = 3249.00 → +0.098
  • spread_score = 7.00 → +0.034

**Éléments qui réduisent le score (↓) :**
  • alert_title_tp_rate = 0.20 → -0.860
  • alert_title_bp_rate = 0.51 → -0.143"
3802,"**Score de priorisation : 4/100** — Décision suggérée : CLOTURE_FP

**Raisons principales (↑ augmente le score) :**
  • nb_failed_logins_7d = 15.00 → +0.125
  • alerts_per_detector = 8.80 → +0.088
  • accounts_per_device = 1.00 → +0.042

**Éléments qui réduisent le score (↓) :**
  • alert_title_tp_rate = 0.14 → -0.734
  • detector_nb_incidents = 0.00 → -0.191"
84553,"**Score de priorisation : 3/100** — Décision suggérée : CLOTURE_FP

**Raisons principales (↑ augmente le score) :**
  • user_criticality_score = 2 → +0.588
  • alert_title_tp_rate = 0.26 → +0.243
  • MFA_enabled = 1 → +0.099

**Éléments qui réduisent le score (↓) :**
  • nb_failed_logins_7d = 2.00 → -2.675
  • alert_title_bp_rate = 0.51 → -0.089"
19147,"**Score de priorisation : 3/100** — Décision suggérée : CLOTURE_FP

**Raisons principales (↑ augmente le score) :**
  • MFA_enabled = 1 → +0.100
  • alerts_per_detector = 9.00 → +0.075
  • asset_x_alerts = 4.16 → +0.039

**Éléments qui réduisent le score (↓) :**
  • nb_failed_logins_7d = 2.00 → -2.342
  • user_criticality_score = 1 → -0.156"
499451,"**Score de priorisation : 3/100** — Décision suggérée : CLOTURE_FP

**Raisons principales (↑ augmente le score) :**
  • user_criticality_score = 2 → +0.523
  • alert_title_tp_rate = 0.35 → +0.455
  • day_sin = -0.97 → +0.072

**Éléments qui réduisent le score (↓) :**
  • nb_failed_logins_7d = 1.00 → -2.980
  • alert_title_bp_rate = 0.55 → -0.093"
170420,"**Score de priorisation : 3/100** — Décision suggérée : CLOTURE_FP

**Raisons principales (↑ augmente le score) :**
  • user_criticality_score = 2 → +0.607
  • alert_title_fp_rate = 0.13 → +0.069
  • detector_nb_incidents = 3249.00 → +0.056

**Éléments qui réduisent le score (↓) :**
  • nb_failed_logins_7d = 2.00 → -2.479
  • alert_title_tp_rate = 0.14 → -0.450"
45193,"**Score de priorisation : 3/100** — Décision suggérée : CLOTURE_FP

**Raisons principales (↑ augmente le score) :**
  • nb_failed_logins_7d = 15.00 → +0.107
  • mitre_impact = 1 → +0.045
  • spread_score = 7.00 → +0.030

**Éléments qui réduisent le score (↓) :**
  • alert_title_tp_rate = 0.20 → -0.984
  • detector_nb_incidents = 0.00 → -0.207"
105041,"**Score de priorisation : 2/100** — Décision suggérée : CLOTURE_FP

**Raisons principales (↑ augmente le score) :**
  • user_criticality_score = 3 → +0.528
  • MFA_enabled = 1 → +0.124
  • ips_per_hour = 0.01 → +0.066

**Éléments qui réduisent le score (↓) :**
  • alert_title_tp_rate = 0.11 → -1.543
  • nb_failed_logins_7d = 4.00 → -0.768"
30982,"**Score de priorisation : 2/100** — Décision suggérée : CLOTURE_FP

**Raisons principales (↑ augmente le score) :**
  • user_criticality_score = 3 → +0.534
  • alerts_per_detector = 10.50 → +0.123
  • MFA_enabled = 1 → +0.106

**Éléments qui réduisent le score (↓) :**
  • nb_failed_logins_7d = 1.00 → -2.985
  • alert_title_tp_rate = 0.14 → -0.556"
597626,"**Score de priorisation : 2/100** — Décision suggérée : CLOTURE_FP

**Raisons principales (↑ augmente le score) :**
  • nb_failed_logins_7d = 15.00 → +0.124
  • day_sin = 0.97 → +0.085
  • hour_cos = 0.87 → +0.028

**Éléments qui réduisent le score (↓) :**
  • alert_title_tp_rate = 0.13 → -0.776
  • detector_nb_incidents = 0.00 → -0.230"
157161,"**Score de priorisation : 2/100** — Décision suggérée : CLOTURE_FP

**Raisons principales (↑ augmente le score) :**
  • nb_failed_logins_7d = 15.00 → +0.094
  • accounts_per_device = 1.00 → +0.027
  • alert_title_fp_rate = 0.24 → +0.025

**Éléments qui réduisent le score (↓) :**
  • alert_title_tp_rate = 0.17 → -0.991
  • category_tp_rate = 0.00 → -0.254"
466257,"**Score de priorisation : 2/100** — Décision suggérée : CLOTURE_FP

**Raisons principales (↑ augmente le score) :**
  • hour_of_day = 1 → +0.118
  • hour_cos = 0.97 → +0.101
  • MFA_enabled = 1 → +0.088

**Éléments qui réduisent le score (↓) :**
  • nb_failed_logins_7d = 2.00 → -1.936
  • alert_title_tp_rate = 0.13 → -0.452"
475356,"**Score de priorisation : 2/100** — Décision suggérée : CLOTURE_FP

**Raisons principales (↑ augmente le score) :**
  • login_country_mismatch = 1 → +0.823
  • user_criticality_score = 3 → +0.563
  • MFA_enabled = 1 → +0.123

**Éléments qui réduisent le score (↓) :**
  • nb_failed_logins_7d = 0.00 → -2.608
  • alert_title_tp_rate = 0.13 → -0.582"
38307,"**Score de priorisation : 2/100** — Décision suggérée : CLOTURE_FP

**Raisons principales (↑ augmente le score) :**
  • alerts_per_detector = 8.50 → +0.139
  • nb_failed_logins_7d = 15.00 → +0.102
  • detector_tp_rate = 0.12 → +0.063

**Éléments qui réduisent le score (↓) :**
  • sandbox_malware_score = 0 → -0.811
  • alert_title_tp_rate = 0.15 → -0.578"
293580,"**Score de priorisation : 2/100** — Décision suggérée : CLOTURE_FP

**Raisons principales (↑ augmente le score) :**
  • nb_failed_logins_7d = 15.00 → +0.100
  • incident_duration_min = 6195.62 → +0.049
  • category_tp_rate = 0.12 → +0.027

**Éléments qui réduisent le score (↓) :**
  • alert_title_tp_rate = 0.20 → -1.011
  • detector_nb_incidents = 0.00 → -0.188"
115475,"**Score de priorisation : 2/100** — Décision suggérée : CLOTURE_FP

**Raisons principales (↑ augmente le score) :**
  • alert_rate_per_hour = 0.09 → +0.096
  • nb_failed_logins_7d = 15.00 → +0.091
  • day_of_week = 6 → +0.053

**Éléments qui réduisent le score (↓) :**
  • alert_title_tp_rate = 0.20 → -1.016
  • detector_nb_incidents = 0.00 → -0.183"
395672,"**Score de priorisation : 2/100** — Décision suggérée : CLOTURE_FP

**Raisons principales (↑ augmente le score) :**
  • user_criticality_score = 3 → +0.592
  • day_of_week = 5 → +0.126
  • MFA_enabled = 1 → +0.115

**Éléments qui réduisent le score (↓) :**
  • nb_failed_logins_7d = 1.00 → -2.799
  • alert_title_tp_rate = 0.12 → -0.355"
120183,"**Score de priorisation : 2/100** — Décision suggérée : CLOTURE_FP

**Raisons principales (↑ augmente le score) :**
  • user_criticality_score = 2 → +0.548
  • alert_title_tp_rate = 0.26 → +0.238
  • alert_rate_per_hour = 0.10 → +0.181

**Éléments qui réduisent le score (↓) :**
  • nb_failed_logins_7d = 0.00 → -3.204
  • day_sin = 0.97 → -0.079"
128504,"**Score de priorisation : 2/100** — Décision suggérée : CLOTURE_FP

**Raisons principales (↑ augmente le score) :**
  • user_criticality_score = 3 → +0.552
  • MFA_enabled = 1 → +0.112
  • incident_duration_min = 4857.08 → +0.046

**Éléments qui réduisent le score (↓) :**
  • nb_failed_logins_7d = 1.00 → -3.006
  • alert_title_bp_rate = 0.53 → -0.068"
461301,"**Score de priorisation : 2/100** — Décision suggérée : CLOTURE_FP

**Raisons principales (↑ augmente le score) :**
  • user_criticality_score = 3 → +0.592
  • alert_title_fp_rate = 0.09 → +0.107
  • asset_x_alerts = 1.10 → +0.100

**Éléments qui réduisent le score (↓) :**
  • nb_failed_logins_7d = 1.00 → -2.843
  • alert_title_tp_rate = 0.13 → -0.488"
327861,"**Score de priorisation : 2/100** — Décision suggérée : CLOTURE_FP

**Raisons principales (↑ augmente le score) :**
  • user_criticality_score = 4 → +0.586
  • MFA_enabled = 1 → +0.104
  • nb_evidences = 2 → +0.100

**Éléments qui réduisent le score (↓) :**
  • nb_failed_logins_7d = 1.00 → -2.410
  • alert_title_tp_rate = 0.15 → -0.681"
461592,"**Score de priorisation : 2/100** — Décision suggérée : CLOTURE_FP

**Raisons principales (↑ augmente le score) :**
  • user_criticality_score = 2 → +0.592
  • alert_title_fp_rate = 0.09 → +0.077
  • detector_nb_incidents = 3249.00 → +0.063

**Éléments qui réduisent le score (↓) :**
  • nb_failed_logins_7d = 0.00 → -2.801
  • alert_title_tp_rate = 0.13 → -0.517"
19493,"**Score de priorisation : 2/100** — Décision suggérée : CLOTURE_FP

**Raisons principales (↑ augmente le score) :**
  • alert_title_tp_rate = 0.26 → +0.308
  • nb_failed_logins_7d = 15.00 → +0.127
  • alert_title_fp_rate = 0.05 → +0.044

**Éléments qui réduisent le score (↓) :**
  • sandbox_malware_score = 0 → -0.850
  • sandbox_dns_count = 18 → -0.692"
17439,"**Score de priorisation : 2/100** — Décision suggérée : CLOTURE_FP

**Raisons principales (↑ augmente le score) :**
  • sandbox_evasion = 1 → +0.266
  • alerts_per_detector = 8.57 → +0.149
  • detector_nb_incidents = 3249.00 → +0.122

**Éléments qui réduisent le score (↓) :**
  • sandbox_malware_score = 0 → -0.864
  • sandbox_dns_count = 3 → -0.666"
465745,"**Score de priorisation : 2/100** — Décision suggérée : CLOTURE_FP

**Raisons principales (↑ augmente le score) :**
  • user_criticality_score = 4 → +0.556
  • hour_cos = 0.97 → +0.096
  • MFA_enabled = 1 → +0.082

**Éléments qui réduisent le score (↓) :**
  • nb_failed_logins_7d = 2.00 → -2.379
  • alert_title_tp_rate = 0.13 → -0.573"
470863,"**Score de priorisation : 2/100** — Décision suggérée : CLOTURE_FP

**Raisons principales (↑ augmente le score) :**
  • account_inactive = 1 → +0.067
  • nb_evidences = 3 → +0.066
  • detector_nb_incidents = 579.00 → +0.056

**Éléments qui réduisent le score (↓) :**
  • nb_failed_logins_7d = 0.00 → -2.549
  • alert_title_tp_rate = 0.14 → -0.344"
475083,"**Score de priorisation : 2/100** — Décision suggérée : CLOTURE_FP

**Raisons principales (↑ augmente le score) :**
  • user_criticality_score = 3 → +0.546
  • MFA_enabled = 1 → +0.120
  • day_sin = -0.97 → +0.118

**Éléments qui réduisent le score (↓) :**
  • nb_failed_logins_7d = 0.00 → -2.616
  • alert_title_tp_rate = 0.13 → -0.496"
459528,"**Score de priorisation : 2/100** — Décision suggérée : CLOTURE_FP

**Raisons principales (↑ augmente le score) :**
  • user_criticality_score = 3 → +0.588
  • MFA_enabled = 1 → +0.080
  • alert_title_fp_rate = 0.09 → +0.072

**Éléments qui réduisent le score (↓) :**
  • nb_failed_logins_7d = 2.00 → -2.448
  • alert_title_tp_rate = 0.13 → -0.524"
375788,"**Score de priorisation : 2/100** — Décision suggérée : CLOTURE_FP

**Raisons principales (↑ augmente le score) :**
  • nb_failed_logins_7d = 15.00 → +0.104
  • detector_tp_rate = 0.12 → +0.034
  • hour_cos = 0.50 → +0.026

**Éléments qui réduisent le score (↓) :**
  • alert_title_tp_rate = 0.20 → -1.048
  • category_tp_rate = 0.07 → -0.246"
213239,"**Score de priorisation : 2/100** — Décision suggérée : CLOTURE_FP

**Raisons principales (↑ augmente le score) :**
  • nb_failed_logins_7d = 15.00 → +0.111
  • hour_cos = 0.50 → +0.024
  • day_of_week = 6 → +0.020

**Éléments qui réduisent le score (↓) :**
  • alert_title_tp_rate = 0.20 → -1.023
  • detector_nb_incidents = 0.00 → -0.180"
461472,"**Score de priorisation : 2/100** — Décision suggérée : CLOTURE_FP

**Raisons principales (↑ augmente le score) :**
  • user_criticality_score = 3 → +0.565
  • MFA_enabled = 1 → +0.097
  • hour_cos = 1.00 → +0.097

**Éléments qui réduisent le score (↓) :**
  • nb_failed_logins_7d = 0.00 → -2.847
  • alert_title_tp_rate = 0.13 → -0.494"
375587,"**Score de priorisation : 2/100** — Décision suggérée : CLOTURE_FP

**Raisons principales (↑ augmente le score) :**
  • nb_failed_logins_7d = 15.00 → +0.105
  • detector_tp_rate = 0.12 → +0.030
  • hour_cos = 0.87 → +0.029

**Éléments qui réduisent le score (↓) :**
  • alert_title_tp_rate = 0.20 → -1.039
  • category_tp_rate = 0.07 → -0.246"
57152,"**Score de priorisation : 2/100** — Décision suggérée : CLOTURE_FP

**Raisons principales (↑ augmente le score) :**
  • user_criticality_score = 2 → +0.568
  • alert_title_tp_rate = 0.26 → +0.242
  • MFA_enabled = 1 → +0.125

**Éléments qui réduisent le score (↓) :**
  • nb_failed_logins_7d = 1.00 → -3.081
  • detector_nb_incidents = 956.00 → -0.073"
471197,"**Score de priorisation : 2/100** — Décision suggérée : CLOTURE_FP

**Raisons principales (↑ augmente le score) :**
  • user_criticality_score = 4 → +0.603
  • MFA_enabled = 1 → +0.097
  • alert_title_fp_rate = 0.09 → +0.076

**Éléments qui réduisent le score (↓) :**
  • nb_failed_logins_7d = 0.00 → -2.837
  • alert_title_tp_rate = 0.13 → -0.550"
166484,"**Score de priorisation : 2/100** — Décision suggérée : CLOTURE_FP

**Raisons principales (↑ augmente le score) :**
  • nb_failed_logins_7d = 15.00 → +0.105
  • spread_score = 7.00 → +0.049
  • accounts_per_device = 1.00 → +0.034

**Éléments qui réduisent le score (↓) :**
  • alert_title_tp_rate = 0.20 → -1.023
  • category_tp_rate = 0.07 → -0.258"
229803,"**Score de priorisation : 2/100** — Décision suggérée : CLOTURE_FP

**Raisons principales (↑ augmente le score) :**
  • nb_failed_logins_7d = 15.00 → +0.110
  • spread_score = 7.00 → +0.048
  • accounts_per_device = 1.00 → +0.037

**Éléments qui réduisent le score (↓) :**
  • alert_title_tp_rate = 0.20 → -1.015
  • detector_nb_incidents = 0.00 → -0.136"
86889,"**Score de priorisation : 1/100** — Décision suggérée : CLOTURE_FP

**Raisons principales (↑ augmente le score) :**
  • nb_failed_logins_7d = 15.00 → +0.119
  • accounts_per_device = 1.00 → +0.028
  • ips_per_hour = 10.00 → +0.024

**Éléments qui réduisent le score (↓) :**
  • alert_title_tp_rate = 0.20 → -1.011
  • detector_nb_incidents = 0.00 → -0.152"
114453,"**Score de priorisation : 1/100** — Décision suggérée : CLOTURE_FP

**Raisons principales (↑ augmente le score) :**
  • user_criticality_score = 2 → +0.502
  • alert_rate_per_hour = 0.09 → +0.158
  • MFA_enabled = 1 → +0.107

**Éléments qui réduisent le score (↓) :**
  • nb_failed_logins_7d = 1.00 → -2.734
  • alert_title_tp_rate = 0.15 → -0.544"
118358,"**Score de priorisation : 1/100** — Décision suggérée : CLOTURE_FP

**Raisons principales (↑ augmente le score) :**
  • user_criticality_score = 3 → +0.566
  • MFA_enabled = 1 → +0.107
  • day_sin = 0.00 → +0.039

**Éléments qui réduisent le score (↓) :**
  • nb_failed_logins_7d = 0.00 → -2.880
  • alert_title_tp_rate = 0.22 → -0.183"
475366,"**Score de priorisation : 1/100** — Décision suggérée : CLOTURE_FP

**Raisons principales (↑ augmente le score) :**
  • MFA_enabled = 1 → +0.128
  • day_of_week = 6 → +0.106
  • hour_of_day = 1 → +0.095

**Éléments qui réduisent le score (↓) :**
  • nb_failed_logins_7d = 1.00 → -2.257
  • alert_title_tp_rate = 0.13 → -0.425"
19767,"**Score de priorisation : 1/100** — Décision suggérée : CLOTURE_FP

**Raisons principales (↑ augmente le score) :**
  • alerts_per_detector = 11.20 → +0.124
  • nb_failed_logins_7d = 15.00 → +0.117
  • mitre_credential_access = 1 → +0.084

**Éléments qui réduisent le score (↓) :**
  • alert_title_tp_rate = 0.20 → -1.088
  • category_tp_rate = 0.07 → -0.218"
461172,"**Score de priorisation : 1/100** — Décision suggérée : CLOTURE_FP

**Raisons principales (↑ augmente le score) :**
  • user_criticality_score = 2 → +0.590
  • alert_title_fp_rate = 0.09 → +0.079
  • detector_nb_incidents = 3249.00 → +0.055

**Éléments qui réduisent le score (↓) :**
  • nb_failed_logins_7d = 1.00 → -2.886
  • alert_title_tp_rate = 0.13 → -0.510"
473743,"**Score de priorisation : 1/100** — Décision suggérée : CLOTURE_FP

**Raisons principales (↑ augmente le score) :**
  • user_criticality_score = 2 → +0.589
  • MFA_enabled = 1 → +0.097
  • alert_title_fp_rate = 0.09 → +0.076

**Éléments qui réduisent le score (↓) :**
  • nb_failed_logins_7d = 0.00 → -2.831
  • alert_title_tp_rate = 0.13 → -0.533"
375307,"**Score de priorisation : 1/100** — Décision suggérée : CLOTURE_FP

**Raisons principales (↑ augmente le score) :**
  • nb_failed_logins_7d = 15.00 → +0.105
  • detector_tp_rate = 0.12 → +0.043
  • day_cos = 1.00 → +0.018

**Éléments qui réduisent le score (↓) :**
  • alert_title_tp_rate = 0.20 → -1.043
  • category_tp_rate = 0.07 → -0.216"
440488,"**Score de priorisation : 1/100** — Décision suggérée : CLOTURE_FP

**Raisons principales (↑ augmente le score) :**
  • nb_evidences = 3 → +0.069
  • alert_title_fp_rate = 0.17 → +0.043
  • category_bp_rate = 0.31 → +0.041

**Éléments qui réduisent le score (↓) :**
  • nb_failed_logins_7d = 0.00 → -2.514
  • alert_title_tp_rate = 0.14 → -0.353"
269975,"**Score de priorisation : 1/100** — Décision suggérée : CLOTURE_FP

**Raisons principales (↑ augmente le score) :**
  • nb_failed_logins_7d = 15.00 → +0.105
  • alert_rate_per_hour = 0.05 → +0.033
  • incident_duration_min = 6890.28 → +0.021

**Éléments qui réduisent le score (↓) :**
  • alert_title_tp_rate = 0.18 → -0.914
  • sandbox_dns_count = 3 → -0.555"
472464,"**Score de priorisation : 1/100** — Décision suggérée : CLOTURE_FP

**Raisons principales (↑ augmente le score) :**
  • user_criticality_score = 2 → +0.579
  • MFA_enabled = 1 → +0.099
  • alert_title_fp_rate = 0.09 → +0.097

**Éléments qui réduisent le score (↓) :**
  • nb_failed_logins_7d = 0.00 → -3.022
  • alert_title_tp_rate = 0.13 → -0.491"
235525,"**Score de priorisation : 1/100** — Décision suggérée : CLOTURE_FP

**Raisons principales (↑ augmente le score) :**
  • user_criticality_score = 4 → +0.618
  • MFA_enabled = 1 → +0.082
  • incident_duration_min = 5687.17 → +0.045

**Éléments qui réduisent le score (↓) :**
  • nb_failed_logins_7d = 2.00 → -2.308
  • alert_title_tp_rate = 0.17 → -0.697"
462966,"**Score de priorisation : 1/100** — Décision suggérée : CLOTURE_FP

**Raisons principales (↑ augmente le score) :**
  • asset_x_alerts = 1.10 → +0.060
  • nb_evidences = 3 → +0.043
  • nb_alerts = 2 → +0.035

**Éléments qui réduisent le score (↓) :**
  • nb_failed_logins_7d = 1.00 → -2.601
  • user_criticality_score = 1 → -0.205"
66402,"**Score de priorisation : 1/100** — Décision suggérée : CLOTURE_FP

**Raisons principales (↑ augmente le score) :**
  • alert_title_tp_rate = 0.35 → +0.476
  • alert_title_fp_rate = 0.10 → +0.039
  • nb_evidences = 29 → +0.019

**Éléments qui réduisent le score (↓) :**
  • nb_failed_logins_7d = 0.00 → -2.791
  • user_criticality_score = 1 → -0.251"
472240,"**Score de priorisation : 1/100** — Décision suggérée : CLOTURE_FP

**Raisons principales (↑ augmente le score) :**
  • user_criticality_score = 3 → +0.550
  • MFA_enabled = 1 → +0.096
  • alert_title_fp_rate = 0.09 → +0.084

**Éléments qui réduisent le score (↓) :**
  • nb_failed_logins_7d = 0.00 → -2.952
  • alert_title_tp_rate = 0.13 → -0.532"
283472,"**Score de priorisation : 1/100** — Décision suggérée : CLOTURE_FP

**Raisons principales (↑ augmente le score) :**
  • hour_of_day = 1 → +0.131
  • hour_cos = 0.97 → +0.084
  • nb_alerts = 1 → +0.023

**Éléments qui réduisent le score (↓) :**
  • nb_failed_logins_7d = 3.00 → -1.377
  • alert_title_tp_rate = 0.18 → -0.833"
213514,"**Score de priorisation : 1/100** — Décision suggérée : CLOTURE_FP

**Raisons principales (↑ augmente le score) :**
  • nb_failed_logins_7d = 15.00 → +0.106
  • mitre_execution = 1 → +0.029
  • day_cos = 1.00 → +0.024

**Éléments qui réduisent le score (↓) :**
  • alert_title_tp_rate = 0.20 → -1.089
  • category_tp_rate = 0.07 → -0.217"
475150,"**Score de priorisation : 1/100** — Décision suggérée : CLOTURE_FP

**Raisons principales (↑ augmente le score) :**
  • user_criticality_score = 4 → +0.587
  • MFA_enabled = 1 → +0.102
  • alert_title_fp_rate = 0.09 → +0.060

**Éléments qui réduisent le score (↓) :**
  • nb_failed_logins_7d = 0.00 → -2.795
  • alert_title_tp_rate = 0.13 → -0.521"
108640,"**Score de priorisation : 1/100** — Décision suggérée : CLOTURE_FP

**Raisons principales (↑ augmente le score) :**
  • nb_failed_logins_7d = 15.00 → +0.103
  • accounts_per_device = 1.00 → +0.031
  • hour_cos = 0.87 → +0.022

**Éléments qui réduisent le score (↓) :**
  • alert_title_tp_rate = 0.20 → -1.086
  • category_tp_rate = 0.07 → -0.261"
461593,"**Score de priorisation : 1/100** — Décision suggérée : CLOTURE_FP

**Raisons principales (↑ augmente le score) :**
  • alert_title_fp_rate = 0.09 → +0.077
  • nb_evidences = 3 → +0.058
  • detector_nb_incidents = 3249.00 → +0.045

**Éléments qui réduisent le score (↓) :**
  • nb_failed_logins_7d = 0.00 → -2.498
  • alert_title_tp_rate = 0.13 → -0.486"
464656,"**Score de priorisation : 1/100** — Décision suggérée : CLOTURE_FP

**Raisons principales (↑ augmente le score) :**
  • user_criticality_score = 2 → +0.595
  • alert_title_fp_rate = 0.09 → +0.083
  • category_tp_rate = 0.37 → +0.054

**Éléments qui réduisent le score (↓) :**
  • nb_failed_logins_7d = 1.00 → -2.910
  • alert_title_tp_rate = 0.13 → -0.487"
90913,"**Score de priorisation : 1/100** — Décision suggérée : CLOTURE_FP

**Raisons principales (↑ augmente le score) :**
  • alert_rate_per_hour = 0.09 → +0.166
  • MFA_enabled = 1 → +0.123
  • alert_title_bp_rate = 0.04 → +0.061

**Éléments qui réduisent le score (↓) :**
  • nb_failed_logins_7d = 1.00 → -2.661
  • alert_title_tp_rate = 0.12 → -0.353"
157031,"**Score de priorisation : 1/100** — Décision suggérée : CLOTURE_FP

**Raisons principales (↑ augmente le score) :**
  • nb_failed_logins_7d = 15.00 → +0.104
  • day_cos = 0.62 → +0.016
  • hour_cos = 0.71 → +0.016

**Éléments qui réduisent le score (↓) :**
  • alert_title_tp_rate = 0.20 → -1.082
  • category_tp_rate = 0.07 → -0.261"
531880,"**Score de priorisation : 1/100** — Décision suggérée : CLOTURE_FP

**Raisons principales (↑ augmente le score) :**
  • login_country_mismatch = 1 → +0.925
  • user_criticality_score = 2 → +0.598
  • hour_cos = 0.87 → +0.138

**Éléments qui réduisent le score (↓) :**
  • alert_title_tp_rate = 0.07 → -1.730
  • nb_failed_logins_7d = 3.00 → -1.555"
45716,"**Score de priorisation : 1/100** — Décision suggérée : CLOTURE_FP

**Raisons principales (↑ augmente le score) :**
  • nb_failed_logins_7d = 15.00 → +0.107
  • hour_cos = 0.71 → +0.015
  • nb_alerts = 24 → +0.013

**Éléments qui réduisent le score (↓) :**
  • alert_title_tp_rate = 0.20 → -1.108
  • category_tp_rate = 0.07 → -0.199"
20894,"**Score de priorisation : 1/100** — Décision suggérée : CLOTURE_FP

**Raisons principales (↑ augmente le score) :**
  • user_criticality_score = 3 → +0.554
  • MFA_enabled = 1 → +0.097
  • mitre_credential_access = 1 → +0.073

**Éléments qui réduisent le score (↓) :**
  • nb_failed_logins_7d = 0.00 → -2.577
  • alert_title_tp_rate = 0.14 → -0.662"
462846,"**Score de priorisation : 1/100** — Décision suggérée : CLOTURE_FP

**Raisons principales (↑ augmente le score) :**
  • alert_title_fp_rate = 0.09 → +0.076
  • nb_evidences = 3 → +0.064
  • category_tp_rate = 0.37 → +0.023

**Éléments qui réduisent le score (↓) :**
  • nb_failed_logins_7d = 1.00 → -2.596
  • alert_title_tp_rate = 0.13 → -0.468"
21643,"**Score de priorisation : 1/100** — Décision suggérée : CLOTURE_FP

**Raisons principales (↑ augmente le score) :**
  • user_criticality_score = 3 → +0.497
  • mitre_credential_access = 1 → +0.072
  • alerts_per_detector = 10.33 → +0.071

**Éléments qui réduisent le score (↓) :**
  • nb_failed_logins_7d = 0.00 → -2.725
  • alert_title_tp_rate = 0.14 → -0.771"
139051,"**Score de priorisation : 1/100** — Décision suggérée : CLOTURE_FP

**Raisons principales (↑ augmente le score) :**
  • nb_failed_logins_7d = 15.00 → +0.097
  • day_cos = 0.62 → +0.016
  • day_of_week = 1 → +0.013

**Éléments qui réduisent le score (↓) :**
  • alert_title_tp_rate = 0.20 → -1.072
  • category_tp_rate = 0.07 → -0.256"
473755,"**Score de priorisation : 1/100** — Décision suggérée : CLOTURE_FP

**Raisons principales (↑ augmente le score) :**
  • alert_title_fp_rate = 0.09 → +0.076
  • nb_evidences = 3 → +0.071
  • detector_nb_incidents = 3249.00 → +0.045

**Éléments qui réduisent le score (↓) :**
  • nb_failed_logins_7d = 1.00 → -2.504
  • alert_title_tp_rate = 0.13 → -0.496"
467216,"**Score de priorisation : 1/100** — Décision suggérée : CLOTURE_FP

**Raisons principales (↑ augmente le score) :**
  • MFA_enabled = 1 → +0.079
  • nb_evidences = 3 → +0.069
  • alert_title_fp_rate = 0.09 → +0.062

**Éléments qui réduisent le score (↓) :**
  • nb_failed_logins_7d = 3.00 → -1.800
  • alert_title_tp_rate = 0.13 → -0.545"
563729,"**Score de priorisation : 1/100** — Décision suggérée : CLOTURE_FP

**Raisons principales (↑ augmente le score) :**
  • user_criticality_score = 3 → +0.532
  • nb_evidences = 2 → +0.125
  • MFA_enabled = 1 → +0.087

**Éléments qui réduisent le score (↓) :**
  • nb_failed_logins_7d = 1.00 → -2.669
  • alert_title_tp_rate = 0.15 → -0.644"
6383,"**Score de priorisation : 1/100** — Décision suggérée : CLOTURE_FP

**Raisons principales (↑ augmente le score) :**
  • nb_evidences = 2 → +0.188
  • alert_title_fp_rate = 0.07 → +0.117
  • hour_of_day = 3 → +0.082

**Éléments qui réduisent le score (↓) :**
  • alert_title_tp_rate = 0.07 → -1.469
  • nb_failed_logins_7d = 3.00 → -1.194"
105244,"**Score de priorisation : 1/100** — Décision suggérée : CLOTURE_FP

**Raisons principales (↑ augmente le score) :**
  • alert_title_bp_rate = 0.03 → +0.131
  • detector_bp_rate = 0.02 → +0.051
  • detector_tp_rate = 0.12 → +0.047

**Éléments qui réduisent le score (↓) :**
  • nb_failed_logins_7d = 0.00 → -2.409
  • alert_title_tp_rate = 0.12 → -0.367"
140461,"**Score de priorisation : 1/100** — Décision suggérée : CLOTURE_FP

**Raisons principales (↑ augmente le score) :**
  • nb_failed_logins_7d = 15.00 → +0.070
  • alert_rate_per_hour = 0.08 → +0.061
  • hour_cos = 0.71 → +0.026

**Éléments qui réduisent le score (↓) :**
  • alert_title_tp_rate = 0.09 → -1.901
  • detector_tp_rate = 0.00 → -1.618"
75549,"**Score de priorisation : 1/100** — Décision suggérée : CLOTURE_FP

**Raisons principales (↑ augmente le score) :**
  • detector_tp_rate = 0.12 → +0.070
  • day_of_week = 4 → +0.060
  • ips_per_hour = 0.01 → +0.058

**Éléments qui réduisent le score (↓) :**
  • nb_failed_logins_7d = 0.00 → -2.525
  • alert_title_tp_rate = 0.12 → -0.385"
563688,"**Score de priorisation : 1/100** — Décision suggérée : CLOTURE_FP

**Raisons principales (↑ augmente le score) :**
  • nb_evidences = 2 → +0.106
  • asset_x_alerts = 1.10 → +0.051
  • category_bp_rate = 0.31 → +0.037

**Éléments qui réduisent le score (↓) :**
  • nb_failed_logins_7d = 3.00 → -1.632
  • alert_title_tp_rate = 0.15 → -0.697"
355897,"**Score de priorisation : 0/100** — Décision suggérée : CLOTURE_FP

**Raisons principales (↑ augmente le score) :**
  • alert_title_bp_rate = 0.04 → +0.103
  • hour_of_day = 0 → +0.073
  • hour_cos = 1.00 → +0.058

**Éléments qui réduisent le score (↓) :**
  • nb_failed_logins_7d = 2.00 → -2.061
  • alert_title_tp_rate = 0.12 → -0.394"
466088,"**Score de priorisation : 0/100** — Décision suggérée : CLOTURE_FP

**Raisons principales (↑ augmente le score) :**
  • alert_title_fp_rate = 0.09 → +0.068
  • nb_evidences = 3 → +0.066
  • detector_nb_incidents = 3249.00 → +0.017

**Éléments qui réduisent le score (↓) :**
  • nb_failed_logins_7d = 0.00 → -2.567
  • alert_title_tp_rate = 0.13 → -0.487"
74169,"**Score de priorisation : 0/100** — Décision suggérée : CLOTURE_FP

**Raisons principales (↑ augmente le score) :**
  • user_criticality_score = 3 → +0.542
  • hour_of_day = 23 → +0.115
  • MFA_enabled = 1 → +0.104

**Éléments qui réduisent le score (↓) :**
  • nb_failed_logins_7d = 0.00 → -2.640
  • alert_title_tp_rate = 0.20 → -0.846"
20151,"**Score de priorisation : 0/100** — Décision suggérée : CLOTURE_FP

**Raisons principales (↑ augmente le score) :**
  • user_criticality_score = 2 → +0.527
  • alerts_per_detector = 10.20 → +0.080
  • asset_x_alerts = 3.95 → +0.046

**Éléments qui réduisent le score (↓) :**
  • nb_failed_logins_7d = 2.00 → -2.178
  • alert_title_tp_rate = 0.20 → -1.006"
54573,"**Score de priorisation : 0/100** — Décision suggérée : CLOTURE_FP

**Raisons principales (↑ augmente le score) :**
  • nb_failed_logins_7d = 15.00 → +0.066
  • accounts_per_device = 1.00 → +0.042
  • alert_title_bp_rate = 0.39 → +0.028

**Éléments qui réduisent le score (↓) :**
  • sandbox_malware_score = 1 → -0.865
  • alert_title_tp_rate = 0.18 → -0.774"
116504,"**Score de priorisation : 0/100** — Décision suggérée : CLOTURE_FP

**Raisons principales (↑ augmente le score) :**
  • user_criticality_score = 3 → +0.605
  • alert_title_bp_rate = 0.04 → +0.074
  • detector_tp_rate = 0.12 → +0.034

**Éléments qui réduisent le score (↓) :**
  • nb_failed_logins_7d = 1.00 → -3.095
  • alert_title_tp_rate = 0.12 → -0.420"
196190,"**Score de priorisation : 0/100** — Décision suggérée : CLOTURE_FP

**Raisons principales (↑ augmente le score) :**
  • nb_failed_logins_7d = 15.00 → +0.102
  • ips_per_hour = 10.00 → +0.031
  • hour_cos = 1.00 → +0.027

**Éléments qui réduisent le score (↓) :**
  • alert_title_tp_rate = 0.20 → -0.986
  • sandbox_dns_count = 0 → -0.544"
34013,"**Score de priorisation : 0/100** — Décision suggérée : CLOTURE_FP

**Raisons principales (↑ augmente le score) :**
  • user_criticality_score = 2 → +0.473
  • MFA_enabled = 1 → +0.097
  • ips_per_hour = 0.01 → +0.092

**Éléments qui réduisent le score (↓) :**
  • nb_failed_logins_7d = 0.00 → -2.587
  • alert_title_tp_rate = 0.20 → -0.943"
318463,"**Score de priorisation : 0/100** — Décision suggérée : CLOTURE_FP

**Raisons principales (↑ augmente le score) :**
  • user_criticality_score = 2 → +0.548
  • MFA_enabled = 1 → +0.112
  • detector_tp_rate = 0.12 → +0.053

**Éléments qui réduisent le score (↓) :**
  • nb_failed_logins_7d = 1.00 → -2.510
  • alert_title_tp_rate = 0.20 → -0.924"
39283,"**Score de priorisation : 0/100** — Décision suggérée : CLOTURE_FP

**Raisons principales (↑ augmente le score) :**
  • has_threat_family = 1 → +0.092
  • nb_failed_logins_7d = 15.00 → +0.080
  • mitre_execution = 1 → +0.037

**Éléments qui réduisent le score (↓) :**
  • alert_title_tp_rate = 0.20 → -1.053
  • sandbox_dns_count = 14 → -0.620"
46638,"**Score de priorisation : 0/100** — Décision suggérée : CLOTURE_FP

**Raisons principales (↑ augmente le score) :**
  • user_criticality_score = 3 → +0.511
  • MFA_enabled = 1 → +0.100
  • nb_evidences = 33 → +0.046

**Éléments qui réduisent le score (↓) :**
  • nb_failed_logins_7d = 1.00 → -2.702
  • alert_title_tp_rate = 0.16 → -0.884"
124690,"**Score de priorisation : 0/100** — Décision suggérée : CLOTURE_FP

**Raisons principales (↑ augmente le score) :**
  • user_criticality_score = 2 → +0.641
  • MFA_enabled = 1 → +0.110
  • alert_title_bp_rate = 0.04 → +0.090

**Éléments qui réduisent le score (↓) :**
  • nb_failed_logins_7d = 0.00 → -3.141
  • alert_title_tp_rate = 0.12 → -0.431"
563147,"**Score de priorisation : 0/100** — Décision suggérée : CLOTURE_FP

**Raisons principales (↑ augmente le score) :**
  • user_criticality_score = 2 → +0.605
  • nb_failed_logins_7d = 6.00 → +0.435
  • nb_evidences = 2 → +0.088

**Éléments qui réduisent le score (↓) :**
  • detector_tp_rate = 0.00 → -1.517
  • alert_title_tp_rate = 0.20 → -0.965"
375556,"**Score de priorisation : 0/100** — Décision suggérée : CLOTURE_FP

**Raisons principales (↑ augmente le score) :**
  • user_criticality_score = 2 → +0.569
  • MFA_enabled = 1 → +0.097
  • detector_tp_rate = 0.12 → +0.049

**Éléments qui réduisent le score (↓) :**
  • nb_failed_logins_7d = 0.00 → -2.714
  • alert_title_tp_rate = 0.20 → -0.918"
591522,"**Score de priorisation : 0/100** — Décision suggérée : CLOTURE_FP

**Raisons principales (↑ augmente le score) :**
  • user_criticality_score = 2 → +0.507
  • MFA_enabled = 1 → +0.073
  • mitre_impact = 1 → +0.035

**Éléments qui réduisent le score (↓) :**
  • nb_failed_logins_7d = 3.00 → -2.034
  • alert_title_tp_rate = 0.17 → -0.918"
382403,"**Score de priorisation : 0/100** — Décision suggérée : CLOTURE_FP

**Raisons principales (↑ augmente le score) :**
  • alert_title_bp_rate = 0.04 → +0.081
  • detector_tp_rate = 0.12 → +0.056
  • day_cos = 0.62 → +0.046

**Éléments qui réduisent le score (↓) :**
  • nb_failed_logins_7d = 1.00 → -2.623
  • alert_title_tp_rate = 0.12 → -0.389"
453661,"**Score de priorisation : 0/100** — Décision suggérée : CLOTURE_FP

**Raisons principales (↑ augmente le score) :**
  • user_criticality_score = 2 → +0.702
  • category_bp_rate = 0.31 → +0.086
  • nb_evidences = 3 → +0.070

**Éléments qui réduisent le score (↓) :**
  • alert_title_tp_rate = 0.10 → -1.603
  • detector_tp_rate = 0.00 → -1.496"
563724,"**Score de priorisation : 0/100** — Décision suggérée : CLOTURE_FP

**Raisons principales (↑ augmente le score) :**
  • nb_evidences = 2 → +0.108
  • nb_failed_logins_7d = 15.00 → +0.097
  • asset_x_alerts = 1.10 → +0.041

**Éléments qui réduisent le score (↓) :**
  • detector_tp_rate = 0.00 → -1.616
  • alert_title_tp_rate = 0.17 → -0.971"
227291,"**Score de priorisation : 0/100** — Décision suggérée : CLOTURE_FP

**Raisons principales (↑ augmente le score) :**
  • user_criticality_score = 3 → +0.518
  • spread_score = 7.00 → +0.044
  • hour_sin = 0.87 → +0.030

**Éléments qui réduisent le score (↓) :**
  • nb_failed_logins_7d = 0.00 → -2.626
  • alert_title_tp_rate = 0.20 → -0.942"
119699,"**Score de priorisation : 0/100** — Décision suggérée : CLOTURE_FP

**Raisons principales (↑ augmente le score) :**
  • nb_failed_logins_7d = 15.00 → +0.045
  • alert_title_fp_rate = 0.16 → +0.043
  • nb_evidences = 17 → +0.037

**Éléments qui réduisent le score (↓) :**
  • alert_title_tp_rate = 0.11 → -1.870
  • detector_tp_rate = 0.00 → -1.670"
529479,"**Score de priorisation : 0/100** — Décision suggérée : CLOTURE_FP

**Raisons principales (↑ augmente le score) :**
  • nb_failed_logins_7d = 15.00 → +0.081
  • nb_evidences = 3 → +0.049
  • hour_cos = 0.50 → +0.023

**Éléments qui réduisent le score (↓) :**
  • detector_tp_rate = 0.00 → -1.603
  • alert_title_tp_rate = 0.20 → -1.032"
529180,"**Score de priorisation : 0/100** — Décision suggérée : CLOTURE_FP

**Raisons principales (↑ augmente le score) :**
  • nb_failed_logins_7d = 15.00 → +0.098
  • nb_evidences = 3 → +0.052
  • ips_per_hour = 10.00 → +0.014

**Éléments qui réduisent le score (↓) :**
  • detector_tp_rate = 0.00 → -1.610
  • alert_title_tp_rate = 0.20 → -1.041"
203114,"**Score de priorisation : 0/100** — Décision suggérée : CLOTURE_FP

**Raisons principales (↑ augmente le score) :**
  • nb_failed_logins_7d = 15.00 → +0.056
  • category_bp_rate = 0.31 → +0.055
  • alert_title_fp_rate = 0.14 → +0.051

**Éléments qui réduisent le score (↓) :**
  • alert_title_tp_rate = 0.10 → -1.885
  • detector_tp_rate = 0.00 → -1.655"
563223,"**Score de priorisation : 0/100** — Décision suggérée : CLOTURE_FP

**Raisons principales (↑ augmente le score) :**
  • nb_failed_logins_7d = 15.00 → +0.096
  • nb_evidences = 2 → +0.085
  • asset_x_alerts = 1.10 → +0.035

**Éléments qui réduisent le score (↓) :**
  • detector_tp_rate = 0.00 → -1.601
  • alert_title_tp_rate = 0.20 → -1.041"
96490,"**Score de priorisation : 0/100** — Décision suggérée : CLOTURE_FP

**Raisons principales (↑ augmente le score) :**
  • nb_failed_logins_7d = 15.00 → +0.065
  • alert_title_fp_rate = 0.16 → +0.044
  • category_tp_rate = 0.37 → +0.021

**Éléments qui réduisent le score (↓) :**
  • alert_title_tp_rate = 0.11 → -1.895
  • detector_tp_rate = 0.00 → -1.640"
563018,"**Score de priorisation : 0/100** — Décision suggérée : CLOTURE_FP

**Raisons principales (↑ augmente le score) :**
  • nb_evidences = 2 → +0.096
  • nb_failed_logins_7d = 15.00 → +0.089
  • nb_alerts = 2 → +0.025

**Éléments qui réduisent le score (↓) :**
  • detector_tp_rate = 0.00 → -1.609
  • alert_title_tp_rate = 0.20 → -1.026"
517662,"**Score de priorisation : 0/100** — Décision suggérée : CLOTURE_FP

**Raisons principales (↑ augmente le score) :**
  • nb_failed_logins_7d = 15.00 → +0.069
  • alert_title_fp_rate = 0.14 → +0.057
  • nb_evidences = 3 → +0.056

**Éléments qui réduisent le score (↓) :**
  • alert_title_tp_rate = 0.07 → -1.749
  • detector_tp_rate = 0.00 → -1.559"
527121,"**Score de priorisation : 0/100** — Décision suggérée : CLOTURE_FP

**Raisons principales (↑ augmente le score) :**
  • nb_failed_logins_7d = 15.00 → +0.092
  • nb_evidences = 3 → +0.034
  • ips_per_hour = 10.00 → +0.015

**Éléments qui réduisent le score (↓) :**
  • detector_tp_rate = 0.00 → -1.605
  • alert_title_tp_rate = 0.20 → -1.036"
563867,"**Score de priorisation : 0/100** — Décision suggérée : CLOTURE_FP

**Raisons principales (↑ augmente le score) :**
  • nb_failed_logins_7d = 5.00 → +0.115
  • nb_evidences = 2 → +0.109
  • hour_of_day = 3 → +0.043

**Éléments qui réduisent le score (↓) :**
  • detector_tp_rate = 0.00 → -1.632
  • alert_title_tp_rate = 0.17 → -0.945"
563628,"**Score de priorisation : 0/100** — Décision suggérée : CLOTURE_FP

**Raisons principales (↑ augmente le score) :**
  • nb_failed_logins_7d = 15.00 → +0.094
  • nb_evidences = 2 → +0.075
  • asset_x_alerts = 1.10 → +0.024

**Éléments qui réduisent le score (↓) :**
  • detector_tp_rate = 0.00 → -1.605
  • alert_title_tp_rate = 0.20 → -1.041"
528680,"**Score de priorisation : 0/100** — Décision suggérée : CLOTURE_FP

**Raisons principales (↑ augmente le score) :**
  • nb_failed_logins_7d = 15.00 → +0.100
  • nb_evidences = 3 → +0.052
  • ips_per_hour = 10.00 → +0.012

**Éléments qui réduisent le score (↓) :**
  • detector_tp_rate = 0.00 → -1.605
  • alert_title_tp_rate = 0.20 → -1.032"
83020,"**Score de priorisation : 0/100** — Décision suggérée : CLOTURE_FP

**Raisons principales (↑ augmente le score) :**
  • nb_failed_logins_7d = 15.00 → +0.092
  • ips_per_hour = 10.00 → +0.025
  • accounts_per_device = 1.00 → +0.024

**Éléments qui réduisent le score (↓) :**
  • detector_tp_rate = 0.00 → -1.644
  • alert_title_tp_rate = 0.20 → -1.036"
141563,"**Score de priorisation : 0/100** — Décision suggérée : CLOTURE_FP

**Raisons principales (↑ augmente le score) :**
  • user_criticality_score = 3 → +0.549
  • nb_evidences = 3 → +0.025
  • category_bp_rate = 0.61 → +0.020

**Éléments qui réduisent le score (↓) :**
  • nb_failed_logins_7d = 2.00 → -2.180
  • alert_title_tp_rate = 0.20 → -1.088"
183965,"**Score de priorisation : 0/100** — Décision suggérée : CLOTURE_FP

**Raisons principales (↑ augmente le score) :**
  • nb_failed_logins_7d = 15.00 → +0.069
  • alert_title_fp_rate = 0.15 → +0.045
  • day_cos = 1.00 → +0.033

**Éléments qui réduisent le score (↓) :**
  • alert_title_tp_rate = 0.11 → -1.933
  • detector_tp_rate = 0.00 → -1.643"
563694,"**Score de priorisation : 0/100** — Décision suggérée : CLOTURE_FP

**Raisons principales (↑ augmente le score) :**
  • nb_failed_logins_7d = 15.00 → +0.096
  • nb_evidences = 2 → +0.090
  • asset_x_alerts = 1.10 → +0.036

**Éléments qui réduisent le score (↓) :**
  • detector_tp_rate = 0.00 → -1.602
  • alert_title_tp_rate = 0.20 → -1.034"
97388,"**Score de priorisation : 0/100** — Décision suggérée : CLOTURE_FP

**Raisons principales (↑ augmente le score) :**
  • alerts_per_detector = 10.50 → +0.158
  • nb_failed_logins_7d = 15.00 → +0.078
  • hour_cos = 0.26 → +0.024

**Éléments qui réduisent le score (↓) :**
  • detector_tp_rate = 0.00 → -1.643
  • alert_title_tp_rate = 0.17 → -0.961"
95640,"**Score de priorisation : 0/100** — Décision suggérée : CLOTURE_FP

**Raisons principales (↑ augmente le score) :**
  • nb_failed_logins_7d = 15.00 → +0.095
  • nb_evidences = 17 → +0.030
  • hour_cos = 0.50 → +0.025

**Éléments qui réduisent le score (↓) :**
  • detector_tp_rate = 0.00 → -1.631
  • alert_title_tp_rate = 0.20 → -1.034"
528529,"**Score de priorisation : 0/100** — Décision suggérée : CLOTURE_FP

**Raisons principales (↑ augmente le score) :**
  • nb_failed_logins_7d = 15.00 → +0.099
  • nb_evidences = 3 → +0.040
  • hour_cos = 0.50 → +0.021

**Éléments qui réduisent le score (↓) :**
  • detector_tp_rate = 0.00 → -1.607
  • alert_title_tp_rate = 0.20 → -1.049"
65555,"**Score de priorisation : 0/100** — Décision suggérée : CLOTURE_FP

**Raisons principales (↑ augmente le score) :**
  • nb_failed_logins_7d = 15.00 → +0.100
  • category_tp_rate = 0.12 → +0.022
  • hour_cos = -0.97 → +0.018

**Éléments qui réduisent le score (↓) :**
  • alert_title_tp_rate = 0.16 → -0.862
  • sandbox_malware_score = 0 → -0.805"
527660,"**Score de priorisation : 0/100** — Décision suggérée : CLOTURE_FP

**Raisons principales (↑ augmente le score) :**
  • nb_failed_logins_7d = 15.00 → +0.094
  • nb_evidences = 3 → +0.056
  • hour_cos = 0.71 → +0.024

**Éléments qui réduisent le score (↓) :**
  • detector_tp_rate = 0.00 → -1.611
  • alert_title_tp_rate = 0.20 → -1.024"
277821,"**Score de priorisation : 0/100** — Décision suggérée : CLOTURE_FP

**Raisons principales (↑ augmente le score) :**
  • nb_failed_logins_7d = 15.00 → +0.082
  • alert_title_fp_rate = 0.24 → +0.025
  • ips_per_hour = 10.00 → +0.015

**Éléments qui réduisent le score (↓) :**
  • detector_tp_rate = 0.00 → -1.617
  • alert_title_tp_rate = 0.17 → -0.966"
453624,"**Score de priorisation : 0/100** — Décision suggérée : CLOTURE_FP

**Raisons principales (↑ augmente le score) :**
  • user_criticality_score = 4 → +0.584
  • MFA_enabled = 1 → +0.133
  • nb_evidences = 3 → +0.087

**Éléments qui réduisent le score (↓) :**
  • nb_failed_logins_7d = 1.00 → -2.077
  • alert_title_tp_rate = 0.10 → -1.398"
563160,"**Score de priorisation : 0/100** — Décision suggérée : CLOTURE_FP

**Raisons principales (↑ augmente le score) :**
  • user_criticality_score = 3 → +0.540
  • MFA_enabled = 1 → +0.089
  • nb_evidences = 2 → +0.086

**Éléments qui réduisent le score (↓) :**
  • nb_failed_logins_7d = 0.00 → -2.588
  • alert_title_tp_rate = 0.20 → -1.050"
121721,"**Score de priorisation : 0/100** — Décision suggérée : CLOTURE_FP

**Raisons principales (↑ augmente le score) :**
  • nb_failed_logins_7d = 15.00 → +0.062
  • category_bp_rate = 0.31 → +0.055
  • accounts_per_device = 1.00 → +0.034

**Éléments qui réduisent le score (↓) :**
  • alert_title_tp_rate = 0.10 → -1.860
  • detector_tp_rate = 0.00 → -1.670"
326584,"**Score de priorisation : 0/100** — Décision suggérée : CLOTURE_FP

**Raisons principales (↑ augmente le score) :**
  • nb_failed_logins_7d = 15.00 → +0.100
  • ips_per_hour = 10.00 → +0.015
  • nb_evidences = 5 → +0.012

**Éléments qui réduisent le score (↓) :**
  • detector_tp_rate = 0.00 → -1.614
  • alert_title_tp_rate = 0.20 → -1.029"
528081,"**Score de priorisation : 0/100** — Décision suggérée : CLOTURE_FP

**Raisons principales (↑ augmente le score) :**
  • nb_failed_logins_7d = 15.00 → +0.081
  • nb_evidences = 3 → +0.055
  • hour_cos = 0.26 → +0.022

**Éléments qui réduisent le score (↓) :**
  • detector_tp_rate = 0.00 → -1.605
  • alert_title_tp_rate = 0.20 → -1.024"
84364,"**Score de priorisation : 0/100** — Décision suggérée : CLOTURE_FP

**Raisons principales (↑ augmente le score) :**
  • nb_failed_logins_7d = 15.00 → +0.084
  • accounts_per_device = 1.00 → +0.029
  • ips_per_hour = 10.00 → +0.023

**Éléments qui réduisent le score (↓) :**
  • detector_tp_rate = 0.00 → -1.642
  • alert_title_tp_rate = 0.20 → -1.005"
120792,"**Score de priorisation : 0/100** — Décision suggérée : CLOTURE_FP

**Raisons principales (↑ augmente le score) :**
  • nb_failed_logins_7d = 15.00 → +0.095
  • nb_evidences = 17 → +0.033
  • ips_per_hour = 10.00 → +0.026

**Éléments qui réduisent le score (↓) :**
  • detector_tp_rate = 0.00 → -1.646
  • alert_title_tp_rate = 0.20 → -1.022"
32612,"**Score de priorisation : 0/100** — Décision suggérée : CLOTURE_FP

**Raisons principales (↑ augmente le score) :**
  • alerts_per_detector = 8.50 → +0.149
  • nb_failed_logins_7d = 15.00 → +0.099
  • accounts_per_device = 1.00 → +0.022

**Éléments qui réduisent le score (↓) :**
  • detector_tp_rate = 0.00 → -1.653
  • alert_title_tp_rate = 0.20 → -1.007"
311642,"**Score de priorisation : 0/100** — Décision suggérée : CLOTURE_FP

**Raisons principales (↑ augmente le score) :**
  • nb_failed_logins_7d = 15.00 → +0.064
  • alert_title_fp_rate = 0.05 → +0.038
  • hour_cos = 0.87 → +0.031

**Éléments qui réduisent le score (↓) :**
  • alert_title_tp_rate = 0.04 → -2.371
  • detector_tp_rate = 0.00 → -1.583"
311566,"**Score de priorisation : 0/100** — Décision suggérée : CLOTURE_FP

**Raisons principales (↑ augmente le score) :**
  • hour_of_day = 4 → +0.036
  • hour_cos = 0.50 → +0.027
  • spread_score = 6.50 → +0.027

**Éléments qui réduisent le score (↓) :**
  • alert_title_tp_rate = 0.04 → -2.258
  • detector_tp_rate = 0.00 → -1.575"
212848,"**Score de priorisation : 0/100** — Décision suggérée : CLOTURE_FP

**Raisons principales (↑ augmente le score) :**
  • nb_failed_logins_7d = 15.00 → +0.097
  • accounts_per_device = 1.00 → +0.027
  • ips_per_hour = 10.00 → +0.023

**Éléments qui réduisent le score (↓) :**
  • detector_tp_rate = 0.00 → -1.629
  • alert_title_tp_rate = 0.20 → -1.053"
517702,"**Score de priorisation : 0/100** — Décision suggérée : CLOTURE_FP

**Raisons principales (↑ augmente le score) :**
  • nb_evidences = 3 → +0.084
  • alert_title_fp_rate = 0.14 → +0.059
  • nb_failed_logins_7d = 15.00 → +0.054

**Éléments qui réduisent le score (↓) :**
  • alert_title_tp_rate = 0.07 → -1.778
  • detector_tp_rate = 0.00 → -1.544"
248173,"**Score de priorisation : 0/100** — Décision suggérée : CLOTURE_FP

**Raisons principales (↑ augmente le score) :**
  • user_criticality_score = 3 → +0.549
  • day_sin = -0.97 → +0.086
  • day_of_week = 5 → +0.081

**Éléments qui réduisent le score (↓) :**
  • nb_failed_logins_7d = 0.00 → -2.274
  • detector_tp_rate = 0.00 → -1.330"
100591,"**Score de priorisation : 0/100** — Décision suggérée : CLOTURE_FP

**Raisons principales (↑ augmente le score) :**
  • nb_failed_logins_7d = 15.00 → +0.096
  • accounts_per_device = 1.00 → +0.024
  • ips_per_hour = 10.00 → +0.023

**Éléments qui réduisent le score (↓) :**
  • detector_tp_rate = 0.00 → -1.650
  • alert_title_tp_rate = 0.20 → -1.023"
381632,"**Score de priorisation : 0/100** — Décision suggérée : CLOTURE_FP

**Raisons principales (↑ augmente le score) :**
  • nb_failed_logins_7d = 15.00 → +0.096
  • ips_per_hour = 10.00 → +0.013
  • detector_bp_rate = 1.00 → +0.007

**Éléments qui réduisent le score (↓) :**
  • detector_tp_rate = 0.00 → -1.613
  • alert_title_tp_rate = 0.20 → -1.039"
517701,"**Score de priorisation : 0/100** — Décision suggérée : CLOTURE_FP

**Raisons principales (↑ augmente le score) :**
  • alert_title_fp_rate = 0.14 → +0.065
  • nb_evidences = 3 → +0.063
  • hour_sin = 1.00 → +0.060

**Éléments qui réduisent le score (↓) :**
  • alert_title_tp_rate = 0.07 → -1.694
  • detector_tp_rate = 0.00 → -1.553"
453765,"**Score de priorisation : 0/100** — Décision suggérée : CLOTURE_FP

**Raisons principales (↑ augmente le score) :**
  • day_sin = -0.97 → +0.089
  • nb_evidences = 3 → +0.069
  • alert_title_fp_rate = 0.14 → +0.055

**Éléments qui réduisent le score (↓) :**
  • nb_failed_logins_7d = 1.00 → -1.639
  • alert_title_tp_rate = 0.10 → -1.360"
229958,"**Score de priorisation : 0/100** — Décision suggérée : CLOTURE_FP

**Raisons principales (↑ augmente le score) :**
  • nb_failed_logins_7d = 15.00 → +0.099
  • accounts_per_device = 1.00 → +0.028
  • ips_per_hour = 10.00 → +0.024

**Éléments qui réduisent le score (↓) :**
  • detector_tp_rate = 0.00 → -1.627
  • alert_title_tp_rate = 0.20 → -1.057"
212824,"**Score de priorisation : 0/100** — Décision suggérée : CLOTURE_FP

**Raisons principales (↑ augmente le score) :**
  • nb_failed_logins_7d = 15.00 → +0.096
  • alerts_per_detector = 4.00 → +0.021
  • ips_per_hour = 10.00 → +0.019

**Éléments qui réduisent le score (↓) :**
  • detector_tp_rate = 0.00 → -1.614
  • alert_title_tp_rate = 0.20 → -1.028"
529076,"**Score de priorisation : 0/100** — Décision suggérée : CLOTURE_FP

**Raisons principales (↑ augmente le score) :**
  • user_criticality_score = 2 → +0.541
  • nb_evidences = 3 → +0.051
  • hour_cos = 0.26 → +0.018

**Éléments qui réduisent le score (↓) :**
  • detector_tp_rate = 0.00 → -1.477
  • alert_title_tp_rate = 0.20 → -0.956"
563081,"**Score de priorisation : 0/100** — Décision suggérée : CLOTURE_FP

**Raisons principales (↑ augmente le score) :**
  • user_criticality_score = 2 → +0.608
  • nb_evidences = 2 → +0.109
  • MFA_enabled = 1 → +0.098

**Éléments qui réduisent le score (↓) :**
  • nb_failed_logins_7d = 1.00 → -2.448
  • detector_tp_rate = 0.00 → -1.292"
190449,"**Score de priorisation : 0/100** — Décision suggérée : CLOTURE_FP

**Raisons principales (↑ augmente le score) :**
  • nb_failed_logins_7d = 15.00 → +0.084
  • ips_per_hour = 10.00 → +0.016
  • sandbox_dns_count = 4 → +0.004

**Éléments qui réduisent le score (↓) :**
  • detector_tp_rate = 0.00 → -1.606
  • alert_title_tp_rate = 0.20 → -1.022"
381745,"**Score de priorisation : 0/100** — Décision suggérée : CLOTURE_FP

**Raisons principales (↑ augmente le score) :**
  • nb_failed_logins_7d = 15.00 → +0.084
  • ips_per_hour = 10.00 → +0.010
  • detector_bp_rate = 1.00 → +0.007

**Éléments qui réduisent le score (↓) :**
  • detector_tp_rate = 0.00 → -1.607
  • alert_title_tp_rate = 0.20 → -1.047"
527841,"**Score de priorisation : 0/100** — Décision suggérée : CLOTURE_FP

**Raisons principales (↑ augmente le score) :**
  • user_criticality_score = 2 → +0.569
  • MFA_enabled = 1 → +0.116
  • account_inactive = 1 → +0.070

**Éléments qui réduisent le score (↓) :**
  • nb_failed_logins_7d = 0.00 → -2.306
  • detector_tp_rate = 0.00 → -1.290"
190524,"**Score de priorisation : 0/100** — Décision suggérée : CLOTURE_FP

**Raisons principales (↑ augmente le score) :**
  • nb_failed_logins_7d = 15.00 → +0.095
  • accounts_per_device = 1.00 → +0.017
  • day_cos = 0.62 → +0.016

**Éléments qui réduisent le score (↓) :**
  • detector_tp_rate = 0.00 → -1.620
  • alert_title_tp_rate = 0.20 → -1.040"
230216,"**Score de priorisation : 0/100** — Décision suggérée : CLOTURE_FP

**Raisons principales (↑ augmente le score) :**
  • nb_failed_logins_7d = 15.00 → +0.091
  • ips_per_hour = 10.00 → +0.014
  • detector_bp_rate = 1.00 → +0.008

**Éléments qui réduisent le score (↓) :**
  • detector_tp_rate = 0.00 → -1.610
  • alert_title_tp_rate = 0.20 → -1.062"
311212,"**Score de priorisation : 0/100** — Décision suggérée : CLOTURE_FP

**Raisons principales (↑ augmente le score) :**
  • nb_failed_logins_7d = 15.00 → +0.059
  • alert_title_fp_rate = 0.05 → +0.032
  • detector_bp_rate = 1.00 → +0.027

**Éléments qui réduisent le score (↓) :**
  • alert_title_tp_rate = 0.04 → -2.365
  • detector_tp_rate = 0.00 → -1.593"
168569,"**Score de priorisation : 0/100** — Décision suggérée : CLOTURE_FP

**Raisons principales (↑ augmente le score) :**
  • nb_failed_logins_7d = 15.00 → +0.096
  • ips_per_hour = 10.00 → +0.028
  • accounts_per_device = 1.00 → +0.022

**Éléments qui réduisent le score (↓) :**
  • detector_tp_rate = 0.00 → -1.651
  • alert_title_tp_rate = 0.20 → -1.045"
517738,"**Score de priorisation : 0/100** — Décision suggérée : CLOTURE_FP

**Raisons principales (↑ augmente le score) :**
  • alert_title_fp_rate = 0.14 → +0.066
  • nb_failed_logins_7d = 15.00 → +0.058
  • nb_evidences = 3 → +0.053

**Éléments qui réduisent le score (↓) :**
  • alert_title_tp_rate = 0.07 → -1.752
  • detector_tp_rate = 0.00 → -1.534"
143900,"**Score de priorisation : 0/100** — Décision suggérée : CLOTURE_FP

**Raisons principales (↑ augmente le score) :**
  • nb_failed_logins_7d = 15.00 → +0.098
  • ips_per_hour = 10.00 → +0.020
  • alerts_per_detector = 4.50 → +0.012

**Éléments qui réduisent le score (↓) :**
  • detector_tp_rate = 0.00 → -1.623
  • alert_title_tp_rate = 0.20 → -1.028"
198562,"**Score de priorisation : 0/100** — Décision suggérée : CLOTURE_FP

**Raisons principales (↑ augmente le score) :**
  • nb_failed_logins_7d = 15.00 → +0.097
  • accounts_per_device = 1.00 → +0.028
  • day_cos = 0.62 → +0.019

**Éléments qui réduisent le score (↓) :**
  • detector_tp_rate = 0.00 → -1.633
  • alert_title_tp_rate = 0.20 → -1.043"
529520,"**Score de priorisation : 0/100** — Décision suggérée : CLOTURE_FP

**Raisons principales (↑ augmente le score) :**
  • nb_failed_logins_7d = 15.00 → +0.088
  • nb_evidences = 3 → +0.043
  • day_cos = 0.62 → +0.013

**Éléments qui réduisent le score (↓) :**
  • detector_tp_rate = 0.00 → -1.601
  • alert_title_tp_rate = 0.20 → -1.041"
230245,"**Score de priorisation : 0/100** — Décision suggérée : CLOTURE_FP

**Raisons principales (↑ augmente le score) :**
  • nb_failed_logins_7d = 15.00 → +0.067
  • ips_per_hour = 10.00 → +0.019
  • nb_entity_types = 1 → +0.009

**Éléments qui réduisent le score (↓) :**
  • detector_tp_rate = 0.00 → -1.617
  • alert_title_tp_rate = 0.20 → -1.043"
134155,"**Score de priorisation : 0/100** — Décision suggérée : CLOTURE_FP

**Raisons principales (↑ augmente le score) :**
  • nb_failed_logins_7d = 15.00 → +0.100
  • ips_per_hour = 10.00 → +0.025
  • accounts_per_device = 1.00 → +0.021

**Éléments qui réduisent le score (↓) :**
  • detector_tp_rate = 0.00 → -1.640
  • alert_title_tp_rate = 0.20 → -1.045"
310958,"**Score de priorisation : 0/100** — Décision suggérée : CLOTURE_FP

**Raisons principales (↑ augmente le score) :**
  • nb_failed_logins_7d = 15.00 → +0.067
  • alert_title_fp_rate = 0.05 → +0.044
  • detector_bp_rate = 1.00 → +0.029

**Éléments qui réduisent le score (↓) :**
  • alert_title_tp_rate = 0.04 → -2.342
  • detector_tp_rate = 0.00 → -1.587"
128858,"**Score de priorisation : 0/100** — Décision suggérée : CLOTURE_FP

**Raisons principales (↑ augmente le score) :**
  • user_criticality_score = 2 → +0.638
  • MFA_enabled = 1 → +0.126
  • hour_of_day = 22 → +0.045

**Éléments qui réduisent le score (↓) :**
  • nb_failed_logins_7d = 0.00 → -2.295
  • alert_title_tp_rate = 0.10 → -1.380"
264465,"**Score de priorisation : 0/100** — Décision suggérée : CLOTURE_FP

**Raisons principales (↑ augmente le score) :**
  • nb_failed_logins_7d = 15.00 → +0.099
  • hour_cos = 0.71 → +0.024
  • ips_per_hour = 10.00 → +0.020

**Éléments qui réduisent le score (↓) :**
  • detector_tp_rate = 0.00 → -1.623
  • alert_title_tp_rate = 0.20 → -1.066"
527462,"**Score de priorisation : 0/100** — Décision suggérée : CLOTURE_FP

**Raisons principales (↑ augmente le score) :**
  • user_criticality_score = 2 → +0.592
  • MFA_enabled = 1 → +0.102
  • nb_evidences = 3 → +0.041

**Éléments qui réduisent le score (↓) :**
  • nb_failed_logins_7d = 0.00 → -2.512
  • detector_tp_rate = 0.00 → -1.300"
175608,"**Score de priorisation : 0/100** — Décision suggérée : CLOTURE_FP

**Raisons principales (↑ augmente le score) :**
  • nb_failed_logins_7d = 15.00 → +0.103
  • spread_score = 7.00 → +0.026
  • hour_cos = 0.26 → +0.020

**Éléments qui réduisent le score (↓) :**
  • detector_tp_rate = 0.00 → -1.614
  • alert_title_tp_rate = 0.20 → -1.046"
251202,"**Score de priorisation : 0/100** — Décision suggérée : CLOTURE_FP

**Raisons principales (↑ augmente le score) :**
  • user_criticality_score = 2 → +0.638
  • day_of_week = 6 → +0.120
  • MFA_enabled = 1 → +0.115

**Éléments qui réduisent le score (↓) :**
  • nb_failed_logins_7d = 0.00 → -2.151
  • alert_title_tp_rate = 0.10 → -1.336"
190558,"**Score de priorisation : 0/100** — Décision suggérée : CLOTURE_FP

**Raisons principales (↑ augmente le score) :**
  • nb_failed_logins_7d = 15.00 → +0.095
  • nb_evidences = 6 → +0.024
  • day_cos = 0.62 → +0.010

**Éléments qui réduisent le score (↓) :**
  • detector_tp_rate = 0.00 → -1.603
  • alert_title_tp_rate = 0.20 → -1.037"
212778,"**Score de priorisation : 0/100** — Décision suggérée : CLOTURE_FP

**Raisons principales (↑ augmente le score) :**
  • nb_failed_logins_7d = 15.00 → +0.075
  • accounts_per_device = 1.00 → +0.021
  • hour_cos = 0.26 → +0.020

**Éléments qui réduisent le score (↓) :**
  • detector_tp_rate = 0.00 → -1.620
  • alert_title_tp_rate = 0.20 → -1.052"
