ioc_value,ioc_type,ti_score,ti_reputation,in_blocklist,nb_sources_flagging,ti_confidence,ti_first_seen_days_ago,ti_trend,threat_categories,geo_country
112.0,ip,31,clean,0,2,0.83,3092,increasing,,CN
360606.0,ip,42,suspicious,0,2,0.43,2391,decreasing,,CN
9886.0,ip,22,clean,0,1,0.69,747,increasing,,US
10064.0,ip,22,clean,0,2,0.65,2734,stable,,KP
526.0,ip,11,clean,0,0,0.73,2068,stable,,RU
337.0,ip,29,clean,0,1,0.57,2612,increasing,,CN
96.0,ip,38,clean,0,2,0.5,3152,increasing,,FR
10822.0,ip,41,suspicious,0,2,0.71,1500,decreasing,,NL
2938.0,ip,33,clean,0,1,0.51,1016,decreasing,,NL
5029.0,ip,32,clean,0,1,0.93,2235,stable,,RU
5073.0,ip,51,suspicious,0,3,0.83,378,increasing,,IR
26.0,ip,16,clean,0,1,0.57,1751,stable,,DE
14571.0,ip,27,clean,0,2,0.47,1485,decreasing,,FR
32405.0,ip,18,clean,0,1,0.69,1038,increasing,,US
646.0,ip,28,clean,0,0,0.57,95,stable,,RU
113.0,ip,39,clean,0,0,0.53,1183,stable,,FR
134630.0,ip,48,suspicious,0,2,0.75,2693,stable,,CN
9406.0,ip,52,suspicious,0,2,0.47,1496,stable,,RU
15292.0,ip,37,clean,0,0,0.87,3430,increasing,,US
231.0,ip,62,suspicious,1,3,0.59,1998,increasing,Malware-C2,KP
14880.0,ip,10,clean,0,0,0.78,3458,stable,,CN
23339.0,ip,10,clean,0,0,0.63,854,increasing,,BR
78.0,ip,21,clean,0,1,0.94,1439,stable,,RU
28051.0,ip,0,clean,0,0,0.6,2931,decreasing,,KP
730.0,ip,15,clean,0,0,0.58,3397,stable,,BR
108604.0,ip,0,clean,0,0,0.68,146,stable,,RU
22702.0,ip,10,clean,0,1,0.92,640,stable,,FR
68529.0,ip,25,clean,0,1,0.54,1787,increasing,,BR
26307.0,ip,12,clean,0,0,0.45,452,decreasing,,DE
4462.0,ip,29,clean,0,2,0.87,2101,stable,,DE
109092.0,ip,30,clean,0,2,0.6,1496,stable,,RU
149.0,ip,43,suspicious,0,2,0.65,956,increasing,,FR
5399.0,ip,2,clean,0,1,0.8,639,stable,,RU
3987.0,ip,29,clean,0,1,0.72,2277,stable,,BR
5713.0,ip,38,clean,0,1,0.75,2926,stable,,CN
6618.0,ip,37,clean,0,2,0.82,3583,increasing,,BR
1421.0,ip,44,suspicious,0,1,0.71,699,decreasing,,CN
2376.0,ip,53,suspicious,0,3,0.49,1816,stable,,NL
13549.0,ip,47,suspicious,0,3,0.48,154,increasing,,IR
4945.0,ip,52,suspicious,0,2,0.85,1890,increasing,,DE
4120.0,ip,17,clean,0,0,0.84,971,decreasing,,RU
749.0,ip,17,clean,0,1,0.42,574,decreasing,,NL
12047.0,ip,41,suspicious,0,2,0.85,1077,stable,,IR
8605.0,ip,40,clean,0,1,0.65,773,increasing,,US
334.0,ip,65,suspicious,1,2,0.93,1129,stable,Malware-C2,KP
10507.0,ip,40,clean,0,2,0.41,116,increasing,,KP
2097.0,ip,7,clean,0,0,0.49,2849,increasing,,RU
22198.0,ip,17,clean,0,1,0.64,2908,stable,,CN
40926.0,ip,36,clean,0,0,0.59,1243,increasing,,RU
1926.0,ip,32,clean,0,1,0.82,2388,stable,,CN
51574.0,ip,6,clean,0,0,0.92,3171,increasing,,IR
2823.0,ip,32,clean,0,0,0.7,515,stable,,BR
7912.0,ip,38,clean,0,1,0.72,1568,stable,,US
2992.0,ip,10,clean,0,0,0.76,1066,increasing,,RU
143275.0,ip,28,clean,0,0,0.76,2652,decreasing,,RU
2558.0,ip,23,clean,0,1,0.78,1516,decreasing,,RU
122.0,ip,30,clean,0,1,0.63,2967,decreasing,,BR
6598.0,ip,8,clean,0,1,0.72,2710,decreasing,,BR
4787.0,ip,39,clean,0,0,0.53,1821,decreasing,,US
3695.0,ip,8,clean,0,1,0.45,1635,increasing,,BR
115857.0,ip,23,clean,0,1,0.77,3635,stable,,DE
2369.0,ip,0,clean,0,0,0.7,1492,stable,,NL
1609.0,ip,37,clean,0,2,0.43,3234,decreasing,,IR
6142.0,ip,35,clean,0,0,0.86,1197,stable,,RU
153997.0,ip,51,suspicious,0,1,0.68,1445,decreasing,,IR
1638.0,ip,18,clean,0,1,0.9,1324,stable,,IR
6579.0,ip,0,clean,0,0,0.58,3197,stable,,RU
557.0,ip,4,clean,0,0,0.85,1958,stable,,DE
1794.0,ip,10,clean,0,0,0.45,928,increasing,,BR
14625.0,ip,29,clean,0,0,0.54,1682,decreasing,,US
9615.0,ip,24,clean,0,2,0.95,3637,stable,,BR
2270.0,ip,44,suspicious,0,2,0.5,89,stable,,CN
736.0,ip,17,clean,0,1,0.78,3216,increasing,,KP
140.0,ip,0,clean,0,0,0.9,3324,decreasing,,KP
549.0,ip,51,suspicious,0,2,0.91,3313,stable,,CN
2621.0,ip,20,clean,0,1,0.94,2224,stable,,FR
746.0,ip,18,clean,0,0,0.86,1633,increasing,,RU
179.0,ip,17,clean,0,0,0.95,1460,stable,,FR
314.0,ip,8,clean,0,0,0.65,1901,increasing,,CN
977.0,ip,12,clean,0,0,0.6,3143,increasing,,US
31073.0,ip,56,suspicious,0,2,0.87,1077,decreasing,,RU
137.0,ip,16,clean,0,1,0.42,3278,stable,,DE
157.0,ip,29,clean,0,1,0.72,2845,stable,,RU
2899.0,ip,34,clean,0,0,0.83,1019,increasing,,US
7475.0,ip,36,clean,0,1,0.91,1353,stable,,RU
5658.0,ip,44,suspicious,0,2,0.58,42,increasing,,RU
668.0,ip,18,clean,0,0,0.89,3266,stable,,BR
872.0,ip,16,clean,0,0,0.49,603,stable,,RU
492.0,ip,28,clean,0,1,0.89,1968,stable,,FR
241.0,ip,38,clean,0,1,0.49,47,increasing,,CN
7892.0,ip,34,clean,0,0,0.94,302,stable,,US
147645.0,ip,32,clean,0,1,0.81,525,increasing,,RU
275.0,ip,18,clean,0,1,0.69,3345,stable,,US
993.0,ip,18,clean,0,0,0.5,1062,stable,,CN
528.0,ip,19,clean,0,0,0.59,2072,stable,,NL
16751.0,ip,35,clean,0,2,0.81,622,stable,,US
7167.0,ip,22,clean,0,1,0.89,3391,stable,,IR
898.0,ip,10,clean,0,0,0.4,2324,increasing,,CN
26773.0,ip,39,clean,0,1,0.84,2870,decreasing,,RU
130560.0,ip,34,clean,0,2,0.85,2928,stable,,FR
27271.0,ip,33,clean,0,2,0.71,1458,decreasing,,CN
2793.0,ip,30,clean,0,2,0.79,653,increasing,,DE
156088.0,ip,23,clean,0,2,0.73,901,stable,,RU
89064.0,ip,34,clean,0,0,0.48,2376,stable,,DE
78473.0,ip,3,clean,0,0,0.46,1604,decreasing,,BR
67441.0,ip,29,clean,0,0,0.51,1570,decreasing,,FR
4418.0,ip,33,clean,0,1,0.85,3236,decreasing,,FR
9056.0,ip,0,clean,0,0,0.72,2449,decreasing,,US
201.0,ip,16,clean,0,0,0.7,574,stable,,CN
1481.0,ip,26,clean,0,1,0.44,2151,stable,,RU
5301.0,ip,29,clean,0,1,0.48,3086,decreasing,,US
68318.0,ip,52,suspicious,0,1,0.48,1120,stable,,NL
1882.0,ip,6,clean,0,0,0.82,1658,stable,,RU
22232.0,ip,9,clean,0,0,0.47,2062,stable,,RU
1869.0,ip,14,clean,0,0,0.41,2674,stable,,US
63066.0,ip,17,clean,0,1,0.93,2919,stable,,KP
389.0,ip,15,clean,0,0,0.72,3005,increasing,,CN
61.0,ip,36,clean,0,0,0.91,1863,stable,,NL
244.0,ip,21,clean,0,2,0.81,3367,decreasing,,BR
642.0,ip,40,clean,0,2,0.86,1205,decreasing,,IR
19174.0,ip,32,clean,0,2,0.62,3016,stable,,CN
6329.0,ip,34,clean,0,2,0.62,536,decreasing,,BR
11622.0,ip,7,clean,0,1,0.65,938,increasing,,BR
5893.0,ip,10,clean,0,0,0.42,1184,stable,,DE
719.0,ip,3,clean,0,0,0.48,341,increasing,,BR
13692.0,ip,49,suspicious,0,1,0.62,2482,increasing,,BR
32511.0,ip,20,clean,0,0,0.61,3215,stable,,RU
873.0,ip,11,clean,0,0,0.69,1136,stable,,DE
7463.0,ip,40,clean,0,1,0.44,799,increasing,,BR
12789.0,ip,57,suspicious,0,3,0.49,1201,decreasing,,KP
1743.0,ip,13,clean,0,1,0.77,327,increasing,,NL
36928.0,ip,46,suspicious,0,3,0.8,2143,decreasing,,DE
16574.0,ip,26,clean,0,1,0.41,774,stable,,NL
243.0,ip,23,clean,0,0,0.85,1939,stable,,NL
24561.0,ip,40,clean,0,1,0.59,1279,stable,,US
28200.0,ip,28,clean,0,1,0.83,592,decreasing,,US
24471.0,ip,45,suspicious,0,1,0.67,3280,increasing,,US
273.0,ip,16,clean,0,0,0.75,2541,decreasing,,US
2424.0,ip,4,clean,0,1,0.85,2175,increasing,,DE
7197.0,ip,44,suspicious,0,1,0.67,587,increasing,,RU
1423.0,ip,48,suspicious,0,1,0.77,454,stable,,NL
2347.0,ip,20,clean,0,1,0.43,3067,decreasing,,CN
5126.0,ip,27,clean,0,0,0.61,1319,stable,,BR
12301.0,ip,54,suspicious,0,2,0.66,2670,decreasing,,RU
1247.0,ip,0,clean,0,1,0.54,1762,decreasing,,NL
291.0,ip,11,clean,0,0,0.44,1040,stable,,FR
6852.0,ip,23,clean,0,2,0.85,1252,increasing,,BR
361.0,ip,17,clean,0,0,0.48,329,stable,,US
32827.0,ip,35,clean,0,0,0.76,2421,stable,,BR
110.0,ip,31,clean,0,2,0.94,1561,increasing,,FR
1586.0,ip,17,clean,0,0,0.47,3590,increasing,,BR
8.0,ip,36,clean,0,2,0.65,1466,decreasing,,RU
4351.0,ip,31,clean,0,0,0.44,2852,stable,,US
37025.0,ip,17,clean,0,0,0.7,3029,stable,,DE
17649.0,ip,48,suspicious,0,2,0.63,738,decreasing,,RU
36768.0,ip,30,clean,0,2,0.44,813,stable,,NL
284655.0,ip,33,clean,0,0,0.72,1771,decreasing,,NL
1671.0,ip,0,clean,0,0,0.8,2050,stable,,CN
2856.0,ip,32,clean,0,0,0.42,704,decreasing,,RU
33.0,ip,6,clean,0,1,0.92,2108,increasing,,DE
1993.0,ip,34,clean,0,1,0.49,2611,increasing,,KP
4436.0,ip,40,clean,0,3,0.68,3401,increasing,,KP
5167.0,ip,49,suspicious,0,2,0.93,2736,stable,,DE
1752.0,ip,12,clean,0,1,0.82,2109,decreasing,,BR
14808.0,ip,63,suspicious,1,2,0.7,2376,decreasing,Scanner,RU
12920.0,ip,42,suspicious,0,1,0.89,920,decreasing,,RU
26510.0,ip,48,suspicious,0,3,0.45,983,increasing,,RU
694.0,ip,8,clean,0,0,0.44,3387,increasing,,BR
2465.0,ip,29,clean,0,2,0.85,1591,stable,,US
294892.0,ip,15,clean,0,1,0.88,2139,decreasing,,BR
48774.0,ip,53,suspicious,0,1,0.91,355,stable,,NL
42785.0,ip,25,clean,0,2,0.53,1574,increasing,,NL
1052.0,ip,47,suspicious,0,3,0.51,1548,stable,,BR
58533.0,ip,32,clean,0,0,0.83,1349,increasing,,RU
2290.0,ip,36,clean,0,2,0.91,988,stable,,CN
14162.0,ip,30,clean,0,0,0.72,2752,increasing,,RU
271485.0,ip,10,clean,0,1,0.47,2428,stable,,RU
50291.0,ip,9,clean,0,1,0.54,2006,stable,,CN
15412.0,ip,0,clean,0,1,0.85,1098,increasing,,RU
151.0,ip,22,clean,0,2,0.88,3453,increasing,,US
206.0,ip,27,clean,0,2,0.93,1682,increasing,,BR
75622.0,ip,17,clean,0,1,0.81,3234,increasing,,FR
3795.0,ip,17,clean,0,1,0.93,2477,increasing,,RU
354.0,ip,40,clean,0,2,0.82,2434,stable,,CN
1957.0,ip,39,clean,0,1,0.46,3344,stable,,CN
9579.0,ip,0,clean,0,1,0.76,2548,increasing,,NL
5820.0,ip,19,clean,0,0,0.44,1343,stable,,BR
87785.0,ip,55,suspicious,0,1,0.87,101,decreasing,,FR
1616.0,ip,22,clean,0,0,0.71,3534,stable,,DE
48864.0,ip,53,suspicious,0,2,0.58,1,stable,,BR
132.0,ip,0,clean,0,0,0.71,1709,stable,,NL
39882.0,ip,27,clean,0,2,0.47,634,increasing,,BR
393.0,ip,26,clean,0,1,0.91,1713,stable,,NL
6639.0,ip,29,clean,0,2,0.89,899,stable,,NL
3040.0,ip,38,clean,0,1,0.64,3025,increasing,,CN
870.0,ip,1,clean,0,1,0.64,2335,stable,,DE
56872.0,ip,20,clean,0,0,0.67,2971,increasing,,FR
8698.0,ip,38,clean,0,1,0.93,1977,stable,,KP
98.0,ip,0,clean,0,0,0.88,607,stable,,RU
7260.0,ip,37,clean,0,2,0.9,1797,stable,,BR
7845.0,ip,32,clean,0,2,0.74,3623,decreasing,,CN
1061.0,ip,42,suspicious,0,2,0.5,939,stable,,US
430.0,ip,20,clean,0,0,0.54,1851,stable,,DE
2543.0,ip,44,suspicious,0,3,0.49,2938,stable,,KP
6647.0,ip,45,suspicious,0,1,0.53,2334,increasing,,RU
3566.0,ip,42,suspicious,0,2,0.77,3432,stable,,CN
3037.0,ip,24,clean,0,1,0.49,3192,stable,,IR
2648.0,ip,58,suspicious,0,3,0.88,619,stable,,RU
104509.0,ip,17,clean,0,0,0.91,2884,increasing,,DE
251604.0,ip,22,clean,0,1,0.93,125,decreasing,,DE
17401.0,ip,11,clean,0,1,0.69,918,stable,,RU
3129.0,ip,36,clean,0,2,0.49,1364,increasing,,FR
1025.0,ip,18,clean,0,0,0.54,3264,decreasing,,BR
786.0,ip,31,clean,0,0,0.86,302,stable,,RU
33577.0,ip,29,clean,0,0,0.73,1310,stable,,KP
1066.0,ip,5,clean,0,0,0.95,574,decreasing,,KP
1037.0,ip,13,clean,0,0,0.56,3018,decreasing,,KP
9.0,ip,34,clean,0,1,0.9,2444,stable,,US
431.0,ip,43,suspicious,0,2,0.76,2772,stable,,IR
8380.0,ip,57,suspicious,0,1,0.65,304,stable,,US
10945.0,ip,26,clean,0,1,0.75,961,stable,,IR
11830.0,ip,30,clean,0,1,0.9,3292,stable,,KP
6211.0,ip,35,clean,0,2,0.62,2390,decreasing,,FR
7924.0,ip,51,suspicious,0,1,0.76,50,increasing,,BR
23.0,ip,19,clean,0,0,0.74,372,increasing,,IR
10067.0,ip,31,clean,0,1,0.74,1681,stable,,BR
7532.0,ip,47,suspicious,0,3,0.77,1062,stable,,FR
292.0,ip,9,clean,0,0,0.9,1107,stable,,NL
304065.0,ip,22,clean,0,1,0.46,2188,stable,,NL
3820.0,ip,42,suspicious,0,1,0.76,983,stable,,NL
235.0,ip,9,clean,0,0,0.54,1603,increasing,,NL
1596.0,ip,41,suspicious,0,2,0.82,3040,stable,,CN
2357.0,ip,48,suspicious,0,1,0.52,661,increasing,,DE
82220.0,ip,40,clean,0,2,0.54,1100,stable,,US
123.0,ip,23,clean,0,1,0.65,2506,decreasing,,RU
6377.0,ip,28,clean,0,1,0.9,2668,increasing,,RU
34358.0,ip,32,clean,0,0,0.74,1804,stable,,RU
154730.0,ip,7,clean,0,0,0.55,1735,stable,,US
10.0,ip,30,clean,0,1,0.43,1195,stable,,DE
8976.0,ip,45,suspicious,0,2,0.71,3619,decreasing,,DE
7641.0,ip,6,clean,0,0,0.45,632,decreasing,,RU
1358.0,ip,21,clean,0,2,0.62,3175,increasing,,FR
804.0,ip,38,clean,0,1,0.69,2453,increasing,,NL
287.0,ip,27,clean,0,1,0.49,2556,increasing,,IR
212.0,ip,17,clean,0,0,0.59,2808,stable,,IR
3957.0,ip,29,clean,0,1,0.68,1442,stable,,DE
66161.0,ip,0,clean,0,1,0.62,2725,decreasing,,KP
2742.0,ip,33,clean,0,1,0.44,1428,increasing,,CN
11285.0,ip,16,clean,0,0,0.47,2869,stable,,DE
8179.0,ip,41,suspicious,0,3,0.62,1048,stable,,RU
168.0,ip,45,suspicious,0,3,0.93,1979,stable,,RU
4973.0,ip,50,suspicious,0,2,0.55,2494,stable,,CN
74600.0,ip,43,suspicious,0,3,0.61,1540,stable,,US
381.0,ip,10,clean,0,0,0.64,1122,increasing,,NL
115470.0,ip,35,clean,0,0,0.68,1638,increasing,,CN
27094.0,ip,37,clean,0,1,0.63,3134,stable,,KP
10833.0,ip,35,clean,0,2,0.63,1549,increasing,,KP
11875.0,ip,39,clean,0,1,0.54,2697,stable,,CN
7082.0,ip,31,clean,0,1,0.53,3284,increasing,,RU
155.0,ip,42,suspicious,0,1,0.7,702,stable,,CN
4044.0,ip,8,clean,0,0,0.66,1768,stable,,BR
808.0,ip,14,clean,0,0,0.93,16,stable,,BR
1998.0,ip,46,suspicious,0,1,0.85,758,stable,,BR
306021.0,ip,41,suspicious,0,3,0.69,2514,increasing,,BR
52661.0,ip,21,clean,0,0,0.81,3456,increasing,,RU
3030.0,ip,39,clean,0,1,0.95,435,stable,,FR
2773.0,ip,38,clean,0,0,0.7,2037,stable,,CN
299.0,ip,35,clean,0,1,0.77,962,increasing,,DE
110496.0,ip,52,suspicious,0,2,0.66,2814,decreasing,,NL
4511.0,ip,61,suspicious,1,4,0.69,3359,stable,Phishing,RU
1539.0,ip,27,clean,0,0,0.6,1850,stable,,KP
2950.0,ip,4,clean,0,0,0.77,3506,decreasing,,DE
9582.0,ip,51,suspicious,0,3,0.88,779,decreasing,,CN
11931.0,ip,45,suspicious,0,2,0.8,646,increasing,,RU
2468.0,ip,35,clean,0,0,0.92,3537,increasing,,FR
46159.0,ip,0,clean,0,0,0.63,2468,stable,,US
1587.0,ip,28,clean,0,0,0.45,2155,stable,,NL
1456.0,ip,40,clean,0,1,0.81,514,decreasing,,RU
115.0,ip,37,clean,0,2,0.57,1428,stable,,DE
18497.0,ip,36,clean,0,0,0.7,2979,increasing,,NL
18280.0,ip,28,clean,0,2,0.86,1093,decreasing,,BR
12198.0,ip,15,clean,0,0,0.89,226,increasing,,FR
278499.0,ip,20,clean,0,0,0.72,2563,stable,,FR
21285.0,ip,8,clean,0,0,0.67,593,stable,,RU
57040.0,ip,33,clean,0,2,0.43,1132,stable,,BR
2957.0,ip,30,clean,0,2,0.64,739,increasing,,FR
3282.0,ip,35,clean,0,0,0.73,2810,stable,,FR
339.0,ip,34,clean,0,1,0.75,1775,increasing,,FR
1031.0,ip,26,clean,0,1,0.58,972,stable,,DE
1312.0,ip,25,clean,0,2,0.56,2804,increasing,,BR
1306.0,ip,3,clean,0,0,0.66,2964,stable,,US
4150.0,ip,47,suspicious,0,1,0.83,2659,stable,,CN
6042.0,ip,3,clean,0,1,0.91,984,decreasing,,RU
50605.0,ip,42,suspicious,0,3,0.54,3291,stable,,BR
35813.0,ip,29,clean,0,0,0.83,1579,increasing,,BR
217.0,ip,27,clean,0,2,0.48,2243,stable,,NL
6046.0,ip,25,clean,0,2,0.93,943,decreasing,,RU
113153.0,ip,28,clean,0,0,0.67,2068,increasing,,FR
1981.0,ip,43,suspicious,0,3,0.57,852,stable,,IR
108.0,ip,2,clean,0,1,0.78,2336,stable,,RU
2924.0,ip,15,clean,0,0,0.84,176,stable,,RU
5805.0,ip,0,clean,0,0,0.48,2069,decreasing,,FR
14999.0,ip,4,clean,0,0,0.81,587,increasing,,US
10424.0,ip,12,clean,0,1,0.83,959,stable,,BR
41696.0,ip,59,suspicious,0,2,0.41,2791,decreasing,,BR
3804.0,ip,41,suspicious,0,1,0.71,3097,stable,,DE
24086.0,ip,23,clean,0,0,0.61,2274,increasing,,FR
32059.0,ip,9,clean,0,1,0.64,778,increasing,,US
59646.0,ip,33,clean,0,0,0.75,2614,stable,,CN
27456.0,ip,29,clean,0,1,0.84,2822,stable,,IR
6521.0,ip,49,suspicious,0,3,0.5,612,stable,,NL
2324.0,ip,17,clean,0,0,0.45,2591,increasing,,FR
17520.0,ip,2,clean,0,0,0.75,1283,decreasing,,BR
4407.0,ip,4,clean,0,0,0.71,2400,increasing,,NL
13587.0,ip,3,clean,0,1,0.5,3548,increasing,,BR
8033.0,ip,45,suspicious,0,1,0.66,2990,stable,,IR
7360.0,ip,49,suspicious,0,2,0.5,3348,increasing,,RU
31400.0,ip,42,suspicious,0,2,0.59,942,increasing,,DE
131203.0,ip,40,clean,0,1,0.86,1674,decreasing,,CN
8624.0,ip,39,clean,0,2,0.5,2248,stable,,BR
633.0,ip,16,clean,0,1,0.57,3262,increasing,,NL
4769.0,ip,56,suspicious,0,1,0.82,1787,stable,,CN
57162.0,ip,14,clean,0,1,0.49,1377,stable,,US
4086.0,ip,30,clean,0,2,0.63,2046,increasing,,KP
97239.0,ip,26,clean,0,0,0.56,2994,decreasing,,FR
15626.0,ip,58,suspicious,0,3,0.69,786,decreasing,,RU
14188.0,ip,34,clean,0,0,0.53,2367,stable,,CN
8020.0,ip,49,suspicious,0,1,0.43,67,decreasing,,BR
6219.0,ip,30,clean,0,2,0.74,3087,increasing,,NL
37483.0,ip,10,clean,0,0,0.87,1790,stable,,CN
3933.0,ip,40,clean,0,1,0.45,3516,increasing,,BR
42450.0,ip,33,clean,0,2,0.89,2652,increasing,,BR
18452.0,ip,57,suspicious,0,3,0.53,1478,increasing,,CN
10708.0,ip,33,clean,0,2,0.81,1792,increasing,,KP
4139.0,ip,27,clean,0,2,0.48,3451,stable,,US
7094.0,ip,64,suspicious,1,3,0.74,2796,stable,Malware-C2,US
11965.0,ip,6,clean,0,0,0.64,703,stable,,CN
59425.0,ip,27,clean,0,0,0.56,3600,increasing,,IR
4144.0,ip,54,suspicious,0,1,0.77,1517,decreasing,,RU
7178.0,ip,1,clean,0,1,0.63,455,stable,,CN
594.0,ip,18,clean,0,0,0.93,3321,stable,,BR
81788.0,ip,8,clean,0,0,0.84,419,stable,,RU
3617.0,ip,57,suspicious,0,1,0.62,2702,stable,,KP
16385.0,ip,41,suspicious,0,3,0.73,1289,stable,,RU
80998.0,ip,11,clean,0,0,0.9,1701,decreasing,,BR
825.0,ip,16,clean,0,1,0.65,3382,stable,,RU
420.0,ip,26,clean,0,2,0.66,1431,stable,,NL
11135.0,ip,25,clean,0,2,0.44,2120,stable,,NL
8337.0,ip,38,clean,0,2,0.65,3243,decreasing,,US
9684.0,ip,30,clean,0,1,0.6,1141,stable,,FR
119.0,ip,0,clean,0,0,0.76,2468,decreasing,,IR
5240.0,ip,59,suspicious,0,3,0.61,3546,stable,,IR
36215.0,ip,56,suspicious,0,2,0.86,1463,decreasing,,US
627.0,ip,20,clean,0,0,0.53,3415,stable,,BR
1643.0,ip,6,clean,0,0,0.91,1257,stable,,IR
29194.0,ip,41,suspicious,0,2,0.9,2172,stable,,IR
80188.0,ip,16,clean,0,0,0.85,2416,increasing,,DE
42411.0,ip,44,suspicious,0,1,0.7,820,decreasing,,US
25337.0,ip,32,clean,0,2,0.5,340,stable,,CN
23344.0,ip,45,suspicious,0,3,0.49,1982,increasing,,US
839.0,ip,30,clean,0,2,0.83,3170,decreasing,,DE
1039.0,ip,65,suspicious,1,2,0.8,2567,increasing,Malware-C2,FR
9160.0,ip,27,clean,0,1,0.69,3211,increasing,,FR
6273.0,ip,5,clean,0,0,0.88,3595,decreasing,,BR
14517.0,ip,19,clean,0,0,0.72,1251,increasing,,CN
8484.0,ip,8,clean,0,1,0.91,2546,stable,,BR
229005.0,ip,44,suspicious,0,3,0.73,2819,decreasing,,US
16393.0,ip,16,clean,0,1,0.89,2490,increasing,,BR
32600.0,ip,31,clean,0,1,0.66,3420,increasing,,BR
8049.0,ip,29,clean,0,0,0.6,2241,stable,,FR
27957.0,ip,58,suspicious,0,3,0.95,2311,decreasing,,RU
36488.0,ip,52,suspicious,0,3,0.48,1767,decreasing,,NL
580.0,ip,29,clean,0,2,0.74,3175,stable,,FR
1461.0,ip,33,clean,0,2,0.44,3426,stable,,DE
1621.0,ip,25,clean,0,0,0.93,1146,decreasing,,FR
6297.0,ip,39,clean,0,1,0.44,1036,stable,,CN
49813.0,ip,43,suspicious,0,3,0.91,1590,decreasing,,IR
6304.0,ip,29,clean,0,0,0.52,2828,stable,,IR
12983.0,ip,20,clean,0,0,0.8,2591,stable,,DE
12265.0,ip,38,clean,0,1,0.53,2459,increasing,,IR
100942.0,ip,10,clean,0,0,0.9,2823,increasing,,US
253003.0,ip,4,clean,0,0,0.8,2920,stable,,IR
5632.0,ip,44,suspicious,0,2,0.79,2341,decreasing,,DE
282598.0,ip,23,clean,0,0,0.45,667,increasing,,IR
7825.0,ip,49,suspicious,0,2,0.89,2188,stable,,IR
688.0,ip,46,suspicious,0,1,0.78,2265,stable,,BR
1272.0,ip,33,clean,0,2,0.49,234,stable,,BR
11530.0,ip,4,clean,0,0,0.66,1746,stable,,RU
656.0,ip,47,suspicious,0,1,0.66,1519,increasing,,IR
768.0,ip,39,clean,0,0,0.5,2788,decreasing,,BR
360.0,ip,47,suspicious,0,3,0.8,2005,increasing,,FR
11212.0,ip,15,clean,0,1,0.47,3074,stable,,DE
166.0,ip,57,suspicious,0,2,0.72,3604,increasing,,IR
4535.0,ip,12,clean,0,0,0.78,3596,stable,,IR
2038.0,ip,19,clean,0,1,0.58,3253,increasing,,FR
10733.0,ip,56,suspicious,0,3,0.83,2512,stable,,BR
265619.0,ip,51,suspicious,0,2,0.5,3462,increasing,,CN
1274.0,ip,14,clean,0,0,0.6,1551,stable,,FR
417.0,ip,54,suspicious,0,3,0.41,330,decreasing,,DE
11949.0,ip,1,clean,0,1,0.57,194,stable,,BR
11513.0,ip,43,suspicious,0,3,0.77,515,decreasing,,BR
355.0,ip,14,clean,0,0,0.6,1594,stable,,DE
507.0,ip,15,clean,0,0,0.85,3431,decreasing,,CN
21616.0,ip,55,suspicious,0,3,0.9,215,stable,,US
7552.0,ip,10,clean,0,0,0.48,2052,stable,,CN
2205.0,ip,25,clean,0,1,0.69,2062,stable,,BR
46409.0,ip,12,clean,0,0,0.84,2257,stable,,CN
6025.0,ip,62,suspicious,1,3,0.65,3499,decreasing,Ransomware,NL
107763.0,ip,24,clean,0,1,0.46,579,decreasing,,BR
71.0,ip,14,clean,0,0,0.91,2006,increasing,,DE
30337.0,ip,30,clean,0,2,0.62,2409,stable,,FR
28807.0,ip,30,clean,0,2,0.83,2801,stable,,US
12521.0,ip,49,suspicious,0,2,0.84,1751,decreasing,,CN
118.0,ip,39,clean,0,1,0.64,2936,stable,,BR
21576.0,ip,45,suspicious,0,1,0.82,979,increasing,,RU
302471.0,ip,24,clean,0,1,0.6,273,decreasing,,KP
15704.0,ip,0,clean,0,0,0.53,3129,decreasing,,BR
1527.0,ip,5,clean,0,0,0.5,2401,stable,,CN
38948.0,ip,58,suspicious,0,3,0.64,2635,stable,,CN
85278.0,ip,33,clean,0,2,0.87,404,stable,,NL
26517.0,ip,47,suspicious,0,1,0.73,2600,increasing,,DE
3161.0,ip,27,clean,0,2,0.44,270,decreasing,,US
5078.0,ip,24,clean,0,2,0.68,2480,stable,,CN
6103.0,ip,22,clean,0,1,0.7,680,increasing,,KP
4746.0,ip,21,clean,0,1,0.51,1638,stable,,IR
11113.0,ip,13,clean,0,1,0.63,1932,stable,,IR
4583.0,ip,53,suspicious,0,3,0.55,3256,stable,,BR
2134.0,ip,25,clean,0,0,0.48,271,increasing,,US
14737.0,ip,5,clean,0,1,0.68,976,decreasing,,RU
11598.0,ip,29,clean,0,2,0.79,2964,stable,,NL
17609.0,ip,37,clean,0,0,0.91,1111,increasing,,CN
621.0,ip,25,clean,0,1,0.84,2524,increasing,,CN
1310.0,ip,19,clean,0,0,0.79,1099,stable,,US
41507.0,ip,0,clean,0,0,0.49,1567,stable,,BR
1249.0,ip,28,clean,0,0,0.93,700,increasing,,DE
35428.0,ip,61,suspicious,1,2,0.93,2386,stable,Scanner,FR
111938.0,ip,42,suspicious,0,2,0.7,2763,increasing,,BR
19471.0,ip,51,suspicious,0,3,0.57,3093,stable,,NL
61370.0,ip,47,suspicious,0,3,0.87,3062,decreasing,,RU
153.0,ip,40,clean,0,1,0.41,3636,stable,,IR
1170.0,ip,32,clean,0,0,0.88,3140,increasing,,NL
10556.0,ip,18,clean,0,1,0.77,1473,increasing,,KP
5959.0,ip,39,clean,0,2,0.63,1845,stable,,BR
352.0,ip,30,clean,0,0,0.94,2265,stable,,BR
4959.0,ip,43,suspicious,0,2,0.71,3153,stable,,KP
1415.0,ip,30,clean,0,2,0.73,2145,stable,,CN
2060.0,ip,15,clean,0,0,0.48,3510,increasing,,RU
8379.0,ip,10,clean,0,0,0.78,402,stable,,DE
3861.0,ip,22,clean,0,1,0.57,99,increasing,,RU
5197.0,ip,62,suspicious,1,4,0.81,559,increasing,Ransomware,FR
3311.0,ip,23,clean,0,0,0.61,1030,increasing,,US
310.0,ip,44,suspicious,0,1,0.74,2975,stable,,BR
1761.0,ip,19,clean,0,1,0.45,1432,stable,,CN
6293.0,ip,40,clean,0,2,0.95,859,stable,,DE
169.0,ip,32,clean,0,2,0.51,150,increasing,,BR
90.0,ip,25,clean,0,1,0.55,943,decreasing,,IR
20225.0,ip,30,clean,0,0,0.77,337,stable,,IR
181256.0,ip,26,clean,0,2,0.56,2551,increasing,,DE
2998.0,ip,54,suspicious,0,2,0.56,493,stable,,BR
10401.0,ip,41,suspicious,0,1,0.88,2912,decreasing,,FR
3427.0,ip,11,clean,0,0,0.88,2170,stable,,KP
1173.0,ip,42,suspicious,0,1,0.83,3601,decreasing,,CN
61058.0,ip,23,clean,0,1,0.68,3644,stable,,RU
8282.0,ip,3,clean,0,1,0.63,1777,stable,,BR
13601.0,ip,8,clean,0,0,0.5,2068,stable,,FR
17050.0,ip,11,clean,0,0,0.4,2187,increasing,,US
741.0,ip,0,clean,0,1,0.44,2200,decreasing,,CN
24293.0,ip,33,clean,0,1,0.59,3433,increasing,,CN
17809.0,ip,32,clean,0,1,0.7,2594,stable,,US
408.0,ip,30,clean,0,2,0.65,2461,stable,,DE
106165.0,ip,46,suspicious,0,1,0.8,3443,increasing,,RU
135.0,ip,37,clean,0,1,0.56,757,increasing,,RU
1324.0,ip,34,clean,0,2,0.52,1736,increasing,,IR
1375.0,ip,37,clean,0,2,0.53,3453,decreasing,,DE
14197.0,ip,27,clean,0,1,0.88,2242,stable,,FR
3977.0,ip,41,suspicious,0,3,0.7,1920,stable,,US
11118.0,ip,27,clean,0,0,0.59,2687,decreasing,,US
37354.0,ip,28,clean,0,2,0.51,816,decreasing,,NL
4179.0,ip,54,suspicious,0,3,0.66,3278,decreasing,,CN
126903.0,ip,50,suspicious,0,2,0.8,2679,stable,,US
2119.0,ip,25,clean,0,2,0.56,1222,stable,,CN
3860.0,ip,4,clean,0,0,0.76,2705,decreasing,,CN
83037.0,ip,12,clean,0,1,0.44,2872,decreasing,,US
613.0,ip,29,clean,0,0,0.71,2370,increasing,,IR
22753.0,ip,21,clean,0,1,0.61,3643,stable,,FR
2104.0,ip,13,clean,0,0,0.61,670,decreasing,,NL
1460.0,ip,20,clean,0,0,0.72,1892,stable,,IR
10488.0,ip,21,clean,0,2,0.77,43,stable,,CN
316.0,ip,11,clean,0,0,0.49,3471,stable,,DE
6011.0,ip,34,clean,0,0,0.7,3645,increasing,,US
7068.0,ip,4,clean,0,1,0.5,3308,increasing,,KP
3694.0,ip,46,suspicious,0,3,0.71,2561,increasing,,US
82.0,ip,49,suspicious,0,1,0.55,2552,increasing,,BR
359562.0,ip,17,clean,0,0,0.85,3449,increasing,,FR
177504.0,ip,16,clean,0,1,0.94,2007,increasing,,FR
8015.0,ip,14,clean,0,0,0.66,2581,increasing,,BR
53757.0,ip,26,clean,0,1,0.77,2949,stable,,CN
7258.0,ip,42,suspicious,0,3,0.95,229,increasing,,FR
6930.0,ip,34,clean,0,1,0.45,3347,decreasing,,BR
31942.0,ip,52,suspicious,0,3,0.95,1698,stable,,IR
17713.0,ip,45,suspicious,0,3,0.6,498,stable,,RU
3947.0,ip,40,clean,0,2,0.41,2509,decreasing,,FR
2378.0,ip,19,clean,0,1,0.4,514,stable,,BR
6296.0,ip,63,suspicious,1,2,0.75,18,stable,Botnet,RU
10794.0,ip,45,suspicious,0,3,0.91,1645,stable,,DE
635.0,ip,11,clean,0,0,0.94,1923,decreasing,,US
3958.0,ip,12,clean,0,1,0.86,3226,stable,,IR
6172.0,ip,44,suspicious,0,3,0.94,1205,increasing,,CN
46508.0,ip,41,suspicious,0,3,0.51,405,stable,,FR
16660.0,ip,24,clean,0,1,0.83,374,increasing,,US
277.0,ip,61,suspicious,1,3,0.69,3255,decreasing,Scanner,CN
1070.0,ip,0,clean,0,0,0.72,2923,stable,,RU
623.0,ip,25,clean,0,1,0.9,2387,decreasing,,BR
624.0,ip,18,clean,0,0,0.94,951,increasing,,FR
73408.0,ip,33,clean,0,2,0.51,1828,decreasing,,DE
3769.0,ip,44,suspicious,0,3,0.83,2413,stable,,RU
172770.0,ip,40,clean,0,2,0.63,2617,increasing,,US
2425.0,ip,38,clean,0,2,0.48,2040,decreasing,,US
17634.0,ip,33,clean,0,1,0.75,1116,increasing,,RU
12991.0,ip,17,clean,0,0,0.57,35,increasing,,NL
12700.0,ip,5,clean,0,1,0.94,3447,increasing,,US
18663.0,ip,28,clean,0,1,0.48,485,stable,,IR
11411.0,ip,45,suspicious,0,1,0.65,990,stable,,FR
2791.0,ip,33,clean,0,1,0.8,687,stable,,BR
726.0,ip,35,clean,0,2,0.7,678,stable,,NL
269.0,ip,9,clean,0,0,0.67,3499,stable,,FR
3383.0,ip,45,suspicious,0,3,0.78,186,stable,,RU
24017.0,ip,43,suspicious,0,1,0.68,269,stable,,CN
902.0,ip,0,clean,0,1,0.48,1445,decreasing,,CN
2073.0,ip,29,clean,0,1,0.85,405,stable,,DE
6713.0,ip,11,clean,0,0,0.61,2953,stable,,RU
52352.0,ip,37,clean,0,2,0.59,307,stable,,CN
7153.0,ip,30,clean,0,2,0.72,2435,increasing,,BR
6906.0,ip,34,clean,0,0,0.53,2979,stable,,IR
79.0,ip,8,clean,0,0,0.92,3350,increasing,,CN
488.0,ip,29,clean,0,2,0.4,155,stable,,CN
10494.0,ip,17,clean,0,0,0.79,12,stable,,KP
16974.0,ip,41,suspicious,0,1,0.82,1647,stable,,US
5403.0,ip,51,suspicious,0,2,0.83,564,increasing,,RU
128.0,ip,0,clean,0,0,0.95,1067,increasing,,US
4789.0,ip,22,clean,0,0,0.5,1690,increasing,,IR
8504.0,ip,42,suspicious,0,3,0.71,2910,stable,,CN
3294.0,ip,54,suspicious,0,3,0.91,341,increasing,,RU
3986.0,ip,47,suspicious,0,1,0.56,1394,stable,,RU
1547.0,ip,28,clean,0,2,0.75,2042,stable,,FR
37747.0,ip,16,clean,0,1,0.73,3315,stable,,CN
3799.0,ip,37,clean,0,1,0.84,2299,stable,,RU
1325.0,ip,0,clean,0,0,0.95,2656,decreasing,,CN
14078.0,ip,32,clean,0,2,0.45,2959,stable,,CN
20644.0,ip,1,clean,0,1,0.68,1273,increasing,,RU
3102.0,ip,48,suspicious,0,2,0.5,151,decreasing,,NL
2542.0,ip,47,suspicious,0,2,0.79,2398,stable,,NL
8741.0,ip,32,clean,0,0,0.64,1601,increasing,,IR
1990.0,ip,37,clean,0,1,0.5,2044,stable,,CN
1183.0,ip,0,clean,0,1,0.64,2836,stable,,KP
2679.0,ip,6,clean,0,1,0.41,90,decreasing,,NL
893.0,ip,27,clean,0,2,0.63,2185,stable,,RU
64301.0,ip,32,clean,0,0,0.45,1716,stable,,RU
1297.0,ip,26,clean,0,0,0.78,2866,stable,,US
10086.0,ip,0,clean,0,0,0.54,731,decreasing,,CN
1784.0,ip,10,clean,0,1,0.48,2590,increasing,,FR
32576.0,ip,13,clean,0,1,0.72,760,stable,,IR
29088.0,ip,14,clean,0,0,0.89,1231,stable,,NL
664.0,ip,32,clean,0,0,0.86,495,stable,,NL
5358.0,ip,3,clean,0,0,0.72,3580,stable,,US
6433.0,ip,30,clean,0,1,0.77,2617,stable,,US
7015.0,ip,25,clean,0,1,0.49,1471,stable,,IR
2712.0,ip,19,clean,0,1,0.74,3562,increasing,,FR
2023.0,ip,34,clean,0,2,0.62,431,increasing,,IR
7757.0,ip,34,clean,0,1,0.46,799,stable,,US
1374.0,ip,28,clean,0,2,0.62,807,increasing,,NL
14729.0,ip,42,suspicious,0,1,0.79,770,increasing,,US
1076.0,ip,46,suspicious,0,3,0.61,1148,stable,,KP
4051.0,ip,15,clean,0,0,0.83,422,stable,,NL
2366.0,ip,45,suspicious,0,2,0.92,2541,increasing,,NL
3771.0,ip,2,clean,0,1,0.67,607,increasing,,BR
6952.0,ip,29,clean,0,2,0.55,810,decreasing,,BR
313136.0,ip,56,suspicious,0,1,0.87,3575,decreasing,,BR
239.0,ip,55,suspicious,0,3,0.65,3049,increasing,,DE
8319.0,ip,58,suspicious,0,1,0.57,840,increasing,,DE
84.0,ip,18,clean,0,1,0.63,2971,increasing,,DE
26217.0,ip,38,clean,0,1,0.45,1337,stable,,NL
7066.0,ip,21,clean,0,2,0.41,2452,decreasing,,IR
4022.0,ip,33,clean,0,1,0.91,809,decreasing,,CN
606.0,ip,25,clean,0,2,0.42,1881,decreasing,,NL
496.0,ip,0,clean,0,0,0.72,1356,stable,,RU
5336.0,ip,9,clean,0,1,0.55,3334,increasing,,US
1961.0,ip,0,clean,0,1,0.52,375,increasing,,RU
2181.0,ip,44,suspicious,0,1,0.45,2447,stable,,FR
410.0,ip,48,suspicious,0,1,0.58,227,stable,,DE
1655.0,ip,36,clean,0,0,0.82,3059,stable,,FR
45592.0,ip,14,clean,0,0,0.43,3101,stable,,FR
17382.0,ip,29,clean,0,0,0.59,691,decreasing,,CN
15808.0,ip,19,clean,0,0,0.88,3406,decreasing,,FR
26009.0,ip,43,suspicious,0,3,0.81,277,stable,,CN
7294.0,ip,56,suspicious,0,1,0.75,1630,stable,,DE
7193.0,ip,9,clean,0,0,0.68,15,increasing,,BR
3324.0,ip,54,suspicious,0,3,0.45,3398,increasing,,NL
106367.0,ip,31,clean,0,1,0.73,1131,increasing,,CN
31066.0,ip,32,clean,0,0,0.74,1384,stable,,CN
42698.0,ip,34,clean,0,0,0.87,2410,increasing,,BR
250.0,ip,44,suspicious,0,1,0.66,200,stable,,NL
13688.0,ip,12,clean,0,0,0.63,3479,stable,,DE
9609.0,ip,42,suspicious,0,3,0.89,3227,increasing,,RU
1177.0,ip,28,clean,0,0,0.73,673,decreasing,,KP
89.0,ip,29,clean,0,1,0.69,2895,decreasing,,DE
2140.0,ip,51,suspicious,0,2,0.72,662,increasing,,CN
1150.0,ip,47,suspicious,0,3,0.73,2014,increasing,,FR
6438.0,ip,36,clean,0,0,0.46,371,stable,,CN
24301.0,ip,49,suspicious,0,1,0.79,784,stable,,RU
68526.0,ip,30,clean,0,2,0.7,1985,stable,,KP
5474.0,ip,40,clean,0,3,0.44,1958,decreasing,,US
3992.0,ip,54,suspicious,0,3,0.89,1986,decreasing,,IR
4284.0,ip,32,clean,0,0,0.87,7,stable,,RU
10760.0,ip,19,clean,0,1,0.47,2259,stable,,NL
454.0,ip,46,suspicious,0,2,0.45,170,increasing,,RU
8868.0,ip,19,clean,0,0,0.84,1066,increasing,,RU
9388.0,ip,29,clean,0,0,0.45,210,decreasing,,BR
586.0,ip,36,clean,0,2,0.75,410,decreasing,,US
1791.0,ip,34,clean,0,1,0.76,1243,decreasing,,NL
49248.0,ip,42,suspicious,0,3,0.75,3388,decreasing,,FR
80769.0,ip,7,clean,0,1,0.9,45,stable,,BR
288.0,ip,15,clean,0,1,0.65,2570,stable,,DE
3228.0,ip,7,clean,0,1,0.93,537,decreasing,,US
25749.0,ip,8,clean,0,1,0.65,3485,decreasing,,BR
38850.0,ip,12,clean,0,0,0.61,1582,stable,,US
17877.0,ip,13,clean,0,0,0.92,3349,increasing,,CN
184821.0,ip,20,clean,0,0,0.46,2010,stable,,RU
6435.0,ip,32,clean,0,0,0.74,501,increasing,,DE
12494.0,ip,36,clean,0,2,0.46,919,decreasing,,US
1772.0,ip,43,suspicious,0,2,0.48,1179,increasing,,RU
10771.0,ip,39,clean,0,0,0.44,303,stable,,US
6573.0,ip,14,clean,0,0,0.66,2155,decreasing,,IR
63343.0,ip,17,clean,0,0,0.47,441,decreasing,,IR
2782.0,ip,37,clean,0,1,0.66,2654,decreasing,,RU
32287.0,ip,34,clean,0,2,0.94,404,increasing,,CN
2291.0,ip,27,clean,0,1,0.75,171,increasing,,DE
85707.0,ip,10,clean,0,0,0.9,2411,increasing,,NL
33914.0,ip,15,clean,0,0,0.68,2007,stable,,NL
1408.0,ip,57,suspicious,0,1,0.41,1786,decreasing,,US
864.0,ip,32,clean,0,2,0.66,953,increasing,,RU
3582.0,ip,58,suspicious,0,3,0.52,889,increasing,,US
931.0,ip,22,clean,0,0,0.61,3589,stable,,BR
4052.0,ip,18,clean,0,1,0.68,596,increasing,,DE
362.0,ip,12,clean,0,0,0.71,3404,increasing,,BR
7148.0,ip,51,suspicious,0,2,0.7,2020,stable,,IR
23392.0,ip,38,clean,0,0,0.44,2059,decreasing,,NL
667.0,ip,36,clean,0,0,0.43,133,stable,,BR
4220.0,ip,38,clean,0,1,0.56,3386,increasing,,FR
5638.0,ip,21,clean,0,2,0.63,3039,increasing,,IR
7305.0,ip,46,suspicious,0,3,0.62,3340,increasing,,RU
2881.0,ip,17,clean,0,0,0.7,3441,stable,,NL
4545.0,ip,42,suspicious,0,3,0.83,34,stable,,FR
5639.0,ip,46,suspicious,0,3,0.94,3511,stable,,IR
237883.0,ip,9,clean,0,1,0.6,1563,decreasing,,BR
77.0,ip,10,clean,0,0,0.76,1191,stable,,KP
572.0,ip,45,suspicious,0,3,0.62,3629,increasing,,FR
990.0,ip,16,clean,0,0,0.95,2112,stable,,IR
6648.0,ip,37,clean,0,1,0.92,1878,increasing,,FR
49221.0,ip,3,clean,0,0,0.44,1326,increasing,,IR
8425.0,ip,50,suspicious,0,2,0.58,244,stable,,NL
1912.0,ip,36,clean,0,0,0.64,2148,decreasing,,RU
11257.0,ip,4,clean,0,0,0.4,2181,decreasing,,CN
972.0,ip,40,clean,0,2,0.92,1526,stable,,RU
1398.0,ip,35,clean,0,2,0.89,2019,increasing,,US
4570.0,ip,26,clean,0,1,0.74,1942,stable,,FR
3312.0,ip,47,suspicious,0,3,0.49,1871,increasing,,CN
9862.0,ip,45,suspicious,0,2,0.72,3141,stable,,RU
1530.0,ip,30,clean,0,0,0.85,2062,stable,,BR
1783.0,ip,15,clean,0,0,0.41,1912,decreasing,,US
5747.0,ip,45,suspicious,0,2,0.85,2819,decreasing,,FR
6198.0,ip,32,clean,0,2,0.53,520,increasing,,RU
5430.0,ip,20,clean,0,0,0.53,72,stable,,IR
6898.0,ip,14,clean,0,1,0.45,3277,stable,,BR
38229.0,ip,25,clean,0,2,0.47,3201,decreasing,,KP
384.0,ip,23,clean,0,2,0.57,593,increasing,,IR
1078.0,ip,4,clean,0,1,0.69,3389,stable,,BR
8147.0,ip,37,clean,0,2,0.82,2317,increasing,,BR
7823.0,ip,11,clean,0,0,0.9,1013,increasing,,CN
1380.0,ip,52,suspicious,0,2,0.7,2220,decreasing,,BR
10265.0,ip,39,clean,0,1,0.92,2332,stable,,RU
25048.0,ip,3,clean,0,1,0.47,3553,increasing,,CN
44958.0,ip,26,clean,0,0,0.78,1894,stable,,NL
7160.0,ip,26,clean,0,2,0.84,1644,stable,,FR
2597.0,ip,3,clean,0,1,0.75,2284,increasing,,FR
12668.0,ip,19,clean,0,1,0.49,842,stable,,DE
806.0,ip,18,clean,0,1,0.73,3503,decreasing,,NL
732.0,ip,22,clean,0,1,0.77,3324,decreasing,,RU
7714.0,ip,19,clean,0,0,0.62,717,stable,,RU
3570.0,ip,34,clean,0,2,0.55,386,stable,,BR
0.0,ip,43,suspicious,0,2,0.6,1259,stable,,CN
72347.0,ip,23,clean,0,2,0.68,2812,stable,,RU
8764.0,ip,33,clean,0,0,0.76,3639,stable,,US
15354.0,ip,55,suspicious,0,1,0.85,2681,stable,,RU
1060.0,ip,47,suspicious,0,2,0.73,998,decreasing,,CN
8450.0,ip,42,suspicious,0,2,0.52,264,stable,,US
10602.0,ip,15,clean,0,0,0.47,2925,decreasing,,FR
94112.0,ip,49,suspicious,0,1,0.59,1706,stable,,FR
4914.0,ip,49,suspicious,0,2,0.46,801,increasing,,CN
1006.0,ip,8,clean,0,0,0.65,2160,stable,,FR
25293.0,ip,54,suspicious,0,3,0.77,1821,stable,,US
4326.0,ip,11,clean,0,0,0.71,2629,increasing,,US
31517.0,ip,11,clean,0,0,0.87,1454,stable,,CN
631.0,ip,24,clean,0,2,0.4,3136,decreasing,,RU
18812.0,ip,15,clean,0,0,0.71,950,increasing,,IR
17279.0,ip,30,clean,0,1,0.67,2472,stable,,NL
910.0,ip,18,clean,0,0,0.56,397,stable,,NL
1064.0,ip,47,suspicious,0,3,0.47,1505,decreasing,,CN
27727.0,ip,31,clean,0,0,0.49,896,increasing,,BR
357.0,ip,46,suspicious,0,2,0.68,64,decreasing,,US
104100.0,ip,11,clean,0,1,0.88,1004,stable,,US
131.0,ip,29,clean,0,1,0.51,1104,stable,,NL
83453.0,ip,19,clean,0,0,0.47,3129,increasing,,IR
5921.0,ip,22,clean,0,1,0.52,1067,decreasing,,FR
16493.0,ip,52,suspicious,0,3,0.92,3201,stable,,RU
2566.0,ip,27,clean,0,1,0.66,3618,stable,,CN
1585.0,ip,38,clean,0,2,0.85,3644,stable,,DE
515.0,ip,17,clean,0,0,0.78,916,stable,,RU
89771.0,ip,4,clean,0,0,0.71,55,stable,,US
3836.0,ip,18,clean,0,0,0.66,1465,increasing,,RU
829.0,ip,9,clean,0,1,0.63,3583,stable,,IR
78143.0,ip,27,clean,0,2,0.45,40,increasing,,RU
308328.0,ip,21,clean,0,0,0.87,1375,stable,,RU
115304.0,ip,30,clean,0,0,0.71,1117,increasing,,FR
12155.0,ip,53,suspicious,0,2,0.69,2321,stable,,IR
3181.0,ip,32,clean,0,1,0.82,734,increasing,,US
5506.0,ip,27,clean,0,0,0.57,154,stable,,CN
3050.0,ip,30,clean,0,0,0.78,91,stable,,NL
625.0,ip,12,clean,0,0,0.57,642,stable,,NL
942.0,ip,36,clean,0,0,0.73,1069,stable,,NL
8538.0,ip,43,suspicious,0,1,0.41,1141,stable,,US
517.0,ip,7,clean,0,1,0.81,2858,increasing,,DE
1509.0,ip,23,clean,0,2,0.46,67,stable,,BR
1559.0,ip,0,clean,0,0,0.69,2828,stable,,FR
20527.0,ip,50,suspicious,0,2,0.41,2134,increasing,,FR
137479.0,ip,31,clean,0,2,0.92,1206,stable,,NL
2165.0,ip,28,clean,0,1,0.92,237,increasing,,BR
23660.0,ip,22,clean,0,2,0.74,3444,stable,,US
198683.0,ip,25,clean,0,2,0.87,2404,stable,,NL
7859.0,ip,5,clean,0,0,0.81,1716,stable,,DE
23951.0,ip,4,clean,0,0,0.81,888,stable,,BR
13122.0,ip,41,suspicious,0,2,0.55,2825,decreasing,,US
54386.0,ip,6,clean,0,0,0.85,2827,increasing,,CN
1315.0,ip,56,suspicious,0,1,0.93,2244,increasing,,RU
315119.0,ip,21,clean,0,0,0.77,3518,increasing,,CN
18330.0,ip,11,clean,0,0,0.8,468,decreasing,,CN
1747.0,ip,24,clean,0,1,0.87,1777,increasing,,DE
18161.0,ip,31,clean,0,2,0.68,1152,stable,,NL
78309.0,ip,8,clean,0,0,0.91,377,increasing,,DE
1293.0,ip,24,clean,0,0,0.68,2104,increasing,,US
616.0,ip,20,clean,0,0,0.65,1995,increasing,,CN
27107.0,ip,40,clean,0,2,0.72,842,stable,,KP
569.0,ip,0,clean,0,1,0.42,1255,decreasing,,CN
1766.0,ip,6,clean,0,1,0.87,3068,stable,,IR
48302.0,ip,4,clean,0,0,0.45,435,decreasing,,BR
62714.0,ip,39,clean,0,0,0.79,3113,stable,,US
855.0,ip,41,suspicious,0,2,0.49,2187,decreasing,,RU
2008.0,ip,52,suspicious,0,1,0.49,3253,increasing,,IR
217137.0,ip,14,clean,0,0,0.81,2945,increasing,,BR
562.0,ip,53,suspicious,0,2,0.41,1926,decreasing,,DE
5141.0,ip,26,clean,0,0,0.62,3044,stable,,CN
15064.0,ip,37,clean,0,1,0.57,1385,stable,,FR
10605.0,ip,11,clean,0,1,0.5,1876,stable,,CN
14756.0,ip,30,clean,0,2,0.58,2543,increasing,,US
72280.0,ip,24,clean,0,2,0.51,188,decreasing,,NL
1482.0,ip,8,clean,0,0,0.85,1007,increasing,,US
23070.0,ip,21,clean,0,2,0.47,877,increasing,,US
14318.0,ip,21,clean,0,2,0.92,2883,stable,,CN
79002.0,ip,16,clean,0,1,0.51,2424,increasing,,IR
120.0,ip,13,clean,0,0,0.57,2051,decreasing,,RU
19985.0,ip,14,clean,0,0,0.84,3010,stable,,BR
10614.0,ip,33,clean,0,0,0.58,104,stable,,US
874.0,ip,6,clean,0,0,0.91,3140,increasing,,IR
24724.0,ip,20,clean,0,2,0.43,1193,stable,,RU
3449.0,ip,17,clean,0,0,0.56,835,stable,,RU
52469.0,ip,21,clean,0,2,0.68,3438,decreasing,,KP
14980.0,ip,34,clean,0,1,0.72,3438,stable,,US
219949.0,ip,26,clean,0,1,0.93,3285,stable,,BR
72427.0,ip,50,suspicious,0,2,0.85,3155,increasing,,BR
4964.0,ip,11,clean,0,0,0.86,402,stable,,CN
693.0,ip,22,clean,0,2,0.66,3078,increasing,,RU
186.0,ip,36,clean,0,2,0.94,41,stable,,RU
3974.0,ip,12,clean,0,1,0.94,2738,stable,,RU
5998.0,ip,28,clean,0,1,0.42,1168,stable,,RU
46320.0,ip,27,clean,0,1,0.65,2194,stable,,RU
4425.0,ip,31,clean,0,0,0.84,1401,increasing,,US
5357.0,ip,44,suspicious,0,3,0.74,126,increasing,,BR
2156.0,ip,43,suspicious,0,1,0.93,2679,stable,,IR
689.0,ip,54,suspicious,0,2,0.72,744,stable,,FR
2018.0,ip,5,clean,0,0,0.88,1207,decreasing,,BR
5949.0,ip,12,clean,0,1,0.84,2556,decreasing,,BR
27203.0,ip,45,suspicious,0,1,0.41,257,stable,,FR
105266.0,ip,26,clean,0,0,0.89,2471,increasing,,BR
2179.0,ip,46,suspicious,0,1,0.52,306,increasing,,CN
844.0,ip,11,clean,0,0,0.6,343,decreasing,,RU
221324.0,ip,24,clean,0,2,0.59,1099,stable,,CN
139911.0,ip,5,clean,0,1,0.4,957,increasing,,US
29685.0,ip,21,clean,0,0,0.71,2475,stable,,BR
157948.0,ip,37,clean,0,1,0.54,2440,decreasing,,CN
9444.0,ip,34,clean,0,2,0.93,2456,decreasing,,CN
9859.0,ip,4,clean,0,0,0.43,67,decreasing,,RU
1446.0,ip,28,clean,0,1,0.57,907,stable,,NL
5293.0,ip,47,suspicious,0,1,0.53,317,increasing,,NL
2048.0,ip,38,clean,0,1,0.44,3557,decreasing,,CN
2676.0,ip,21,clean,0,1,0.86,1439,increasing,,RU
8019.0,ip,36,clean,0,2,0.54,3075,increasing,,FR
1163.0,ip,51,suspicious,0,2,0.4,716,stable,,KP
11680.0,ip,39,clean,0,1,0.6,3127,stable,,NL
67.0,ip,45,suspicious,0,3,0.75,1443,stable,,RU
95.0,ip,25,clean,0,2,0.88,2581,stable,,NL
4038.0,ip,2,clean,0,0,0.78,3622,increasing,,RU
3670.0,ip,24,clean,0,1,0.49,2087,stable,,DE
17610.0,ip,43,suspicious,0,1,0.71,1139,stable,,RU
708.0,ip,6,clean,0,0,0.91,2494,stable,,IR
109797.0,ip,21,clean,0,2,0.56,1580,decreasing,,FR
122679.0,ip,11,clean,0,0,0.89,1875,increasing,,DE
48495.0,ip,32,clean,0,0,0.65,3310,increasing,,NL
7195.0,ip,26,clean,0,2,0.47,2735,decreasing,,CN
2911.0,ip,10,clean,0,0,0.88,2397,stable,,CN
257514.0,ip,11,clean,0,1,0.86,3260,increasing,,RU
24258.0,ip,38,clean,0,1,0.61,987,stable,,NL
1600.0,ip,22,clean,0,0,0.91,181,stable,,IR
1237.0,ip,29,clean,0,0,0.95,1226,stable,,NL
2587.0,ip,23,clean,0,2,0.7,3483,decreasing,,BR
2789.0,ip,6,clean,0,1,0.45,125,stable,,US
31330.0,ip,8,clean,0,0,0.91,2057,increasing,,KP
13631.0,ip,10,clean,0,0,0.94,3460,stable,,FR
4859.0,ip,58,suspicious,0,2,0.57,1789,stable,,RU
1131.0,ip,44,suspicious,0,2,0.77,3161,increasing,,KP
23770.0,ip,43,suspicious,0,2,0.46,370,stable,,RU
15774.0,ip,15,clean,0,0,0.64,1272,stable,,DE
9863.0,ip,21,clean,0,1,0.5,3155,increasing,,KP
14274.0,ip,44,suspicious,0,1,0.41,411,increasing,,CN
2784.0,ip,27,clean,0,0,0.74,3291,stable,,FR
6842.0,ip,31,clean,0,0,0.47,2881,stable,,BR
47687.0,ip,28,clean,0,0,0.46,66,stable,,IR
326.0,ip,37,clean,0,1,0.81,3174,decreasing,,CN
3297.0,ip,25,clean,0,0,0.42,3549,increasing,,NL
27073.0,ip,6,clean,0,0,0.9,2496,increasing,,BR
7934.0,ip,31,clean,0,2,0.53,911,stable,,IR
3200.0,ip,13,clean,0,1,0.91,2444,decreasing,,CN
1369.0,ip,15,clean,0,1,0.86,1062,decreasing,,CN
9533.0,ip,33,clean,0,2,0.52,275,stable,,BR
2011.0,ip,19,clean,0,1,0.57,3381,stable,,DE
91087.0,ip,35,clean,0,0,0.48,3605,stable,,FR
2959.0,ip,14,clean,0,0,0.49,1487,stable,,US
842.0,ip,39,clean,0,2,0.41,1308,increasing,,US
220.0,ip,13,clean,0,0,0.63,2608,increasing,,FR
79667.0,ip,14,clean,0,1,0.52,1146,decreasing,,KP
675.0,ip,6,clean,0,1,0.44,3460,stable,,BR
780.0,ip,48,suspicious,0,1,0.66,1681,increasing,,BR
1016.0,ip,23,clean,0,2,0.57,681,increasing,,IR
4512.0,ip,35,clean,0,2,0.53,1293,decreasing,,BR
321.0,ip,17,clean,0,0,0.4,3384,increasing,,CN
2891.0,ip,12,clean,0,0,0.45,3169,stable,,RU
1426.0,ip,37,clean,0,1,0.52,1052,decreasing,,IR
4327.0,ip,40,clean,0,2,0.63,579,stable,,CN
9787.0,ip,40,clean,0,1,0.76,30,stable,,BR
1055.0,ip,55,suspicious,0,2,0.43,1353,stable,,CN
14118.0,ip,18,clean,0,1,0.47,885,stable,,BR
24059.0,ip,38,clean,0,0,0.59,2235,stable,,BR
920.0,ip,39,clean,0,2,0.9,2705,increasing,,RU
111997.0,ip,19,clean,0,1,0.5,541,stable,,CN
6410.0,ip,27,clean,0,2,0.41,2258,increasing,,RU
6833.0,ip,21,clean,0,1,0.4,166,stable,,RU
326734.0,ip,25,clean,0,2,0.61,523,stable,,US
5171.0,ip,9,clean,0,0,0.54,2316,increasing,,US
32923.0,ip,27,clean,0,0,0.74,3215,stable,,US
13112.0,ip,33,clean,0,1,0.9,2605,decreasing,,RU
10843.0,ip,42,suspicious,0,2,0.44,445,increasing,,BR
152102.0,ip,13,clean,0,1,0.91,1301,decreasing,,US
161903.0,ip,31,clean,0,2,0.52,78,stable,,BR
2217.0,ip,22,clean,0,1,0.94,2885,stable,,DE
2131.0,ip,25,clean,0,0,0.5,132,decreasing,,CN
676.0,ip,31,clean,0,2,0.63,1547,increasing,,IR
10268.0,ip,56,suspicious,0,3,0.84,28,increasing,,CN
5623.0,ip,29,clean,0,2,0.6,1215,stable,,CN
129.0,ip,43,suspicious,0,1,0.49,1357,stable,,RU
1704.0,ip,45,suspicious,0,2,0.6,1172,decreasing,,KP
1391.0,ip,44,suspicious,0,1,0.77,378,increasing,,BR
5090.0,ip,15,clean,0,0,0.84,3229,increasing,,BR
49228.0,ip,26,clean,0,1,0.7,672,increasing,,KP
17604.0,ip,28,clean,0,2,0.48,1153,stable,,RU
1994.0,ip,26,clean,0,1,0.41,940,decreasing,,FR
298379.0,ip,34,clean,0,0,0.68,2975,increasing,,IR
1028.0,ip,31,clean,0,0,0.88,3631,increasing,,BR
608.0,ip,4,clean,0,0,0.55,696,decreasing,,NL
3121.0,ip,11,clean,0,0,0.88,2263,stable,,US
197953.0,ip,23,clean,0,0,0.4,1624,increasing,,RU
6677.0,ip,31,clean,0,0,0.46,2518,increasing,,DE
155566.0,ip,54,suspicious,0,1,0.75,213,stable,,NL
7687.0,ip,25,clean,0,1,0.42,3382,stable,,CN
338.0,ip,37,clean,0,1,0.72,1176,increasing,,US
218.0,ip,28,clean,0,0,0.62,1810,stable,,IR
2380.0,ip,24,clean,0,0,0.86,1553,stable,,BR
11039.0,ip,31,clean,0,1,0.84,612,stable,,DE
4509.0,ip,11,clean,0,0,0.65,3454,increasing,,FR
9023.0,ip,25,clean,0,1,0.6,2068,decreasing,,IR
4445.0,ip,34,clean,0,2,0.82,1089,increasing,,FR
2074.0,ip,40,clean,0,3,0.59,768,decreasing,,BR
8355.0,ip,23,clean,0,0,0.51,3253,increasing,,NL
524.0,ip,0,clean,0,0,0.47,2320,stable,,CN
5696.0,ip,24,clean,0,2,0.91,337,increasing,,BR
51337.0,ip,0,clean,0,0,0.77,3538,increasing,,RU
16348.0,ip,53,suspicious,0,1,0.83,2147,stable,,RU
3550.0,ip,62,suspicious,1,2,0.82,1649,increasing,Ransomware,RU
26677.0,ip,40,clean,0,2,0.46,58,decreasing,,US
353.0,ip,3,clean,0,0,0.46,3345,increasing,,US
2740.0,ip,28,clean,0,2,0.5,2923,stable,,RU
129277.0,ip,6,clean,0,0,0.67,371,stable,,CN
6921.0,ip,13,clean,0,0,0.65,370,stable,,DE
8125.0,ip,36,clean,0,0,0.43,2602,increasing,,BR
2254.0,ip,0,clean,0,1,0.73,1872,stable,,RU
5601.0,ip,0,clean,0,0,0.6,1367,increasing,,RU
347051.0,ip,56,suspicious,0,2,0.95,974,stable,,CN
28310.0,ip,14,clean,0,0,0.93,3047,stable,,KP
6910.0,ip,30,clean,0,2,0.82,1065,increasing,,IR
561.0,ip,5,clean,0,0,0.89,2356,stable,,IR
969.0,ip,34,clean,0,1,0.69,2110,stable,,CN
1865.0,ip,17,clean,0,1,0.6,2523,increasing,,CN
20671.0,ip,22,clean,0,1,0.9,834,stable,,KP
4918.0,ip,14,clean,0,1,0.89,1724,increasing,,CN
12688.0,ip,30,clean,0,2,0.73,815,increasing,,RU
217217.0,ip,43,suspicious,0,3,0.5,1359,stable,,RU
1875.0,ip,39,clean,0,0,0.77,1741,increasing,,RU
46447.0,ip,25,clean,0,0,0.65,1455,stable,,BR
3808.0,ip,23,clean,0,0,0.92,3329,decreasing,,RU
19583.0,ip,48,suspicious,0,3,0.83,2491,stable,,NL
1268.0,ip,57,suspicious,0,3,0.43,2547,increasing,,DE
13203.0,ip,44,suspicious,0,1,0.45,136,increasing,,KP
1615.0,ip,26,clean,0,1,0.88,763,stable,,FR
2710.0,ip,43,suspicious,0,3,0.67,560,increasing,,DE
7341.0,ip,41,suspicious,0,2,0.69,2795,decreasing,,BR
106027.0,ip,60,suspicious,0,2,0.55,2491,increasing,,DE
1278.0,ip,21,clean,0,1,0.74,3192,stable,,RU
2932.0,ip,0,clean,0,0,0.92,2242,stable,,BR
3840.0,ip,0,clean,0,0,0.53,3046,increasing,,KP
2929.0,ip,47,suspicious,0,3,0.75,1438,stable,,NL
84638.0,ip,12,clean,0,0,0.94,1760,increasing,,BR
1370.0,ip,46,suspicious,0,2,0.93,2279,decreasing,,BR
2268.0,ip,33,clean,0,0,0.66,656,stable,,DE
1399.0,ip,50,suspicious,0,3,0.49,462,increasing,,BR
148.0,ip,1,clean,0,0,0.52,1356,stable,,DE
6790.0,ip,39,clean,0,2,0.65,421,stable,,BR
5664.0,ip,50,suspicious,0,2,0.45,3024,stable,,DE
1590.0,ip,40,clean,0,2,0.67,2799,stable,,BR
22099.0,ip,19,clean,0,0,0.51,2067,decreasing,,FR
550.0,ip,23,clean,0,1,0.68,616,stable,,CN
17942.0,ip,20,clean,0,2,0.51,2735,stable,,BR
1782.0,ip,30,clean,0,1,0.89,115,increasing,,CN
103403.0,ip,16,clean,0,0,0.61,2143,stable,,CN
6811.0,ip,21,clean,0,0,0.68,603,stable,,FR
2417.0,ip,14,clean,0,0,0.69,3117,stable,,CN
16346.0,ip,35,clean,0,0,0.7,3402,stable,,US
116.0,ip,13,clean,0,0,0.95,2160,increasing,,US
100374.0,ip,38,clean,0,0,0.62,3283,stable,,CN
68224.0,ip,30,clean,0,1,0.67,511,increasing,,US
6201.0,ip,53,suspicious,0,2,0.65,837,decreasing,,FR
8620.0,ip,29,clean,0,1,0.81,551,stable,,US
1519.0,ip,40,clean,0,2,0.67,2730,stable,,FR
3353.0,ip,31,clean,0,1,0.53,48,decreasing,,RU
11923.0,ip,41,suspicious,0,3,0.69,2652,increasing,,RU
1755.0,ip,8,clean,0,1,0.84,1763,stable,,CN
1007.0,ip,49,suspicious,0,1,0.87,1478,increasing,,BR
7962.0,ip,22,clean,0,2,0.94,2122,stable,,DE
13597.0,ip,14,clean,0,1,0.44,3476,increasing,,NL
266.0,ip,17,clean,0,0,0.53,2762,decreasing,,RU
8256.0,ip,9,clean,0,0,0.67,2922,stable,,DE
865.0,ip,13,clean,0,0,0.59,2845,stable,,RU
6890.0,ip,17,clean,0,0,0.81,138,stable,,US
2962.0,ip,43,suspicious,0,2,0.41,798,stable,,RU
1277.0,ip,34,clean,0,0,0.62,1877,increasing,,IR
1413.0,ip,53,suspicious,0,1,0.59,665,stable,,RU
2306.0,ip,11,clean,0,0,0.6,1367,stable,,FR
9887.0,ip,0,clean,0,0,0.66,3360,increasing,,CN
41322.0,ip,0,clean,0,1,0.61,3390,stable,,KP
29492.0,ip,13,clean,0,0,0.7,1875,increasing,,US
965.0,ip,12,clean,0,0,0.89,3019,stable,,BR
20605.0,ip,6,clean,0,0,0.77,433,stable,,CN
2461.0,ip,22,clean,0,2,0.57,2917,stable,,US
185676.0,ip,21,clean,0,1,0.84,2826,stable,,FR
1341.0,ip,55,suspicious,0,3,0.77,3217,decreasing,,RU
6015.0,ip,63,suspicious,1,2,0.45,2747,stable,Phishing,DE
7145.0,ip,22,clean,0,2,0.63,627,stable,,CN
14565.0,ip,44,suspicious,0,3,0.88,1395,stable,,KP
22212.0,ip,38,clean,0,2,0.58,809,stable,,DE
18398.0,ip,35,clean,0,0,0.81,470,stable,,RU
125903.0,ip,27,clean,0,0,0.47,864,stable,,BR
1429.0,ip,46,suspicious,0,1,0.54,3609,increasing,,CN
349.0,ip,14,clean,0,1,0.57,3236,stable,,KP
2275.0,ip,51,suspicious,0,3,0.44,3258,decreasing,,KP
2256.0,ip,32,clean,0,1,0.81,3442,stable,,DE
6084.0,ip,0,clean,0,1,0.4,2138,stable,,US
5811.0,ip,45,suspicious,0,1,0.45,104,stable,,CN
261.0,ip,29,clean,0,2,0.53,2500,stable,,BR
11217.0,ip,48,suspicious,0,1,0.73,729,stable,,RU
141.0,ip,37,clean,0,2,0.65,1105,increasing,,KP
3414.0,ip,46,suspicious,0,1,0.92,1425,decreasing,,US
1441.0,ip,12,clean,0,0,0.71,3064,decreasing,,FR
71831.0,ip,11,clean,0,1,0.95,440,stable,,RU
3801.0,ip,69,suspicious,1,4,0.93,3034,decreasing,Botnet,BR
275319.0,ip,16,clean,0,1,0.73,3358,decreasing,,US
59214.0,ip,23,clean,0,0,0.88,1689,increasing,,US
25367.0,ip,56,suspicious,0,2,0.81,1564,stable,,DE
8887.0,ip,39,clean,0,0,0.68,2947,increasing,,KP
245286.0,ip,31,clean,0,2,0.85,1875,stable,,IR
9639.0,ip,10,clean,0,1,0.95,2668,increasing,,US
22353.0,ip,5,clean,0,1,0.83,1616,stable,,KP
7104.0,ip,13,clean,0,0,0.45,3550,increasing,,NL
6853.0,ip,17,clean,0,0,0.91,3458,stable,,US
6755.0,ip,31,clean,0,1,0.81,1777,decreasing,,CN
17280.0,ip,30,clean,0,0,0.56,3377,increasing,,US
443.0,ip,38,clean,0,2,0.77,298,decreasing,,BR
6943.0,ip,21,clean,0,0,0.73,2755,increasing,,BR
13616.0,ip,28,clean,0,0,0.46,2524,stable,,CN
18576.0,ip,30,clean,0,1,0.52,3416,decreasing,,RU
1876.0,ip,11,clean,0,0,0.57,1729,stable,,BR
1444.0,ip,19,clean,0,0,0.58,2529,decreasing,,US
10740.0,ip,21,clean,0,1,0.55,2152,increasing,,RU
88.0,ip,37,clean,0,2,0.91,3621,increasing,,NL
6944.0,ip,45,suspicious,0,1,0.9,1297,decreasing,,NL
37400.0,ip,2,clean,0,0,0.84,1233,stable,,CN
131394.0,ip,33,clean,0,2,0.6,227,decreasing,,BR
879.0,ip,0,clean,0,0,0.43,1299,increasing,,CN
234.0,ip,21,clean,0,2,0.69,869,stable,,BR
9854.0,ip,28,clean,0,0,0.76,3587,stable,,FR
86.0,ip,17,clean,0,0,0.68,2873,increasing,,BR
278978.0,ip,0,clean,0,0,0.61,1405,stable,,NL
20430.0,ip,32,clean,0,2,0.71,2960,decreasing,,RU
26040.0,ip,39,clean,0,2,0.65,1026,stable,,BR
6158.0,ip,21,clean,0,0,0.79,3050,stable,,IR
391.0,ip,44,suspicious,0,3,0.86,2877,stable,,RU
106865.0,ip,26,clean,0,1,0.63,1269,increasing,,CN
140621.0,ip,27,clean,0,0,0.77,661,stable,,BR
2387.0,ip,30,clean,0,2,0.88,60,stable,,CN
14108.0,ip,18,clean,0,0,0.49,1315,stable,,FR
1798.0,ip,9,clean,0,1,0.53,3640,increasing,,NL
3564.0,ip,40,clean,0,1,0.59,2158,increasing,,CN
812.0,ip,3,clean,0,0,0.49,2969,increasing,,US
1465.0,ip,8,clean,0,1,0.6,3123,increasing,,FR
5406.0,ip,15,clean,0,0,0.73,620,increasing,,FR
4696.0,ip,48,suspicious,0,1,0.65,1725,increasing,,US
39682.0,ip,64,suspicious,1,2,0.62,1343,increasing,Botnet,BR
84611.0,ip,56,suspicious,0,1,0.84,1232,stable,,BR
604.0,ip,16,clean,0,1,0.55,2481,decreasing,,US
10416.0,ip,26,clean,0,0,0.92,857,increasing,,US
10476.0,ip,41,suspicious,0,3,0.42,3489,increasing,,BR
77223.0,ip,24,clean,0,2,0.74,3518,increasing,,NL
11945.0,ip,14,clean,0,1,0.58,1695,stable,,US
226.0,ip,21,clean,0,1,0.57,3368,decreasing,,US
636.0,ip,44,suspicious,0,3,0.6,1854,stable,,NL
17682.0,ip,17,clean,0,0,0.41,1076,decreasing,,BR
4976.0,ip,3,clean,0,1,0.42,3337,stable,,BR
1107.0,ip,4,clean,0,1,0.62,3534,increasing,,NL
53999.0,ip,14,clean,0,1,0.78,91,increasing,,NL
17702.0,ip,40,clean,0,3,0.63,1245,stable,,RU
2095.0,ip,15,clean,0,0,0.56,1607,stable,,CN
59215.0,ip,23,clean,0,0,0.51,1822,stable,,RU
85479.0,ip,22,clean,0,0,0.8,3167,increasing,,US
10967.0,ip,58,suspicious,0,1,0.53,3028,decreasing,,CN
205054.0,ip,30,clean,0,2,0.8,2632,stable,,FR
1744.0,ip,21,clean,0,2,0.64,2015,increasing,,BR
5575.0,ip,27,clean,0,0,0.67,1099,stable,,NL
982.0,ip,19,clean,0,0,0.95,2423,stable,,KP
8087.0,ip,5,clean,0,0,0.66,2370,stable,,IR
2968.0,ip,49,suspicious,0,3,0.46,3217,stable,,CN
34504.0,ip,14,clean,0,0,0.52,270,decreasing,,BR
19148.0,ip,18,clean,0,0,0.45,1712,decreasing,,CN
13020.0,ip,35,clean,0,2,0.63,742,stable,,CN
738.0,ip,41,suspicious,0,2,0.83,794,stable,,FR
1502.0,ip,5,clean,0,0,0.54,1244,decreasing,,RU
55806.0,ip,27,clean,0,0,0.64,123,increasing,,BR
4515.0,ip,34,clean,0,1,0.88,441,stable,,BR
2591.0,ip,43,suspicious,0,1,0.43,90,stable,,US
1505.0,ip,4,clean,0,0,0.9,2353,decreasing,,DE
4032.0,ip,29,clean,0,2,0.94,2580,stable,,CN
11283.0,ip,47,suspicious,0,1,0.58,981,increasing,,RU
11529.0,ip,21,clean,0,1,0.58,803,increasing,,RU
1420.0,ip,40,clean,0,1,0.82,2286,stable,,RU
3887.0,ip,21,clean,0,0,0.7,3399,decreasing,,DE
16288.0,ip,12,clean,0,0,0.46,2840,stable,,DE
5925.0,ip,14,clean,0,1,0.6,1025,decreasing,,DE
5172.0,ip,16,clean,0,0,0.42,2963,increasing,,FR
5221.0,ip,0,clean,0,0,0.93,3342,stable,,CN
7852.0,ip,28,clean,0,1,0.64,3159,decreasing,,CN
6886.0,ip,17,clean,0,1,0.44,2586,stable,,FR
1688.0,ip,23,clean,0,2,0.52,1000,increasing,,RU
952.0,ip,8,clean,0,0,0.78,382,stable,,RU
56359.0,ip,27,clean,0,0,0.79,2162,stable,,DE
67165.0,ip,36,clean,0,1,0.51,3641,increasing,,CN
2838.0,ip,36,clean,0,1,0.66,1189,increasing,,BR
18516.0,ip,18,clean,0,1,0.77,2411,increasing,,KP
40443.0,ip,0,clean,0,1,0.6,652,stable,,RU
3332.0,ip,31,clean,0,1,0.86,769,stable,,IR
4017.0,ip,34,clean,0,2,0.41,1149,stable,,DE
1896.0,ip,35,clean,0,0,0.89,2181,stable,,IR
2166.0,ip,35,clean,0,1,0.62,964,stable,,US
7362.0,ip,8,clean,0,0,0.73,1113,stable,,IR
1828.0,ip,10,clean,0,0,0.88,3138,increasing,,RU
784.0,ip,20,clean,0,0,0.5,2075,stable,,US
318.0,ip,3,clean,0,1,0.43,1001,stable,,CN
6844.0,ip,14,clean,0,1,0.85,512,decreasing,,CN
1452.0,ip,18,clean,0,0,0.9,1881,increasing,,RU
245966.0,ip,17,clean,0,1,0.86,3304,increasing,,FR
97541.0,ip,25,clean,0,0,0.65,2341,stable,,BR
1360.0,ip,13,clean,0,1,0.95,2837,stable,,BR
3038.0,ip,11,clean,0,0,0.88,1419,stable,,DE
3494.0,ip,34,clean,0,1,0.57,3102,stable,,KP
6166.0,ip,26,clean,0,1,0.7,588,stable,,IR
18207.0,ip,23,clean,0,2,0.79,1932,stable,,KP
10299.0,ip,29,clean,0,2,0.46,469,stable,,CN
1093.0,ip,18,clean,0,0,0.44,3012,decreasing,,BR
1680.0,ip,23,clean,0,0,0.47,1220,stable,,CN
10467.0,ip,19,clean,0,0,0.71,2247,decreasing,,BR
44188.0,ip,20,clean,0,1,0.53,2888,increasing,,IR
787.0,ip,34,clean,0,1,0.6,386,stable,,CN
5798.0,ip,11,clean,0,1,0.61,2862,increasing,,US
1032.0,ip,22,clean,0,1,0.86,1816,increasing,,RU
2039.0,ip,45,suspicious,0,2,0.93,2576,stable,,CN
23763.0,ip,51,suspicious,0,3,0.71,439,stable,,US
10565.0,ip,24,clean,0,0,0.7,3,stable,,NL
692.0,ip,54,suspicious,0,3,0.8,380,decreasing,,BR
1180.0,ip,8,clean,0,0,0.79,2239,stable,,CN
223703.0,ip,28,clean,0,2,0.79,2543,stable,,FR
17643.0,ip,39,clean,0,0,0.61,207,stable,,US
2785.0,ip,33,clean,0,1,0.95,832,decreasing,,CN
1280.0,ip,32,clean,0,1,0.83,3166,decreasing,,IR
8014.0,ip,35,clean,0,2,0.59,746,increasing,,BR
33796.0,ip,12,clean,0,0,0.58,656,decreasing,,BR
6802.0,ip,47,suspicious,0,1,0.8,2080,stable,,FR
32047.0,ip,44,suspicious,0,2,0.46,1635,increasing,,US
4956.0,ip,35,clean,0,0,0.58,1633,stable,,CN
8377.0,ip,53,suspicious,0,2,0.51,3272,stable,,NL
974.0,ip,39,clean,0,0,0.81,2307,increasing,,FR
20855.0,ip,11,clean,0,1,0.74,2116,stable,,IR
53396.0,ip,14,clean,0,0,0.86,2340,stable,,NL
302.0,ip,36,clean,0,2,0.94,1443,stable,,FR
380.0,ip,67,suspicious,1,4,0.45,358,increasing,Phishing,IR
142.0,ip,33,clean,0,1,0.81,3038,increasing,,DE
16668.0,ip,12,clean,0,1,0.86,719,stable,,CN
4567.0,ip,2,clean,0,1,0.42,686,increasing,,US
4720.0,ip,17,clean,0,0,0.65,623,increasing,,RU
1749.0,ip,21,clean,0,0,0.94,1329,stable,,CN
1386.0,ip,26,clean,0,1,0.48,1071,stable,,FR
17551.0,ip,38,clean,0,1,0.48,3527,stable,,IR
5643.0,ip,30,clean,0,1,0.51,539,stable,,CN
74021.0,ip,20,clean,0,2,0.57,2847,stable,,US
1525.0,ip,38,clean,0,2,0.63,1440,stable,,FR
545.0,ip,12,clean,0,0,0.51,526,increasing,,DE
88699.0,ip,11,clean,0,0,0.61,3512,stable,,IR
4755.0,ip,19,clean,0,0,0.58,761,increasing,,FR
737.0,ip,22,clean,0,0,0.69,577,stable,,CN
84056.0,ip,1,clean,0,1,0.67,1234,decreasing,,US
2031.0,ip,38,clean,0,0,0.52,259,stable,,BR
679.0,ip,6,clean,0,0,0.49,3435,increasing,,CN
47.0,ip,28,clean,0,1,0.57,2372,increasing,,FR
26605.0,ip,24,clean,0,2,0.53,742,increasing,,RU
574.0,ip,29,clean,0,0,0.72,897,decreasing,,BR
6376.0,ip,12,clean,0,0,0.7,873,stable,,BR
9589.0,ip,0,clean,0,0,0.85,2549,decreasing,,CN
293.0,ip,44,suspicious,0,2,0.86,381,decreasing,,DE
1820.0,ip,4,clean,0,0,0.77,716,stable,,NL
626.0,ip,18,clean,0,0,0.57,232,increasing,,NL
1776.0,ip,17,clean,0,0,0.63,2892,stable,,BR
1294.0,ip,0,clean,0,0,0.41,427,stable,,IR
2457.0,ip,21,clean,0,2,0.56,2673,decreasing,,RU
588.0,ip,51,suspicious,0,2,0.64,2965,stable,,RU
4998.0,ip,42,suspicious,0,1,0.68,482,increasing,,NL
4932.0,ip,20,clean,0,2,0.66,829,increasing,,US
60959.0,ip,11,clean,0,0,0.67,3430,stable,,US
7241.0,ip,13,clean,0,0,0.58,1362,increasing,,NL
2585.0,ip,12,clean,0,1,0.45,3535,decreasing,,KP
3130.0,ip,38,clean,0,0,0.73,712,stable,,RU
243101.0,ip,40,clean,0,1,0.64,1374,increasing,,RU
121196.0,ip,6,clean,0,0,0.8,1494,stable,,IR
39317.0,ip,5,clean,0,1,0.59,444,stable,,US
91958.0,ip,54,suspicious,0,1,0.52,912,stable,,RU
5936.0,ip,41,suspicious,0,3,0.76,1793,decreasing,,RU
13283.0,ip,22,clean,0,2,0.85,207,stable,,NL
23365.0,ip,42,suspicious,0,3,0.66,1628,increasing,,RU
5790.0,ip,38,clean,0,2,0.89,3034,increasing,,CN
3720.0,ip,26,clean,0,0,0.82,2409,increasing,,NL
2792.0,ip,22,clean,0,2,0.52,2515,stable,,IR
21843.0,ip,41,suspicious,0,1,0.48,2973,increasing,,CN
8942.0,ip,20,clean,0,1,0.75,1458,stable,,BR
6139.0,ip,45,suspicious,0,2,0.59,272,decreasing,,DE
40066.0,ip,36,clean,0,0,0.45,922,increasing,,FR
3907.0,ip,26,clean,0,1,0.62,1223,stable,,DE
946.0,ip,35,clean,0,1,0.54,415,decreasing,,KP
47785.0,ip,3,clean,0,0,0.41,2172,stable,,NL
25119.0,ip,17,clean,0,0,0.84,472,stable,,RU
1913.0,ip,14,clean,0,0,0.69,1286,decreasing,,CN
1220.0,ip,2,clean,0,1,0.55,1728,decreasing,,RU
1419.0,ip,42,suspicious,0,3,0.78,2048,stable,,CN
13895.0,ip,33,clean,0,2,0.75,1203,stable,,KP
2504.0,ip,7,clean,0,1,0.64,1825,stable,,RU
203.0,ip,30,clean,0,1,0.74,846,stable,,BR
3537.0,ip,10,clean,0,0,0.81,968,stable,,FR
4441.0,ip,44,suspicious,0,2,0.71,409,stable,,BR
8689.0,ip,60,suspicious,0,4,0.84,331,stable,,RU
25363.0,ip,16,clean,0,1,0.64,227,stable,,NL
14597.0,ip,0,clean,0,1,0.41,1645,stable,,CN
648.0,ip,5,clean,0,0,0.69,3345,decreasing,,FR
13001.0,ip,3,clean,0,1,0.91,1084,increasing,,US
6756.0,ip,64,suspicious,1,3,0.61,1023,increasing,Phishing,KP
1923.0,ip,45,suspicious,0,2,0.88,1660,stable,,DE
9210.0,ip,31,clean,0,1,0.46,1914,decreasing,,IR
53729.0,ip,25,clean,0,0,0.51,634,decreasing,,NL
2005.0,ip,30,clean,0,1,0.62,783,stable,,US
1894.0,ip,42,suspicious,0,1,0.61,1638,increasing,,NL
27321.0,ip,43,suspicious,0,2,0.67,822,stable,,BR
143.0,ip,25,clean,0,2,0.44,1908,stable,,BR
7008.0,ip,14,clean,0,0,0.69,2057,increasing,,RU
6620.0,ip,21,clean,0,1,0.61,2511,stable,,DE
866.0,ip,36,clean,0,1,0.4,1824,decreasing,,IR
1965.0,ip,18,clean,0,0,0.43,1057,decreasing,,NL
26097.0,ip,47,suspicious,0,2,0.71,3449,decreasing,,FR
50198.0,ip,5,clean,0,1,0.59,738,stable,,BR
2843.0,ip,43,suspicious,0,3,0.57,582,stable,,DE
611.0,ip,26,clean,0,2,0.9,1469,stable,,CN
330.0,ip,38,clean,0,1,0.63,2613,stable,,IR
3738.0,ip,24,clean,0,2,0.84,1915,decreasing,,FR
134.0,ip,3,clean,0,0,0.46,2320,decreasing,,DE
3517.0,ip,48,suspicious,0,3,0.85,2494,stable,,DE
12161.0,ip,56,suspicious,0,2,0.85,1738,increasing,,DE
37608.0,ip,60,suspicious,0,4,0.42,784,stable,,RU
18302.0,ip,25,clean,0,1,0.84,2763,decreasing,,FR
4972.0,ip,28,clean,0,1,0.83,1092,stable,,NL
45146.0,ip,36,clean,0,0,0.83,136,stable,,CN
21701.0,ip,26,clean,0,1,0.5,1810,stable,,NL
6729.0,ip,27,clean,0,1,0.42,145,decreasing,,BR
143552.0,ip,20,clean,0,1,0.87,346,increasing,,CN
201879.0,ip,27,clean,0,0,0.44,2386,stable,,FR
1296.0,ip,52,suspicious,0,3,0.81,965,stable,,RU
50188.0,ip,12,clean,0,1,0.58,2388,stable,,NL
789.0,ip,16,clean,0,1,0.41,416,stable,,NL
906.0,ip,25,clean,0,0,0.86,682,decreasing,,US
1706.0,ip,16,clean,0,1,0.56,180,stable,,US
56084.0,ip,59,suspicious,0,2,0.93,2896,stable,,RU
958.0,ip,6,clean,0,0,0.73,2513,stable,,KP
55548.0,ip,5,clean,0,1,0.49,2290,stable,,CN
26115.0,ip,18,clean,0,0,0.71,3093,decreasing,,IR
7388.0,ip,4,clean,0,1,0.82,279,decreasing,,FR
7244.0,ip,52,suspicious,0,2,0.6,2268,decreasing,,BR
1291.0,ip,51,suspicious,0,1,0.87,2061,stable,,CN
1068.0,ip,22,clean,0,0,0.59,2347,stable,,US
238.0,ip,16,clean,0,0,0.48,2003,increasing,,CN
44174.0,ip,20,clean,0,0,0.4,2255,increasing,,CN
21060.0,ip,5,clean,0,0,0.51,1251,increasing,,DE
24064.0,ip,0,clean,0,0,0.43,2395,stable,,CN
17678.0,ip,36,clean,0,1,0.53,81,stable,,RU
629.0,ip,26,clean,0,0,0.9,3598,stable,,KP
2920.0,ip,26,clean,0,2,0.78,2599,increasing,,NL
92895.0,ip,11,clean,0,1,0.41,992,increasing,,RU
166054.0,ip,37,clean,0,1,0.76,2036,increasing,,KP
42423.0,ip,34,clean,0,2,0.57,2394,stable,,RU
15924.0,ip,29,clean,0,0,0.47,3495,decreasing,,BR
124861.0,ip,15,clean,0,0,0.48,1472,stable,,KP
32063.0,ip,31,clean,0,1,0.77,1658,stable,,RU
2564.0,ip,17,clean,0,0,0.91,562,stable,,FR
3404.0,ip,4,clean,0,0,0.93,2897,increasing,,IR
93159.0,ip,41,suspicious,0,3,0.49,645,increasing,,US
49363.0,ip,16,clean,0,0,0.77,1511,decreasing,,RU
11627.0,ip,10,clean,0,0,0.7,430,increasing,,CN
16179.0,ip,19,clean,0,0,0.84,2794,stable,,IR
1946.0,ip,32,clean,0,2,0.61,1451,decreasing,,BR
307.0,ip,38,clean,0,2,0.62,3051,stable,,IR
4385.0,ip,16,clean,0,0,0.49,318,decreasing,,FR
2226.0,ip,23,clean,0,0,0.91,2244,stable,,CN
5836.0,ip,44,suspicious,0,2,0.56,513,increasing,,BR
2445.0,ip,16,clean,0,0,0.56,667,increasing,,NL
6028.0,ip,25,clean,0,0,0.84,1334,decreasing,,NL
75568.0,ip,64,suspicious,1,4,0.48,613,stable,Scanner,FR
128032.0,ip,47,suspicious,0,1,0.6,3136,stable,,KP
1410.0,ip,34,clean,0,1,0.88,1240,stable,,FR
3439.0,ip,48,suspicious,0,1,0.63,820,stable,,DE
10692.0,ip,10,clean,0,0,0.93,2074,stable,,DE
554.0,ip,29,clean,0,1,0.41,2593,stable,,IR
1748.0,ip,3,clean,0,0,0.77,3349,decreasing,,US
5783.0,ip,15,clean,0,1,0.73,110,stable,,IR
40908.0,ip,51,suspicious,0,1,0.69,97,stable,,BR
2206.0,ip,0,clean,0,0,0.51,1906,decreasing,,US
50460.0,ip,7,clean,0,1,0.62,1132,stable,,BR
7391.0,ip,43,suspicious,0,3,0.92,3337,stable,,US
27859.0,ip,68,suspicious,1,2,0.69,1508,decreasing,Scanner,NL
125.0,ip,45,suspicious,0,2,0.78,2514,stable,,RU
4187.0,ip,36,clean,0,1,0.76,2955,increasing,,CN
5262.0,ip,28,clean,0,0,0.86,3071,stable,,DE
3921.0,ip,14,clean,0,1,0.77,874,stable,,NL
104331.0,ip,15,clean,0,0,0.81,2962,decreasing,,US
41271.0,ip,16,clean,0,0,0.85,1879,stable,,CN
62845.0,ip,52,suspicious,0,3,0.62,3065,increasing,,CN
4954.0,ip,21,clean,0,0,0.94,1153,increasing,,RU
8722.0,ip,45,suspicious,0,3,0.56,526,increasing,,US
3103.0,ip,16,clean,0,1,0.66,2808,increasing,,DE
17773.0,ip,20,clean,0,1,0.86,1077,decreasing,,CN
8290.0,ip,0,clean,0,1,0.41,1556,decreasing,,CN
8347.0,ip,45,suspicious,0,1,0.84,588,increasing,,US
34399.0,ip,22,clean,0,2,0.79,3215,decreasing,,CN
6606.0,ip,23,clean,0,1,0.85,2163,stable,,FR
2067.0,ip,23,clean,0,0,0.46,2356,increasing,,IR
340.0,ip,28,clean,0,1,0.79,179,stable,,RU
16377.0,ip,0,clean,0,0,0.66,2770,stable,,IR
21338.0,ip,9,clean,0,0,0.52,1960,increasing,,RU
328852.0,ip,4,clean,0,1,0.42,3243,stable,,FR
37752.0,ip,13,clean,0,1,0.53,2583,decreasing,,RU
32528.0,ip,50,suspicious,0,1,0.69,1239,increasing,,IR
877.0,ip,21,clean,0,1,0.83,2412,increasing,,US
1808.0,ip,16,clean,0,0,0.59,1676,decreasing,,CN
45821.0,ip,29,clean,0,1,0.95,3103,increasing,,BR
11107.0,ip,22,clean,0,0,0.91,3533,increasing,,CN
46483.0,ip,9,clean,0,0,0.65,762,decreasing,,BR
9672.0,ip,24,clean,0,2,0.65,156,stable,,BR
25248.0,ip,28,clean,0,0,0.9,3321,increasing,,RU
1246.0,ip,14,clean,0,0,0.85,1644,stable,,RU
8897.0,ip,34,clean,0,1,0.4,389,stable,,IR
7240.0,ip,23,clean,0,1,0.5,567,stable,,RU
61735.0,ip,38,clean,0,1,0.92,2068,decreasing,,IR
1130.0,ip,11,clean,0,0,0.73,1914,decreasing,,FR
2230.0,ip,14,clean,0,0,0.84,103,decreasing,,RU
1962.0,ip,45,suspicious,0,1,0.71,2648,increasing,,DE
22104.0,ip,24,clean,0,0,0.4,653,increasing,,RU
1077.0,ip,27,clean,0,2,0.49,574,increasing,,RU
6303.0,ip,37,clean,0,2,0.93,1848,decreasing,,BR
4477.0,ip,32,clean,0,1,0.85,3596,increasing,,DE
80468.0,ip,15,clean,0,0,0.71,2340,decreasing,,RU
58285.0,ip,31,clean,0,1,0.87,763,increasing,,DE
28348.0,ip,48,suspicious,0,1,0.76,980,stable,,CN
1735.0,ip,53,suspicious,0,1,0.73,2869,increasing,,KP
108631.0,ip,11,clean,0,0,0.78,1415,stable,,NL
4213.0,ip,59,suspicious,0,3,0.74,3083,stable,,IR
771.0,ip,0,clean,0,1,0.77,1155,stable,,CN
6437.0,ip,0,clean,0,0,0.61,3251,decreasing,,BR
26340.0,ip,42,suspicious,0,1,0.87,3088,stable,,KP
59142.0,ip,62,suspicious,1,2,0.54,1946,stable,Malware-C2,DE
6396.0,ip,51,suspicious,0,3,0.88,1110,stable,,RU
4427.0,ip,46,suspicious,0,2,0.6,111,stable,,IR
23240.0,ip,38,clean,0,0,0.41,3177,stable,,RU
6378.0,ip,15,clean,0,0,0.94,2973,stable,,BR
215.0,ip,4,clean,0,1,0.67,1492,stable,,BR
3132.0,ip,38,clean,0,2,0.46,565,stable,,DE
17397.0,ip,19,clean,0,1,0.72,1934,decreasing,,NL
7541.0,ip,5,clean,0,1,0.85,1525,stable,,RU
9380.0,ip,26,clean,0,1,0.76,2711,stable,,NL
6515.0,ip,18,clean,0,0,0.79,1381,stable,,IR
8161.0,ip,22,clean,0,0,0.74,117,decreasing,,CN
17790.0,ip,21,clean,0,1,0.46,3465,stable,,US
5390.0,ip,25,clean,0,2,0.85,1173,stable,,DE
10876.0,ip,40,clean,0,2,0.5,1999,increasing,,RU
4499.0,ip,7,clean,0,0,0.55,2481,stable,,US
224.0,ip,8,clean,0,0,0.62,3002,decreasing,,BR
2707.0,ip,45,suspicious,0,1,0.88,159,stable,,BR
233.0,ip,39,clean,0,2,0.92,3088,stable,,FR
981.0,ip,19,clean,0,0,0.84,1718,stable,,US
2003.0,ip,3,clean,0,0,0.73,2417,increasing,,DE
56395.0,ip,23,clean,0,0,0.63,833,stable,,CN
2800.0,ip,55,suspicious,0,1,0.57,1660,decreasing,,DE
2062.0,ip,5,clean,0,0,0.46,3533,stable,,IR
6353.0,ip,25,clean,0,0,0.47,1507,increasing,,BR
3475.0,ip,18,clean,0,0,0.72,2479,stable,,RU
1357.0,ip,22,clean,0,1,0.5,951,stable,,FR
38430.0,ip,37,clean,0,2,0.88,2851,stable,,US
2191.0,ip,44,suspicious,0,3,0.61,949,decreasing,,BR
18381.0,ip,41,suspicious,0,3,0.58,535,stable,,CN
2888.0,ip,52,suspicious,0,2,0.72,544,increasing,,NL
465.0,ip,21,clean,0,2,0.89,2443,increasing,,RU
6392.0,ip,28,clean,0,2,0.65,1961,stable,,CN
2158.0,ip,16,clean,0,1,0.78,1775,increasing,,NL
4546.0,ip,17,clean,0,0,0.9,3003,increasing,,CN
848.0,ip,20,clean,0,2,0.54,2478,decreasing,,NL
12823.0,ip,33,clean,0,0,0.68,2306,stable,,CN
940.0,ip,17,clean,0,0,0.93,1529,increasing,,IR
15219.0,ip,27,clean,0,2,0.44,567,stable,,CN
1492.0,ip,7,clean,0,0,0.89,2531,decreasing,,FR
2430.0,ip,53,suspicious,0,2,0.74,113,stable,,US
139.0,ip,69,suspicious,1,4,0.77,2116,decreasing,Phishing,BR
25834.0,ip,7,clean,0,1,0.54,3034,stable,,FR
918.0,ip,5,clean,0,0,0.49,1642,increasing,,IR
2143.0,ip,52,suspicious,0,2,0.71,692,stable,,NL
595.0,ip,43,suspicious,0,2,0.74,271,stable,,KP
37155.0,ip,21,clean,0,1,0.9,206,stable,,NL
975.0,ip,59,suspicious,0,1,0.6,220,stable,,BR
2161.0,ip,19,clean,0,0,0.89,1160,stable,,RU
22001.0,ip,32,clean,0,2,0.46,2265,increasing,,NL
1645.0,ip,33,clean,0,0,0.86,875,increasing,,FR
13262.0,ip,25,clean,0,0,0.63,1687,increasing,,RU
973.0,ip,33,clean,0,0,0.84,95,stable,,DE
1112.0,ip,30,clean,0,2,0.76,2010,decreasing,,CN
6615.0,ip,13,clean,0,0,0.43,3590,decreasing,,CN
2905.0,ip,24,clean,0,0,0.72,1886,increasing,,FR
6018.0,ip,43,suspicious,0,3,0.41,2473,increasing,,NL
1313.0,ip,24,clean,0,2,0.68,1368,stable,,RU
323607.0,ip,8,clean,0,0,0.75,769,increasing,,US
1477.0,ip,16,clean,0,1,0.74,1567,stable,,BR
5695.0,ip,39,clean,0,1,0.43,388,decreasing,,CN
5314.0,ip,20,clean,0,0,0.54,2389,stable,,CN
31148.0,ip,35,clean,0,0,0.42,159,stable,,IR
12882.0,ip,2,clean,0,0,0.48,1114,stable,,RU
5508.0,ip,19,clean,0,1,0.76,3614,increasing,,FR
4737.0,ip,21,clean,0,1,0.85,520,stable,,FR
11331.0,ip,32,clean,0,1,0.8,1839,decreasing,,CN
97963.0,ip,38,clean,0,2,0.77,475,stable,,NL
11423.0,ip,48,suspicious,0,1,0.4,1523,increasing,,IR
1937.0,ip,21,clean,0,0,0.49,3291,stable,,US
1157.0,ip,17,clean,0,1,0.66,3044,increasing,,BR
2953.0,ip,45,suspicious,0,2,0.66,1542,increasing,,RU
84022.0,ip,5,clean,0,1,0.69,766,stable,,NL
660.0,ip,35,clean,0,0,0.8,2512,increasing,,CN
5512.0,ip,31,clean,0,2,0.56,1753,stable,,BR
11686.0,ip,26,clean,0,2,0.52,3360,stable,,DE
3664.0,ip,17,clean,0,1,0.59,1707,increasing,,RU
1437.0,ip,10,clean,0,0,0.66,530,increasing,,BR
13847.0,ip,36,clean,0,1,0.54,1888,increasing,,US
976.0,ip,37,clean,0,2,0.86,3056,stable,,US
7072.0,ip,11,clean,0,0,0.64,1379,stable,,NL
3765.0,ip,19,clean,0,0,0.51,683,stable,,IR
9448.0,ip,37,clean,0,1,0.49,3645,increasing,,US
17193.0,ip,38,clean,0,1,0.82,1132,stable,,RU
232592.0,ip,24,clean,0,0,0.48,3357,stable,,IR
297.0,ip,19,clean,0,0,0.69,2940,increasing,,US
3568.0,ip,35,clean,0,2,0.53,2726,stable,,FR
2155.0,ip,47,suspicious,0,3,0.93,848,stable,,CN
6534.0,ip,11,clean,0,1,0.61,524,stable,,DE
821.0,ip,10,clean,0,0,0.43,172,decreasing,,NL
890.0,ip,3,clean,0,0,0.56,1602,decreasing,,BR
1870.0,ip,57,suspicious,0,3,0.67,1040,stable,,RU
39717.0,ip,0,clean,0,1,0.83,1392,decreasing,,IR
4406.0,ip,25,clean,0,1,0.66,2164,decreasing,,IR
17190.0,ip,9,clean,0,0,0.54,3578,stable,,DE
10283.0,ip,19,clean,0,0,0.83,453,stable,,KP
563.0,ip,21,clean,0,1,0.92,2461,stable,,US
622.0,ip,35,clean,0,0,0.9,891,stable,,US
2107.0,ip,32,clean,0,2,0.41,1943,decreasing,,US
948.0,ip,53,suspicious,0,1,0.51,2738,increasing,,FR
12715.0,ip,39,clean,0,0,0.51,627,stable,,NL
99555.0,ip,1,clean,0,0,0.92,3309,stable,,DE
1098.0,ip,29,clean,0,1,0.63,2745,stable,,US
3588.0,ip,19,clean,0,0,0.8,3597,increasing,,US
84366.0,ip,22,clean,0,0,0.93,1623,stable,,DE
4889.0,ip,40,clean,0,3,0.81,747,stable,,NL
1564.0,ip,22,clean,0,2,0.41,2302,stable,,NL
6257.0,ip,10,clean,0,1,0.78,1359,stable,,IR
63658.0,ip,58,suspicious,0,1,0.91,1188,stable,,IR
1877.0,ip,33,clean,0,1,0.55,457,increasing,,RU
1056.0,ip,32,clean,0,2,0.48,1675,stable,,FR
1979.0,ip,35,clean,0,1,0.82,934,increasing,,NL
1716.0,ip,17,clean,0,1,0.77,326,stable,,US
70133.0,ip,16,clean,0,0,0.78,3180,increasing,,RU
46364.0,ip,40,clean,0,1,0.41,2696,stable,,DE
5518.0,ip,42,suspicious,0,2,0.88,1019,stable,,KP
5092.0,ip,23,clean,0,1,0.57,3273,stable,,CN
1222.0,ip,25,clean,0,0,0.46,3213,increasing,,RU
1724.0,ip,32,clean,0,2,0.73,89,stable,,IR
108181.0,ip,40,clean,0,2,0.66,2030,stable,,NL
12660.0,ip,46,suspicious,0,1,0.76,1079,increasing,,FR
1597.0,ip,34,clean,0,1,0.49,399,increasing,,FR
28734.0,ip,48,suspicious,0,2,0.62,1641,stable,,RU
127250.0,ip,53,suspicious,0,3,0.73,3057,increasing,,BR
27668.0,ip,60,suspicious,0,3,0.87,1445,decreasing,,US
1144.0,ip,18,clean,0,0,0.87,2976,stable,,FR
1379.0,ip,2,clean,0,1,0.9,2343,stable,,CN
1890.0,ip,19,clean,0,0,0.73,1484,stable,,KP
5083.0,ip,18,clean,0,0,0.63,2081,stable,,BR
2303.0,ip,31,clean,0,0,0.89,883,increasing,,DE
106.0,ip,36,clean,0,1,0.84,465,stable,,RU
14314.0,ip,20,clean,0,0,0.42,1187,stable,,US
323.0,ip,15,clean,0,0,0.93,568,increasing,,CN
889.0,ip,39,clean,0,1,0.55,107,increasing,,RU
59250.0,ip,27,clean,0,0,0.41,2912,stable,,US
110985.0,ip,41,suspicious,0,3,0.78,3631,decreasing,,NL
73761.0,ip,41,suspicious,0,3,0.92,1494,increasing,,US
5079.0,ip,52,suspicious,0,1,0.77,1884,increasing,,NL
22752.0,ip,17,clean,0,0,0.68,385,stable,,BR
246783.0,ip,9,clean,0,0,0.49,723,stable,,FR
5534.0,ip,16,clean,0,1,0.72,1968,stable,,BR
2086.0,ip,18,clean,0,0,0.81,2673,increasing,,BR
231649.0,ip,15,clean,0,1,0.61,3029,decreasing,,DE
212584.0,ip,33,clean,0,1,0.9,146,stable,,CN
681.0,ip,44,suspicious,0,2,0.44,2466,stable,,US
1682.0,ip,25,clean,0,0,0.48,817,stable,,CN
33069.0,ip,38,clean,0,1,0.5,1037,stable,,BR
103293.0,ip,30,clean,0,2,0.82,1583,stable,,FR
196.0,ip,47,suspicious,0,2,0.68,2442,stable,,DE
25680.0,ip,14,clean,0,0,0.5,1671,decreasing,,DE
7810.0,ip,20,clean,0,2,0.51,2015,increasing,,BR
3317.0,ip,18,clean,0,1,0.57,1747,stable,,RU
2078.0,ip,26,clean,0,2,0.74,199,stable,,RU
37014.0,ip,34,clean,0,0,0.65,2692,stable,,US
27023.0,ip,21,clean,0,1,0.83,929,decreasing,,US
126440.0,ip,22,clean,0,1,0.53,2766,stable,,CN
27635.0,ip,31,clean,0,2,0.89,2194,decreasing,,CN
114616.0,ip,23,clean,0,2,0.55,739,stable,,DE
58403.0,ip,47,suspicious,0,1,0.59,1047,stable,,RU
9806.0,ip,60,suspicious,0,3,0.43,464,stable,,IR
5599.0,ip,20,clean,0,2,0.86,1120,stable,,CN
836.0,ip,32,clean,0,1,0.93,3169,stable,,KP
109648.0,ip,23,clean,0,2,0.54,1128,stable,,DE
7692.0,ip,62,suspicious,1,3,0.79,2938,stable,Botnet,CN
1432.0,ip,44,suspicious,0,1,0.81,1050,decreasing,,FR
5958.0,ip,23,clean,0,1,0.53,1448,stable,,RU
4987.0,ip,46,suspicious,0,2,0.71,1542,increasing,,US
2582.0,ip,27,clean,0,0,0.44,1951,stable,,US
8298.0,ip,43,suspicious,0,2,0.5,2100,increasing,,RU
2799.0,ip,26,clean,0,1,0.53,1424,increasing,,US
1657.0,ip,32,clean,0,2,0.62,378,increasing,,FR
1185.0,ip,27,clean,0,1,0.65,2815,increasing,,US
1140.0,ip,19,clean,0,0,0.7,1990,stable,,DE
1108.0,ip,37,clean,0,2,0.7,2182,decreasing,,IR
1909.0,ip,26,clean,0,0,0.75,367,stable,,FR
9524.0,ip,24,clean,0,0,0.94,3226,increasing,,CN
227994.0,ip,16,clean,0,1,0.58,452,decreasing,,FR
2160.0,ip,40,clean,0,1,0.75,1942,decreasing,,FR
7826.0,ip,32,clean,0,0,0.45,3606,increasing,,CN
73013.0,ip,11,clean,0,0,0.83,3179,stable,,KP
56682.0,ip,63,suspicious,1,4,0.84,2475,stable,Botnet,KP
3428.0,ip,40,clean,0,3,0.57,3333,stable,,RU
1333.0,ip,7,clean,0,0,0.41,1521,stable,,BR
426.0,ip,2,clean,0,0,0.68,2762,increasing,,CN
6963.0,ip,41,suspicious,0,1,0.92,3397,increasing,,BR
15842.0,ip,18,clean,0,1,0.64,1988,stable,,US
21567.0,ip,10,clean,0,0,0.86,3584,decreasing,,DE
48286.0,ip,10,clean,0,0,0.86,3148,decreasing,,FR
2225.0,ip,23,clean,0,2,0.4,1356,stable,,IR
17480.0,ip,32,clean,0,0,0.6,405,increasing,,FR
273045.0,ip,40,clean,0,2,0.95,833,stable,,RU
4719.0,ip,22,clean,0,1,0.55,1583,increasing,,FR
11481.0,ip,32,clean,0,0,0.79,1046,stable,,NL
8921.0,ip,36,clean,0,1,0.51,358,increasing,,NL
7700.0,ip,44,suspicious,0,2,0.79,889,stable,,IR
33264.0,ip,6,clean,0,0,0.47,2653,decreasing,,US
26267.0,ip,25,clean,0,1,0.67,879,stable,,FR
2170.0,ip,4,clean,0,0,0.76,2469,stable,,BR
6662.0,ip,36,clean,0,1,0.59,3471,stable,,IR
862.0,ip,12,clean,0,1,0.47,2858,stable,,CN
7036.0,ip,39,clean,0,1,0.83,3071,stable,,US
7236.0,ip,8,clean,0,0,0.88,4,stable,,NL
190753.0,ip,32,clean,0,1,0.81,168,stable,,KP
45617.0,ip,32,clean,0,1,0.55,503,stable,,DE
1777.0,ip,54,suspicious,0,2,0.42,39,increasing,,NL
1670.0,ip,22,clean,0,0,0.78,3225,increasing,,DE
2257.0,ip,12,clean,0,1,0.73,1373,increasing,,CN
1741.0,ip,36,clean,0,2,0.46,2564,increasing,,BR
4540.0,ip,8,clean,0,0,0.65,1935,decreasing,,DE
8693.0,ip,17,clean,0,0,0.79,2970,stable,,BR
8548.0,ip,15,clean,0,1,0.9,1757,increasing,,CN
7520.0,ip,26,clean,0,0,0.69,1996,stable,,RU
1301.0,ip,43,suspicious,0,3,0.6,1134,increasing,,RU
25413.0,ip,24,clean,0,1,0.87,184,increasing,,FR
4352.0,ip,10,clean,0,1,0.67,1523,stable,,FR
1152.0,ip,35,clean,0,0,0.43,2922,increasing,,NL
2433.0,ip,31,clean,0,1,0.54,499,stable,,DE
4551.0,ip,4,clean,0,0,0.69,3221,increasing,,RU
1407.0,ip,38,clean,0,0,0.64,3053,stable,,FR
231524.0,ip,21,clean,0,1,0.49,3500,stable,,DE
9499.0,ip,66,suspicious,1,3,0.81,793,decreasing,Phishing,BR
1162.0,ip,0,clean,0,0,0.88,1213,increasing,,BR
45591.0,ip,26,clean,0,0,0.58,3570,decreasing,,DE
1238.0,ip,31,clean,0,0,0.82,2432,stable,,FR
5779.0,ip,31,clean,0,2,0.49,3582,stable,,US
6960.0,ip,28,clean,0,2,0.46,2849,increasing,,DE
47555.0,ip,45,suspicious,0,1,0.7,716,decreasing,,DE
2360.0,ip,36,clean,0,1,0.51,2531,decreasing,,BR
2835.0,ip,28,clean,0,0,0.61,2567,stable,,DE
1187.0,ip,10,clean,0,0,0.58,866,decreasing,,RU
2829.0,ip,35,clean,0,2,0.75,3272,decreasing,,FR
4339.0,ip,66,suspicious,1,3,0.43,2887,increasing,Botnet,BR
970.0,ip,13,clean,0,0,0.63,1374,decreasing,,FR
7191.0,ip,30,clean,0,2,0.54,1928,stable,,KP
2260.0,ip,16,clean,0,0,0.5,1219,increasing,,RU
97.0,ip,23,clean,0,2,0.76,2559,stable,,RU
24515.0,ip,68,suspicious,1,4,0.81,100,stable,Botnet,IR
9408.0,ip,44,suspicious,0,3,0.79,3491,increasing,,DE
685.0,ip,12,clean,0,0,0.52,1873,stable,,US
1468.0,ip,30,clean,0,2,0.92,750,decreasing,,US
5282.0,ip,17,clean,0,1,0.7,3097,stable,,NL
173.0,ip,37,clean,0,1,0.64,716,stable,,FR
71089.0,ip,41,suspicious,0,2,0.45,2287,increasing,,FR
6105.0,ip,43,suspicious,0,3,0.74,2343,increasing,,US
1817.0,ip,43,suspicious,0,2,0.61,775,increasing,,NL
31607.0,ip,49,suspicious,0,2,0.47,3418,increasing,,BR
2982.0,ip,42,suspicious,0,1,0.47,35,stable,,CN
71349.0,ip,45,suspicious,0,2,0.8,3023,increasing,,DE
1499.0,ip,29,clean,0,1,0.89,2615,increasing,,CN
729.0,ip,31,clean,0,0,0.45,3347,decreasing,,FR
29022.0,ip,10,clean,0,0,0.5,2630,stable,,BR
14470.0,ip,18,clean,0,0,0.87,2828,stable,,US
134191.0,ip,20,clean,0,1,0.74,2912,increasing,,US
19068.0,ip,62,suspicious,1,4,0.5,1172,increasing,Botnet,DE
530.0,ip,27,clean,0,0,0.81,793,increasing,,NL
95818.0,ip,18,clean,0,0,0.62,1127,stable,,CN
38977.0,ip,13,clean,0,0,0.59,153,increasing,,BR
287795.0,ip,22,clean,0,2,0.51,3421,increasing,,FR
94954.0,ip,24,clean,0,1,0.67,2111,stable,,IR
4191.0,ip,36,clean,0,1,0.52,83,decreasing,,BR
26638.0,ip,3,clean,0,0,0.79,1129,stable,,KP
5744.0,ip,36,clean,0,0,0.75,2996,decreasing,,RU
2122.0,ip,23,clean,0,1,0.7,2355,stable,,NL
11670.0,ip,36,clean,0,2,0.49,2164,increasing,,KP
6908.0,ip,21,clean,0,1,0.85,3225,stable,,RU
4933.0,ip,13,clean,0,0,0.43,2852,increasing,,US
4478.0,ip,28,clean,0,1,0.62,1550,stable,,BR
2832.0,ip,36,clean,0,2,0.7,2261,decreasing,,DE
2401.0,ip,25,clean,0,0,0.87,3530,stable,,CN
690.0,ip,43,suspicious,0,3,0.71,1301,decreasing,,IR
947.0,ip,25,clean,0,2,0.93,498,increasing,,DE
7981.0,ip,12,clean,0,0,0.74,3206,increasing,,BR
3651.0,ip,19,clean,0,1,0.46,1667,increasing,,US
1669.0,ip,26,clean,0,2,0.78,530,stable,,CN
9415.0,ip,21,clean,0,0,0.45,2717,decreasing,,US
7170.0,ip,11,clean,0,0,0.52,1810,decreasing,,NL
7377.0,ip,35,clean,0,1,0.56,2344,stable,,KP
26933.0,ip,24,clean,0,2,0.64,1211,increasing,,BR
1846.0,ip,24,clean,0,1,0.75,1806,stable,,DE
1544.0,ip,21,clean,0,2,0.91,2144,stable,,BR
8127.0,ip,26,clean,0,2,0.63,92,increasing,,BR
4879.0,ip,27,clean,0,1,0.58,2646,stable,,IR
5433.0,ip,23,clean,0,2,0.9,3306,decreasing,,CN
4387.0,ip,22,clean,0,0,0.88,1664,stable,,FR
226436.0,ip,37,clean,0,1,0.62,3460,stable,,IR
1734.0,ip,44,suspicious,0,3,0.8,469,stable,,BR
1252.0,ip,31,clean,0,1,0.65,1005,decreasing,,IR
14921.0,ip,20,clean,0,1,0.73,831,stable,,KP
1554.0,ip,32,clean,0,2,0.42,1432,stable,,FR
2386.0,ip,37,clean,0,0,0.88,1759,stable,,NL
1570.0,ip,35,clean,0,2,0.69,1627,stable,,US
10460.0,ip,25,clean,0,1,0.75,578,stable,,BR
1565.0,ip,24,clean,0,1,0.93,2894,stable,,BR
3797.0,ip,15,clean,0,0,0.42,150,stable,,RU
747.0,ip,28,clean,0,0,0.42,192,stable,,RU
5136.0,ip,30,clean,0,0,0.4,683,increasing,,RU
5030.0,ip,30,clean,0,2,0.93,3241,stable,,BR
33923.0,ip,22,clean,0,0,0.57,2724,stable,,KP
3650.0,ip,28,clean,0,1,0.47,1865,stable,,KP
12328.0,ip,18,clean,0,0,0.82,2512,increasing,,FR
1639.0,ip,27,clean,0,1,0.43,148,stable,,CN
14751.0,ip,10,clean,0,1,0.93,737,stable,,US
5788.0,ip,12,clean,0,0,0.52,958,decreasing,,IR
8146.0,ip,18,clean,0,1,0.64,372,decreasing,,DE
19099.0,ip,43,suspicious,0,1,0.81,3324,stable,,CN
16429.0,ip,32,clean,0,1,0.85,1714,decreasing,,CN
847.0,ip,31,clean,0,0,0.93,482,increasing,,NL
23371.0,ip,11,clean,0,0,0.69,2938,increasing,,RU
6416.0,ip,39,clean,0,0,0.85,824,stable,,NL
31738.0,ip,40,clean,0,3,0.6,3604,stable,,RU
25378.0,ip,35,clean,0,0,0.9,2637,decreasing,,NL
392.0,ip,15,clean,0,0,0.92,190,increasing,,IR
1484.0,ip,31,clean,0,1,0.83,837,decreasing,,CN
4884.0,ip,28,clean,0,2,0.87,2438,decreasing,,CN
2630.0,ip,26,clean,0,2,0.86,2254,increasing,,NL
5404.0,ip,26,clean,0,1,0.86,2911,stable,,IR
4109.0,ip,15,clean,0,1,0.67,441,decreasing,,FR
35337.0,ip,29,clean,0,1,0.73,1532,stable,,BR
6941.0,ip,24,clean,0,2,0.51,2531,stable,,DE
16271.0,ip,28,clean,0,1,0.78,1657,stable,,CN
17804.0,ip,28,clean,0,0,0.5,2094,decreasing,,IR
13899.0,ip,33,clean,0,0,0.85,3584,stable,,BR
8814.0,ip,27,clean,0,0,0.47,411,stable,,RU
4281.0,ip,38,clean,0,0,0.86,364,increasing,,US
51079.0,ip,40,clean,0,3,0.56,1212,stable,,NL
40906.0,ip,27,clean,0,1,0.56,3271,decreasing,,CN
5699.0,ip,38,clean,0,0,0.76,1564,stable,,CN
19982.0,ip,57,suspicious,0,3,0.7,1663,increasing,,CN
614.0,ip,26,clean,0,2,0.77,2764,stable,,US
3821.0,ip,12,clean,0,0,0.73,1738,stable,,BR
95140.0,ip,26,clean,0,1,0.71,216,stable,,BR
36947.0,ip,16,clean,0,0,0.7,826,stable,,FR
12597.0,ip,31,clean,0,1,0.75,1455,increasing,,RU
105135.0,ip,26,clean,0,2,0.48,3116,stable,,RU
3577.0,ip,15,clean,0,0,0.54,2866,stable,,BR
16510.0,ip,17,clean,0,0,0.92,849,increasing,,DE
109081.0,ip,28,clean,0,1,0.7,2858,decreasing,,CN
6933.0,ip,33,clean,0,2,0.77,1088,stable,,RU
70866.0,ip,17,clean,0,0,0.92,987,stable,,RU
2441.0,ip,25,clean,0,1,0.48,360,stable,,DE
4824.0,ip,7,clean,0,0,0.82,1392,stable,,CN
791.0,ip,18,clean,0,1,0.82,2765,increasing,,NL
811.0,ip,38,clean,0,1,0.65,1953,increasing,,BR
31398.0,ip,9,clean,0,0,0.8,1098,stable,,BR
4756.0,ip,46,suspicious,0,1,0.5,1795,increasing,,DE
6027.0,ip,24,clean,0,2,0.83,2150,stable,,DE
605.0,ip,10,clean,0,1,0.51,386,increasing,,FR
715.0,ip,29,clean,0,0,0.48,1671,decreasing,,CN
217352.0,ip,27,clean,0,0,0.5,3356,stable,,BR
10505.0,ip,11,clean,0,0,0.73,594,stable,,IR
1013.0,ip,48,suspicious,0,2,0.94,2558,stable,,DE
511.0,ip,61,suspicious,1,4,0.82,2178,increasing,Scanner,US
16465.0,ip,40,clean,0,2,0.86,1946,decreasing,,DE
7923.0,ip,44,suspicious,0,3,0.86,2057,increasing,,KP
649.0,ip,0,clean,0,1,0.72,3449,increasing,,CN
701.0,ip,38,clean,0,2,0.69,1921,increasing,,DE
196060.0,ip,43,suspicious,0,1,0.66,1851,stable,,NL
309333.0,ip,35,clean,0,2,0.91,3475,decreasing,,RU
311308.0,ip,22,clean,0,2,0.64,829,stable,,FR
262005.0,ip,39,clean,0,2,0.87,1820,increasing,,CN
12192.0,ip,5,clean,0,0,0.46,1939,increasing,,US
577.0,ip,34,clean,0,2,0.44,1112,stable,,CN
54538.0,ip,29,clean,0,0,0.78,3151,decreasing,,KP
95302.0,ip,25,clean,0,0,0.64,2857,increasing,,DE
97873.0,ip,37,clean,0,0,0.73,219,increasing,,RU
37253.0,ip,35,clean,0,1,0.59,221,stable,,US
103906.0,ip,26,clean,0,1,0.84,682,stable,,US
27921.0,ip,24,clean,0,1,0.65,1556,stable,,BR
2632.0,ip,36,clean,0,1,0.6,185,decreasing,,CN
268149.0,ip,29,clean,0,2,0.4,3265,decreasing,,KP
4466.0,ip,36,clean,0,2,0.84,284,stable,,BR
289204.0,ip,41,suspicious,0,3,0.86,1550,decreasing,,CN
743.0,ip,24,clean,0,2,0.87,1795,stable,,US
2775.0,ip,39,clean,0,0,0.47,969,increasing,,US
8653.0,ip,49,suspicious,0,1,0.92,1285,decreasing,,DE
5011.0,ip,52,suspicious,0,2,0.82,3464,stable,,BR
4203.0,ip,43,suspicious,0,3,0.58,104,increasing,,BR
19149.0,ip,56,suspicious,0,1,0.59,2944,stable,,RU
5157.0,ip,21,clean,0,2,0.8,1234,increasing,,NL
2234.0,ip,11,clean,0,0,0.71,373,decreasing,,RU
214752.0,ip,30,clean,0,2,0.81,1265,stable,,KP
6401.0,ip,12,clean,0,0,0.58,1294,increasing,,BR
104013.0,ip,47,suspicious,0,1,0.79,325,stable,,KP
34603.0,ip,25,clean,0,2,0.75,1266,increasing,,RU
153004.0,ip,33,clean,0,1,0.51,3288,stable,,CN
320038.0,ip,26,clean,0,2,0.9,2462,increasing,,NL
46567.0,ip,43,suspicious,0,2,0.82,287,stable,,US
35169.0,ip,14,clean,0,1,0.48,2757,stable,,KP
22091.0,ip,25,clean,0,0,0.86,896,decreasing,,NL
27697.0,ip,40,clean,0,2,0.46,2918,stable,,FR
8905.0,ip,16,clean,0,1,0.72,78,decreasing,,NL
3159.0,ip,21,clean,0,0,0.95,2420,decreasing,,KP
49160.0,ip,53,suspicious,0,2,0.84,2427,stable,,DE
2238.0,ip,33,clean,0,0,0.42,2252,increasing,,CN
1211.0,ip,18,clean,0,0,0.72,2087,increasing,,CN
12475.0,ip,23,clean,0,0,0.92,357,increasing,,FR
5184.0,ip,16,clean,0,0,0.5,1828,stable,,BR
8217.0,ip,1,clean,0,1,0.46,3542,decreasing,,RU
270496.0,ip,24,clean,0,1,0.71,1622,increasing,,DE
147287.0,ip,35,clean,0,2,0.46,2829,stable,,KP
4093.0,ip,31,clean,0,1,0.78,1987,increasing,,NL
2001.0,ip,30,clean,0,2,0.47,2309,increasing,,US
25030.0,ip,39,clean,0,1,0.65,259,increasing,,BR
49022.0,ip,40,clean,0,1,0.57,850,decreasing,,RU
3587.0,ip,57,suspicious,0,1,0.62,2752,decreasing,,IR
27751.0,ip,20,clean,0,2,0.71,1074,stable,,US
23668.0,ip,40,clean,0,3,0.41,2410,increasing,,RU
331894.0,ip,35,clean,0,2,0.57,1540,increasing,,CN
4496.0,ip,14,clean,0,0,0.71,3347,stable,,FR
3376.0,ip,28,clean,0,1,0.75,1900,decreasing,,FR
7567.0,ip,35,clean,0,0,0.88,1546,stable,,RU
14893.0,ip,0,clean,0,0,0.55,1709,decreasing,,BR
9319.0,ip,46,suspicious,0,1,0.79,1954,increasing,,BR
27602.0,ip,5,clean,0,0,0.52,2260,stable,,DE
129613.0,ip,40,clean,0,3,0.64,3158,increasing,,NL
7764.0,ip,22,clean,0,1,0.49,726,stable,,NL
3671.0,ip,44,suspicious,0,3,0.81,2886,stable,,NL
18300.0,ip,27,clean,0,1,0.63,632,decreasing,,RU
2776.0,ip,31,clean,0,0,0.82,2510,stable,,KP
1457.0,ip,39,clean,0,1,0.82,1724,decreasing,,FR
1904.0,ip,48,suspicious,0,3,0.44,3350,stable,,FR
1911.0,ip,27,clean,0,0,0.58,1816,increasing,,CN
7863.0,ip,42,suspicious,0,2,0.87,2233,stable,,RU
3108.0,ip,2,clean,0,0,0.46,3360,decreasing,,US
21252.0,ip,58,suspicious,0,3,0.64,1176,stable,,IR
888.0,ip,23,clean,0,2,0.78,3609,stable,,FR
2727.0,ip,19,clean,0,0,0.79,1458,decreasing,,FR
126804.0,ip,23,clean,0,1,0.91,660,stable,,BR
11847.0,ip,35,clean,0,2,0.88,3119,stable,,CN
13109.0,ip,55,suspicious,0,1,0.45,3459,increasing,,FR
4170.0,ip,9,clean,0,1,0.66,2007,stable,,FR
184.0,ip,34,clean,0,0,0.61,1348,stable,,KP
8603.0,ip,41,suspicious,0,2,0.55,480,increasing,,NL
6390.0,ip,16,clean,0,1,0.55,1963,increasing,,CN
33657.0,ip,25,clean,0,1,0.92,1375,stable,,RU
21275.0,ip,43,suspicious,0,1,0.51,2239,stable,,US
227398.0,ip,40,clean,0,1,0.81,2928,stable,,BR
1240.0,ip,35,clean,0,0,0.87,197,increasing,,FR
4655.0,ip,34,clean,0,2,0.4,2323,stable,,KP
27268.0,ip,48,suspicious,0,3,0.5,2054,increasing,,RU
3923.0,ip,53,suspicious,0,2,0.42,3311,increasing,,BR
95862.0,ip,28,clean,0,1,0.57,2899,increasing,,CN
215861.0,ip,31,clean,0,0,0.47,3433,decreasing,,US
34234.0,ip,50,suspicious,0,2,0.88,3072,stable,,RU
282830.0,ip,24,clean,0,1,0.58,1470,stable,,BR
2293.0,ip,27,clean,0,2,0.77,1089,stable,,US
37137.0,ip,23,clean,0,1,0.42,939,stable,,BR
30167.0,ip,29,clean,0,2,0.81,214,increasing,,DE
3822.0,ip,52,suspicious,0,3,0.41,941,increasing,,KP
5173.0,ip,37,clean,0,1,0.69,701,stable,,FR
6096.0,ip,39,clean,0,0,0.52,2458,stable,,BR
32995.0,ip,33,clean,0,0,0.5,1392,stable,,IR
11183.0,ip,2,clean,0,1,0.63,2726,decreasing,,KP
83562.0,ip,25,clean,0,1,0.64,1868,stable,,DE
1314.0,ip,22,clean,0,1,0.51,1506,increasing,,DE
1947.0,ip,47,suspicious,0,2,0.81,2021,increasing,,RU
2390.0,ip,15,clean,0,1,0.59,2442,decreasing,,FR
53180.0,ip,22,clean,0,1,0.94,1159,stable,,FR
8216.0,ip,32,clean,0,2,0.63,1280,decreasing,,NL
37882.0,ip,46,suspicious,0,2,0.95,2860,stable,,NL
15269.0,ip,19,clean,0,0,0.56,3092,stable,,BR
39872.0,ip,14,clean,0,0,0.72,3154,stable,,US
2562.0,ip,31,clean,0,1,0.53,1248,increasing,,IR
37186.0,ip,18,clean,0,0,0.74,1928,stable,,BR
13831.0,ip,3,clean,0,0,0.65,3416,increasing,,RU
23629.0,ip,22,clean,0,0,0.63,3206,increasing,,FR
6422.0,ip,14,clean,0,1,0.69,1070,stable,,CN
257072.0,ip,36,clean,0,2,0.54,2861,stable,,DE
5816.0,ip,31,clean,0,0,0.55,1457,stable,,BR
68673.0,ip,40,clean,0,3,0.62,2614,stable,,RU
1745.0,ip,14,clean,0,1,0.73,2340,increasing,,FR
11016.0,ip,37,clean,0,0,0.64,3398,increasing,,CN
52435.0,ip,29,clean,0,0,0.77,1671,stable,,CN
23071.0,ip,53,suspicious,0,3,0.68,2562,stable,,BR
2606.0,ip,1,clean,0,0,0.78,2560,stable,,IR
203599.0,ip,23,clean,0,0,0.67,2114,stable,,US
53269.0,ip,27,clean,0,0,0.55,907,increasing,,CN
359081.0,ip,6,clean,0,1,0.93,845,stable,,US
29175.0,ip,4,clean,0,0,0.46,2565,increasing,,DE
48235.0,ip,2,clean,0,0,0.69,3295,stable,,IR
31949.0,ip,15,clean,0,1,0.85,2443,stable,,CN
10988.0,ip,58,suspicious,0,1,0.6,2368,increasing,,NL
19152.0,ip,56,suspicious,0,2,0.44,2964,decreasing,,RU
3276.0,ip,50,suspicious,0,3,0.76,1166,stable,,DE
6200.0,ip,40,clean,0,2,0.44,98,decreasing,,KP
7255.0,ip,52,suspicious,0,2,0.54,3289,stable,,US
15368.0,ip,14,clean,0,0,0.92,815,stable,,CN
3858.0,ip,29,clean,0,2,0.68,40,stable,,FR
14780.0,ip,16,clean,0,0,0.63,1724,stable,,BR
209781.0,ip,6,clean,0,0,0.72,3414,decreasing,,CN
4488.0,ip,45,suspicious,0,2,0.45,1376,stable,,RU
8273.0,ip,7,clean,0,1,0.51,844,stable,,IR
15179.0,ip,53,suspicious,0,3,0.44,1952,increasing,,NL
351079.0,ip,18,clean,0,0,0.7,2913,stable,,CN
16274.0,ip,16,clean,0,0,0.66,729,stable,,IR
85675.0,ip,23,clean,0,2,0.48,2912,stable,,CN
4165.0,ip,25,clean,0,0,0.49,3064,stable,,RU
53602.0,ip,33,clean,0,2,0.57,2025,increasing,,CN
135999.0,ip,30,clean,0,0,0.85,2403,decreasing,,CN
96450.0,ip,48,suspicious,0,1,0.81,3496,decreasing,,IR
514.0,ip,18,clean,0,1,0.54,47,stable,,US
258.0,ip,28,clean,0,2,0.44,2802,stable,,FR
10282.0,ip,13,clean,0,0,0.93,3153,increasing,,RU
44513.0,ip,50,suspicious,0,2,0.6,1080,stable,,BR
5097.0,ip,18,clean,0,0,0.86,1700,stable,,US
27813.0,ip,32,clean,0,2,0.43,3219,stable,,RU
499.0,ip,0,clean,0,0,0.57,740,decreasing,,DE
3125.0,ip,26,clean,0,0,0.4,366,decreasing,,FR
260394.0,ip,32,clean,0,2,0.66,1643,decreasing,,IR
52256.0,ip,39,clean,0,2,0.8,2285,increasing,,CN
378.0,ip,39,clean,0,1,0.73,1024,increasing,,DE
267.0,ip,24,clean,0,2,0.51,2142,stable,,FR
41309.0,ip,0,clean,0,1,0.43,3527,increasing,,NL
12080.0,ip,41,suspicious,0,3,0.52,54,stable,,NL
39873.0,ip,29,clean,0,1,0.58,757,stable,,BR
17735.0,ip,49,suspicious,0,2,0.82,3051,stable,,IR
302970.0,ip,16,clean,0,0,0.61,2998,increasing,,US
182.0,ip,24,clean,0,1,0.58,2980,increasing,,US
41628.0,ip,10,clean,0,0,0.44,2132,stable,,DE
188780.0,ip,5,clean,0,1,0.9,2846,decreasing,,IR
36538.0,ip,18,clean,0,0,0.76,2377,stable,,KP
20495.0,ip,0,clean,0,1,0.87,3283,increasing,,RU
1978.0,ip,49,suspicious,0,2,0.54,2340,stable,,IR
187405.0,ip,40,clean,0,3,0.67,1736,stable,,RU
250066.0,ip,23,clean,0,0,0.88,2909,stable,,KP
21419.0,ip,40,clean,0,3,0.61,285,stable,,RU
32475.0,ip,18,clean,0,0,0.7,1543,increasing,,RU
29968.0,ip,0,clean,0,0,0.45,2551,stable,,RU
41599.0,ip,17,clean,0,1,0.44,196,increasing,,NL
7306.0,ip,27,clean,0,2,0.75,3580,increasing,,DE
1289.0,ip,27,clean,0,1,0.64,1910,decreasing,,DE
21781.0,ip,46,suspicious,0,2,0.61,818,stable,,BR
8322.0,ip,17,clean,0,0,0.94,935,increasing,,RU
157670.0,ip,45,suspicious,0,2,0.87,2231,increasing,,IR
5653.0,ip,34,clean,0,0,0.73,804,stable,,US
7579.0,ip,43,suspicious,0,2,0.5,2840,decreasing,,KP
90725.0,ip,9,clean,0,0,0.55,607,decreasing,,IR
61831.0,ip,16,clean,0,0,0.53,3391,decreasing,,KP
13238.0,ip,36,clean,0,0,0.92,3217,increasing,,FR
34151.0,ip,43,suspicious,0,2,0.55,166,stable,,FR
119748.0,ip,23,clean,0,0,0.87,28,stable,,RU
251726.0,ip,6,clean,0,0,0.76,1570,increasing,,NL
4015.0,ip,37,clean,0,0,0.47,398,stable,,CN
31953.0,ip,52,suspicious,0,3,0.5,2157,increasing,,FR
59650.0,ip,44,suspicious,0,1,0.54,2860,decreasing,,BR
6666.0,ip,24,clean,0,2,0.81,2121,increasing,,NL
14101.0,ip,46,suspicious,0,3,0.65,1837,stable,,IR
144128.0,ip,40,clean,0,1,0.47,1104,stable,,RU
11691.0,ip,3,clean,0,0,0.74,68,decreasing,,BR
226093.0,ip,14,clean,0,1,0.47,656,stable,,IR
10281.0,ip,35,clean,0,2,0.49,1345,stable,,CN
11072.0,ip,16,clean,0,1,0.4,1286,stable,,US
265624.0,ip,23,clean,0,1,0.58,963,stable,,RU
26054.0,ip,24,clean,0,2,0.8,3299,decreasing,,IR
12076.0,ip,25,clean,0,0,0.48,1970,increasing,,US
3981.0,ip,27,clean,0,2,0.75,128,stable,,CN
69452.0,ip,32,clean,0,2,0.5,165,stable,,CN
261142.0,ip,48,suspicious,0,2,0.82,724,increasing,,RU
110462.0,ip,26,clean,0,0,0.42,3341,stable,,FR
2284.0,ip,48,suspicious,0,2,0.84,1476,stable,,CN
298857.0,ip,21,clean,0,2,0.77,1120,increasing,,FR
27935.0,ip,23,clean,0,1,0.46,1306,stable,,CN
66339.0,ip,14,clean,0,0,0.68,3266,increasing,,NL
19190.0,ip,10,clean,0,1,0.63,2271,stable,,RU
237.0,ip,33,clean,0,1,0.82,305,stable,,DE
244505.0,ip,27,clean,0,2,0.52,205,stable,,CN
7003.0,ip,32,clean,0,2,0.89,707,increasing,,US
105931.0,ip,11,clean,0,0,0.66,1803,stable,,CN
5408.0,ip,35,clean,0,2,0.59,3461,increasing,,NL
6542.0,ip,10,clean,0,1,0.87,3644,decreasing,,US
25954.0,ip,9,clean,0,0,0.8,3604,stable,,FR
4063.0,ip,50,suspicious,0,1,0.49,2523,decreasing,,US
13583.0,ip,24,clean,0,2,0.57,2895,stable,,NL
2050.0,ip,44,suspicious,0,2,0.44,1150,stable,,IR
195884.0,ip,16,clean,0,1,0.79,2671,stable,,RU
13494.0,ip,54,suspicious,0,3,0.58,3092,decreasing,,CN
160.0,ip,31,clean,0,1,0.85,1343,stable,,IR
100092.0,ip,0,clean,0,0,0.82,3417,stable,,KP
6979.0,ip,6,clean,0,1,0.77,2549,stable,,BR
22088.0,ip,47,suspicious,0,2,0.64,2899,increasing,,IR
247071.0,ip,53,suspicious,0,3,0.69,2225,increasing,,CN
326717.0,ip,53,suspicious,0,2,0.69,485,increasing,,FR
58347.0,ip,16,clean,0,0,0.78,3052,decreasing,,RU
45259.0,ip,36,clean,0,0,0.57,1264,stable,,FR
4005.0,ip,7,clean,0,0,0.48,2902,stable,,FR
3532.0,ip,32,clean,0,0,0.46,2524,decreasing,,IR
192313.0,ip,13,clean,0,0,0.49,2262,increasing,,BR
48387.0,ip,50,suspicious,0,2,0.4,78,stable,,NL
12944.0,ip,38,clean,0,1,0.46,1459,decreasing,,CN
1617.0,ip,68,suspicious,1,3,0.83,403,stable,Botnet,CN
3158.0,ip,28,clean,0,0,0.49,391,stable,,CN
31444.0,ip,10,clean,0,0,0.58,2029,decreasing,,US
70867.0,ip,30,clean,0,1,0.85,2154,stable,,DE
2400.0,ip,3,clean,0,0,0.51,2614,stable,,IR
3615.0,ip,35,clean,0,2,0.54,2402,stable,,US
249619.0,ip,37,clean,0,2,0.7,264,decreasing,,NL
422.0,ip,59,suspicious,0,3,0.86,2981,decreasing,,US
300171.0,ip,10,clean,0,1,0.58,405,increasing,,DE
94151.0,ip,40,clean,0,2,0.56,2711,decreasing,,IR
197939.0,ip,62,suspicious,1,4,0.61,135,stable,Malware-C2,US
6513.0,ip,40,clean,0,3,0.85,361,stable,,CN
39689.0,ip,0,clean,0,0,0.67,398,increasing,,NL
13367.0,ip,36,clean,0,1,0.73,3478,increasing,,IR
678.0,ip,18,clean,0,0,0.57,949,stable,,IR
16819.0,ip,56,suspicious,0,2,0.9,2246,decreasing,,RU
541.0,ip,42,suspicious,0,2,0.64,1455,stable,,DE
2774.0,ip,47,suspicious,0,3,0.51,1854,increasing,,FR
153380.0,ip,12,clean,0,0,0.41,1681,decreasing,,KP
19205.0,ip,15,clean,0,0,0.63,1950,stable,,FR
8979.0,ip,53,suspicious,0,3,0.44,3174,stable,,IR
68048.0,ip,45,suspicious,0,2,0.68,249,stable,,FR
96200.0,ip,22,clean,0,0,0.64,1317,increasing,,RU
4518.0,ip,25,clean,0,2,0.48,1135,increasing,,NL
20591.0,ip,9,clean,0,0,0.7,1310,increasing,,DE
59485.0,ip,45,suspicious,0,1,0.61,3223,stable,,CN
197815.0,ip,37,clean,0,2,0.56,2091,increasing,,IR
107860.0,ip,19,clean,0,0,0.68,1244,increasing,,KP
32608.0,ip,11,clean,0,0,0.86,840,stable,,KP
48205.0,ip,47,suspicious,0,1,0.4,1648,increasing,,IR
358715.0,ip,0,clean,0,1,0.75,1693,stable,,BR
8272.0,ip,32,clean,0,1,0.42,161,increasing,,CN
1244.0,ip,36,clean,0,1,0.83,2953,increasing,,KP
41373.0,ip,11,clean,0,0,0.46,1686,decreasing,,DE
40.0,ip,46,suspicious,0,3,0.77,3239,stable,,CN
281784.0,ip,20,clean,0,0,0.53,3026,increasing,,IR
206317.0,ip,0,clean,0,1,0.58,111,increasing,,CN
164948.0,ip,9,clean,0,1,0.59,2414,decreasing,,BR
1641.0,ip,8,clean,0,1,0.77,2232,increasing,,CN
210033.0,ip,19,clean,0,0,0.93,1821,stable,,DE
18333.0,ip,18,clean,0,1,0.7,2979,increasing,,BR
170687.0,ip,4,clean,0,0,0.74,2948,stable,,NL
73164.0,ip,41,suspicious,0,2,0.69,743,decreasing,,DE
69925.0,ip,27,clean,0,0,0.61,2679,stable,,RU
70038.0,ip,30,clean,0,1,0.89,1135,stable,,DE
17399.0,ip,16,clean,0,1,0.41,2260,stable,,US
62513.0,ip,28,clean,0,1,0.45,1266,increasing,,US
289653.0,ip,30,clean,0,0,0.55,970,stable,,US
252045.0,ip,7,clean,0,1,0.54,98,stable,,BR
43724.0,ip,36,clean,0,1,0.87,1004,decreasing,,BR
2662.0,ip,32,clean,0,0,0.42,2055,decreasing,,NL
2481.0,ip,0,clean,0,0,0.64,2897,stable,,US
48019.0,ip,3,clean,0,0,0.88,2143,increasing,,US
53239.0,ip,35,clean,0,0,0.76,3439,decreasing,,NL
172801.0,ip,37,clean,0,1,0.41,2321,decreasing,,CN
3411.0,ip,23,clean,0,1,0.75,1444,stable,,US
20747.0,ip,38,clean,0,2,0.65,2490,decreasing,,BR
12711.0,ip,21,clean,0,1,0.44,598,stable,,DE
266285.0,ip,11,clean,0,0,0.7,2097,stable,,FR
41011.0,ip,11,clean,0,1,0.65,2027,stable,,DE
83868.0,ip,9,clean,0,0,0.92,1305,increasing,,RU
106335.0,ip,36,clean,0,2,0.79,2548,decreasing,,CN
298443.0,ip,33,clean,0,2,0.61,2313,stable,,NL
3265.0,ip,1,clean,0,0,0.51,3022,increasing,,US
24507.0,ip,48,suspicious,0,3,0.67,3485,stable,,KP
70670.0,ip,21,clean,0,0,0.82,1055,stable,,DE
107521.0,ip,45,suspicious,0,2,0.5,2079,increasing,,CN
248445.0,ip,29,clean,0,1,0.86,2719,stable,,CN
18916.0,ip,40,clean,0,2,0.6,3405,stable,,IR
421.0,ip,21,clean,0,0,0.57,2047,increasing,,DE
14989.0,ip,34,clean,0,0,0.41,3227,stable,,KP
2295.0,ip,49,suspicious,0,3,0.74,2637,stable,,RU
2106.0,ip,2,clean,0,1,0.53,2002,decreasing,,US
63975.0,ip,58,suspicious,0,3,0.79,3248,decreasing,,RU
37722.0,ip,37,clean,0,1,0.53,2042,increasing,,RU
6609.0,ip,46,suspicious,0,3,0.78,422,stable,,US
96424.0,ip,2,clean,0,1,0.93,1051,increasing,,KP
23947.0,ip,21,clean,0,1,0.77,422,decreasing,,NL
249005.0,ip,43,suspicious,0,2,0.9,739,increasing,,BR
91142.0,ip,26,clean,0,0,0.86,1841,increasing,,CN
12280.0,ip,52,suspicious,0,1,0.47,896,decreasing,,RU
899.0,ip,27,clean,0,1,0.8,1685,decreasing,,KP
88366.0,ip,48,suspicious,0,2,0.44,852,stable,,IR
134228.0,ip,21,clean,0,0,0.52,2231,increasing,,BR
26685.0,ip,38,clean,0,2,0.91,586,stable,,FR
74439.0,ip,4,clean,0,0,0.93,2739,increasing,,RU
1303.0,ip,14,clean,0,0,0.6,2337,decreasing,,CN
229985.0,ip,45,suspicious,0,3,0.53,3593,decreasing,,CN
34938.0,ip,22,clean,0,0,0.51,3488,increasing,,IR
23829.0,ip,35,clean,0,0,0.89,1207,decreasing,,IR
132487.0,ip,41,suspicious,0,1,0.46,20,increasing,,RU
257401.0,ip,25,clean,0,1,0.88,2694,stable,,US
6633.0,ip,40,clean,0,1,0.81,3273,increasing,,CN
26592.0,ip,21,clean,0,1,0.75,1770,stable,,CN
133094.0,ip,12,clean,0,1,0.69,3149,decreasing,,RU
346048.0,ip,8,clean,0,0,0.7,3063,stable,,KP
333805.0,ip,6,clean,0,0,0.41,3305,stable,,BR
20621.0,ip,0,clean,0,0,0.81,3124,increasing,,RU
136203.0,ip,40,clean,0,2,0.71,1209,stable,,RU
164353.0,ip,28,clean,0,0,0.87,1682,stable,,IR
256592.0,ip,1,clean,0,0,0.66,583,stable,,US
518.0,ip,28,clean,0,2,0.67,381,increasing,,CN
90080.0,ip,20,clean,0,2,0.72,1319,increasing,,DE
43016.0,ip,26,clean,0,1,0.89,2717,increasing,,CN
23823.0,ip,26,clean,0,2,0.9,2906,increasing,,US
284675.0,ip,21,clean,0,1,0.49,2772,decreasing,,BR
2331.0,ip,40,clean,0,2,0.45,1240,stable,,BR
17889.0,ip,35,clean,0,0,0.63,202,decreasing,,CN
29519.0,ip,41,suspicious,0,1,0.7,1292,stable,,RU
14206.0,ip,39,clean,0,2,0.44,1903,stable,,NL
43718.0,ip,18,clean,0,0,0.58,384,increasing,,US
24055.0,ip,16,clean,0,0,0.43,1680,stable,,CN
19279.0,ip,29,clean,0,1,0.82,2182,stable,,US
21334.0,ip,25,clean,0,0,0.88,3088,increasing,,FR
103240.0,ip,35,clean,0,1,0.55,431,stable,,NL
148563.0,ip,1,clean,0,0,0.9,2497,stable,,BR
74579.0,ip,0,clean,0,1,0.62,564,stable,,US
34058.0,ip,13,clean,0,0,0.57,2909,decreasing,,IR
36859.0,ip,42,suspicious,0,3,0.76,814,decreasing,,KP
7286.0,ip,49,suspicious,0,1,0.73,449,stable,,RU
96710.0,ip,9,clean,0,0,0.85,726,stable,,BR
4397.0,ip,38,clean,0,2,0.86,3026,increasing,,RU
1454.0,ip,41,suspicious,0,3,0.47,57,increasing,,RU
12231.0,ip,6,clean,0,0,0.45,506,increasing,,CN
298667.0,ip,23,clean,0,2,0.85,1732,increasing,,IR
97429.0,ip,31,clean,0,0,0.68,1529,increasing,,DE
26686.0,ip,21,clean,0,2,0.68,3109,stable,,CN
7126.0,ip,33,clean,0,2,0.67,3627,stable,,FR
48234.0,ip,52,suspicious,0,1,0.41,1481,increasing,,US
4741.0,ip,31,clean,0,0,0.91,3425,stable,,RU
44621.0,ip,13,clean,0,0,0.47,427,increasing,,US
65205.0,ip,37,clean,0,1,0.61,257,stable,,FR
30821.0,ip,10,clean,0,1,0.48,2806,increasing,,RU
531.0,ip,23,clean,0,0,0.81,2260,decreasing,,CN
2152.0,ip,39,clean,0,2,0.48,2697,stable,,BR
23741.0,ip,26,clean,0,2,0.73,2681,stable,,CN
45529.0,ip,20,clean,0,1,0.5,2282,stable,,CN
57147.0,ip,54,suspicious,0,2,0.9,582,stable,,US
38895.0,ip,7,clean,0,0,0.58,41,stable,,IR
195.0,ip,19,clean,0,0,0.93,1842,stable,,FR
93674.0,ip,53,suspicious,0,2,0.83,921,stable,,DE
67480.0,ip,6,clean,0,0,0.54,1887,stable,,FR
300317.0,ip,18,clean,0,0,0.76,3148,increasing,,DE
41231.0,ip,4,clean,0,1,0.6,3416,stable,,NL
183617.0,ip,13,clean,0,0,0.44,757,decreasing,,FR
50624.0,ip,45,suspicious,0,1,0.82,3497,increasing,,DE
332227.0,ip,15,clean,0,0,0.48,429,stable,,CN
20662.0,ip,58,suspicious,0,2,0.59,2326,increasing,,US
6638.0,ip,13,clean,0,0,0.85,169,increasing,,IR
617.0,ip,21,clean,0,0,0.62,3177,increasing,,US
235675.0,ip,36,clean,0,1,0.44,253,increasing,,BR
846.0,ip,27,clean,0,0,0.41,135,increasing,,IR
5170.0,ip,0,clean,0,0,0.87,3598,stable,,FR
29095.0,ip,28,clean,0,1,0.93,1660,stable,,US
21864.0,ip,25,clean,0,2,0.58,1855,increasing,,US
10152.0,ip,49,suspicious,0,3,0.91,817,decreasing,,IR
108131.0,ip,15,clean,0,0,0.71,576,decreasing,,BR
8371.0,ip,20,clean,0,1,0.81,2627,increasing,,CN
15316.0,ip,11,clean,0,0,0.8,3339,stable,,BR
29704.0,ip,6,clean,0,0,0.8,1995,stable,,NL
1987.0,ip,10,clean,0,1,0.75,269,stable,,US
104088.0,ip,2,clean,0,0,0.56,338,stable,,RU
25484.0,ip,15,clean,0,0,0.76,1647,stable,,US
52646.0,ip,21,clean,0,2,0.76,899,stable,,US
4087.0,ip,33,clean,0,1,0.79,861,stable,,CN
4498.0,ip,4,clean,0,1,0.59,977,stable,,CN
80973.0,ip,57,suspicious,0,3,0.43,2702,increasing,,CN
138405.0,ip,18,clean,0,0,0.49,899,stable,,NL
29822.0,ip,16,clean,0,1,0.41,3646,stable,,KP
325933.0,ip,51,suspicious,0,2,0.66,1066,increasing,,IR
135850.0,ip,5,clean,0,0,0.72,439,increasing,,BR
272687.0,ip,12,clean,0,0,0.59,3549,stable,,NL
243879.0,ip,24,clean,0,2,0.79,810,increasing,,CN
5340.0,ip,18,clean,0,0,0.52,528,stable,,BR
355004.0,ip,2,clean,0,0,0.65,1389,stable,,FR
339107.0,ip,13,clean,0,0,0.44,1746,stable,,BR
154337.0,ip,10,clean,0,1,0.64,1186,stable,,BR
240496.0,ip,43,suspicious,0,1,0.4,2277,stable,,DE
12722.0,ip,14,clean,0,0,0.91,1362,stable,,RU
2041.0,ip,0,clean,0,0,0.64,930,increasing,,US
101.0,ip,36,clean,0,1,0.95,1785,decreasing,,KP
2857.0,ip,32,clean,0,2,0.9,1523,stable,,CN
18972.0,ip,43,suspicious,0,3,0.52,2026,decreasing,,IR
14267.0,ip,6,clean,0,0,0.82,1803,stable,,CN
22086.0,ip,21,clean,0,2,0.84,1320,increasing,,BR
143730.0,ip,24,clean,0,2,0.44,2512,decreasing,,FR
24965.0,ip,18,clean,0,0,0.83,2034,increasing,,US
16343.0,ip,37,clean,0,0,0.49,568,increasing,,CN
25334.0,ip,26,clean,0,2,0.5,2249,decreasing,,FR
2159.0,ip,15,clean,0,0,0.64,2535,increasing,,FR
218235.0,ip,46,suspicious,0,2,0.44,2163,increasing,,DE
58257.0,ip,46,suspicious,0,2,0.47,1996,stable,,CN
104905.0,ip,1,clean,0,0,0.83,2597,decreasing,,IR
290458.0,ip,8,clean,0,1,0.48,1490,stable,,FR
186733.0,ip,24,clean,0,2,0.86,2703,increasing,,US
108177.0,ip,16,clean,0,0,0.54,2353,stable,,BR
2539.0,ip,34,clean,0,1,0.44,504,increasing,,NL
192167.0,ip,42,suspicious,0,2,0.92,2154,stable,,US
11926.0,ip,50,suspicious,0,1,0.42,2096,stable,,DE
134827.0,ip,3,clean,0,0,0.91,2248,stable,,IR
9556.0,ip,32,clean,0,2,0.46,2599,increasing,,NL
96096.0,ip,37,clean,0,1,0.51,1354,increasing,,RU
490.0,ip,21,clean,0,2,0.71,1576,stable,,CN
279099.0,ip,43,suspicious,0,1,0.45,228,decreasing,,CN
127143.0,ip,28,clean,0,0,0.67,3284,increasing,,RU
4053.0,ip,37,clean,0,0,0.67,577,decreasing,,RU
99276.0,ip,54,suspicious,0,3,0.6,3562,stable,,IR
9775.0,ip,33,clean,0,1,0.65,2997,stable,,BR
5127.0,ip,72,malicious,1,3,0.48,176,increasing,Phishing,BR
1266.0,ip,11,clean,0,0,0.73,915,stable,,NL
4967.0,ip,49,suspicious,0,3,0.42,973,decreasing,,BR
238425.0,ip,26,clean,0,1,0.84,420,increasing,,CN
22102.0,ip,26,clean,0,1,0.43,3606,increasing,,KP
181223.0,ip,35,clean,0,1,0.6,2917,increasing,,RU
3416.0,ip,7,clean,0,0,0.92,2531,stable,,US
42069.0,ip,31,clean,0,2,0.43,2526,increasing,,US
24.0,ip,26,clean,0,2,0.94,3438,decreasing,,NL
8447.0,ip,7,clean,0,0,0.87,2907,stable,,US
3511.0,ip,27,clean,0,1,0.8,3323,decreasing,,CN
44989.0,ip,0,clean,0,0,0.72,1115,decreasing,,US
60111.0,ip,13,clean,0,0,0.67,2144,stable,,DE
29542.0,ip,13,clean,0,0,0.58,1508,stable,,CN
193849.0,ip,55,suspicious,0,2,0.59,2660,stable,,NL
45960.0,ip,43,suspicious,0,1,0.93,3646,decreasing,,DE
323261.0,ip,38,clean,0,2,0.76,632,stable,,NL
6483.0,ip,35,clean,0,1,0.5,209,decreasing,,BR
56230.0,ip,26,clean,0,1,0.82,2499,stable,,IR
4355.0,ip,16,clean,0,1,0.69,3468,increasing,,CN
14285.0,ip,24,clean,0,2,0.63,1237,decreasing,,RU
3816.0,ip,53,suspicious,0,2,0.45,643,stable,,BR
6768.0,ip,49,suspicious,0,3,0.86,1466,decreasing,,KP
2486.0,ip,40,clean,0,3,0.56,63,stable,,CN
103974.0,ip,28,clean,0,1,0.86,1121,decreasing,,CN
8611.0,ip,42,suspicious,0,3,0.59,3102,increasing,,US
109957.0,ip,6,clean,0,0,0.55,295,stable,,IR
4350.0,ip,29,clean,0,0,0.57,1355,increasing,,CN
20046.0,ip,39,clean,0,1,0.81,244,stable,,NL
1516.0,ip,57,suspicious,0,1,0.88,1548,decreasing,,US
8626.0,ip,25,clean,0,1,0.59,427,stable,,NL
240806.0,ip,39,clean,0,2,0.94,1753,stable,,BR
17230.0,ip,6,clean,0,0,0.7,928,stable,,DE
303838.0,ip,21,clean,0,0,0.84,489,decreasing,,RU
21229.0,ip,22,clean,0,0,0.88,3033,increasing,,FR
6010.0,ip,28,clean,0,1,0.49,3242,increasing,,FR
274474.0,ip,21,clean,0,2,0.84,3204,stable,,RU
16186.0,ip,31,clean,0,1,0.72,3582,stable,,DE
22626.0,ip,29,clean,0,1,0.54,2457,decreasing,,BR
331803.0,ip,21,clean,0,0,0.74,2349,stable,,RU
128991.0,ip,29,clean,0,1,0.6,2712,decreasing,,BR
43569.0,ip,38,clean,0,1,0.69,1393,decreasing,,RU
24344.0,ip,12,clean,0,1,0.57,1604,increasing,,BR
213231.0,ip,26,clean,0,0,0.59,783,decreasing,,KP
209089.0,ip,40,clean,0,1,0.9,1810,increasing,,BR
8424.0,ip,3,clean,0,0,0.88,442,stable,,NL
7872.0,ip,67,suspicious,1,2,0.67,2380,stable,Malware-C2,RU
15943.0,ip,12,clean,0,1,0.59,140,stable,,FR
46091.0,ip,29,clean,0,0,0.88,1993,stable,,FR
50437.0,ip,57,suspicious,0,1,0.89,3442,stable,,KP
33645.0,ip,22,clean,0,1,0.89,1597,stable,,IR
243303.0,ip,41,suspicious,0,3,0.5,1526,decreasing,,CN
15111.0,ip,37,clean,0,2,0.52,68,decreasing,,BR
9133.0,ip,0,clean,0,0,0.47,2133,decreasing,,CN
328226.0,ip,4,clean,0,0,0.95,1676,stable,,US
3535.0,ip,9,clean,0,0,0.55,1187,increasing,,US
78532.0,ip,53,suspicious,0,1,0.84,176,stable,,FR
6068.0,ip,35,clean,0,1,0.68,350,stable,,CN
58966.0,ip,15,clean,0,0,0.76,262,stable,,NL
92487.0,ip,8,clean,0,0,0.52,1466,stable,,NL
1656.0,ip,19,clean,0,0,0.89,370,decreasing,,US
45273.0,ip,20,clean,0,2,0.52,2325,stable,,CN
27841.0,ip,33,clean,0,1,0.81,2205,increasing,,KP
226603.0,ip,37,clean,0,0,0.46,3488,increasing,,NL
3436.0,ip,25,clean,0,0,0.85,1176,increasing,,RU
62167.0,ip,11,clean,0,0,0.64,159,increasing,,CN
81799.0,ip,27,clean,0,0,0.89,925,increasing,,US
139233.0,ip,17,clean,0,0,0.59,0,increasing,,FR
212884.0,ip,45,suspicious,0,2,0.42,1523,increasing,,BR
59605.0,ip,30,clean,0,2,0.62,3214,increasing,,FR
294060.0,ip,6,clean,0,0,0.9,1828,increasing,,CN
6364.0,ip,41,suspicious,0,2,0.65,477,increasing,,US
9590.0,ip,17,clean,0,0,0.59,460,stable,,BR
251975.0,ip,16,clean,0,1,0.52,2623,increasing,,IR
5110.0,ip,8,clean,0,0,0.63,1515,stable,,RU
29387.0,ip,23,clean,0,0,0.88,2158,decreasing,,NL
284602.0,ip,32,clean,0,2,0.92,3495,stable,,NL
73.0,ip,9,clean,0,1,0.86,2899,decreasing,,US
19222.0,ip,21,clean,0,1,0.89,3545,stable,,CN
62282.0,ip,38,clean,0,2,0.65,693,decreasing,,IR
23373.0,ip,28,clean,0,2,0.82,71,decreasing,,BR
54363.0,ip,15,clean,0,0,0.7,3316,stable,,CN
45726.0,ip,44,suspicious,0,3,0.67,3052,increasing,,BR
82752.0,ip,40,clean,0,3,0.54,213,stable,,CN
60439.0,ip,27,clean,0,0,0.79,2992,stable,,CN
33289.0,ip,3,clean,0,0,0.5,609,stable,,RU
11660.0,ip,25,clean,0,1,0.76,2057,stable,,DE
126424.0,ip,47,suspicious,0,3,0.53,2992,stable,,BR
5034.0,ip,30,clean,0,2,0.78,2985,stable,,FR
4555.0,ip,34,clean,0,0,0.76,1450,stable,,BR
2520.0,ip,43,suspicious,0,2,0.81,2311,stable,,RU
194366.0,ip,3,clean,0,0,0.41,2405,increasing,,RU
9363.0,ip,23,clean,0,1,0.81,3616,stable,,RU
25078.0,ip,29,clean,0,1,0.91,358,increasing,,IR
51644.0,ip,7,clean,0,1,0.71,1031,stable,,RU
10081.0,ip,39,clean,0,1,0.65,1390,stable,,CN
358098.0,ip,42,suspicious,0,2,0.67,1806,decreasing,,BR
337797.0,ip,11,clean,0,0,0.66,1254,stable,,CN
280269.0,ip,23,clean,0,0,0.44,2203,stable,,DE
135394.0,ip,36,clean,0,0,0.9,941,increasing,,BR
194316.0,ip,35,clean,0,1,0.43,381,increasing,,KP
230508.0,ip,7,clean,0,0,0.51,3440,stable,,BR
47928.0,ip,30,clean,0,2,0.67,1965,decreasing,,RU
172169.0,ip,8,clean,0,0,0.62,2122,increasing,,NL
268302.0,ip,41,suspicious,0,3,0.78,1040,stable,,NL
16849.0,ip,34,clean,0,0,0.61,498,stable,,FR
23227.0,ip,46,suspicious,0,1,0.93,364,stable,,US
1835.0,ip,0,clean,0,0,0.66,2450,increasing,,CN
8549.0,ip,58,suspicious,0,1,0.95,2371,stable,,IR
896.0,ip,44,suspicious,0,3,0.56,2286,stable,,DE
24357.0,ip,20,clean,0,2,0.68,1768,increasing,,RU
717.0,ip,12,clean,0,0,0.7,2430,increasing,,DE
25902.0,ip,34,clean,0,0,0.61,1181,stable,,IR
5037.0,ip,4,clean,0,0,0.69,358,stable,,CN
8143.0,ip,45,suspicious,0,3,0.82,3266,stable,,RU
19469.0,ip,43,suspicious,0,1,0.43,2612,decreasing,,CN
346006.0,ip,1,clean,0,0,0.62,2428,stable,,KP
299587.0,ip,27,clean,0,1,0.59,540,stable,,KP
4258.0,ip,34,clean,0,2,0.95,7,stable,,IR
107795.0,ip,17,clean,0,0,0.89,993,stable,,BR
41553.0,ip,25,clean,0,0,0.84,857,decreasing,,IR
8546.0,ip,5,clean,0,0,0.51,1760,stable,,BR
348037.0,ip,20,clean,0,1,0.84,258,increasing,,US
208642.0,ip,19,clean,0,1,0.57,2200,increasing,,DE
42167.0,ip,9,clean,0,0,0.62,213,stable,,NL
249632.0,ip,3,clean,0,0,0.76,3528,decreasing,,BR
15372.0,ip,18,clean,0,0,0.81,829,stable,,BR
180688.0,ip,53,suspicious,0,2,0.78,946,decreasing,,CN
257605.0,ip,40,clean,0,1,0.74,686,decreasing,,IR
237241.0,ip,10,clean,0,0,0.87,3457,stable,,US
232598.0,ip,42,suspicious,0,2,0.49,624,stable,,RU
21890.0,ip,11,clean,0,1,0.77,2825,increasing,,BR
221292.0,ip,26,clean,0,2,0.7,2728,increasing,,IR
48186.0,ip,2,clean,0,1,0.78,3005,stable,,NL
197442.0,ip,9,clean,0,0,0.44,3239,stable,,RU
93310.0,ip,26,clean,0,0,0.86,102,increasing,,BR
12.0,ip,41,suspicious,0,2,0.67,1676,increasing,,FR
45752.0,ip,28,clean,0,2,0.74,3128,stable,,BR
103691.0,ip,9,clean,0,0,0.48,738,stable,,FR
28043.0,ip,5,clean,0,0,0.62,2450,stable,,NL
312882.0,ip,11,clean,0,0,0.79,2056,decreasing,,FR
26852.0,ip,2,clean,0,0,0.75,1488,decreasing,,CN
192644.0,ip,0,clean,0,0,0.69,3477,increasing,,RU
4529.0,ip,22,clean,0,2,0.91,160,stable,,BR
114130.0,ip,8,clean,0,0,0.81,201,decreasing,,IR
82369.0,ip,20,clean,0,2,0.42,1029,stable,,IR
10664.0,ip,34,clean,0,1,0.64,806,decreasing,,DE
183463.0,ip,5,clean,0,0,0.56,1328,decreasing,,DE
9041.0,ip,27,clean,0,0,0.6,1274,increasing,,FR
191339.0,ip,8,clean,0,0,0.65,1704,stable,,BR
223360.0,ip,69,suspicious,1,2,0.51,3054,increasing,Malware-C2,CN
30433.0,ip,13,clean,0,0,0.61,811,increasing,,NL
37090.0,ip,34,clean,0,1,0.74,1807,decreasing,,RU
280.0,ip,34,clean,0,2,0.69,880,increasing,,FR
263935.0,ip,32,clean,0,0,0.67,3320,increasing,,CN
162119.0,ip,44,suspicious,0,3,0.7,904,stable,,NL
50007.0,ip,25,clean,0,2,0.62,2302,stable,,KP
11210.0,ip,42,suspicious,0,2,0.6,3117,decreasing,,IR
302178.0,ip,17,clean,0,1,0.66,2888,decreasing,,RU
1316.0,ip,35,clean,0,2,0.78,2715,increasing,,IR
38219.0,ip,27,clean,0,0,0.85,1479,stable,,NL
131497.0,ip,2,clean,0,0,0.79,3346,decreasing,,BR
174729.0,ip,14,clean,0,0,0.48,2436,stable,,US
3229.0,ip,17,clean,0,0,0.73,2771,stable,,FR
14691.0,ip,40,clean,0,3,0.41,2279,increasing,,KP
1307.0,ip,21,clean,0,2,0.91,2844,decreasing,,BR
4692.0,ip,14,clean,0,0,0.5,1464,increasing,,CN
350191.0,ip,0,clean,0,1,0.81,2213,decreasing,,DE
10357.0,ip,9,clean,0,0,0.93,2379,stable,,FR
1662.0,ip,34,clean,0,1,0.9,2720,increasing,,DE
8285.0,ip,39,clean,0,0,0.65,3171,increasing,,RU
22551.0,ip,58,suspicious,0,1,0.4,3240,increasing,,CN
120291.0,ip,5,clean,0,0,0.84,1298,stable,,NL
6207.0,ip,18,clean,0,0,0.78,472,stable,,BR
130.0,ip,37,clean,0,1,0.59,1605,decreasing,,US
55141.0,ip,0,clean,0,0,0.64,1929,decreasing,,FR
81444.0,ip,0,clean,0,1,0.59,1938,decreasing,,RU
91501.0,ip,11,clean,0,0,0.67,3060,stable,,RU
2471.0,ip,36,clean,0,1,0.62,1526,stable,,KP
115702.0,ip,9,clean,0,0,0.7,2674,decreasing,,NL
3918.0,ip,6,clean,0,1,0.42,448,stable,,CN
109046.0,ip,37,clean,0,0,0.93,1899,increasing,,IR
127664.0,ip,4,clean,0,0,0.65,83,stable,,RU
43625.0,ip,25,clean,0,1,0.74,1416,increasing,,NL
317155.0,ip,30,clean,0,1,0.88,3223,decreasing,,RU
286650.0,ip,52,suspicious,0,3,0.49,3624,stable,,US
56674.0,ip,6,clean,0,0,0.56,2927,stable,,BR
35150.0,ip,37,clean,0,0,0.68,2930,increasing,,KP
1489.0,ip,6,clean,0,1,0.46,1706,stable,,RU
62869.0,ip,23,clean,0,1,0.78,3165,increasing,,NL
334780.0,ip,8,clean,0,0,0.72,1325,increasing,,NL
222392.0,ip,23,clean,0,2,0.71,1836,stable,,IR
224421.0,ip,23,clean,0,1,0.7,3182,stable,,US
121942.0,ip,52,suspicious,0,3,0.45,3287,increasing,,KP
1443.0,ip,61,suspicious,1,4,0.9,3522,decreasing,Ransomware,CN
37454.0,ip,23,clean,0,0,0.44,725,decreasing,,US
143864.0,ip,57,suspicious,0,2,0.6,2126,increasing,,FR
680.0,ip,26,clean,0,2,0.9,2991,stable,,BR
24708.0,ip,34,clean,0,1,0.54,3354,stable,,US
1746.0,ip,17,clean,0,0,0.54,2134,stable,,US
40147.0,ip,48,suspicious,0,1,0.52,3514,decreasing,,FR
95171.0,ip,13,clean,0,0,0.55,1941,increasing,,FR
17930.0,ip,29,clean,0,0,0.43,1134,stable,,BR
4353.0,ip,37,clean,0,1,0.91,745,increasing,,RU
696.0,ip,30,clean,0,1,0.47,1771,increasing,,CN
758.0,ip,0,clean,0,0,0.49,1667,increasing,,US
93449.0,ip,11,clean,0,1,0.75,2768,stable,,BR
21949.0,ip,30,clean,0,0,0.65,2347,stable,,RU
9956.0,ip,42,suspicious,0,2,0.55,2233,stable,,US
3155.0,ip,12,clean,0,1,0.53,1746,increasing,,CN
403.0,ip,10,clean,0,0,0.84,3411,increasing,,BR
25864.0,ip,5,clean,0,0,0.9,2757,increasing,,FR
3141.0,ip,0,clean,0,0,0.49,3353,stable,,DE
11447.0,ip,12,clean,0,1,0.57,634,increasing,,IR
64.0,ip,18,clean,0,1,0.68,2332,stable,,DE
16388.0,ip,13,clean,0,0,0.55,881,increasing,,US
72098.0,ip,1,clean,0,0,0.53,675,stable,,US
166756.0,ip,1,clean,0,0,0.93,1654,stable,,NL
50828.0,ip,0,clean,0,1,0.46,1379,stable,,BR
10773.0,ip,8,clean,0,0,0.56,408,decreasing,,IR
107922.0,ip,40,clean,0,2,0.48,2704,stable,,RU
15426.0,ip,32,clean,0,0,0.79,27,stable,,CN
4125.0,ip,18,clean,0,0,0.7,2789,stable,,US
101782.0,ip,22,clean,0,0,0.51,1282,decreasing,,NL
196771.0,ip,50,suspicious,0,1,0.71,2990,stable,,CN
4581.0,ip,21,clean,0,2,0.55,751,stable,,BR
40994.0,ip,62,suspicious,1,2,0.56,1188,decreasing,Malware-C2,FR
9450.0,ip,35,clean,0,2,0.57,2054,stable,,FR
168458.0,ip,49,suspicious,0,3,0.68,2653,stable,,BR
49164.0,ip,10,clean,0,1,0.89,1862,decreasing,,RU
50171.0,ip,22,clean,0,2,0.84,3571,decreasing,,DE
3791.0,ip,35,clean,0,1,0.51,3423,increasing,,NL
39473.0,ip,23,clean,0,1,0.67,31,stable,,DE
50401.0,ip,58,suspicious,0,3,0.54,1412,increasing,,BR
211085.0,ip,8,clean,0,0,0.85,2915,decreasing,,DE
181745.0,ip,2,clean,0,0,0.71,451,decreasing,,IR
209856.0,ip,50,suspicious,0,3,0.54,2998,stable,,NL
250951.0,ip,48,suspicious,0,1,0.43,3072,stable,,IR
78346.0,ip,9,clean,0,0,0.86,3097,increasing,,RU
13670.0,ip,7,clean,0,0,0.54,1739,increasing,,CN
114941.0,ip,48,suspicious,0,2,0.89,612,increasing,,CN
328567.0,ip,9,clean,0,0,0.48,2080,decreasing,,CN
20906.0,ip,41,suspicious,0,2,0.76,159,decreasing,,NL
210863.0,ip,30,clean,0,1,0.88,338,stable,,CN
8937.0,ip,8,clean,0,1,0.76,974,increasing,,DE
131436.0,ip,29,clean,0,1,0.66,2847,stable,,FR
4173.0,ip,53,suspicious,0,3,0.59,311,stable,,US
92595.0,ip,32,clean,0,0,0.56,1263,decreasing,,NL
169740.0,ip,14,clean,0,0,0.61,2028,increasing,,CN
17068.0,ip,33,clean,0,0,0.43,2413,increasing,,FR
39.0,ip,35,clean,0,0,0.46,620,stable,,IR
43047.0,ip,8,clean,0,0,0.87,1693,stable,,IR
13474.0,ip,48,suspicious,0,2,0.79,2542,stable,,IR
1992.0,ip,26,clean,0,0,0.7,3059,stable,,CN
108022.0,ip,33,clean,0,1,0.64,383,increasing,,FR
259702.0,ip,19,clean,0,0,0.54,11,decreasing,,BR
265667.0,ip,11,clean,0,0,0.78,628,stable,,BR
285828.0,ip,22,clean,0,2,0.42,3341,decreasing,,DE
4206.0,ip,27,clean,0,0,0.7,2378,stable,,NL
20770.0,ip,52,suspicious,0,3,0.47,627,decreasing,,RU
2473.0,ip,43,suspicious,0,2,0.59,123,increasing,,US
96934.0,ip,9,clean,0,1,0.73,3247,stable,,BR
117144.0,ip,31,clean,0,1,0.72,2264,stable,,RU
107487.0,ip,24,clean,0,2,0.73,3621,increasing,,FR
271956.0,ip,19,clean,0,0,0.75,2971,stable,,US
2534.0,ip,15,clean,0,0,0.83,213,stable,,CN
232063.0,ip,41,suspicious,0,2,0.59,1749,stable,,FR
2113.0,ip,19,clean,0,1,0.81,551,stable,,FR
98434.0,ip,33,clean,0,2,0.73,1638,stable,,IR
3006.0,ip,21,clean,0,0,0.59,3205,stable,,DE
63064.0,ip,26,clean,0,1,0.49,887,stable,,BR
610.0,ip,29,clean,0,2,0.84,468,stable,,DE
2926.0,ip,20,clean,0,1,0.74,1955,stable,,RU
12630.0,ip,16,clean,0,0,0.9,2080,decreasing,,US
87374.0,ip,6,clean,0,0,0.61,166,stable,,DE
352622.0,ip,0,clean,0,1,0.6,1124,stable,,BR
122893.0,ip,8,clean,0,0,0.76,3031,stable,,FR
17918.0,ip,28,clean,0,1,0.9,2147,increasing,,BR
2780.0,ip,36,clean,0,2,0.4,109,stable,,RU
49556.0,ip,27,clean,0,0,0.76,2965,stable,,BR
29892.0,ip,24,clean,0,1,0.41,2766,stable,,FR
218263.0,ip,8,clean,0,0,0.81,1651,stable,,RU
20078.0,ip,27,clean,0,0,0.89,1355,stable,,BR
247211.0,ip,10,clean,0,0,0.45,2405,stable,,CN
7624.0,ip,26,clean,0,1,0.92,756,stable,,CN
21962.0,ip,21,clean,0,0,0.58,3506,stable,,KP
121033.0,ip,7,clean,0,0,0.53,3281,increasing,,US
59756.0,ip,25,clean,0,1,0.7,1482,stable,,IR
44598.0,ip,49,suspicious,0,1,0.49,693,decreasing,,CN
21603.0,ip,10,clean,0,0,0.79,1557,stable,,US
101155.0,ip,19,clean,0,0,0.9,3359,increasing,,CN
1512.0,ip,0,clean,0,0,0.62,3072,decreasing,,NL
334963.0,ip,38,clean,0,2,0.54,3056,stable,,RU
173770.0,ip,25,clean,0,0,0.73,682,decreasing,,KP
126642.0,ip,15,clean,0,0,0.54,2071,stable,,BR
17840.0,ip,47,suspicious,0,3,0.62,371,increasing,,US
4639.0,ip,42,suspicious,0,1,0.44,187,decreasing,,BR
284617.0,ip,18,clean,0,0,0.74,1123,stable,,CN
120769.0,ip,47,suspicious,0,2,0.54,322,increasing,,NL
12431.0,ip,14,clean,0,0,0.87,2916,stable,,US
23915.0,ip,33,clean,0,2,0.71,3153,stable,,NL
249372.0,ip,0,clean,0,0,0.91,1131,stable,,RU
71157.0,ip,0,clean,0,1,0.93,1635,stable,,CN
2861.0,ip,27,clean,0,1,0.62,606,stable,,BR
230.0,ip,59,suspicious,0,2,0.67,655,stable,,FR
192918.0,ip,20,clean,0,0,0.9,3550,stable,,IR
2613.0,ip,23,clean,0,0,0.72,2659,stable,,US
15966.0,ip,13,clean,0,1,0.72,2151,stable,,RU
23247.0,ip,47,suspicious,0,3,0.55,955,stable,,DE
18389.0,ip,42,suspicious,0,3,0.91,2361,stable,,DE
232.0,ip,18,clean,0,0,0.72,1693,stable,,KP
8680.0,ip,56,suspicious,0,2,0.63,3625,stable,,US
13464.0,ip,17,clean,0,0,0.87,598,stable,,RU
299423.0,ip,38,clean,0,0,0.78,902,decreasing,,IR
10302.0,ip,36,clean,0,1,0.68,2401,increasing,,NL
29947.0,ip,14,clean,0,0,0.49,3313,stable,,DE
178578.0,ip,17,clean,0,0,0.49,3112,increasing,,BR
15700.0,ip,34,clean,0,0,0.69,239,stable,,US
153951.0,ip,54,suspicious,0,1,0.45,3277,increasing,,CN
266843.0,ip,8,clean,0,1,0.92,2083,stable,,US
129424.0,ip,7,clean,0,1,0.94,1532,stable,,NL
70542.0,ip,21,clean,0,1,0.93,1615,increasing,,DE
30268.0,ip,20,clean,0,1,0.69,2469,stable,,KP
104792.0,ip,14,clean,0,0,0.58,1580,stable,,FR
163471.0,ip,18,clean,0,0,0.85,2418,increasing,,IR
5938.0,ip,2,clean,0,0,0.87,419,increasing,,RU
4826.0,ip,47,suspicious,0,3,0.92,2035,stable,,NL
105474.0,ip,23,clean,0,2,0.79,2367,increasing,,NL
6779.0,ip,0,clean,0,0,0.87,3251,stable,,RU
27853.0,ip,9,clean,0,1,0.73,1671,stable,,DE
3321.0,ip,17,clean,0,0,0.75,129,stable,,US
339535.0,ip,21,clean,0,1,0.95,3278,stable,,NL
281628.0,ip,49,suspicious,0,2,0.49,1478,decreasing,,DE
3023.0,ip,33,clean,0,2,0.86,906,stable,,US
226840.0,ip,5,clean,0,0,0.53,2722,stable,,FR
99861.0,ip,13,clean,0,0,0.56,892,decreasing,,RU
265281.0,ip,9,clean,0,0,0.73,1641,decreasing,,BR
25474.0,ip,28,clean,0,0,0.8,1674,stable,,BR
10059.0,ip,34,clean,0,0,0.78,3146,stable,,IR
96148.0,ip,58,suspicious,0,3,0.5,3509,increasing,,RU
344108.0,ip,14,clean,0,0,0.9,1132,stable,,BR
8956.0,ip,46,suspicious,0,1,0.51,1614,stable,,US
11048.0,ip,11,clean,0,1,0.44,1112,stable,,NL
9078.0,ip,45,suspicious,0,1,0.84,3269,stable,,CN
169370.0,ip,25,clean,0,2,0.53,161,decreasing,,US
99285.0,ip,37,clean,0,1,0.64,1621,decreasing,,CN
149499.0,ip,13,clean,0,0,0.72,3090,decreasing,,BR
229519.0,ip,22,clean,0,1,0.94,1274,stable,,BR
300921.0,ip,0,clean,0,1,0.6,1680,increasing,,US
49859.0,ip,68,suspicious,1,4,0.49,2210,decreasing,Ransomware,DE
351386.0,ip,5,clean,0,0,0.55,255,increasing,,RU
234695.0,ip,13,clean,0,1,0.44,1891,stable,,BR
356529.0,ip,44,suspicious,0,1,0.5,1221,stable,,FR
29415.0,ip,10,clean,0,0,0.76,338,stable,,RU
154406.0,ip,57,suspicious,0,2,0.45,3595,increasing,,RU
139189.0,ip,36,clean,0,1,0.46,643,decreasing,,CN
86593.0,ip,12,clean,0,0,0.8,2248,stable,,RU
1507.0,ip,36,clean,0,2,0.9,3435,decreasing,,RU
264.0,ip,37,clean,0,0,0.84,3527,stable,,IR
252340.0,ip,45,suspicious,0,2,0.63,1382,stable,,RU
17452.0,ip,24,clean,0,2,0.61,1599,decreasing,,KP
66498.0,ip,12,clean,0,0,0.56,3558,stable,,RU
297367.0,ip,45,suspicious,0,3,0.87,1506,decreasing,,NL
214294.0,ip,38,clean,0,0,0.54,139,decreasing,,NL
98731.0,ip,23,clean,0,0,0.56,86,stable,,CN
1742.0,ip,11,clean,0,0,0.74,2064,stable,,FR
18435.0,ip,24,clean,0,1,0.87,1612,increasing,,CN
3960.0,ip,23,clean,0,0,0.54,2348,stable,,RU
23484.0,ip,12,clean,0,1,0.42,95,increasing,,US
413.0,ip,24,clean,0,2,0.85,111,stable,,BR
14978.0,ip,52,suspicious,0,2,0.91,2841,increasing,,RU
62402.0,ip,34,clean,0,0,0.56,2389,increasing,,CN
216832.0,ip,0,clean,0,1,0.65,3489,stable,,FR
4340.0,ip,25,clean,0,1,0.5,1782,decreasing,,BR
9597.0,ip,7,clean,0,1,0.83,739,stable,,BR
15237.0,ip,27,clean,0,2,0.51,2765,increasing,,US
13095.0,ip,54,suspicious,0,3,0.76,3126,stable,,FR
89145.0,ip,12,clean,0,1,0.66,2004,increasing,,RU
450.0,ip,77,malicious,1,4,0.85,766,decreasing,Phishing,IR
939.0,ip,42,suspicious,0,2,0.52,2639,increasing,,RU
15233.0,ip,15,clean,0,0,0.74,2604,increasing,,US
310945.0,ip,36,clean,0,1,0.76,2483,increasing,,DE
8307.0,ip,49,suspicious,0,1,0.65,1446,increasing,,FR
2747.0,ip,38,clean,0,1,0.79,3256,stable,,RU
107736.0,ip,28,clean,0,1,0.93,1423,stable,,FR
167304.0,ip,10,clean,0,0,0.56,1887,increasing,,NL
5854.0,ip,51,suspicious,0,1,0.76,3623,stable,,US
143605.0,ip,52,suspicious,0,3,0.41,2357,increasing,,RU
336.0,ip,28,clean,0,1,0.61,2709,increasing,,FR
2174.0,ip,26,clean,0,0,0.45,2733,stable,,RU
5338.0,ip,20,clean,0,1,0.7,947,stable,,RU
62748.0,ip,16,clean,0,1,0.44,119,stable,,US
144506.0,ip,26,clean,0,0,0.93,813,increasing,,RU
55942.0,ip,31,clean,0,0,0.53,1156,decreasing,,US
28124.0,ip,18,clean,0,0,0.75,1084,stable,,FR
87980.0,ip,57,suspicious,0,2,0.69,2532,decreasing,,RU
244478.0,ip,28,clean,0,0,0.69,3111,stable,,CN
12704.0,ip,25,clean,0,0,0.42,2156,stable,,IR
96853.0,ip,27,clean,0,2,0.42,2259,stable,,NL
114239.0,ip,36,clean,0,2,0.6,1706,stable,,KP
4241.0,ip,40,clean,0,3,0.4,2882,increasing,,US
26590.0,ip,30,clean,0,1,0.72,2299,stable,,IR
36034.0,ip,37,clean,0,0,0.52,2461,stable,,CN
150117.0,ip,12,clean,0,0,0.78,2748,increasing,,NL
28668.0,ip,50,suspicious,0,3,0.8,2736,increasing,,RU
17759.0,ip,29,clean,0,2,0.61,551,stable,,IR
105632.0,ip,50,suspicious,0,3,0.5,2064,stable,,DE
275887.0,ip,17,clean,0,0,0.48,894,stable,,BR
127071.0,ip,24,clean,0,2,0.64,182,stable,,KP
130480.0,ip,37,clean,0,2,0.57,1009,stable,,US
197209.0,ip,30,clean,0,2,0.57,2181,decreasing,,IR
123756.0,ip,19,clean,0,1,0.51,1495,increasing,,RU
48452.0,ip,15,clean,0,1,0.62,3461,increasing,,RU
167876.0,ip,21,clean,0,0,0.61,1954,decreasing,,IR
3061.0,ip,53,suspicious,0,2,0.47,685,increasing,,DE
76363.0,ip,28,clean,0,2,0.4,2590,decreasing,,DE
5889.0,ip,41,suspicious,0,1,0.51,2589,stable,,BR
221568.0,ip,9,clean,0,1,0.73,193,increasing,,DE
20555.0,ip,59,suspicious,0,3,0.45,783,stable,,CN
16408.0,ip,20,clean,0,1,0.69,2397,stable,,IR
26443.0,ip,24,clean,0,1,0.54,3366,stable,,NL
91898.0,ip,2,clean,0,1,0.68,3295,stable,,RU
157979.0,ip,35,clean,0,1,0.61,1686,decreasing,,DE
3295.0,ip,24,clean,0,2,0.63,2511,stable,,NL
59890.0,ip,14,clean,0,1,0.62,2074,increasing,,BR
131898.0,ip,37,clean,0,1,0.6,2635,increasing,,CN
210399.0,ip,0,clean,0,1,0.67,2919,stable,,US
11368.0,ip,23,clean,0,0,0.71,3411,increasing,,NL
47094.0,ip,22,clean,0,0,0.7,1038,stable,,DE
80847.0,ip,25,clean,0,1,0.84,2506,decreasing,,KP
107884.0,ip,29,clean,0,2,0.63,1024,stable,,US
4180.0,ip,35,clean,0,2,0.48,1594,stable,,RU
538.0,ip,32,clean,0,2,0.7,55,stable,,IR
238541.0,ip,14,clean,0,1,0.49,2703,increasing,,CN
16560.0,ip,38,clean,0,2,0.51,638,stable,,DE
2696.0,ip,36,clean,0,1,0.64,2557,stable,,US
271170.0,ip,30,clean,0,1,0.83,1977,stable,,CN
4201.0,ip,17,clean,0,0,0.85,2975,stable,,RU
2289.0,ip,13,clean,0,0,0.51,1946,increasing,,RU
320881.0,ip,21,clean,0,1,0.58,1529,increasing,,NL
65273.0,ip,17,clean,0,0,0.66,917,stable,,RU
314631.0,ip,18,clean,0,0,0.82,275,stable,,CN
50562.0,ip,5,clean,0,1,0.88,2132,stable,,RU
13689.0,ip,17,clean,0,0,0.75,2135,increasing,,DE
59500.0,ip,27,clean,0,1,0.82,1623,stable,,RU
35157.0,ip,57,suspicious,0,1,0.61,482,increasing,,RU
272664.0,ip,29,clean,0,2,0.94,159,stable,,BR
15464.0,ip,20,clean,0,2,0.8,557,increasing,,RU
16683.0,ip,47,suspicious,0,2,0.55,3161,increasing,,RU
5731.0,ip,19,clean,0,1,0.81,1170,decreasing,,US
4850.0,ip,50,suspicious,0,1,0.66,2991,increasing,,RU
25.0,ip,25,clean,0,0,0.44,1724,stable,,KP
100983.0,ip,15,clean,0,0,0.92,2143,decreasing,,CN
153897.0,ip,15,clean,0,0,0.74,211,increasing,,FR
18620.0,ip,13,clean,0,1,0.94,3214,increasing,,RU
3661.0,ip,32,clean,0,2,0.59,3399,increasing,,IR
1702.0,ip,14,clean,0,0,0.73,3520,decreasing,,US
55.0,ip,31,clean,0,0,0.87,1063,stable,,RU
60064.0,ip,50,suspicious,0,3,0.66,1708,increasing,,CN
1576.0,ip,43,suspicious,0,3,0.78,1543,increasing,,RU
80.0,ip,31,clean,0,0,0.7,1565,stable,,KP
305097.0,ip,4,clean,0,0,0.66,3179,stable,,RU
6079.0,ip,35,clean,0,1,0.5,3466,decreasing,,BR
5152.0,ip,46,suspicious,0,3,0.53,2896,decreasing,,BR
78653.0,ip,8,clean,0,0,0.47,2207,stable,,FR
3932.0,ip,30,clean,0,0,0.58,3044,stable,,RU
6237.0,ip,56,suspicious,0,2,0.41,1290,stable,,CN
211679.0,ip,28,clean,0,0,0.79,2025,stable,,RU
6333.0,ip,53,suspicious,0,3,0.42,1538,stable,,NL
85378.0,ip,19,clean,0,1,0.44,2705,increasing,,RU
27061.0,ip,27,clean,0,1,0.6,2024,decreasing,,FR
65019.0,ip,36,clean,0,2,0.71,410,decreasing,,BR
74477.0,ip,31,clean,0,1,0.49,742,decreasing,,RU
94272.0,ip,35,clean,0,1,0.87,2978,stable,,RU
45350.0,ip,23,clean,0,0,0.44,830,stable,,US
89555.0,ip,25,clean,0,0,0.67,969,stable,,IR
8630.0,ip,37,clean,0,1,0.73,1809,increasing,,DE
522.0,ip,0,clean,0,0,0.79,2105,decreasing,,FR
18914.0,ip,13,clean,0,0,0.68,1679,stable,,RU
62245.0,ip,23,clean,0,1,0.51,292,stable,,IR
60161.0,ip,22,clean,0,2,0.84,710,increasing,,DE
53695.0,ip,24,clean,0,1,0.94,421,decreasing,,RU
40160.0,ip,28,clean,0,1,0.94,320,increasing,,BR
203026.0,ip,36,clean,0,2,0.68,1939,stable,,US
168528.0,ip,51,suspicious,0,1,0.78,3553,stable,,CN
11932.0,ip,22,clean,0,0,0.59,721,decreasing,,BR
16365.0,ip,32,clean,0,0,0.56,1752,increasing,,BR
285356.0,ip,32,clean,0,2,0.92,2224,stable,,BR
66162.0,ip,24,clean,0,1,0.62,756,stable,,BR
103302.0,ip,29,clean,0,0,0.86,1145,increasing,,IR
193730.0,ip,13,clean,0,1,0.54,321,decreasing,,IR
3469.0,ip,29,clean,0,2,0.59,91,decreasing,,DE
54245.0,ip,23,clean,0,0,0.73,473,stable,,FR
3126.0,ip,41,suspicious,0,2,0.58,1971,stable,,RU
209649.0,ip,18,clean,0,0,0.9,1461,decreasing,,CN
197948.0,ip,39,clean,0,0,0.72,965,stable,,US
13482.0,ip,9,clean,0,0,0.47,2531,stable,,NL
1255.0,ip,32,clean,0,2,0.67,1411,stable,,KP
2249.0,ip,17,clean,0,0,0.64,1897,increasing,,BR
4492.0,ip,17,clean,0,0,0.72,164,stable,,RU
4823.0,ip,0,clean,0,0,0.71,2483,increasing,,RU
101166.0,ip,17,clean,0,0,0.67,1613,stable,,KP
11607.0,ip,31,clean,0,0,0.49,3180,stable,,IR
147.0,ip,0,clean,0,0,0.49,2025,increasing,,BR
283436.0,ip,12,clean,0,0,0.66,2619,stable,,NL
163151.0,ip,24,clean,0,1,0.55,2672,stable,,CN
175343.0,ip,37,clean,0,0,0.61,3062,increasing,,RU
241594.0,ip,0,clean,0,0,0.51,56,stable,,NL
120797.0,ip,17,clean,0,0,0.72,949,stable,,BR
2250.0,ip,5,clean,0,0,0.6,3255,stable,,CN
175226.0,ip,21,clean,0,0,0.45,1599,stable,,CN
8881.0,ip,19,clean,0,0,0.92,1759,decreasing,,BR
351430.0,ip,12,clean,0,0,0.44,3132,stable,,KP
36709.0,ip,6,clean,0,0,0.92,1381,increasing,,RU
18816.0,ip,5,clean,0,0,0.49,231,increasing,,NL
37600.0,ip,26,clean,0,2,0.49,1307,stable,,US
28192.0,ip,52,suspicious,0,3,0.54,3406,stable,,RU
198153.0,ip,5,clean,0,0,0.75,2350,stable,,RU
26058.0,ip,33,clean,0,2,0.45,2708,decreasing,,KP
104923.0,ip,39,clean,0,1,0.47,2645,increasing,,DE
21242.0,ip,36,clean,0,2,0.55,330,increasing,,RU
50966.0,ip,14,clean,0,1,0.6,1822,stable,,DE
23002.0,ip,8,clean,0,0,0.82,1385,stable,,US
241459.0,ip,38,clean,0,1,0.88,1439,stable,,CN
3296.0,ip,28,clean,0,2,0.57,3056,decreasing,,BR
237133.0,ip,38,clean,0,0,0.79,2260,stable,,BR
10120.0,ip,8,clean,0,0,0.44,744,stable,,KP
7708.0,ip,22,clean,0,2,0.6,2639,increasing,,US
189125.0,ip,5,clean,0,0,0.42,2199,stable,,RU
47341.0,ip,16,clean,0,0,0.65,1418,stable,,RU
3883.0,ip,36,clean,0,2,0.41,2761,stable,,FR
252574.0,ip,11,clean,0,0,0.4,1970,stable,,BR
188814.0,ip,0,clean,0,0,0.48,1086,increasing,,FR
3306.0,ip,21,clean,0,0,0.57,1414,decreasing,,IR
254122.0,ip,8,clean,0,0,0.54,1209,decreasing,,FR
109443.0,ip,11,clean,0,0,0.72,2314,stable,,US
28758.0,ip,24,clean,0,0,0.73,2963,decreasing,,US
191139.0,ip,20,clean,0,1,0.51,1495,decreasing,,US
12357.0,ip,18,clean,0,1,0.92,1235,decreasing,,RU
27337.0,ip,32,clean,0,2,0.86,2227,stable,,BR
185193.0,ip,7,clean,0,0,0.48,1731,decreasing,,BR
27596.0,ip,5,clean,0,1,0.76,3456,decreasing,,FR
295947.0,ip,22,clean,0,0,0.44,1633,increasing,,BR
61648.0,ip,11,clean,0,0,0.58,318,decreasing,,RU
11589.0,ip,33,clean,0,0,0.53,3084,stable,,NL
171192.0,ip,10,clean,0,0,0.94,2760,stable,,RU
1044.0,ip,18,clean,0,1,0.89,1169,stable,,RU
2292.0,ip,0,clean,0,0,0.42,314,increasing,,RU
6955.0,ip,28,clean,0,2,0.63,2501,decreasing,,NL
328501.0,ip,43,suspicious,0,1,0.82,3414,stable,,CN
2934.0,ip,41,suspicious,0,1,0.64,2542,increasing,,US
203198.0,ip,3,clean,0,0,0.57,1224,stable,,US
13067.0,ip,5,clean,0,0,0.76,3543,decreasing,,US
3496.0,ip,37,clean,0,0,0.79,2224,decreasing,,FR
22566.0,ip,57,suspicious,0,1,0.85,708,stable,,DE
21691.0,ip,52,suspicious,0,1,0.91,2595,stable,,DE
29376.0,ip,37,clean,0,0,0.61,1197,increasing,,NL
139026.0,ip,11,clean,0,1,0.46,1664,increasing,,DE
284774.0,ip,17,clean,0,1,0.49,1376,increasing,,DE
286386.0,ip,23,clean,0,0,0.48,2194,increasing,,RU
31640.0,ip,43,suspicious,0,3,0.42,290,decreasing,,IR
80926.0,ip,3,clean,0,0,0.69,867,increasing,,DE
91119.0,ip,20,clean,0,0,0.53,2374,increasing,,FR
228146.0,ip,19,clean,0,0,0.45,1556,increasing,,US
9253.0,ip,19,clean,0,1,0.59,3036,increasing,,DE
1814.0,ip,22,clean,0,2,0.79,1795,increasing,,RU
126704.0,ip,13,clean,0,0,0.5,396,increasing,,CN
174192.0,ip,5,clean,0,1,0.44,2746,increasing,,CN
98235.0,ip,27,clean,0,2,0.55,1726,increasing,,RU
28026.0,ip,34,clean,0,0,0.71,1500,stable,,RU
255754.0,ip,12,clean,0,1,0.71,2887,stable,,RU
29869.0,ip,19,clean,0,0,0.68,3573,stable,,FR
7315.0,ip,20,clean,0,2,0.53,3041,stable,,BR
37511.0,ip,39,clean,0,2,0.51,1696,stable,,RU
22214.0,ip,0,clean,0,1,0.68,1015,stable,,RU
566.0,ip,19,clean,0,0,0.69,1242,decreasing,,KP
12740.0,ip,32,clean,0,1,0.68,2115,increasing,,IR
1842.0,ip,28,clean,0,0,0.43,2520,stable,,IR
219.0,ip,24,clean,0,1,0.83,1452,increasing,,FR
66994.0,ip,9,clean,0,0,0.46,2424,stable,,IR
83814.0,ip,60,suspicious,0,2,0.61,574,increasing,,BR
57529.0,ip,41,suspicious,0,1,0.74,1623,decreasing,,IR
72.0,ip,52,suspicious,0,1,0.55,25,increasing,,IR
30.0,ip,61,suspicious,1,4,0.92,3084,increasing,Scanner,US
6182.0,ip,48,suspicious,0,1,0.46,824,increasing,,BR
39375.0,ip,30,clean,0,0,0.43,2672,stable,,DE
62.0,ip,62,suspicious,1,2,0.41,1267,increasing,Phishing,US
28177.0,ip,55,suspicious,0,1,0.55,2422,stable,,CN
50910.0,ip,34,clean,0,2,0.54,3294,stable,,NL
18192.0,ip,12,clean,0,1,0.43,1939,stable,,IR
66407.0,ip,4,clean,0,1,0.67,67,increasing,,NL
36630.0,ip,21,clean,0,0,0.52,3189,increasing,,CN
38367.0,ip,18,clean,0,0,0.73,1175,increasing,,BR
13812.0,ip,11,clean,0,0,0.47,1777,stable,,CN
180523.0,ip,22,clean,0,2,0.41,830,increasing,,US
10787.0,ip,41,suspicious,0,3,0.5,1121,increasing,,FR
169213.0,ip,5,clean,0,0,0.57,91,stable,,CN
287991.0,ip,27,clean,0,1,0.81,3348,increasing,,CN
337943.0,ip,11,clean,0,0,0.78,531,decreasing,,DE
153008.0,ip,5,clean,0,1,0.91,2051,increasing,,RU
62268.0,ip,26,clean,0,1,0.48,504,stable,,CN
84586.0,ip,25,clean,0,2,0.79,44,decreasing,,FR
50594.0,ip,0,clean,0,0,0.56,2092,stable,,US
51219.0,ip,28,clean,0,1,0.69,2628,decreasing,,RU
354378.0,ip,5,clean,0,0,0.62,1416,increasing,,KP
196280.0,ip,3,clean,0,0,0.65,1597,stable,,NL
188434.0,ip,0,clean,0,0,0.59,3296,decreasing,,US
67689.0,ip,20,clean,0,2,0.76,3540,increasing,,US
27035.0,ip,8,clean,0,0,0.48,814,stable,,FR
104143.0,ip,0,clean,0,1,0.56,2189,stable,,BR
342806.0,ip,9,clean,0,0,0.58,2160,decreasing,,FR
182286.0,ip,4,clean,0,0,0.68,661,stable,,BR
344391.0,ip,10,clean,0,1,0.53,3019,stable,,DE
41430.0,ip,39,clean,0,0,0.85,38,stable,,NL
11556.0,ip,49,suspicious,0,1,0.88,1709,increasing,,FR
16286.0,ip,47,suspicious,0,1,0.72,2124,increasing,,IR
27491.0,ip,52,suspicious,0,3,0.75,2595,stable,,CN
2941.0,ip,55,suspicious,0,3,0.5,1755,decreasing,,CN
282.0,ip,51,suspicious,0,3,0.91,2264,increasing,,NL
5143.0,ip,36,clean,0,1,0.7,2413,stable,,IR
94.0,ip,55,suspicious,0,3,0.62,1872,stable,,BR
28452.0,ip,45,suspicious,0,2,0.54,2356,stable,,RU
10393.0,ip,46,suspicious,0,2,0.73,1020,increasing,,US
44463.0,ip,0,clean,0,0,0.46,2055,increasing,,IR
7672.0,ip,17,clean,0,0,0.57,845,stable,,US
161943.0,ip,14,clean,0,0,0.84,2535,stable,,FR
207082.0,ip,0,clean,0,1,0.78,1599,increasing,,BR
2609.0,ip,17,clean,0,0,0.74,3331,stable,,DE
575.0,ip,10,clean,0,0,0.42,256,stable,,DE
20226.0,ip,10,clean,0,0,0.57,1002,decreasing,,CN
6214.0,ip,31,clean,0,1,0.64,2694,stable,,CN
36070.0,ip,19,clean,0,1,0.93,226,increasing,,FR
308.0,ip,40,clean,0,3,0.91,1586,stable,,FR
174714.0,ip,0,clean,0,0,0.59,1067,stable,,CN
31702.0,ip,11,clean,0,0,0.58,2036,stable,,IR
15769.0,ip,22,clean,0,0,0.93,181,decreasing,,RU
57806.0,ip,8,clean,0,0,0.44,402,increasing,,RU
6499.0,ip,12,clean,0,0,0.91,1725,stable,,FR
10413.0,ip,38,clean,0,1,0.42,1458,stable,,CN
152070.0,ip,39,clean,0,0,0.68,3515,decreasing,,RU
551.0,ip,39,clean,0,1,0.68,1502,decreasing,,FR
62519.0,ip,45,suspicious,0,3,0.4,2500,stable,,US
13506.0,ip,12,clean,0,1,0.87,1963,increasing,,CN
270.0,ip,62,suspicious,1,2,0.53,2784,stable,Phishing,BR
34869.0,ip,34,clean,0,0,0.42,3216,decreasing,,DE
10731.0,ip,34,clean,0,2,0.57,1100,decreasing,,US
13729.0,ip,24,clean,0,0,0.45,3166,increasing,,US
16370.0,ip,33,clean,0,2,0.48,1315,stable,,NL
4603.0,ip,26,clean,0,0,0.44,124,decreasing,,BR
11946.0,ip,38,clean,0,1,0.44,3101,increasing,,NL
178.0,ip,14,clean,0,1,0.89,2173,stable,,RU
40602.0,ip,21,clean,0,0,0.46,384,increasing,,US
27914.0,ip,31,clean,0,0,0.65,1608,decreasing,,BR
27210.0,ip,34,clean,0,0,0.79,732,decreasing,,US
148678.0,ip,14,clean,0,1,0.53,2442,decreasing,,BR
21166.0,ip,27,clean,0,1,0.82,3340,stable,,BR
280994.0,ip,0,clean,0,1,0.42,2081,decreasing,,US
97819.0,ip,8,clean,0,0,0.48,2351,stable,,DE
25336.0,ip,41,suspicious,0,3,0.7,2742,stable,,FR
1214.0,ip,58,suspicious,0,2,0.52,1831,stable,,IR
5405.0,ip,11,clean,0,0,0.63,1625,stable,,US
1234.0,ip,0,clean,0,1,0.75,3106,stable,,NL
3793.0,ip,14,clean,0,0,0.91,2620,increasing,,RU
5258.0,ip,23,clean,0,2,0.66,2549,increasing,,FR
733.0,ip,18,clean,0,1,0.59,3334,stable,,BR
4442.0,ip,4,clean,0,1,0.81,12,stable,,FR
3703.0,ip,6,clean,0,0,0.71,3574,decreasing,,US
284494.0,ip,20,clean,0,2,0.89,2949,decreasing,,RU
2396.0,ip,24,clean,0,0,0.65,1584,decreasing,,US
1012.0,ip,18,clean,0,1,0.53,1223,increasing,,DE
56962.0,ip,27,clean,0,0,0.64,983,increasing,,BR
60219.0,ip,34,clean,0,2,0.82,3325,stable,,CN
78381.0,ip,5,clean,0,1,0.82,427,stable,,FR
106803.0,ip,16,clean,0,1,0.67,485,increasing,,BR
11818.0,ip,9,clean,0,1,0.54,3331,stable,,BR
183478.0,ip,6,clean,0,1,0.61,1265,increasing,,BR
2770.0,ip,51,suspicious,0,2,0.53,2603,stable,,NL
317327.0,ip,14,clean,0,0,0.44,560,decreasing,,CN
17288.0,ip,8,clean,0,0,0.47,3503,decreasing,,CN
77324.0,ip,24,clean,0,1,0.41,1901,increasing,,DE
2123.0,ip,0,clean,0,1,0.46,3188,decreasing,,RU
3171.0,ip,9,clean,0,0,0.47,2883,stable,,BR
350827.0,ip,22,clean,0,2,0.58,918,increasing,,FR
88041.0,ip,0,clean,0,0,0.83,3474,increasing,,US
337376.0,ip,1,clean,0,0,0.92,3405,decreasing,,RU
154274.0,ip,5,clean,0,0,0.92,753,increasing,,DE
29643.0,ip,37,clean,0,2,0.9,2539,increasing,,FR
823.0,ip,6,clean,0,0,0.44,289,increasing,,FR
3024.0,ip,19,clean,0,1,0.45,1984,stable,,KP
99055.0,ip,11,clean,0,1,0.76,2162,increasing,,NL
23522.0,ip,13,clean,0,0,0.79,1197,stable,,NL
190268.0,ip,6,clean,0,0,0.56,2667,stable,,DE
8207.0,ip,11,clean,0,0,0.49,920,stable,,US
260301.0,ip,0,clean,0,0,0.53,3302,stable,,US
273350.0,ip,11,clean,0,1,0.7,372,stable,,CN
109308.0,ip,9,clean,0,0,0.44,3199,increasing,,CN
326350.0,ip,16,clean,0,0,0.61,1805,increasing,,CN
16581.0,ip,3,clean,0,0,0.92,1928,stable,,CN
344061.0,ip,20,clean,0,1,0.41,182,increasing,,CN
177408.0,ip,12,clean,0,0,0.78,1470,increasing,,BR
180070.0,ip,1,clean,0,1,0.43,1772,increasing,,DE
42927.0,ip,23,clean,0,1,0.57,2951,stable,,RU
8530.0,ip,37,clean,0,1,0.43,803,decreasing,,CN
57402.0,ip,0,clean,0,0,0.69,1595,stable,,IR
4250.0,ip,17,clean,0,0,0.9,3361,stable,,NL
265982.0,ip,10,clean,0,1,0.79,850,stable,,NL
183453.0,ip,21,clean,0,1,0.5,2402,decreasing,,US
112131.0,ip,23,clean,0,0,0.88,261,stable,,NL
294600.0,ip,14,clean,0,0,0.47,3047,stable,,CN
16733.0,ip,1,clean,0,0,0.58,3381,stable,,CN
17974.0,ip,2,clean,0,1,0.51,3499,increasing,,FR
313739.0,ip,0,clean,0,0,0.92,1148,stable,,US
116038.0,ip,1,clean,0,0,0.81,2859,stable,,RU
30409.0,ip,29,clean,0,0,0.92,3059,decreasing,,RU
206860.0,ip,12,clean,0,0,0.8,2653,stable,,US
2672.0,ip,21,clean,0,0,0.57,3488,increasing,,RU
309400.0,ip,7,clean,0,0,0.89,1973,increasing,,RU
114674.0,ip,3,clean,0,0,0.95,146,increasing,,KP
27286.0,ip,51,suspicious,0,1,0.63,2849,stable,,KP
1229.0,ip,45,suspicious,0,1,0.82,1267,decreasing,,BR
208613.0,ip,39,clean,0,0,0.95,257,increasing,,US
24710.0,ip,24,clean,0,0,0.72,2569,increasing,,FR
36273.0,ip,10,clean,0,0,0.54,3368,stable,,NL
34468.0,ip,40,clean,0,1,0.59,1945,stable,,RU
302440.0,ip,24,clean,0,1,0.87,261,decreasing,,KP
54951.0,ip,4,clean,0,0,0.43,3272,decreasing,,DE
3340.0,ip,31,clean,0,2,0.85,2768,stable,,DE
3954.0,ip,55,suspicious,0,1,0.59,2551,stable,,CN
1099.0,ip,18,clean,0,1,0.77,3135,stable,,BR
42046.0,ip,8,clean,0,1,0.85,891,increasing,,BR
8036.0,ip,41,suspicious,0,3,0.8,1009,increasing,,KP
3440.0,ip,50,suspicious,0,3,0.42,827,increasing,,US
294484.0,ip,24,clean,0,1,0.83,3428,stable,,CN
143642.0,ip,15,clean,0,1,0.9,3267,stable,,RU
343.0,ip,28,clean,0,1,0.58,931,decreasing,,NL
305365.0,ip,10,clean,0,0,0.73,542,increasing,,DE
269129.0,ip,52,suspicious,0,1,0.67,3084,increasing,,US
320501.0,ip,15,clean,0,1,0.69,2721,stable,,DE
99130.0,ip,42,suspicious,0,1,0.48,195,stable,,CN
16242.0,ip,49,suspicious,0,2,0.47,1979,increasing,,US
16981.0,ip,25,clean,0,1,0.55,1603,stable,,BR
303.0,ip,23,clean,0,2,0.48,2459,stable,,US
22803.0,ip,13,clean,0,0,0.68,3041,increasing,,CN
9848.0,ip,33,clean,0,2,0.51,890,stable,,NL
10872.0,ip,25,clean,0,1,0.71,1515,stable,,BR
120435.0,ip,22,clean,0,1,0.79,182,stable,,BR
37022.0,ip,33,clean,0,2,0.62,1060,increasing,,BR
52447.0,ip,38,clean,0,0,0.7,728,increasing,,RU
45285.0,ip,15,clean,0,1,0.75,369,decreasing,,RU
138150.0,ip,22,clean,0,0,0.5,3291,stable,,NL
46782.0,ip,38,clean,0,0,0.57,1172,increasing,,IR
15149.0,ip,33,clean,0,1,0.76,355,stable,,IR
355821.0,ip,31,clean,0,0,0.66,124,decreasing,,BR
199601.0,ip,17,clean,0,1,0.64,989,stable,,FR
534.0,ip,35,clean,0,2,0.5,3331,stable,,BR
29613.0,ip,40,clean,0,3,0.81,231,stable,,US
319893.0,ip,52,suspicious,0,3,0.83,2079,increasing,,BR
230049.0,ip,40,clean,0,2,0.66,294,increasing,,CN
14810.0,ip,29,clean,0,2,0.4,906,decreasing,,CN
260453.0,ip,3,clean,0,1,0.82,386,increasing,,BR
35401.0,ip,33,clean,0,0,0.64,1509,increasing,,FR
31923.0,ip,0,clean,0,0,0.89,623,increasing,,IR
351763.0,ip,10,clean,0,1,0.8,1013,stable,,US
2601.0,ip,57,suspicious,0,2,0.55,1183,increasing,,IR
6783.0,ip,49,suspicious,0,1,0.45,2093,stable,,RU
10631.0,ip,52,suspicious,0,2,0.71,2125,stable,,CN
102977.0,ip,30,clean,0,2,0.58,3020,decreasing,,DE
163371.0,ip,22,clean,0,2,0.51,798,decreasing,,FR
75.0,ip,28,clean,0,0,0.89,860,stable,,CN
7107.0,ip,23,clean,0,0,0.41,2974,increasing,,IR
1873.0,ip,17,clean,0,0,0.84,168,increasing,,US
282428.0,ip,7,clean,0,1,0.5,1898,increasing,,FR
260934.0,ip,21,clean,0,2,0.75,806,decreasing,,US
79046.0,ip,19,clean,0,1,0.55,865,stable,,CN
197062.0,ip,13,clean,0,0,0.88,3090,stable,,BR
187411.0,ip,19,clean,0,0,0.48,2637,stable,,KP
64949.0,ip,0,clean,0,1,0.87,1415,stable,,BR
1100.0,ip,53,suspicious,0,1,0.72,1552,increasing,,CN
121.0,ip,58,suspicious,0,2,0.56,807,stable,,FR
10746.0,ip,23,clean,0,0,0.46,879,increasing,,DE
36527.0,ip,0,clean,0,1,0.85,3111,stable,,RU
12926.0,ip,57,suspicious,0,3,0.94,1306,stable,,CN
4598.0,ip,25,clean,0,2,0.57,198,stable,,BR
13426.0,ip,23,clean,0,2,0.86,1165,stable,,IR
8102.0,ip,7,clean,0,1,0.94,1659,increasing,,RU
305244.0,ip,8,clean,0,0,0.58,3535,stable,,CN
354339.0,ip,5,clean,0,0,0.66,2662,stable,,US
200897.0,ip,0,clean,0,0,0.56,804,stable,,FR
15841.0,ip,6,clean,0,0,0.62,3007,stable,,US
116861.0,ip,31,clean,0,2,0.44,280,increasing,,BR
2695.0,ip,0,clean,0,0,0.72,1535,stable,,US
7969.0,ip,15,clean,0,0,0.57,3265,decreasing,,BR
1650.0,ip,0,clean,0,1,0.62,2551,increasing,,RU
33709.0,ip,43,suspicious,0,2,0.41,2460,increasing,,BR
50845.0,ip,28,clean,0,2,0.58,2025,stable,,US
33888.0,ip,0,clean,0,1,0.7,1779,stable,,DE
4270.0,ip,45,suspicious,0,3,0.46,2233,increasing,,US
25432.0,ip,63,suspicious,1,2,0.81,3490,stable,Scanner,IR
7773.0,ip,67,suspicious,1,2,0.71,3137,stable,Malware-C2,RU
197992.0,ip,9,clean,0,0,0.7,2258,increasing,,BR
18055.0,ip,34,clean,0,0,0.67,3134,stable,,BR
237513.0,ip,6,clean,0,0,0.54,52,increasing,,US
358253.0,ip,48,suspicious,0,2,0.7,3327,decreasing,,CN
2633.0,ip,26,clean,0,2,0.49,2679,stable,,IR
38246.0,ip,39,clean,0,2,0.42,1937,stable,,BR
24852.0,ip,36,clean,0,1,0.53,3638,increasing,,CN
30031.0,ip,21,clean,0,0,0.86,3255,stable,,RU
39265.0,ip,33,clean,0,1,0.95,3388,stable,,FR
654.0,ip,27,clean,0,2,0.45,1688,stable,,CN
176171.0,ip,30,clean,0,0,0.43,1000,increasing,,CN
201576.0,ip,34,clean,0,2,0.69,1040,stable,,CN
46269.0,ip,24,clean,0,1,0.45,1067,stable,,CN
42742.0,ip,33,clean,0,2,0.52,1154,increasing,,FR
100071.0,ip,10,clean,0,1,0.5,3157,stable,,RU
4299.0,ip,22,clean,0,0,0.45,1955,increasing,,BR
79015.0,ip,26,clean,0,0,0.61,2698,stable,,RU
233276.0,ip,32,clean,0,0,0.62,1700,decreasing,,CN
108240.0,ip,21,clean,0,1,0.55,517,increasing,,FR
28530.0,ip,25,clean,0,1,0.71,1434,stable,,BR
34455.0,ip,27,clean,0,0,0.55,1667,stable,,US
186645.0,ip,32,clean,0,0,0.47,2832,stable,,DE
4680.0,ip,38,clean,0,2,0.68,2252,stable,,RU
27158.0,ip,28,clean,0,2,0.55,1156,decreasing,,IR
1545.0,ip,33,clean,0,2,0.49,3376,decreasing,,RU
47293.0,ip,24,clean,0,0,0.89,2027,stable,,CN
145683.0,ip,36,clean,0,1,0.63,570,stable,,IR
242227.0,ip,54,suspicious,0,1,0.45,3638,increasing,,RU
261539.0,ip,38,clean,0,1,0.81,44,stable,,FR
59.0,ip,60,suspicious,0,2,0.75,2738,stable,,CN
220499.0,ip,23,clean,0,1,0.44,3644,stable,,BR
4.0,ip,0,clean,0,0,0.58,461,decreasing,,IR
65213.0,ip,41,suspicious,0,1,0.41,3240,increasing,,FR
126.0,ip,26,clean,0,0,0.61,3346,stable,,FR
16.0,ip,45,suspicious,0,2,0.42,823,increasing,,BR
258425.0,ip,42,suspicious,0,3,0.87,3349,increasing,,BR
62512.0,ip,51,suspicious,0,3,0.82,2809,decreasing,,NL
20184.0,ip,51,suspicious,0,3,0.48,3635,stable,,CN
72669.0,ip,40,clean,0,3,0.83,77,stable,,CN
49183.0,ip,37,clean,0,0,0.71,1738,increasing,,US
308927.0,ip,37,clean,0,1,0.49,2375,increasing,,FR
116291.0,ip,30,clean,0,0,0.53,1302,stable,,US
57949.0,ip,16,clean,0,1,0.79,2857,decreasing,,RU
105020.0,ip,23,clean,0,2,0.63,3648,decreasing,,BR
13111.0,ip,48,suspicious,0,1,0.74,1345,decreasing,,NL
65270.0,ip,38,clean,0,2,0.91,391,stable,,FR
5335.0,ip,65,suspicious,1,4,0.43,3110,increasing,Phishing,US
13909.0,ip,51,suspicious,0,2,0.89,3172,stable,,US
70395.0,ip,32,clean,0,0,0.57,990,increasing,,IR
338716.0,ip,52,suspicious,0,2,0.54,1012,decreasing,,DE
10114.0,ip,50,suspicious,0,3,0.76,3567,stable,,CN
61203.0,ip,17,clean,0,1,0.53,3501,decreasing,,RU
120108.0,ip,44,suspicious,0,3,0.54,2281,decreasing,,BR
4391.0,ip,31,clean,0,0,0.6,1595,stable,,KP
66143.0,ip,14,clean,0,0,0.94,1774,stable,,BR
57907.0,ip,44,suspicious,0,3,0.88,2485,increasing,,BR
178259.0,ip,11,clean,0,0,0.9,2267,stable,,BR
348139.0,ip,25,clean,0,0,0.79,1708,stable,,US
89412.0,ip,9,clean,0,0,0.6,1914,decreasing,,NL
114396.0,ip,29,clean,0,2,0.67,2946,stable,,US
66812.0,ip,21,clean,0,2,0.51,1722,increasing,,IR
6839.0,ip,23,clean,0,2,0.56,1649,stable,,NL
17356.0,ip,32,clean,0,1,0.89,547,stable,,CN
179744.0,ip,26,clean,0,0,0.58,406,decreasing,,IR
239407.0,ip,34,clean,0,1,0.74,963,increasing,,CN
6345.0,ip,51,suspicious,0,1,0.56,3060,increasing,,NL
4502.0,ip,53,suspicious,0,2,0.85,227,decreasing,,DE
116618.0,ip,49,suspicious,0,1,0.61,1213,decreasing,,BR
3538.0,ip,51,suspicious,0,2,0.88,2170,stable,,IR
16491.0,ip,8,clean,0,1,0.85,2124,decreasing,,NL
313499.0,ip,16,clean,0,1,0.76,2594,increasing,,CN
273957.0,ip,30,clean,0,2,0.82,2074,decreasing,,BR
19628.0,ip,19,clean,0,0,0.86,84,decreasing,,US
113866.0,ip,26,clean,0,0,0.9,506,stable,,BR
156426.0,ip,50,suspicious,0,2,0.74,622,stable,,CN
24038.0,ip,56,suspicious,0,2,0.58,3574,stable,,RU
2364.0,ip,51,suspicious,0,1,0.78,2462,stable,,DE
7995.0,ip,39,clean,0,1,0.89,1042,increasing,,US
311069.0,ip,13,clean,0,0,0.73,3486,decreasing,,FR
47871.0,ip,28,clean,0,1,0.59,3260,decreasing,,KP
2586.0,ip,31,clean,0,1,0.91,502,stable,,RU
308305.0,ip,17,clean,0,0,0.92,893,increasing,,IR
9804.0,ip,47,suspicious,0,2,0.87,1380,increasing,,DE
341627.0,ip,0,clean,0,1,0.92,2184,decreasing,,RU
3970.0,ip,42,suspicious,0,3,0.59,1154,stable,,NL
250579.0,ip,6,clean,0,0,0.72,3107,increasing,,US
26468.0,ip,36,clean,0,1,0.74,2633,increasing,,DE
1560.0,ip,24,clean,0,2,0.59,2325,stable,,RU
117992.0,ip,30,clean,0,2,0.63,2611,stable,,US
23288.0,ip,38,clean,0,2,0.79,487,increasing,,DE
7159.0,ip,39,clean,0,1,0.63,3541,stable,,CN
181918.0,ip,38,clean,0,2,0.51,301,stable,,US
15804.0,ip,24,clean,0,1,0.84,2236,increasing,,NL
110757.0,ip,26,clean,0,0,0.42,3249,increasing,,BR
106420.0,ip,14,clean,0,0,0.61,2495,stable,,CN
10941.0,ip,24,clean,0,2,0.51,3367,increasing,,NL
326323.0,ip,39,clean,0,0,0.45,2467,stable,,BR
187963.0,ip,59,suspicious,0,3,0.88,1972,increasing,,US
7568.0,ip,29,clean,0,0,0.56,337,stable,,RU
3702.0,ip,48,suspicious,0,2,0.78,1173,increasing,,CN
4854.0,ip,41,suspicious,0,2,0.72,2698,stable,,CN
115322.0,ip,34,clean,0,1,0.65,878,stable,,NL
49156.0,ip,30,clean,0,1,0.83,1391,decreasing,,RU
245933.0,ip,26,clean,0,2,0.83,1756,stable,,US
5353.0,ip,48,suspicious,0,1,0.67,1567,increasing,,BR
235848.0,ip,23,clean,0,2,0.5,1333,increasing,,RU
289276.0,ip,8,clean,0,0,0.88,1005,stable,,IR
3452.0,ip,26,clean,0,2,0.95,1752,stable,,NL
208201.0,ip,12,clean,0,0,0.6,3619,increasing,,KP
15552.0,ip,39,clean,0,1,0.79,1060,stable,,RU
283985.0,ip,40,clean,0,3,0.42,1527,decreasing,,BR
344134.0,ip,26,clean,0,1,0.92,348,increasing,,CN
3997.0,ip,38,clean,0,1,0.47,3101,stable,,RU
191691.0,ip,14,clean,0,1,0.64,2987,stable,,IR
27234.0,ip,52,suspicious,0,1,0.73,322,stable,,BR
89759.0,ip,39,clean,0,1,0.64,3422,stable,,NL
8083.0,ip,35,clean,0,2,0.68,1847,increasing,,NL
3871.0,ip,8,clean,0,0,0.69,1953,stable,,CN
9622.0,ip,12,clean,0,1,0.62,1508,stable,,CN
3903.0,ip,10,clean,0,0,0.93,1160,stable,,CN
7324.0,ip,5,clean,0,0,0.86,77,stable,,IR
2510.0,ip,9,clean,0,0,0.56,356,increasing,,DE
7798.0,ip,2,clean,0,0,0.61,2380,increasing,,IR
4825.0,ip,26,clean,0,2,0.85,402,decreasing,,DE
297344.0,ip,39,clean,0,0,0.59,2124,decreasing,,NL
4891.0,ip,40,clean,0,3,0.86,3324,increasing,,IR
60600.0,ip,49,suspicious,0,2,0.85,2611,stable,,US
7756.0,ip,54,suspicious,0,3,0.8,2203,increasing,,RU
11551.0,ip,42,suspicious,0,3,0.88,2624,stable,,FR
31369.0,ip,35,clean,0,2,0.87,3,increasing,,CN
6533.0,ip,29,clean,0,0,0.72,1896,stable,,US
14734.0,ip,42,suspicious,0,1,0.87,2837,decreasing,,US
34947.0,ip,47,suspicious,0,2,0.94,3323,stable,,IR
9117.0,ip,50,suspicious,0,1,0.56,3638,decreasing,,IR
5329.0,ip,51,suspicious,0,2,0.47,3532,stable,,US
3680.0,ip,53,suspicious,0,2,0.72,1973,stable,,BR
10145.0,ip,31,clean,0,2,0.62,3222,increasing,,DE
27564.0,ip,38,clean,0,1,0.53,1706,increasing,,NL
10728.0,ip,29,clean,0,2,0.65,723,stable,,KP
21401.0,ip,27,clean,0,1,0.52,637,stable,,FR
4379.0,ip,52,suspicious,0,2,0.94,1246,stable,,RU
16138.0,ip,48,suspicious,0,1,0.71,1088,stable,,US
10159.0,ip,44,suspicious,0,1,0.42,995,stable,,IR
12829.0,ip,41,suspicious,0,3,0.6,3637,decreasing,,NL
8809.0,ip,35,clean,0,2,0.48,2415,increasing,,KP
237232.0,ip,41,suspicious,0,3,0.79,616,increasing,,BR
24160.0,ip,30,clean,0,0,0.78,3388,increasing,,US
13644.0,ip,41,suspicious,0,3,0.43,3460,stable,,IR
12299.0,ip,54,suspicious,0,2,0.46,1045,stable,,DE
9733.0,ip,53,suspicious,0,3,0.79,2444,increasing,,US
3019.0,ip,23,clean,0,0,0.85,1797,increasing,,RU
145270.0,ip,28,clean,0,1,0.78,713,increasing,,FR
17768.0,ip,35,clean,0,2,0.46,917,stable,,DE
9759.0,ip,46,suspicious,0,3,0.46,2386,stable,,IR
14244.0,ip,53,suspicious,0,2,0.58,2132,stable,,US
25225.0,ip,34,clean,0,0,0.56,3205,stable,,BR
13739.0,ip,46,suspicious,0,3,0.77,563,increasing,,BR
81667.0,ip,43,suspicious,0,3,0.66,2080,decreasing,,IR
11934.0,ip,59,suspicious,0,1,0.66,1790,decreasing,,BR
13358.0,ip,64,suspicious,1,3,0.44,724,increasing,Phishing,IR
11307.0,ip,43,suspicious,0,1,0.54,1704,increasing,,US
18120.0,ip,47,suspicious,0,1,0.89,2546,stable,,NL
18942.0,ip,36,clean,0,2,0.54,1933,increasing,,FR
95955.0,ip,50,suspicious,0,1,0.7,3343,increasing,,NL
9364.0,ip,48,suspicious,0,3,0.77,3034,stable,,BR
16423.0,ip,66,suspicious,1,2,0.8,458,decreasing,Scanner,BR
34536.0,ip,36,clean,0,2,0.91,2721,stable,,US
98573.0,ip,51,suspicious,0,1,0.9,2481,stable,,NL
47236.0,ip,48,suspicious,0,1,0.41,54,stable,,NL
12543.0,ip,52,suspicious,0,3,0.68,877,increasing,,BR
17042.0,ip,37,clean,0,0,0.86,1673,decreasing,,NL
14725.0,ip,52,suspicious,0,2,0.78,1400,stable,,RU
111334.0,ip,39,clean,0,1,0.62,1445,decreasing,,BR
15518.0,ip,57,suspicious,0,2,0.68,919,decreasing,,RU
10669.0,ip,33,clean,0,2,0.71,2933,increasing,,BR
14156.0,ip,41,suspicious,0,3,0.4,1741,increasing,,NL
1319.0,ip,63,suspicious,1,2,0.73,2513,increasing,Botnet,US
7663.0,ip,34,clean,0,1,0.85,1226,stable,,BR
3888.0,ip,56,suspicious,0,2,0.9,3562,stable,,BR
137440.0,ip,11,clean,0,0,0.85,1549,increasing,,US
325159.0,ip,9,clean,0,0,0.79,2671,increasing,,RU
15649.0,ip,22,clean,0,2,0.54,3535,increasing,,FR
264149.0,ip,40,clean,0,2,0.68,1540,decreasing,,US
18881.0,ip,53,suspicious,0,3,0.94,679,stable,,IR
286364.0,ip,44,suspicious,0,3,0.72,3131,stable,,US
1847.0,ip,40,clean,0,1,0.55,2921,stable,,DE
19676.0,ip,17,clean,0,1,0.74,2644,increasing,,BR
442.0,ip,46,suspicious,0,2,0.41,2695,increasing,,BR
1640.0,ip,47,suspicious,0,2,0.84,1770,stable,,CN
11850.0,ip,41,suspicious,0,1,0.88,206,stable,,FR
268019.0,ip,4,clean,0,1,0.9,954,stable,,DE
10806.0,ip,48,suspicious,0,2,0.78,1997,stable,,DE
2012.0,ip,51,suspicious,0,2,0.69,1294,stable,,CN
437.0,ip,33,clean,0,2,0.74,1621,stable,,KP
241339.0,ip,24,clean,0,2,0.43,27,decreasing,,IR
340953.0,ip,23,clean,0,2,0.61,3390,increasing,,US
81.0,ip,23,clean,0,0,0.86,401,stable,,CN
1883.0,ip,65,suspicious,1,4,0.65,2983,stable,Phishing,US
99291.0,ip,51,suspicious,0,3,0.42,3179,increasing,,US
8400.0,ip,43,suspicious,0,1,0.42,1641,stable,,CN
106628.0,ip,34,clean,0,0,0.58,2989,stable,,IR
26046.0,ip,31,clean,0,1,0.48,1727,increasing,,BR
261206.0,ip,24,clean,0,1,0.79,2739,decreasing,,RU
45919.0,ip,15,clean,0,1,0.68,354,decreasing,,BR
21178.0,ip,22,clean,0,0,0.66,789,stable,,BR
108664.0,ip,25,clean,0,2,0.8,786,stable,,CN
60624.0,ip,23,clean,0,0,0.52,3634,stable,,FR
28476.0,ip,37,clean,0,0,0.85,653,increasing,,FR
22168.0,ip,25,clean,0,1,0.85,1012,increasing,,BR
98795.0,ip,17,clean,0,0,0.76,1017,stable,,RU
45001.0,ip,18,clean,0,0,0.85,785,stable,,RU
62974.0,ip,0,clean,0,0,0.84,3528,increasing,,IR
903.0,ip,32,clean,0,2,0.52,304,increasing,,CN
645.0,ip,25,clean,0,1,0.45,1826,increasing,,NL
264136.0,ip,7,clean,0,0,0.67,2364,decreasing,,KP
286818.0,ip,6,clean,0,1,0.72,2627,stable,,US
44943.0,ip,28,clean,0,0,0.59,3291,increasing,,US
98508.0,ip,16,clean,0,1,0.84,3410,stable,,DE
3144.0,ip,24,clean,0,1,0.81,3083,decreasing,,RU
275540.0,ip,0,clean,0,0,0.58,1659,stable,,US
47042.0,ip,17,clean,0,1,0.63,2257,increasing,,RU
286883.0,ip,24,clean,0,1,0.88,73,stable,,NL
58471.0,ip,36,clean,0,1,0.49,584,stable,,BR
2610.0,ip,45,suspicious,0,1,0.65,2844,stable,,BR
9143.0,ip,46,suspicious,0,1,0.93,7,increasing,,CN
2171.0,ip,48,suspicious,0,1,0.7,2364,increasing,,RU
1128.0,ip,31,clean,0,0,0.58,1091,stable,,IR
13483.0,ip,55,suspicious,0,3,0.42,633,stable,,CN
5443.0,ip,48,suspicious,0,1,0.73,470,increasing,,FR
3315.0,ip,37,clean,0,2,0.93,279,stable,,IR
1062.0,ip,36,clean,0,0,0.77,1683,stable,,FR
24889.0,ip,42,suspicious,0,3,0.63,429,increasing,,DE
47559.0,ip,34,clean,0,2,0.55,1405,decreasing,,CN
2214.0,ip,41,suspicious,0,2,0.87,668,stable,,NL
18187.0,ip,43,suspicious,0,2,0.45,1764,increasing,,NL
2777.0,ip,47,suspicious,0,3,0.75,488,decreasing,,FR
61707.0,ip,61,suspicious,1,2,0.92,2268,increasing,Scanner,DE
15714.0,ip,38,clean,0,2,0.58,192,decreasing,,NL
2010.0,ip,39,clean,0,2,0.95,2408,stable,,RU
11225.0,ip,37,clean,0,0,0.73,3545,increasing,,BR
5291.0,ip,46,suspicious,0,3,0.63,3102,stable,,NL
213010.0,ip,31,clean,0,2,0.55,3302,stable,,KP
82997.0,ip,26,clean,0,0,0.69,2884,decreasing,,CN
57654.0,ip,23,clean,0,1,0.61,2796,stable,,CN
2311.0,ip,21,clean,0,0,0.6,3266,stable,,FR
224571.0,ip,19,clean,0,1,0.89,1885,stable,,CN
226934.0,ip,19,clean,0,0,0.59,359,stable,,BR
47416.0,ip,54,suspicious,0,3,0.87,1497,increasing,,CN
2687.0,ip,30,clean,0,0,0.71,176,decreasing,,BR
42575.0,ip,22,clean,0,0,0.92,125,stable,,NL
60118.0,ip,19,clean,0,1,0.89,2841,increasing,,BR
227017.0,ip,19,clean,0,0,0.78,3453,stable,,US
33342.0,ip,12,clean,0,1,0.6,2190,increasing,,IR
12845.0,ip,37,clean,0,0,0.48,3031,increasing,,DE
51622.0,ip,10,clean,0,1,0.75,86,stable,,BR
7404.0,ip,0,clean,0,0,0.88,3457,stable,,DE
170989.0,ip,27,clean,0,1,0.67,2715,decreasing,,BR
10649.0,ip,29,clean,0,1,0.68,2086,stable,,DE
33670.0,ip,30,clean,0,1,0.93,2017,increasing,,RU
319044.0,ip,33,clean,0,2,0.52,297,increasing,,KP
2263.0,ip,43,suspicious,0,3,0.74,1316,decreasing,,CN
8806.0,ip,26,clean,0,2,0.83,3255,increasing,,BR
87159.0,ip,2,clean,0,0,0.87,746,increasing,,DE
277252.0,ip,57,suspicious,0,3,0.73,72,increasing,,BR
12540.0,ip,63,suspicious,1,4,0.87,1855,stable,Ransomware,US
350338.0,ip,56,suspicious,0,2,0.44,2201,stable,,BR
342878.0,ip,24,clean,0,0,0.62,276,decreasing,,RU
102734.0,ip,48,suspicious,0,3,0.6,1582,decreasing,,RU
14202.0,ip,16,clean,0,0,0.87,2739,increasing,,RU
259355.0,ip,33,clean,0,0,0.69,729,decreasing,,DE
55249.0,ip,39,clean,0,2,0.55,1579,decreasing,,CN
3460.0,ip,34,clean,0,1,0.77,1934,increasing,,US
15936.0,ip,44,suspicious,0,2,0.66,2259,stable,,CN
15681.0,ip,41,suspicious,0,2,0.58,286,stable,,CN
4117.0,ip,33,clean,0,1,0.55,2801,decreasing,,BR
18834.0,ip,35,clean,0,0,0.69,699,stable,,FR
5681.0,ip,26,clean,0,2,0.53,2428,stable,,NL
32618.0,ip,44,suspicious,0,2,0.74,1245,increasing,,CN
47860.0,ip,31,clean,0,0,0.76,2536,increasing,,BR
39272.0,ip,25,clean,0,0,0.51,3625,stable,,KP
1713.0,ip,38,clean,0,2,0.73,1283,stable,,NL
62397.0,ip,25,clean,0,0,0.65,2594,stable,,KP
1889.0,ip,22,clean,0,2,0.5,3236,stable,,US
17097.0,ip,26,clean,0,0,0.77,1560,stable,,US
270960.0,ip,33,clean,0,0,0.64,1101,stable,,IR
9760.0,ip,39,clean,0,2,0.58,1067,stable,,FR
13573.0,ip,7,clean,0,0,0.62,1508,decreasing,,KP
194629.0,ip,44,suspicious,0,2,0.46,2899,stable,,BR
28266.0,ip,12,clean,0,0,0.6,1536,increasing,,BR
273336.0,ip,34,clean,0,2,0.93,649,stable,,RU
217439.0,ip,48,suspicious,0,2,0.95,2195,increasing,,BR
205935.0,ip,34,clean,0,0,0.79,3019,stable,,RU
16169.0,ip,36,clean,0,0,0.41,3478,stable,,KP
38678.0,ip,31,clean,0,0,0.9,3165,stable,,FR
9255.0,ip,40,clean,0,3,0.82,541,decreasing,,BR
1250.0,ip,22,clean,0,1,0.72,916,stable,,DE
13782.0,ip,11,clean,0,0,0.59,3160,increasing,,RU
59783.0,ip,18,clean,0,1,0.59,939,increasing,,IR
72390.0,ip,27,clean,0,2,0.68,3137,stable,,BR
21921.0,ip,24,clean,0,1,0.57,1631,stable,,US
291838.0,ip,39,clean,0,0,0.88,693,stable,,BR
85698.0,ip,23,clean,0,2,0.67,2661,increasing,,NL
12353.0,ip,54,suspicious,0,1,0.87,2924,increasing,,CN
8815.0,ip,28,clean,0,0,0.42,1155,decreasing,,NL
2947.0,ip,26,clean,0,2,0.8,1313,increasing,,RU
5988.0,ip,46,suspicious,0,1,0.91,2693,decreasing,,IR
25131.0,ip,8,clean,0,0,0.5,3433,stable,,NL
228876.0,ip,24,clean,0,2,0.44,3344,stable,,BR
258873.0,ip,25,clean,0,2,0.91,939,stable,,RU
226748.0,ip,28,clean,0,2,0.87,1790,stable,,RU
26381.0,ip,50,suspicious,0,3,0.8,361,decreasing,,BR
47600.0,ip,0,clean,0,1,0.65,2409,decreasing,,CN
924.0,ip,20,clean,0,0,0.91,1910,increasing,,NL
138268.0,sha256,27,clean,1,19,0.71,219,increasing,Trojan,
28310.0,sha256,27,clean,1,19,0.57,108,decreasing,Backdoor,
8641.0,sha256,28,clean,1,20,0.64,105,increasing,Backdoor,
521.0,sha256,26,clean,1,18,0.84,60,stable,Backdoor,
36136.0,sha256,43,suspicious,1,30,0.61,28,stable,Trojan,
30429.0,sha256,7,clean,0,5,0.83,355,increasing,,
0.0,sha256,22,clean,0,15,0.94,159,stable,,
263.0,sha256,32,clean,1,23,0.94,357,increasing,Ransomware,
103056.0,sha256,47,suspicious,1,33,0.84,48,stable,Ransomware,
111143.0,sha256,29,clean,1,20,0.8,213,stable,Dropper,
29.0,sha256,19,clean,0,13,0.52,118,increasing,,
102.0,sha256,24,clean,1,17,0.55,141,stable,Backdoor,
55.0,sha256,38,clean,1,27,0.78,192,increasing,Dropper,
64723.0,sha256,30,clean,1,21,0.64,162,stable,Dropper,
770.0,sha256,22,clean,0,15,0.62,85,increasing,,
1.0,sha256,21,clean,0,15,0.72,210,stable,,
3.0,sha256,9,clean,0,6,0.88,65,decreasing,,
28471.0,sha256,20,clean,0,14,0.96,100,stable,,
24030.0,sha256,22,clean,0,15,0.68,249,increasing,,
100.0,sha256,29,clean,1,20,0.75,174,increasing,Trojan,
1492.0,sha256,39,clean,1,28,0.64,205,increasing,Backdoor,
146.0,sha256,39,clean,1,28,0.96,355,stable,Trojan,
2.0,sha256,47,suspicious,1,33,0.98,270,stable,Dropper,
279.0,sha256,26,clean,1,18,0.97,319,stable,Trojan,
3341.0,sha256,17,clean,0,12,0.68,256,increasing,,
69328.0,sha256,23,clean,1,16,0.72,21,increasing,Trojan,
60094.0,sha256,24,clean,1,17,0.58,78,increasing,Dropper,
12690.0,sha256,41,suspicious,1,29,0.54,146,stable,Ransomware,
238.0,sha256,50,suspicious,1,36,0.85,124,stable,Backdoor,
60.0,sha256,48,suspicious,1,34,0.51,50,stable,Ransomware,
8326.0,sha256,33,clean,1,23,0.66,350,stable,Trojan,
71755.0,sha256,35,clean,1,25,0.92,79,stable,Trojan,
1267.0,sha256,39,clean,1,28,0.77,143,increasing,Backdoor,
10802.0,sha256,37,clean,1,26,0.91,322,stable,Trojan,
8428.0,sha256,43,suspicious,1,30,0.79,7,stable,Dropper,
31.0,sha256,34,clean,1,24,0.94,257,stable,Dropper,
4558.0,sha256,50,suspicious,1,36,0.87,197,decreasing,Trojan,
121089.0,sha256,26,clean,1,18,0.58,348,decreasing,Dropper,
47164.0,sha256,0,clean,0,0,0.56,109,stable,,
562.0,sha256,27,clean,1,19,0.65,225,stable,Backdoor,
413.0,sha256,16,clean,0,11,0.74,255,increasing,,
10.0,sha256,13,clean,0,9,0.79,337,stable,,
874.0,sha256,23,clean,1,16,0.96,224,stable,Dropper,
85.0,sha256,20,clean,0,14,0.77,134,increasing,,
30.0,sha256,28,clean,1,20,0.58,116,stable,Trojan,
84.0,sha256,0,clean,0,0,0.72,223,stable,,
134929.0,sha256,57,suspicious,1,41,0.5,9,increasing,Backdoor,
75803.0,sha256,46,suspicious,1,33,0.58,150,decreasing,Dropper,
7.0,sha256,29,clean,1,20,0.67,64,stable,Trojan,
20533.0,sha256,42,suspicious,1,30,0.95,204,decreasing,Ransomware,
9.0,sha256,15,clean,0,10,0.54,202,increasing,,
1147.0,sha256,30,clean,1,21,0.56,271,stable,Trojan,
37750.0,sha256,23,clean,1,16,0.54,23,decreasing,Ransomware,
69595.0,sha256,24,clean,1,17,0.72,300,stable,Ransomware,
23.0,sha256,22,clean,0,15,0.87,51,stable,,
27.0,sha256,32,clean,1,23,0.53,24,stable,Backdoor,
109.0,sha256,13,clean,0,9,0.74,199,stable,,
24.0,sha256,11,clean,0,7,0.93,0,increasing,,
3605.0,sha256,23,clean,1,16,0.94,125,stable,Trojan,
7740.0,sha256,10,clean,0,7,0.89,362,stable,,
22.0,sha256,14,clean,0,10,0.65,88,stable,,
1722.0,sha256,8,clean,0,5,0.52,189,stable,,
66708.0,sha256,9,clean,0,6,0.89,328,stable,,
110.0,sha256,11,clean,0,7,0.56,140,decreasing,,
68.0,sha256,48,suspicious,1,34,0.67,76,stable,Ransomware,
611.0,sha256,24,clean,1,17,0.98,252,stable,Backdoor,
1120.0,sha256,9,clean,0,6,0.91,290,decreasing,,
39602.0,sha256,59,suspicious,1,42,0.92,285,increasing,Dropper,
24722.0,sha256,29,clean,1,20,0.83,18,stable,Backdoor,
38.0,sha256,20,clean,0,14,0.91,114,stable,,
1260.0,sha256,20,clean,0,14,0.8,126,decreasing,,
19.0,sha256,23,clean,1,16,0.8,327,decreasing,Trojan,
13.0,sha256,43,suspicious,1,30,0.81,330,stable,Ransomware,
986.0,sha256,22,clean,0,15,0.77,92,stable,,
616.0,sha256,34,clean,1,24,0.51,206,stable,Ransomware,
6403.0,sha256,26,clean,1,18,0.69,341,stable,Dropper,
2125.0,sha256,40,clean,1,28,0.64,84,increasing,Trojan,
23439.0,sha256,30,clean,1,21,0.53,81,stable,Ransomware,
1135.0,sha256,48,suspicious,1,34,0.87,250,increasing,Backdoor,
73313.0,sha256,28,clean,1,20,0.79,150,stable,Trojan,
16.0,sha256,39,clean,1,28,0.94,252,increasing,Ransomware,
4742.0,sha256,30,clean,1,21,0.53,125,decreasing,Trojan,
1044.0,sha256,28,clean,1,20,0.71,56,decreasing,Backdoor,
934.0,sha256,20,clean,0,14,0.82,326,stable,,
710.0,sha256,22,clean,0,15,0.88,292,stable,,
2075.0,sha256,41,suspicious,1,29,0.7,212,increasing,Ransomware,
4639.0,sha256,45,suspicious,1,32,0.57,207,decreasing,Backdoor,
86.0,sha256,18,clean,0,12,0.62,338,stable,,
1268.0,sha256,44,suspicious,1,31,0.51,308,stable,Ransomware,
84424.0,sha256,49,suspicious,1,35,0.57,156,decreasing,Backdoor,
2082.0,sha256,38,clean,1,27,0.51,283,stable,Trojan,
204.0,sha256,43,suspicious,1,30,0.83,319,stable,Ransomware,
19295.0,sha256,28,clean,1,20,0.65,264,stable,Dropper,
3566.0,sha256,32,clean,1,23,0.79,219,stable,Trojan,
17.0,sha256,31,clean,1,22,0.61,8,stable,Dropper,
7567.0,sha256,14,clean,0,10,0.61,315,stable,,
42.0,sha256,31,clean,1,22,0.78,106,increasing,Backdoor,
68950.0,sha256,28,clean,1,20,0.78,95,increasing,Backdoor,
100653.0,sha256,12,clean,0,8,0.51,244,stable,,
97.0,sha256,42,suspicious,1,30,0.78,52,stable,Trojan,
24737.0,sha256,29,clean,1,20,0.82,338,stable,Trojan,
105955.0,sha256,22,clean,0,15,0.88,126,stable,,
60937.0,sha256,23,clean,1,16,0.66,37,stable,Dropper,
3025.0,sha256,10,clean,0,7,0.84,156,stable,,
895.0,sha256,28,clean,1,20,0.58,352,increasing,Trojan,
2406.0,sha256,21,clean,0,15,0.95,182,stable,,
221.0,sha256,20,clean,0,14,0.72,329,stable,,
1713.0,sha256,11,clean,0,7,0.67,135,stable,,
11664.0,sha256,6,clean,0,4,0.87,321,stable,,
147.0,sha256,38,clean,1,27,0.53,140,increasing,Trojan,
72087.0,sha256,66,suspicious,1,47,0.9,29,stable,Ransomware,
2635.0,sha256,41,suspicious,1,29,0.66,360,decreasing,Ransomware,
104885.0,sha256,21,clean,0,15,0.91,243,stable,,
95571.0,sha256,37,clean,1,26,0.67,113,stable,Ransomware,
5.0,sha256,47,suspicious,1,33,0.76,203,stable,Trojan,
97990.0,sha256,47,suspicious,1,33,0.64,204,increasing,Dropper,
106.0,sha256,22,clean,0,15,0.71,315,stable,,
334.0,sha256,53,suspicious,1,38,0.73,127,stable,Dropper,
1107.0,sha256,25,clean,1,18,0.87,102,increasing,Dropper,
10183.0,sha256,15,clean,0,10,0.61,308,stable,,
5498.0,sha256,44,suspicious,1,31,0.61,110,stable,Trojan,
94711.0,sha256,36,clean,1,25,0.78,132,stable,Dropper,
1678.0,sha256,33,clean,1,23,0.97,208,stable,Ransomware,
960.0,sha256,32,clean,1,23,0.74,274,stable,Ransomware,
163.0,sha256,44,suspicious,1,31,0.61,217,stable,Dropper,
1173.0,sha256,18,clean,0,12,0.67,39,increasing,,
625.0,sha256,17,clean,0,12,0.61,224,increasing,,
2680.0,sha256,30,clean,1,21,0.97,86,stable,Backdoor,
23615.0,sha256,38,clean,1,27,0.56,140,decreasing,Dropper,
1915.0,sha256,23,clean,1,16,0.6,50,stable,Trojan,
407.0,sha256,8,clean,0,5,0.53,73,decreasing,,
7063.0,sha256,17,clean,0,12,0.61,178,increasing,,
11573.0,sha256,4,clean,0,2,0.72,211,stable,,
12113.0,sha256,37,clean,1,26,0.91,245,stable,Dropper,
2772.0,sha256,28,clean,1,20,0.5,191,stable,Ransomware,
9339.0,sha256,5,clean,0,3,0.78,210,stable,,
232.0,sha256,32,clean,1,23,0.87,355,stable,Backdoor,
21595.0,sha256,23,clean,1,16,0.71,241,stable,Backdoor,
3627.0,sha256,51,suspicious,1,36,0.76,313,decreasing,Backdoor,
135278.0,sha256,43,suspicious,1,30,0.7,253,increasing,Dropper,
18603.0,sha256,10,clean,0,7,0.57,96,stable,,
108.0,sha256,24,clean,1,17,0.77,75,increasing,Dropper,
229.0,sha256,18,clean,0,12,0.76,181,stable,,
482.0,sha256,24,clean,1,17,0.53,21,decreasing,Dropper,
4304.0,sha256,53,suspicious,1,38,0.9,37,stable,Trojan,
661.0,sha256,19,clean,0,13,0.72,42,stable,,
7712.0,sha256,31,clean,1,22,0.51,156,stable,Backdoor,
590.0,sha256,38,clean,1,27,0.82,363,stable,Ransomware,
499.0,sha256,34,clean,1,24,0.62,277,stable,Backdoor,
271.0,sha256,46,suspicious,1,33,0.72,78,increasing,Dropper,
23457.0,sha256,4,clean,0,2,0.91,240,decreasing,,
3193.0,sha256,12,clean,0,8,0.5,31,increasing,,
19093.0,sha256,30,clean,1,21,0.9,13,decreasing,Dropper,
124.0,sha256,40,clean,1,28,0.65,28,stable,Dropper,
217.0,sha256,12,clean,0,8,0.94,131,increasing,,
7012.0,sha256,5,clean,0,3,0.63,71,stable,,
33.0,sha256,35,clean,1,25,0.6,16,stable,Dropper,
7453.0,sha256,33,clean,1,23,0.93,48,stable,Dropper,
174.0,sha256,23,clean,1,16,0.5,241,stable,Dropper,
1166.0,sha256,32,clean,1,23,0.76,103,increasing,Dropper,
31644.0,sha256,41,suspicious,1,29,0.57,154,increasing,Dropper,
29976.0,sha256,35,clean,1,25,0.71,253,increasing,Backdoor,
1241.0,sha256,37,clean,1,26,0.86,344,stable,Trojan,
4437.0,sha256,19,clean,0,13,0.62,216,stable,,
29556.0,sha256,0,clean,0,0,0.82,213,decreasing,,
2936.0,sha256,24,clean,1,17,0.59,354,increasing,Backdoor,
126.0,sha256,28,clean,1,20,0.55,53,stable,Backdoor,
942.0,sha256,24,clean,1,17,0.7,117,stable,Dropper,
13168.0,sha256,15,clean,0,10,0.87,276,stable,,
522.0,sha256,36,clean,1,25,0.64,257,increasing,Backdoor,
473.0,sha256,26,clean,1,18,0.81,91,stable,Dropper,
1034.0,sha256,36,clean,1,25,0.77,189,stable,Dropper,
2753.0,sha256,1,clean,0,0,0.7,169,increasing,,
4377.0,sha256,21,clean,0,15,0.98,344,decreasing,,
618.0,sha256,37,clean,1,26,0.92,205,stable,Backdoor,
745.0,sha256,24,clean,1,17,0.55,308,stable,Ransomware,
9056.0,sha256,30,clean,1,21,0.81,253,increasing,Dropper,
1518.0,sha256,32,clean,1,23,0.98,256,decreasing,Dropper,
17745.0,sha256,34,clean,1,24,0.76,174,stable,Ransomware,
659.0,sha256,25,clean,1,18,0.61,41,stable,Trojan,
293.0,sha256,13,clean,0,9,0.61,228,stable,,
725.0,sha256,35,clean,1,25,0.93,349,increasing,Trojan,
75462.0,sha256,33,clean,1,23,0.58,308,decreasing,Trojan,
1908.0,sha256,63,suspicious,1,45,0.53,180,stable,Backdoor,
6877.0,sha256,18,clean,0,12,0.56,223,increasing,,
6178.0,sha256,7,clean,0,5,0.98,343,stable,,
3831.0,sha256,34,clean,1,24,0.91,10,decreasing,Ransomware,
96.0,sha256,51,suspicious,1,36,0.69,174,increasing,Trojan,
11716.0,sha256,0,clean,0,0,0.73,105,decreasing,,
95252.0,sha256,24,clean,1,17,0.89,209,increasing,Backdoor,
120.0,sha256,17,clean,0,12,0.69,243,increasing,,
2779.0,sha256,14,clean,0,10,0.94,308,decreasing,,
3484.0,sha256,40,clean,1,28,0.84,342,stable,Trojan,
440.0,sha256,17,clean,0,12,0.68,354,stable,,
2817.0,sha256,36,clean,1,25,0.56,4,stable,Dropper,
6862.0,sha256,4,clean,0,2,0.91,224,increasing,,
10287.0,sha256,46,suspicious,1,33,0.7,75,stable,Dropper,
76.0,sha256,35,clean,1,25,0.82,129,stable,Backdoor,
123.0,sha256,27,clean,1,19,0.64,350,stable,Trojan,
56312.0,sha256,32,clean,1,23,0.71,362,stable,Ransomware,
12.0,sha256,27,clean,1,19,0.59,259,stable,Dropper,
1839.0,sha256,30,clean,1,21,0.98,259,stable,Ransomware,
257.0,sha256,3,clean,0,2,0.7,232,stable,,
2462.0,sha256,13,clean,0,9,0.67,231,decreasing,,
44447.0,sha256,30,clean,1,21,0.9,299,stable,Trojan,
19674.0,sha256,19,clean,0,13,0.9,53,stable,,
6219.0,sha256,28,clean,1,20,0.83,142,stable,Dropper,
649.0,sha256,30,clean,1,21,0.6,283,stable,Backdoor,
250.0,sha256,0,clean,0,0,0.8,364,increasing,,
1440.0,sha256,21,clean,0,15,0.92,90,decreasing,,
1524.0,sha256,18,clean,0,12,0.58,218,stable,,
6191.0,sha256,31,clean,1,22,0.78,144,stable,Trojan,
357.0,sha256,19,clean,0,13,0.55,130,stable,,
1159.0,sha256,23,clean,1,16,0.7,245,increasing,Ransomware,
16478.0,sha256,35,clean,1,25,0.61,131,increasing,Dropper,
26.0,sha256,27,clean,1,19,0.72,48,stable,Backdoor,
1724.0,sha256,40,clean,1,28,0.92,315,stable,Dropper,
5025.0,sha256,23,clean,1,16,0.72,197,decreasing,Backdoor,
627.0,sha256,41,suspicious,1,29,0.6,8,stable,Trojan,
4656.0,sha256,51,suspicious,1,36,0.64,116,increasing,Ransomware,
2307.0,sha256,40,clean,1,28,0.8,54,decreasing,Backdoor,
1008.0,sha256,40,clean,1,28,0.95,225,stable,Backdoor,
11703.0,sha256,20,clean,0,14,0.95,241,increasing,,
3330.0,sha256,22,clean,0,15,0.93,266,stable,,
9500.0,sha256,22,clean,0,15,0.65,158,stable,,
8986.0,sha256,44,suspicious,1,31,0.76,41,decreasing,Dropper,
5035.0,sha256,33,clean,1,23,0.69,293,decreasing,Backdoor,
34.0,sha256,26,clean,1,18,0.75,217,decreasing,Dropper,
25.0,sha256,57,suspicious,1,41,0.63,138,increasing,Backdoor,
168.0,sha256,24,clean,1,17,0.83,262,stable,Ransomware,
418.0,sha256,45,suspicious,1,32,0.7,138,stable,Trojan,
8248.0,sha256,27,clean,1,19,0.91,120,stable,Ransomware,
672.0,sha256,22,clean,0,15,0.63,36,increasing,,
1497.0,sha256,9,clean,0,6,0.55,210,stable,,
11354.0,sha256,33,clean,1,23,0.64,242,increasing,Trojan,
70896.0,sha256,11,clean,0,7,0.74,242,increasing,,
69238.0,sha256,39,clean,1,28,0.61,214,stable,Trojan,
22134.0,sha256,41,suspicious,1,29,0.98,8,stable,Ransomware,
14252.0,sha256,21,clean,0,15,0.77,132,stable,,
58472.0,sha256,44,suspicious,1,31,0.59,288,stable,Ransomware,
24801.0,sha256,7,clean,0,5,0.72,354,stable,,
2495.0,sha256,5,clean,0,3,0.95,288,stable,,
34194.0,sha256,28,clean,1,20,0.93,13,increasing,Dropper,
441.0,sha256,26,clean,1,18,0.96,20,increasing,Dropper,
23052.0,sha256,36,clean,1,25,0.92,330,decreasing,Trojan,
4419.0,sha256,45,suspicious,1,32,0.97,105,increasing,Ransomware,
94884.0,sha256,47,suspicious,1,33,0.56,215,stable,Dropper,
1427.0,sha256,36,clean,1,25,0.75,241,decreasing,Ransomware,
21169.0,sha256,24,clean,1,17,0.53,142,stable,Trojan,
154.0,sha256,32,clean,1,23,0.81,333,decreasing,Dropper,
37.0,sha256,48,suspicious,1,34,0.82,360,stable,Backdoor,
2858.0,sha256,28,clean,1,20,0.54,217,stable,Backdoor,
7159.0,sha256,17,clean,0,12,0.54,289,stable,,
79627.0,sha256,11,clean,0,7,0.7,274,decreasing,,
9938.0,sha256,31,clean,1,22,0.65,162,stable,Backdoor,
6002.0,sha256,31,clean,1,22,0.76,325,stable,Dropper,
1281.0,sha256,29,clean,1,20,0.76,105,stable,Trojan,
7523.0,sha256,30,clean,1,21,0.9,198,stable,Dropper,
675.0,sha256,39,clean,1,28,0.56,244,stable,Dropper,
167.0,sha256,11,clean,0,7,0.55,153,stable,,
3493.0,sha256,26,clean,1,18,0.93,11,stable,Backdoor,
205.0,sha256,21,clean,0,15,0.61,252,stable,,
234.0,sha256,11,clean,0,7,0.57,312,increasing,,
14220.0,sha256,23,clean,1,16,0.67,69,increasing,Dropper,
22146.0,sha256,32,clean,1,23,0.61,18,stable,Ransomware,
65295.0,sha256,24,clean,1,17,0.98,33,stable,Backdoor,
18154.0,sha256,25,clean,1,18,0.54,346,increasing,Backdoor,
335.0,sha256,34,clean,1,24,0.94,5,increasing,Dropper,
169.0,sha256,0,clean,0,0,0.87,39,decreasing,,
1023.0,sha256,38,clean,1,27,0.81,298,stable,Ransomware,
536.0,sha256,24,clean,1,17,0.73,173,increasing,Dropper,
61684.0,sha256,37,clean,1,26,0.65,250,stable,Trojan,
315.0,sha256,32,clean,1,23,0.94,177,decreasing,Backdoor,
1210.0,sha256,50,suspicious,1,36,0.7,128,increasing,Ransomware,
18.0,sha256,51,suspicious,1,36,0.93,8,increasing,Ransomware,
3379.0,sha256,25,clean,1,18,0.93,61,decreasing,Backdoor,
11.0,sha256,24,clean,1,17,0.82,332,decreasing,Dropper,
12379.0,sha256,27,clean,1,19,0.97,201,stable,Trojan,
2607.0,sha256,45,suspicious,1,32,0.78,246,stable,Ransomware,
2150.0,sha256,24,clean,1,17,0.53,359,increasing,Backdoor,
54095.0,sha256,17,clean,0,12,0.89,39,stable,,
1886.0,sha256,25,clean,1,18,0.94,279,increasing,Dropper,
36394.0,sha256,25,clean,1,18,0.83,246,increasing,Backdoor,
237.0,sha256,5,clean,0,3,0.95,320,decreasing,,
214.0,sha256,55,suspicious,1,39,0.92,105,stable,Ransomware,
84013.0,sha256,30,clean,1,21,0.93,187,stable,Dropper,
287.0,sha256,26,clean,1,18,0.54,304,stable,Dropper,
12292.0,sha256,27,clean,1,19,0.98,228,stable,Ransomware,
74273.0,sha256,33,clean,1,23,0.8,85,increasing,Ransomware,
3056.0,sha256,26,clean,1,18,0.85,101,increasing,Trojan,
2681.0,sha256,9,clean,0,6,0.94,68,stable,,
16027.0,sha256,23,clean,1,16,0.81,114,decreasing,Trojan,
18891.0,sha256,54,suspicious,1,38,0.81,211,decreasing,Ransomware,
1766.0,sha256,18,clean,0,12,0.98,88,stable,,
351.0,sha256,32,clean,1,23,0.68,250,stable,Backdoor,
27786.0,sha256,19,clean,0,13,0.69,221,decreasing,,
2869.0,sha256,15,clean,0,10,0.58,274,stable,,
44458.0,sha256,19,clean,0,13,0.6,29,stable,,
2746.0,sha256,50,suspicious,1,36,0.66,180,stable,Backdoor,
6295.0,sha256,30,clean,1,21,0.95,11,stable,Trojan,
635.0,sha256,24,clean,1,17,0.63,336,stable,Trojan,
242.0,sha256,36,clean,1,25,0.94,199,stable,Dropper,
79.0,sha256,44,suspicious,1,31,0.8,70,decreasing,Trojan,
18158.0,sha256,0,clean,0,0,0.57,258,increasing,,
311.0,sha256,49,suspicious,1,35,0.5,164,stable,Ransomware,
617.0,sha256,27,clean,1,19,0.64,85,decreasing,Dropper,
1880.0,sha256,5,clean,0,3,0.83,348,increasing,,
12644.0,sha256,20,clean,0,14,0.52,62,increasing,,
2343.0,sha256,34,clean,1,24,0.6,356,increasing,Ransomware,
1262.0,sha256,32,clean,1,23,0.86,341,decreasing,Dropper,
270.0,sha256,36,clean,1,25,0.84,225,stable,Backdoor,
5761.0,sha256,37,clean,1,26,0.57,352,decreasing,Trojan,
327.0,sha256,26,clean,1,18,0.97,202,decreasing,Dropper,
19872.0,sha256,23,clean,1,16,0.51,199,stable,Trojan,
10976.0,sha256,56,suspicious,1,40,0.56,337,stable,Ransomware,
177.0,sha256,44,suspicious,1,31,0.75,287,increasing,Trojan,
1217.0,sha256,36,clean,1,25,0.75,35,decreasing,Backdoor,
130.0,sha256,54,suspicious,1,38,0.75,229,increasing,Backdoor,
42182.0,sha256,19,clean,0,13,0.61,211,stable,,
137.0,sha256,38,clean,1,27,0.92,118,stable,Ransomware,
40398.0,sha256,15,clean,0,10,0.63,315,stable,,
348.0,sha256,38,clean,1,27,0.74,36,decreasing,Backdoor,
300.0,sha256,40,clean,1,28,0.85,121,stable,Trojan,
448.0,sha256,25,clean,1,18,0.95,188,stable,Trojan,
477.0,sha256,21,clean,0,15,0.98,10,decreasing,,
24031.0,sha256,27,clean,1,19,0.57,202,stable,Trojan,
313.0,sha256,17,clean,0,12,0.64,186,increasing,,
7227.0,sha256,19,clean,0,13,0.71,323,stable,,
1352.0,sha256,34,clean,1,24,0.66,51,stable,Trojan,
6545.0,sha256,34,clean,1,24,0.96,308,stable,Trojan,
7068.0,sha256,22,clean,0,15,0.73,354,increasing,,
172.0,sha256,40,clean,1,28,0.53,4,stable,Trojan,
92906.0,sha256,55,suspicious,1,39,0.59,134,increasing,Trojan,
7714.0,sha256,25,clean,1,18,0.65,239,increasing,Ransomware,
117551.0,sha256,20,clean,0,14,0.96,269,stable,,
1232.0,sha256,42,suspicious,1,30,0.59,29,stable,Backdoor,
21053.0,sha256,35,clean,1,25,0.7,27,stable,Trojan,
543.0,sha256,26,clean,1,18,0.9,112,decreasing,Backdoor,
23495.0,sha256,13,clean,0,9,0.81,190,increasing,,
64.0,sha256,32,clean,1,23,0.71,66,increasing,Trojan,
7365.0,sha256,47,suspicious,1,33,0.66,260,stable,Backdoor,
359.0,sha256,16,clean,0,11,0.69,67,stable,,
45620.0,sha256,35,clean,1,25,0.57,141,increasing,Dropper,
38328.0,sha256,41,suspicious,1,29,0.66,139,increasing,Backdoor,
122073.0,sha256,22,clean,0,15,0.53,19,decreasing,,
2205.0,sha256,37,clean,1,26,0.92,164,stable,Backdoor,
121.0,sha256,32,clean,1,23,0.82,67,stable,Backdoor,
285.0,sha256,20,clean,0,14,0.72,362,stable,,
79815.0,sha256,18,clean,0,12,0.61,34,stable,,
1157.0,sha256,21,clean,0,15,0.97,258,decreasing,,
638.0,sha256,0,clean,0,0,0.65,107,decreasing,,
740.0,sha256,14,clean,0,10,0.57,46,increasing,,
213.0,sha256,25,clean,1,18,0.82,142,decreasing,Ransomware,
2191.0,sha256,14,clean,0,10,0.89,0,stable,,
3315.0,sha256,30,clean,1,21,0.64,75,stable,Dropper,
91.0,sha256,15,clean,0,10,0.84,107,stable,,
10055.0,sha256,41,suspicious,1,29,0.77,22,stable,Ransomware,
303.0,sha256,22,clean,0,15,0.52,315,increasing,,
133867.0,sha256,13,clean,0,9,0.83,103,increasing,,
20822.0,sha256,15,clean,0,10,0.89,208,decreasing,,
20610.0,sha256,25,clean,1,18,0.93,351,stable,Backdoor,
3947.0,sha256,21,clean,0,15,0.5,35,increasing,,
48110.0,sha256,19,clean,0,13,0.75,157,stable,,
3384.0,sha256,16,clean,0,11,0.96,55,increasing,,
4595.0,sha256,25,clean,1,18,0.77,213,stable,Trojan,
202.0,sha256,28,clean,1,20,0.71,193,increasing,Ransomware,
22810.0,sha256,24,clean,1,17,0.53,20,increasing,Backdoor,
4168.0,sha256,26,clean,1,18,0.84,220,stable,Ransomware,
75758.0,sha256,5,clean,0,3,0.64,358,stable,,
28415.0,sha256,50,suspicious,1,36,0.88,8,increasing,Backdoor,
786.0,sha256,29,clean,1,20,0.73,337,stable,Ransomware,
3385.0,sha256,48,suspicious,1,34,0.59,85,stable,Ransomware,
3166.0,sha256,16,clean,0,11,0.71,318,stable,,
7622.0,sha256,38,clean,1,27,0.71,19,stable,Dropper,
25671.0,sha256,30,clean,1,21,0.77,73,decreasing,Trojan,
2645.0,sha256,8,clean,0,5,0.97,194,increasing,,
109196.0,sha256,17,clean,0,12,0.51,224,stable,,
7510.0,sha256,47,suspicious,1,33,0.67,331,increasing,Trojan,
1224.0,sha256,28,clean,1,20,0.53,98,decreasing,Ransomware,
7548.0,sha256,14,clean,0,10,0.81,265,increasing,,
3258.0,sha256,28,clean,1,20,0.94,262,stable,Dropper,
79782.0,sha256,8,clean,0,5,0.84,127,stable,,
10101.0,sha256,0,clean,0,0,0.88,32,increasing,,
751.0,sha256,37,clean,1,26,0.65,143,stable,Dropper,
77028.0,sha256,33,clean,1,23,0.6,7,increasing,Trojan,
2420.0,sha256,35,clean,1,25,0.51,2,increasing,Trojan,
2845.0,sha256,25,clean,1,18,0.96,84,decreasing,Backdoor,
20220.0,sha256,22,clean,0,15,0.83,202,stable,,
1014.0,sha256,0,clean,0,0,0.58,242,stable,,
4359.0,sha256,29,clean,1,20,0.53,263,increasing,Dropper,
114.0,sha256,54,suspicious,1,38,0.81,234,increasing,Dropper,
262.0,sha256,21,clean,0,15,0.95,143,increasing,,
2020.0,sha256,24,clean,1,17,0.88,136,stable,Backdoor,
28156.0,sha256,11,clean,0,7,0.53,296,increasing,,
228.0,sha256,25,clean,1,18,0.97,76,stable,Dropper,
18455.0,sha256,52,suspicious,1,37,0.6,319,stable,Backdoor,
678.0,sha256,39,clean,1,28,0.87,280,stable,Dropper,
634.0,sha256,17,clean,0,12,0.79,151,stable,,
13531.0,sha256,37,clean,1,26,0.65,89,decreasing,Ransomware,
5650.0,sha256,6,clean,0,4,0.6,265,increasing,,
787.0,sha256,14,clean,0,10,0.64,72,stable,,
8763.0,sha256,27,clean,1,19,0.89,120,stable,Ransomware,
48621.0,sha256,15,clean,0,10,0.74,71,stable,,
3350.0,sha256,24,clean,1,17,0.76,153,stable,Ransomware,
2319.0,sha256,20,clean,0,14,0.7,22,increasing,,
6142.0,sha256,47,suspicious,1,33,0.87,126,increasing,Trojan,
37486.0,sha256,45,suspicious,1,32,0.61,10,increasing,Trojan,
11838.0,sha256,31,clean,1,22,0.58,116,increasing,Trojan,
67281.0,sha256,48,suspicious,1,34,0.55,320,stable,Trojan,
5957.0,sha256,23,clean,1,16,0.92,44,increasing,Dropper,
677.0,sha256,29,clean,1,20,0.97,48,stable,Dropper,
12452.0,sha256,7,clean,0,5,0.72,61,increasing,,
21554.0,sha256,29,clean,1,20,0.96,66,stable,Backdoor,
1726.0,sha256,40,clean,1,28,0.54,58,increasing,Backdoor,
5372.0,sha256,33,clean,1,23,0.89,68,stable,Trojan,
17850.0,sha256,58,suspicious,1,41,0.74,50,decreasing,Backdoor,
81481.0,sha256,65,suspicious,1,46,0.55,226,stable,Dropper,
408.0,sha256,49,suspicious,1,35,0.92,92,stable,Ransomware,
25147.0,sha256,47,suspicious,1,33,0.79,226,stable,Ransomware,
97479.0,sha256,43,suspicious,1,30,0.91,243,increasing,Ransomware,
17989.0,sha256,27,clean,1,19,0.67,281,increasing,Trojan,
118106.0,sha256,22,clean,0,15,0.89,62,decreasing,,
3543.0,sha256,6,clean,0,4,0.96,125,stable,,
111099.0,sha256,19,clean,0,13,0.61,227,stable,,
11709.0,sha256,16,clean,0,11,0.95,162,decreasing,,
264.0,sha256,16,clean,0,11,0.89,41,stable,,
764.0,sha256,26,clean,1,18,0.66,358,decreasing,Backdoor,
1909.0,sha256,28,clean,1,20,0.97,22,stable,Trojan,
4746.0,sha256,13,clean,0,9,0.52,102,increasing,,
35244.0,sha256,57,suspicious,1,41,0.73,154,stable,Trojan,
526.0,sha256,23,clean,1,16,0.73,294,stable,Trojan,
503.0,sha256,22,clean,0,15,0.7,337,stable,,
582.0,sha256,10,clean,0,7,0.85,53,stable,,
25963.0,sha256,28,clean,1,20,0.66,157,stable,Trojan,
1378.0,sha256,30,clean,1,21,0.92,363,stable,Backdoor,
405.0,sha256,10,clean,0,7,0.68,219,decreasing,,
628.0,sha256,29,clean,1,20,0.86,8,increasing,Ransomware,
395.0,sha256,30,clean,1,21,0.96,259,stable,Ransomware,
2754.0,sha256,35,clean,1,25,0.68,186,increasing,Dropper,
77511.0,sha256,13,clean,0,9,0.63,41,decreasing,,
7571.0,sha256,4,clean,0,2,0.78,220,decreasing,,
1558.0,sha256,34,clean,1,24,0.6,55,increasing,Trojan,
22489.0,sha256,16,clean,0,11,0.83,230,decreasing,,
15793.0,sha256,39,clean,1,28,0.84,127,stable,Ransomware,
103281.0,sha256,31,clean,1,22,0.51,26,increasing,Ransomware,
794.0,sha256,28,clean,1,20,0.75,72,increasing,Trojan,
60446.0,sha256,32,clean,1,23,0.97,38,stable,Ransomware,
249.0,sha256,21,clean,0,15,0.63,156,stable,,
66114.0,sha256,31,clean,1,22,0.94,46,decreasing,Dropper,
657.0,sha256,38,clean,1,27,0.7,360,decreasing,Backdoor,
802.0,sha256,28,clean,1,20,0.79,96,stable,Ransomware,
299.0,sha256,20,clean,0,14,0.87,74,stable,,
125331.0,sha256,18,clean,0,12,0.56,280,increasing,,
6077.0,sha256,15,clean,0,10,0.6,90,increasing,,
7951.0,sha256,28,clean,1,20,0.9,178,increasing,Backdoor,
647.0,sha256,24,clean,1,17,0.73,199,increasing,Ransomware,
35264.0,sha256,54,suspicious,1,38,0.84,167,increasing,Ransomware,
556.0,sha256,33,clean,1,23,0.7,251,stable,Trojan,
252.0,sha256,30,clean,1,21,0.69,25,increasing,Ransomware,
45425.0,sha256,1,clean,0,0,0.75,120,stable,,
1607.0,sha256,34,clean,1,24,0.6,340,stable,Trojan,
41961.0,sha256,40,clean,1,28,0.89,42,stable,Backdoor,
3593.0,sha256,9,clean,0,6,0.62,19,decreasing,,
5977.0,sha256,31,clean,1,22,0.78,213,stable,Trojan,
984.0,sha256,0,clean,0,0,0.81,27,stable,,
6554.0,sha256,59,suspicious,1,42,0.6,173,increasing,Backdoor,
875.0,sha256,30,clean,1,21,0.78,63,decreasing,Ransomware,
63903.0,sha256,16,clean,0,11,0.73,352,stable,,
38389.0,sha256,18,clean,0,12,0.63,283,decreasing,,
10448.0,sha256,35,clean,1,25,0.94,349,stable,Trojan,
29148.0,sha256,38,clean,1,27,0.59,50,decreasing,Ransomware,
2117.0,sha256,62,suspicious,1,44,0.51,6,decreasing,Backdoor,
301.0,sha256,18,clean,0,12,0.87,120,stable,,
23046.0,sha256,59,suspicious,1,42,0.88,42,stable,Trojan,
652.0,sha256,40,clean,1,28,0.63,334,increasing,Backdoor,
11060.0,sha256,30,clean,1,21,0.94,263,decreasing,Dropper,
758.0,sha256,16,clean,0,11,0.88,170,stable,,
75932.0,sha256,25,clean,1,18,0.67,245,stable,Ransomware,
455.0,sha256,17,clean,0,12,0.71,273,stable,,
59295.0,sha256,34,clean,1,24,0.59,148,increasing,Ransomware,
1068.0,sha256,24,clean,1,17,0.68,274,stable,Trojan,
412.0,sha256,25,clean,1,18,0.77,341,stable,Backdoor,
240.0,sha256,34,clean,1,24,0.88,47,decreasing,Ransomware,
11686.0,sha256,41,suspicious,1,29,0.74,226,stable,Trojan,
70.0,sha256,14,clean,0,10,0.72,190,stable,,
24936.0,sha256,47,suspicious,1,33,0.75,109,increasing,Dropper,
3621.0,sha256,8,clean,0,5,0.8,89,decreasing,,
30870.0,sha256,37,clean,1,26,0.75,105,stable,Backdoor,
107308.0,sha256,50,suspicious,1,36,0.94,88,increasing,Backdoor,
54.0,sha256,43,suspicious,1,30,0.93,74,increasing,Trojan,
236.0,sha256,14,clean,0,10,0.65,272,stable,,
397.0,sha256,15,clean,0,10,0.72,121,stable,,
461.0,sha256,33,clean,1,23,0.57,127,stable,Ransomware,
216.0,sha256,36,clean,1,25,0.92,202,stable,Dropper,
806.0,sha256,24,clean,1,17,0.65,341,stable,Ransomware,
248.0,sha256,30,clean,1,21,0.63,262,stable,Ransomware,
66555.0,sha256,30,clean,1,21,0.77,117,stable,Trojan,
100145.0,sha256,37,clean,1,26,0.71,141,stable,Ransomware,
89808.0,sha256,25,clean,1,18,0.79,25,decreasing,Ransomware,
538.0,sha256,62,suspicious,1,44,0.87,121,stable,Dropper,
121574.0,sha256,18,clean,0,12,0.65,326,stable,,
515.0,sha256,48,suspicious,1,34,0.82,320,stable,Dropper,
3729.0,sha256,33,clean,1,23,0.8,280,decreasing,Ransomware,
47829.0,sha256,29,clean,1,20,0.98,239,decreasing,Dropper,
18410.0,sha256,23,clean,1,16,0.85,337,stable,Dropper,
44409.0,sha256,28,clean,1,20,0.56,30,increasing,Dropper,
19654.0,sha256,25,clean,1,18,0.68,192,decreasing,Trojan,
31450.0,sha256,26,clean,1,18,0.64,105,decreasing,Ransomware,
122096.0,sha256,35,clean,1,25,0.96,334,stable,Backdoor,
20996.0,sha256,25,clean,1,18,0.56,343,stable,Backdoor,
256.0,sha256,12,clean,0,8,0.81,9,increasing,,
331.0,sha256,28,clean,1,20,0.98,240,stable,Trojan,
56.0,sha256,30,clean,1,21,0.78,220,stable,Dropper,
231.0,sha256,30,clean,1,21,0.84,160,increasing,Dropper,
504.0,sha256,18,clean,0,12,0.63,332,stable,,
3450.0,sha256,31,clean,1,22,0.64,54,stable,Backdoor,
533.0,sha256,26,clean,1,18,0.6,58,increasing,Dropper,
20944.0,sha256,24,clean,1,17,0.9,238,stable,Trojan,
114643.0,sha256,27,clean,1,19,0.55,94,stable,Dropper,
690.0,sha256,12,clean,0,8,0.61,298,increasing,,
28950.0,sha256,48,suspicious,1,34,0.73,73,increasing,Trojan,
113548.0,sha256,18,clean,0,12,0.74,9,stable,,
63906.0,sha256,29,clean,1,20,0.65,109,increasing,Trojan,
82232.0,sha256,26,clean,1,18,0.63,50,stable,Backdoor,
623.0,sha256,30,clean,1,21,0.61,114,increasing,Ransomware,
531.0,sha256,45,suspicious,1,32,0.72,134,stable,Dropper,
25577.0,sha256,42,suspicious,1,30,0.72,127,stable,Trojan,
133989.0,sha256,8,clean,0,5,0.66,197,stable,,
369.0,sha256,23,clean,1,16,0.63,255,increasing,Trojan,
1052.0,sha256,30,clean,1,21,0.8,72,stable,Dropper,
376.0,sha256,53,suspicious,1,38,0.66,183,increasing,Ransomware,
53654.0,sha256,24,clean,1,17,0.8,168,increasing,Ransomware,
481.0,sha256,41,suspicious,1,29,0.61,237,increasing,Ransomware,
92226.0,sha256,24,clean,1,17,0.68,130,stable,Backdoor,
496.0,sha256,42,suspicious,1,30,0.84,118,increasing,Ransomware,
20163.0,sha256,35,clean,1,25,0.55,120,decreasing,Dropper,
73603.0,sha256,28,clean,1,20,0.85,49,increasing,Dropper,
72833.0,sha256,18,clean,0,12,0.69,325,stable,,
22896.0,sha256,52,suspicious,1,37,0.54,339,decreasing,Dropper,
31130.0,sha256,55,suspicious,1,39,0.68,157,increasing,Backdoor,
32121.0,sha256,32,clean,1,23,0.76,183,stable,Trojan,
332.0,sha256,25,clean,1,18,0.84,181,stable,Dropper,
1197.0,sha256,15,clean,0,10,0.92,206,increasing,,
223.0,sha256,11,clean,0,7,0.74,166,increasing,,
432.0,sha256,41,suspicious,1,29,0.63,277,stable,Ransomware,
102980.0,sha256,33,clean,1,23,0.92,230,increasing,Trojan,
5098.0,sha256,20,clean,0,14,0.76,94,stable,,
1684.0,sha256,22,clean,0,15,0.68,250,stable,,
175.0,sha256,52,suspicious,1,37,0.71,88,stable,Trojan,
55976.0,sha256,47,suspicious,1,33,0.87,124,increasing,Backdoor,
1040.0,sha256,12,clean,0,8,0.62,128,decreasing,,
608.0,sha256,11,clean,0,7,0.7,86,increasing,,
227.0,sha256,32,clean,1,23,0.86,116,increasing,Dropper,
294.0,sha256,21,clean,0,15,0.79,196,stable,,
479.0,sha256,35,clean,1,25,0.94,332,stable,Trojan,
586.0,sha256,25,clean,1,18,0.85,196,increasing,Backdoor,
3865.0,sha256,27,clean,1,19,0.96,24,stable,Dropper,
107472.0,sha256,17,clean,0,12,0.52,88,stable,,
344.0,sha256,33,clean,1,23,0.76,114,decreasing,Trojan,
409.0,sha256,36,clean,1,25,0.89,329,stable,Trojan,
684.0,sha256,25,clean,1,18,0.64,189,increasing,Dropper,
326.0,sha256,25,clean,1,18,0.84,27,increasing,Backdoor,
1097.0,sha256,32,clean,1,23,0.6,94,decreasing,Ransomware,
2722.0,sha256,37,clean,1,26,0.51,294,increasing,Dropper,
3748.0,sha256,17,clean,0,12,0.95,313,stable,,
4759.0,sha256,32,clean,1,23,0.53,252,increasing,Ransomware,
792.0,sha256,31,clean,1,22,0.71,39,increasing,Dropper,
1161.0,sha256,30,clean,1,21,0.71,116,increasing,Trojan,
53153.0,sha256,23,clean,1,16,0.53,73,increasing,Trojan,
796.0,sha256,29,clean,1,20,0.51,322,stable,Trojan,
4101.0,sha256,18,clean,0,12,0.6,327,stable,,
1038.0,sha256,33,clean,1,23,0.73,282,stable,Backdoor,
597.0,sha256,35,clean,1,25,0.67,66,decreasing,Trojan,
2044.0,sha256,23,clean,1,16,0.93,93,decreasing,Backdoor,
428.0,sha256,38,clean,1,27,0.95,331,stable,Trojan,
267.0,sha256,18,clean,0,12,0.72,324,stable,,
682.0,sha256,34,clean,1,24,0.53,358,increasing,Dropper,
284.0,sha256,23,clean,1,16,0.68,49,stable,Trojan,
619.0,sha256,36,clean,1,25,0.94,235,decreasing,Ransomware,
224.0,sha256,24,clean,1,17,0.95,219,increasing,Dropper,
1339.0,sha256,32,clean,1,23,0.67,334,stable,Dropper,
1076.0,sha256,43,suspicious,1,30,0.91,266,stable,Trojan,
7489.0,sha256,49,suspicious,1,35,0.91,342,stable,Dropper,
43786.0,sha256,29,clean,1,20,0.63,194,stable,Backdoor,
243.0,sha256,40,clean,1,28,0.69,64,stable,Ransomware,
87469.0,sha256,13,clean,0,9,0.8,332,stable,,
3714.0,sha256,53,suspicious,1,38,0.98,226,stable,Ransomware,
891.0,sha256,23,clean,1,16,0.85,179,stable,Backdoor,
59323.0,sha256,19,clean,0,13,0.74,122,decreasing,,
37135.0,sha256,30,clean,1,21,0.7,15,stable,Backdoor,
928.0,sha256,38,clean,1,27,0.86,25,increasing,Trojan,
6061.0,sha256,26,clean,1,18,0.66,307,increasing,Trojan,
685.0,sha256,30,clean,1,21,0.53,45,increasing,Dropper,
29970.0,sha256,22,clean,0,15,0.74,37,decreasing,,
297.0,sha256,34,clean,1,24,0.79,15,stable,Ransomware,
549.0,sha256,34,clean,1,24,0.74,86,increasing,Dropper,
129522.0,sha256,23,clean,1,16,0.95,114,stable,Backdoor,
132460.0,sha256,19,clean,0,13,0.69,77,decreasing,,
13759.0,sha256,21,clean,0,15,0.55,43,stable,,
5657.0,sha256,24,clean,1,17,0.54,347,decreasing,Backdoor,
1495.0,sha256,31,clean,1,22,0.58,11,stable,Dropper,
102292.0,sha256,33,clean,1,23,0.62,139,increasing,Trojan,
83582.0,sha256,17,clean,0,12,0.88,160,stable,,
1636.0,sha256,8,clean,0,5,0.8,270,decreasing,,
136395.0,sha256,19,clean,0,13,0.92,303,decreasing,,
508.0,sha256,36,clean,1,25,0.62,149,increasing,Ransomware,
345.0,sha256,19,clean,0,13,0.63,116,increasing,,
612.0,sha256,28,clean,1,20,0.75,89,stable,Dropper,
2499.0,sha256,26,clean,1,18,0.95,361,decreasing,Dropper,
137395.0,sha256,38,clean,1,27,0.58,174,stable,Backdoor,
665.0,sha256,17,clean,0,12,0.59,308,increasing,,
379.0,sha256,19,clean,0,13,0.67,278,stable,,
633.0,sha256,32,clean,1,23,0.57,136,stable,Backdoor,
3405.0,sha256,43,suspicious,1,30,0.52,300,increasing,Dropper,
6590.0,sha256,22,clean,0,15,0.86,55,stable,,
3656.0,sha256,32,clean,1,23,0.71,251,decreasing,Backdoor,
793.0,sha256,37,clean,1,26,0.79,167,increasing,Backdoor,
36901.0,sha256,34,clean,1,24,0.58,317,stable,Ransomware,
367.0,sha256,19,clean,0,13,0.68,332,increasing,,
398.0,sha256,11,clean,0,7,0.61,303,stable,,
302.0,sha256,24,clean,1,17,0.68,215,stable,Backdoor,
374.0,sha256,33,clean,1,23,0.68,130,decreasing,Dropper,
1000.0,sha256,38,clean,1,27,0.53,17,stable,Backdoor,
486.0,sha256,32,clean,1,23,0.59,253,increasing,Trojan,
1535.0,sha256,12,clean,0,8,0.77,357,stable,,
124685.0,sha256,30,clean,1,21,0.98,57,stable,Ransomware,
2258.0,sha256,31,clean,1,22,0.68,102,decreasing,Ransomware,
63928.0,sha256,49,suspicious,1,35,0.93,335,decreasing,Ransomware,
798.0,sha256,38,clean,1,27,0.67,296,stable,Dropper,
20731.0,sha256,41,suspicious,1,29,0.52,95,stable,Trojan,
88506.0,sha256,36,clean,1,25,0.6,208,increasing,Ransomware,
897.0,sha256,35,clean,1,25,0.93,347,increasing,Ransomware,
604.0,sha256,34,clean,1,24,0.69,129,stable,Trojan,
1280.0,sha256,34,clean,1,24,0.95,324,increasing,Dropper,
291.0,sha256,19,clean,0,13,0.92,202,decreasing,,
71862.0,sha256,31,clean,1,22,0.84,295,stable,Dropper,
1021.0,sha256,36,clean,1,25,0.69,42,increasing,Trojan,
494.0,sha256,34,clean,1,24,0.59,251,stable,Trojan,
6587.0,sha256,33,clean,1,23,0.55,114,stable,Backdoor,
7449.0,sha256,23,clean,1,16,0.75,225,stable,Backdoor,
610.0,sha256,32,clean,1,23,0.6,59,stable,Trojan,
35494.0,sha256,21,clean,0,15,0.82,219,increasing,,
375.0,sha256,16,clean,0,11,0.83,192,stable,,
290.0,sha256,27,clean,1,19,0.56,203,stable,Dropper,
7474.0,sha256,42,suspicious,1,30,0.81,139,increasing,Dropper,
2147.0,sha256,58,suspicious,1,41,0.7,207,increasing,Dropper,
310.0,sha256,13,clean,0,9,0.86,31,stable,,
7755.0,sha256,24,clean,1,17,0.94,145,stable,Backdoor,
37105.0,sha256,33,clean,1,23,0.71,85,stable,Ransomware,
626.0,sha256,12,clean,0,8,0.67,221,stable,,
358.0,sha256,29,clean,1,20,0.56,186,stable,Backdoor,
268.0,sha256,16,clean,0,11,0.55,3,increasing,,
109447.0,sha256,17,clean,0,12,0.52,18,stable,,
276.0,sha256,41,suspicious,1,29,0.81,151,increasing,Backdoor,
2340.0,sha256,19,clean,0,13,0.94,257,stable,,
10606.0,sha256,22,clean,0,15,0.93,137,stable,,
456.0,sha256,35,clean,1,25,0.7,118,stable,Trojan,
3635.0,sha256,14,clean,0,10,0.66,326,decreasing,,
370.0,sha256,32,clean,1,23,0.96,145,stable,Trojan,
5905.0,sha256,35,clean,1,25,0.54,335,increasing,Backdoor,
35047.0,sha256,29,clean,1,20,0.7,102,decreasing,Trojan,
805.0,sha256,33,clean,1,23,0.61,224,increasing,Backdoor,
541.0,sha256,16,clean,0,11,0.7,77,stable,,
1578.0,sha256,33,clean,1,23,0.92,60,increasing,Ransomware,
381.0,sha256,24,clean,1,17,0.53,346,increasing,Ransomware,
304.0,sha256,15,clean,0,10,0.85,305,stable,,
540.0,sha256,35,clean,1,25,0.62,362,increasing,Ransomware,
457.0,sha256,18,clean,0,12,0.56,203,increasing,,
4049.0,sha256,22,clean,0,15,0.55,363,stable,,
724.0,sha256,23,clean,1,16,0.88,191,stable,Ransomware,
6635.0,sha256,20,clean,0,14,0.74,244,stable,,
37496.0,sha256,28,clean,1,20,0.73,262,decreasing,Trojan,
31855.0,sha256,10,clean,0,7,0.93,187,stable,,
28122.0,sha256,32,clean,1,23,0.93,123,stable,Dropper,
151.0,sha256,46,suspicious,1,33,0.72,233,decreasing,Dropper,
21444.0,sha256,14,clean,0,10,0.92,293,increasing,,
34832.0,sha256,4,clean,0,2,0.76,133,increasing,,
1123.0,sha256,40,clean,1,28,0.97,61,stable,Dropper,
97274.0,sha256,0,clean,0,0,0.74,115,decreasing,,
225.0,sha256,33,clean,1,23,0.59,78,decreasing,Dropper,
108033.0,sha256,33,clean,1,23,0.7,200,stable,Dropper,
76408.0,sha256,23,clean,1,16,0.5,217,stable,Backdoor,
10499.0,sha256,17,clean,0,12,0.54,316,stable,,
872.0,sha256,22,clean,0,15,0.98,286,stable,,
245.0,sha256,36,clean,1,25,0.52,42,stable,Backdoor,
292.0,sha256,29,clean,1,20,0.79,301,stable,Trojan,
469.0,sha256,26,clean,1,18,0.94,265,increasing,Dropper,
829.0,sha256,34,clean,1,24,0.86,171,increasing,Dropper,
3359.0,sha256,22,clean,0,15,0.59,260,stable,,
2543.0,sha256,2,clean,0,1,0.87,323,stable,,
2843.0,sha256,31,clean,1,22,0.88,116,decreasing,Trojan,
704.0,sha256,38,clean,1,27,0.6,272,increasing,Backdoor,
8847.0,sha256,1,clean,0,0,0.63,234,increasing,,
715.0,sha256,49,suspicious,1,35,0.68,274,stable,Ransomware,
126914.0,sha256,15,clean,0,10,0.71,180,stable,,
3927.0,sha256,27,clean,1,19,0.85,145,increasing,Dropper,
259.0,sha256,26,clean,1,18,0.81,218,stable,Trojan,
283.0,sha256,26,clean,1,18,0.82,186,stable,Trojan,
18875.0,sha256,55,suspicious,1,39,0.91,176,decreasing,Ransomware,
5363.0,sha256,32,clean,1,23,0.53,310,decreasing,Trojan,
605.0,sha256,19,clean,0,13,0.67,182,stable,,
927.0,sha256,31,clean,1,22,0.66,52,stable,Ransomware,
888.0,sha256,18,clean,0,12,0.68,363,decreasing,,
429.0,sha256,27,clean,1,19,0.93,310,stable,Backdoor,
686.0,sha256,14,clean,0,10,0.91,332,decreasing,,
22088.0,sha256,26,clean,1,18,0.94,219,increasing,Ransomware,
13508.0,sha256,25,clean,1,18,0.88,154,decreasing,Ransomware,
17213.0,sha256,15,clean,0,10,0.73,291,stable,,
12679.0,sha256,25,clean,1,18,0.69,201,stable,Backdoor,
67575.0,sha256,20,clean,0,14,0.77,60,stable,,
877.0,sha256,18,clean,0,12,0.91,173,stable,,
572.0,sha256,25,clean,1,18,0.71,15,stable,Dropper,
5792.0,sha256,4,clean,0,2,0.59,173,stable,,
25457.0,sha256,30,clean,1,21,0.9,170,increasing,Ransomware,
692.0,sha256,23,clean,1,16,0.75,301,decreasing,Ransomware,
755.0,sha256,37,clean,1,26,0.53,52,stable,Backdoor,
31388.0,sha256,13,clean,0,9,0.62,0,decreasing,,
8639.0,sha256,25,clean,1,18,0.86,187,increasing,Trojan,
8189.0,sha256,34,clean,1,24,0.52,206,decreasing,Ransomware,
1146.0,sha256,34,clean,1,24,0.51,196,increasing,Trojan,
296.0,sha256,32,clean,1,23,0.74,215,stable,Dropper,
2053.0,sha256,38,clean,1,27,0.9,84,decreasing,Backdoor,
122531.0,sha256,26,clean,1,18,0.63,21,stable,Ransomware,
46292.0,sha256,17,clean,0,12,0.9,38,increasing,,
21813.0,sha256,13,clean,0,9,0.76,116,increasing,,
1697.0,sha256,26,clean,1,18,0.52,168,stable,Dropper,
2624.0,sha256,26,clean,1,18,0.9,47,stable,Dropper,
1508.0,sha256,27,clean,1,19,0.89,338,decreasing,Dropper,
1255.0,sha256,28,clean,1,20,0.56,59,stable,Dropper,
86006.0,sha256,46,suspicious,1,33,0.62,187,stable,Trojan,
43221.0,sha256,33,clean,1,23,0.52,244,increasing,Trojan,
25626.0,sha256,22,clean,0,15,0.95,241,decreasing,,
22219.0,sha256,43,suspicious,1,30,0.94,355,decreasing,Backdoor,
30396.0,sha256,19,clean,0,13,0.58,181,stable,,
822.0,sha256,27,clean,1,19,0.69,17,decreasing,Backdoor,
801.0,sha256,33,clean,1,23,0.79,21,decreasing,Ransomware,
1085.0,sha256,23,clean,1,16,0.87,223,stable,Dropper,
3062.0,sha256,48,suspicious,1,34,0.73,334,decreasing,Ransomware,
23326.0,sha256,0,clean,0,0,0.7,313,increasing,,
1922.0,sha256,24,clean,1,17,0.9,320,increasing,Backdoor,
8473.0,sha256,19,clean,0,13,0.75,209,decreasing,,
15.0,sha256,44,suspicious,1,31,0.8,119,increasing,Trojan,
7237.0,sha256,15,clean,0,10,0.86,329,decreasing,,
6256.0,sha256,35,clean,1,25,0.75,76,stable,Trojan,
130540.0,sha256,40,clean,1,28,0.54,141,stable,Dropper,
48375.0,sha256,30,clean,1,21,0.53,304,stable,Dropper,
38892.0,sha256,33,clean,1,23,0.57,24,decreasing,Trojan,
149.0,sha256,39,clean,1,28,0.59,105,increasing,Dropper,
67970.0,sha256,9,clean,0,6,0.96,317,stable,,
129371.0,sha256,41,suspicious,1,29,0.96,200,stable,Dropper,
39045.0,sha256,35,clean,1,25,0.8,126,stable,Trojan,
95.0,sha256,30,clean,1,21,0.68,284,stable,Backdoor,
206.0,sha256,48,suspicious,1,34,0.68,212,stable,Dropper,
36548.0,sha256,22,clean,0,15,0.53,237,stable,,
7090.0,sha256,25,clean,1,18,0.77,220,stable,Trojan,
3069.0,sha256,15,clean,0,10,0.95,209,increasing,,
7970.0,sha256,34,clean,1,24,0.83,151,increasing,Ransomware,
244.0,sha256,20,clean,0,14,0.57,177,decreasing,,
20441.0,sha256,53,suspicious,1,38,0.68,241,increasing,Trojan,
26635.0,sha256,20,clean,0,14,0.93,282,increasing,,
528.0,sha256,27,clean,1,19,0.94,310,increasing,Trojan,
1946.0,sha256,17,clean,0,12,0.51,2,decreasing,,
77236.0,sha256,23,clean,1,16,0.74,29,stable,Dropper,
50221.0,sha256,8,clean,0,5,0.71,318,stable,,
825.0,sha256,19,clean,0,13,0.95,206,increasing,,
81449.0,sha256,22,clean,0,15,0.76,283,increasing,,
12339.0,sha256,59,suspicious,1,42,0.63,94,stable,Dropper,
5233.0,sha256,38,clean,1,27,0.92,66,stable,Dropper,
2206.0,sha256,30,clean,1,21,0.88,210,stable,Ransomware,
5179.0,sha256,13,clean,0,9,0.7,181,stable,,
74042.0,sha256,14,clean,0,10,0.53,230,stable,,
40334.0,sha256,41,suspicious,1,29,0.53,48,decreasing,Dropper,
4726.0,sha256,31,clean,1,22,0.73,360,stable,Dropper,
674.0,sha256,27,clean,1,19,0.8,48,decreasing,Ransomware,
8441.0,sha256,18,clean,0,12,0.75,353,stable,,
42186.0,sha256,9,clean,0,6,0.79,81,increasing,,
61996.0,sha256,4,clean,0,2,0.66,313,increasing,,
101.0,sha256,5,clean,0,3,0.89,105,stable,,
45208.0,sha256,42,suspicious,1,30,0.82,342,stable,Trojan,
361.0,sha256,22,clean,0,15,0.53,237,stable,,
943.0,sha256,24,clean,1,17,0.92,115,decreasing,Ransomware,
3944.0,sha256,34,clean,1,24,0.61,285,increasing,Backdoor,
1279.0,sha256,5,clean,0,3,0.56,214,stable,,
32504.0,sha256,51,suspicious,1,36,0.5,135,increasing,Trojan,
2466.0,sha256,18,clean,0,12,0.67,342,stable,,
64739.0,sha256,39,clean,1,28,0.68,324,decreasing,Backdoor,
54379.0,sha256,37,clean,1,26,0.75,216,increasing,Ransomware,
66149.0,sha256,46,suspicious,1,33,0.82,242,stable,Trojan,
4315.0,sha256,39,clean,1,28,0.96,292,increasing,Ransomware,
79457.0,sha256,10,clean,0,7,0.73,265,increasing,,
57836.0,sha256,9,clean,0,6,0.78,350,stable,,
39723.0,sha256,0,clean,0,0,0.65,136,increasing,,
44265.0,sha256,28,clean,1,20,0.71,165,increasing,Ransomware,
108562.0,sha256,21,clean,0,15,0.52,137,increasing,,
15109.0,sha256,45,suspicious,1,32,0.59,75,stable,Dropper,
132615.0,sha256,43,suspicious,1,30,0.69,125,stable,Ransomware,
95275.0,sha256,43,suspicious,1,30,0.86,215,stable,Trojan,
25411.0,sha256,50,suspicious,1,36,0.9,70,stable,Trojan,
32912.0,sha256,17,clean,0,12,0.97,104,stable,,
14263.0,sha256,24,clean,1,17,0.75,273,increasing,Trojan,
8135.0,sha256,28,clean,1,20,0.91,315,stable,Dropper,
40.0,sha256,43,suspicious,1,30,0.62,125,increasing,Trojan,
23917.0,sha256,44,suspicious,1,31,0.77,54,decreasing,Dropper,
99940.0,sha256,0,clean,0,0,0.71,259,decreasing,,
101977.0,sha256,6,clean,0,4,0.69,94,stable,,
41378.0,sha256,3,clean,0,2,0.76,99,increasing,,
61982.0,sha256,5,clean,0,3,0.86,62,stable,,
2618.0,sha256,4,clean,0,2,0.85,290,stable,,
4386.0,sha256,32,clean,1,23,0.63,346,increasing,Dropper,
51449.0,sha256,10,clean,0,7,0.51,11,stable,,
45.0,sha256,10,clean,0,7,0.76,158,stable,,
81905.0,sha256,55,suspicious,1,39,0.73,86,stable,Ransomware,
341.0,sha256,32,clean,1,23,0.52,230,stable,Backdoor,
125450.0,sha256,28,clean,1,20,0.87,364,decreasing,Backdoor,
107.0,sha256,10,clean,0,7,0.7,313,increasing,,
1320.0,sha256,32,clean,1,23,0.63,295,decreasing,Backdoor,
913.0,sha256,21,clean,0,15,0.88,310,stable,,
38708.0,sha256,19,clean,0,13,0.63,77,decreasing,,
42525.0,sha256,31,clean,1,22,0.53,20,stable,Dropper,
431.0,sha256,40,clean,1,28,0.94,100,decreasing,Ransomware,
40981.0,sha256,4,clean,0,2,0.9,284,decreasing,,
49806.0,sha256,30,clean,1,21,0.95,90,increasing,Ransomware,
75851.0,sha256,37,clean,1,26,0.66,229,stable,Ransomware,
118147.0,sha256,42,suspicious,1,30,0.69,195,decreasing,Backdoor,
82314.0,sha256,17,clean,0,12,0.92,349,stable,,
80901.0,sha256,32,clean,1,23,0.52,238,stable,Dropper,
1614.0,sha256,6,clean,0,4,0.95,305,stable,,
113873.0,sha256,19,clean,0,13,0.87,197,decreasing,,
11146.0,sha256,29,clean,1,20,0.84,237,decreasing,Trojan,
54367.0,sha256,10,clean,0,7,0.92,159,decreasing,,
33949.0,sha256,14,clean,0,10,0.85,102,stable,,
7065.0,sha256,25,clean,1,18,0.74,232,stable,Ransomware,
11266.0,sha256,30,clean,1,21,0.66,163,increasing,Dropper,
37744.0,sha256,18,clean,0,12,0.9,310,stable,,
32541.0,sha256,29,clean,1,20,0.94,325,stable,Backdoor,
84387.0,sha256,58,suspicious,1,41,0.51,248,stable,Backdoor,
12988.0,sha256,17,clean,0,12,0.91,134,stable,,
113823.0,sha256,35,clean,1,25,0.74,63,decreasing,Dropper,
59873.0,sha256,53,suspicious,1,38,0.85,198,stable,Ransomware,
2184.0,sha256,4,clean,0,2,0.95,236,decreasing,,
119492.0,sha256,29,clean,1,20,0.71,19,decreasing,Trojan,
510.0,sha256,21,clean,0,15,0.92,231,stable,,
126654.0,sha256,47,suspicious,1,33,0.92,228,stable,Backdoor,
2574.0,sha256,41,suspicious,1,29,0.92,55,stable,Trojan,
108344.0,sha256,30,clean,1,21,0.62,29,increasing,Dropper,
29760.0,sha256,26,clean,1,18,0.87,180,stable,Dropper,
25114.0,sha256,5,clean,0,3,0.55,193,increasing,,
46119.0,sha256,36,clean,1,25,0.93,100,stable,Backdoor,
59090.0,sha256,19,clean,0,13,0.5,238,stable,,
3953.0,sha256,15,clean,0,10,0.68,32,decreasing,,
10069.0,sha256,17,clean,0,12,0.55,36,increasing,,
78155.0,sha256,31,clean,1,22,0.85,206,increasing,Dropper,
47850.0,sha256,36,clean,1,25,0.74,9,decreasing,Trojan,
2350.0,sha256,34,clean,1,24,0.9,229,increasing,Dropper,
22627.0,sha256,7,clean,0,5,0.6,166,stable,,
1625.0,sha256,22,clean,0,15,0.53,130,stable,,
108519.0,sha256,24,clean,1,17,0.74,5,stable,Dropper,
12150.0,sha256,32,clean,1,23,0.9,17,decreasing,Ransomware,
39.0,sha256,45,suspicious,1,32,0.6,130,stable,Backdoor,
48349.0,sha256,29,clean,1,20,0.86,19,decreasing,Trojan,
86039.0,sha256,44,suspicious,1,31,0.7,42,decreasing,Ransomware,
32642.0,sha256,48,suspicious,1,34,0.56,229,stable,Ransomware,
6236.0,sha256,25,clean,1,18,0.88,320,stable,Backdoor,
39532.0,sha256,0,clean,0,0,0.82,5,decreasing,,
55790.0,sha256,7,clean,0,5,0.58,148,increasing,,
13356.0,sha256,32,clean,1,23,0.85,357,increasing,Ransomware,
38264.0,sha256,5,clean,0,3,0.5,72,decreasing,,
3395.0,sha256,42,suspicious,1,30,0.92,251,stable,Backdoor,
36.0,sha256,37,clean,1,26,0.89,7,increasing,Backdoor,
54239.0,sha256,35,clean,1,25,0.8,156,stable,Backdoor,
79047.0,sha256,32,clean,1,23,0.69,263,stable,Backdoor,
24629.0,sha256,23,clean,1,16,0.79,343,decreasing,Dropper,
66162.0,sha256,43,suspicious,1,30,0.89,298,stable,Trojan,
63021.0,sha256,15,clean,0,10,0.51,17,stable,,
667.0,sha256,26,clean,1,18,0.86,71,stable,Trojan,
979.0,sha256,30,clean,1,21,0.64,233,increasing,Dropper,
112871.0,sha256,10,clean,0,7,0.62,333,increasing,,
44454.0,sha256,58,suspicious,1,41,0.84,152,stable,Ransomware,
1069.0,sha256,26,clean,1,18,0.8,242,decreasing,Trojan,
1056.0,sha256,31,clean,1,22,0.82,290,stable,Backdoor,
51930.0,sha256,29,clean,1,20,0.54,186,stable,Trojan,
3803.0,sha256,41,suspicious,1,29,0.91,321,increasing,Dropper,
91332.0,sha256,42,suspicious,1,30,0.67,294,stable,Dropper,
1865.0,sha256,28,clean,1,20,0.65,339,stable,Trojan,
51634.0,sha256,6,clean,0,4,0.87,246,decreasing,,
57388.0,sha256,44,suspicious,1,31,0.92,47,increasing,Ransomware,
9304.0,sha256,58,suspicious,1,41,0.79,106,increasing,Ransomware,
21081.0,sha256,0,clean,0,0,0.83,221,decreasing,,
18095.0,sha256,4,clean,0,2,0.77,358,stable,,
2312.0,sha256,37,clean,1,26,0.87,348,stable,Ransomware,
1906.0,sha256,21,clean,0,15,0.87,277,decreasing,,
90924.0,sha256,32,clean,1,23,0.94,44,increasing,Dropper,
71695.0,sha256,6,clean,0,4,0.73,200,stable,,
21419.0,sha256,36,clean,1,25,0.89,153,stable,Backdoor,
9359.0,sha256,20,clean,0,14,0.74,271,stable,,
57.0,sha256,15,clean,0,10,0.83,198,stable,,
20388.0,sha256,8,clean,0,5,0.79,140,stable,,
91519.0,sha256,26,clean,1,18,0.79,324,stable,Backdoor,
133.0,sha256,22,clean,0,15,0.52,65,stable,,
11660.0,sha256,46,suspicious,1,33,0.76,122,stable,Trojan,
17384.0,sha256,27,clean,1,19,0.8,93,decreasing,Backdoor,
125489.0,sha256,15,clean,0,10,0.86,170,stable,,
20500.0,sha256,19,clean,0,13,0.79,271,stable,,
4452.0,sha256,53,suspicious,1,38,0.92,323,decreasing,Backdoor,
15325.0,sha256,38,clean,1,27,0.88,40,stable,Trojan,
32.0,sha256,33,clean,1,23,0.89,47,decreasing,Backdoor,
8.0,sha256,6,clean,0,4,0.56,234,stable,,
108885.0,sha256,39,clean,1,28,0.69,301,increasing,Backdoor,
43.0,sha256,37,clean,1,26,0.97,21,stable,Dropper,
8558.0,sha256,36,clean,1,25,0.58,55,stable,Dropper,
131.0,sha256,7,clean,0,5,0.57,152,stable,,
844.0,sha256,30,clean,1,21,0.66,73,decreasing,Backdoor,
10839.0,sha256,3,clean,0,2,0.89,109,decreasing,,
67554.0,sha256,17,clean,0,12,0.89,99,stable,,
4274.0,sha256,16,clean,0,11,0.95,275,stable,,
12231.0,sha256,50,suspicious,1,36,0.93,291,stable,Ransomware,
136829.0,sha256,5,clean,0,3,0.75,309,decreasing,,
9210.0,sha256,10,clean,0,7,0.55,177,stable,,
125804.0,sha256,54,suspicious,1,38,0.51,338,decreasing,Trojan,
48353.0,sha256,23,clean,1,16,0.66,210,stable,Dropper,
410.0,sha256,22,clean,0,15,0.92,111,stable,,
26675.0,sha256,26,clean,1,18,0.66,337,decreasing,Backdoor,
42084.0,sha256,19,clean,0,13,0.95,228,stable,,
4116.0,sha256,66,suspicious,1,47,0.94,183,stable,Dropper,
16859.0,sha256,44,suspicious,1,31,0.85,20,decreasing,Dropper,
13635.0,sha256,38,clean,1,27,0.55,135,increasing,Ransomware,
103550.0,sha256,35,clean,1,25,0.96,252,increasing,Trojan,
95623.0,sha256,32,clean,1,23,0.96,219,increasing,Dropper,
48.0,sha256,26,clean,1,18,0.63,247,increasing,Backdoor,
488.0,sha256,50,suspicious,1,36,0.88,285,stable,Trojan,
105360.0,sha256,25,clean,1,18,0.71,351,stable,Backdoor,
4002.0,sha256,36,clean,1,25,0.86,165,stable,Trojan,
94826.0,sha256,24,clean,1,17,0.77,342,stable,Backdoor,
15744.0,sha256,5,clean,0,3,0.88,220,stable,,
23910.0,sha256,9,clean,0,6,0.87,173,stable,,
36804.0,sha256,23,clean,1,16,0.57,186,stable,Ransomware,
63461.0,sha256,32,clean,1,23,0.91,256,increasing,Trojan,
2902.0,sha256,35,clean,1,25,0.61,71,stable,Backdoor,
1247.0,sha256,34,clean,1,24,0.81,274,stable,Dropper,
57385.0,sha256,27,clean,1,19,0.91,91,decreasing,Trojan,
33631.0,sha256,19,clean,0,13,0.69,125,increasing,,
105391.0,sha256,48,suspicious,1,34,0.79,337,stable,Trojan,
3698.0,sha256,55,suspicious,1,39,0.74,332,increasing,Ransomware,
16082.0,sha256,34,clean,1,24,0.62,301,stable,Ransomware,
23506.0,sha256,30,clean,1,21,0.9,319,stable,Trojan,
15705.0,sha256,20,clean,0,14,0.67,147,increasing,,
3857.0,sha256,26,clean,1,18,0.69,184,increasing,Ransomware,
39236.0,sha256,22,clean,0,15,0.82,221,stable,,
66425.0,sha256,37,clean,1,26,0.83,196,stable,Ransomware,
8787.0,sha256,36,clean,1,25,0.59,235,stable,Backdoor,
104.0,sha256,6,clean,0,4,0.54,315,decreasing,,
115978.0,sha256,26,clean,1,18,0.63,98,stable,Trojan,
20081.0,sha256,35,clean,1,25,0.94,30,increasing,Backdoor,
18601.0,sha256,55,suspicious,1,39,0.56,42,stable,Trojan,
11711.0,sha256,6,clean,0,4,0.84,345,increasing,,
8806.0,sha256,33,clean,1,23,0.55,249,increasing,Ransomware,
99279.0,sha256,21,clean,0,15,0.58,63,decreasing,,
37245.0,sha256,29,clean,1,20,0.84,239,increasing,Ransomware,
797.0,sha256,29,clean,1,20,0.87,135,stable,Ransomware,
8985.0,sha256,23,clean,1,16,0.56,291,stable,Ransomware,
102093.0,sha256,15,clean,0,10,0.9,61,increasing,,
48838.0,sha256,20,clean,0,14,0.69,346,increasing,,
22181.0,sha256,56,suspicious,1,40,0.52,44,stable,Trojan,
106969.0,sha256,4,clean,0,2,0.94,328,stable,,
69249.0,sha256,13,clean,0,9,0.64,301,increasing,,
94239.0,sha256,18,clean,0,12,0.67,143,stable,,
135742.0,sha256,39,clean,1,28,0.51,333,stable,Trojan,
870.0,sha256,23,clean,1,16,0.65,141,decreasing,Backdoor,
932.0,sha256,36,clean,1,25,0.75,331,increasing,Ransomware,
126871.0,sha256,10,clean,0,7,0.92,296,increasing,,
107252.0,sha256,21,clean,0,15,0.72,269,increasing,,
2240.0,sha256,21,clean,0,15,0.84,10,increasing,,
52932.0,sha256,11,clean,0,7,0.96,278,increasing,,
1754.0,sha256,23,clean,1,16,0.72,335,stable,Ransomware,
45193.0,sha256,32,clean,1,23,0.68,112,increasing,Trojan,
20.0,sha256,18,clean,0,12,0.73,42,stable,,
34609.0,sha256,35,clean,1,25,0.64,19,stable,Backdoor,
38161.0,sha256,17,clean,0,12,0.95,35,stable,,
19607.0,sha256,19,clean,0,13,0.68,340,decreasing,,
32389.0,sha256,59,suspicious,1,42,0.66,265,increasing,Ransomware,
8981.0,sha256,12,clean,0,8,0.76,8,stable,,
111719.0,sha256,27,clean,1,19,0.76,64,increasing,Ransomware,
131917.0,sha256,36,clean,1,25,0.8,54,increasing,Ransomware,
20585.0,sha256,11,clean,0,7,0.68,124,decreasing,,
79934.0,sha256,41,suspicious,1,29,0.64,315,increasing,Ransomware,
13963.0,sha256,30,clean,1,21,0.85,248,stable,Ransomware,
27371.0,sha256,19,clean,0,13,0.56,103,stable,,
561.0,sha256,28,clean,1,20,0.53,139,increasing,Backdoor,
50.0,sha256,12,clean,0,8,0.71,144,increasing,,
11287.0,sha256,26,clean,1,18,0.93,193,increasing,Trojan,
72391.0,sha256,29,clean,1,20,0.92,4,stable,Dropper,
46885.0,sha256,4,clean,0,2,0.52,24,stable,,
3368.0,sha256,30,clean,1,21,0.52,223,stable,Backdoor,
95925.0,sha256,52,suspicious,1,37,0.76,186,increasing,Dropper,
29780.0,sha256,9,clean,0,6,0.65,231,stable,,
2292.0,sha256,44,suspicious,1,31,0.65,124,stable,Dropper,
99.0,sha256,38,clean,1,27,0.67,260,increasing,Ransomware,
104629.0,sha256,35,clean,1,25,0.92,73,stable,Dropper,
31822.0,sha256,17,clean,0,12,0.93,321,decreasing,,
2341.0,sha256,29,clean,1,20,0.83,51,increasing,Ransomware,
74.0,sha256,13,clean,0,9,0.96,326,decreasing,,
559.0,sha256,21,clean,0,15,0.65,233,stable,,
51233.0,sha256,8,clean,0,5,0.81,177,stable,,
132475.0,sha256,35,clean,1,25,0.97,94,stable,Dropper,
29406.0,sha256,15,clean,0,10,0.86,231,increasing,,
54864.0,sha256,9,clean,0,6,0.8,221,increasing,,
1013.0,sha256,17,clean,0,12,0.62,87,stable,,
43445.0,sha256,36,clean,1,25,0.61,282,stable,Backdoor,
48818.0,sha256,9,clean,0,6,0.97,86,increasing,,
2239.0,sha256,40,clean,1,28,0.71,340,decreasing,Trojan,
59134.0,sha256,18,clean,0,12,0.76,2,stable,,
19240.0,sha256,40,clean,1,28,0.62,59,stable,Ransomware,
3547.0,sha256,23,clean,1,16,0.7,285,increasing,Trojan,
69903.0,sha256,36,clean,1,25,0.96,17,stable,Ransomware,
30019.0,sha256,0,clean,0,0,0.6,285,increasing,,
103733.0,sha256,8,clean,0,5,0.53,319,decreasing,,
36385.0,sha256,13,clean,0,9,0.72,330,increasing,,
22217.0,sha256,23,clean,1,16,0.76,190,stable,Trojan,
58560.0,sha256,48,suspicious,1,34,0.65,5,stable,Ransomware,
47084.0,sha256,26,clean,1,18,0.67,297,stable,Ransomware,
1529.0,sha256,6,clean,0,4,0.83,326,stable,,
67074.0,sha256,26,clean,1,18,0.5,276,decreasing,Trojan,
112668.0,sha256,36,clean,1,25,0.92,71,increasing,Dropper,
16602.0,sha256,5,clean,0,3,0.83,203,decreasing,,
30656.0,sha256,46,suspicious,1,33,0.77,331,decreasing,Ransomware,
6463.0,sha256,23,clean,1,16,0.97,20,stable,Ransomware,
1553.0,sha256,62,suspicious,1,44,0.82,168,stable,Backdoor,
278.0,sha256,20,clean,0,14,0.88,136,decreasing,,
246.0,sha256,10,clean,0,7,0.61,263,stable,,
451.0,sha256,41,suspicious,1,29,0.73,138,stable,Ransomware,
42292.0,sha256,52,suspicious,1,37,0.75,4,stable,Backdoor,
33078.0,sha256,4,clean,0,2,0.67,318,stable,,
10800.0,sha256,64,suspicious,1,46,0.71,219,increasing,Dropper,
29686.0,sha256,38,clean,1,27,0.95,28,increasing,Dropper,
400.0,sha256,19,clean,0,13,0.78,243,stable,,
13476.0,sha256,24,clean,1,17,0.52,207,decreasing,Backdoor,
12742.0,sha256,9,clean,0,6,0.68,99,increasing,,
26114.0,sha256,14,clean,0,10,0.51,89,increasing,,
13927.0,sha256,23,clean,1,16,0.75,122,stable,Trojan,
5849.0,sha256,8,clean,0,5,0.65,298,stable,,
5994.0,sha256,0,clean,0,0,0.71,338,increasing,,
15773.0,sha256,7,clean,0,5,0.63,184,increasing,,
13126.0,sha256,25,clean,1,18,0.65,69,stable,Ransomware,
14028.0,sha256,24,clean,1,17,0.63,26,stable,Trojan,
16185.0,sha256,8,clean,0,5,0.95,84,stable,,
16767.0,sha256,9,clean,0,6,0.51,161,stable,,
14936.0,sha256,18,clean,0,12,0.78,363,stable,,
15687.0,sha256,8,clean,0,5,0.82,287,increasing,,
14860.0,sha256,5,clean,0,3,0.64,151,increasing,,
16727.0,sha256,17,clean,0,12,0.51,149,stable,,
15786.0,sha256,5,clean,0,3,0.78,142,decreasing,,
13497.0,sha256,20,clean,0,14,0.59,26,stable,,
13394.0,sha256,3,clean,0,2,0.64,125,stable,,
1194.0,sha256,40,clean,1,28,0.56,322,stable,Dropper,
210.0,sha256,13,clean,0,9,0.64,130,stable,,
54348.0,sha256,19,clean,0,13,0.76,57,stable,,
8017.0,sha256,41,suspicious,1,29,0.71,338,stable,Backdoor,
86118.0,sha256,22,clean,0,15,0.9,339,stable,,
118954.0,sha256,0,clean,0,0,0.7,338,decreasing,,
17900.0,sha256,9,clean,0,6,0.9,325,stable,,
18353.0,sha256,15,clean,0,10,0.96,261,stable,,
83318.0,sha256,37,clean,1,26,0.65,6,stable,Dropper,
193.0,sha256,34,clean,1,24,0.71,280,increasing,Trojan,
609.0,sha256,29,clean,1,20,0.78,210,stable,Dropper,
11042.0,sha256,37,clean,1,26,0.94,160,increasing,Backdoor,
56036.0,sha256,26,clean,1,18,0.86,351,stable,Dropper,
60138.0,sha256,25,clean,1,18,0.51,198,decreasing,Trojan,
79302.0,sha256,33,clean,1,23,0.94,321,increasing,Backdoor,
12996.0,sha256,6,clean,0,4,0.95,32,increasing,,
16239.0,sha256,9,clean,0,6,0.87,84,decreasing,,
15577.0,sha256,12,clean,0,8,0.87,345,increasing,,
63767.0,sha256,57,suspicious,1,41,0.88,238,increasing,Dropper,
1925.0,sha256,32,clean,1,23,0.89,64,decreasing,Trojan,
67205.0,sha256,8,clean,0,5,0.72,258,increasing,,
75.0,sha256,18,clean,0,12,0.96,350,decreasing,,
95438.0,sha256,43,suspicious,1,30,0.84,181,decreasing,Ransomware,
64092.0,sha256,56,suspicious,1,40,0.81,350,stable,Trojan,
7274.0,sha256,29,clean,1,20,0.83,188,increasing,Ransomware,
90077.0,sha256,19,clean,0,13,0.92,208,increasing,,
49.0,sha256,29,clean,1,20,0.55,227,decreasing,Backdoor,
5437.0,sha256,23,clean,1,16,0.68,359,increasing,Ransomware,
53803.0,sha256,23,clean,1,16,0.86,321,increasing,Backdoor,
119709.0,sha256,22,clean,0,15,0.74,42,stable,,
68918.0,sha256,8,clean,0,5,0.64,281,stable,,
2405.0,sha256,38,clean,1,27,0.85,236,increasing,Backdoor,
47.0,sha256,22,clean,0,15,0.77,156,decreasing,,
72613.0,sha256,41,suspicious,1,29,0.69,307,stable,Ransomware,
104891.0,sha256,23,clean,1,16,0.55,287,stable,Ransomware,
165.0,sha256,35,clean,1,25,0.87,72,stable,Backdoor,
127499.0,sha256,13,clean,0,9,0.78,182,stable,,
37026.0,sha256,8,clean,0,5,0.89,321,increasing,,
105143.0,sha256,12,clean,0,8,0.91,37,stable,,
127578.0,sha256,10,clean,0,7,0.96,204,stable,,
15589.0,sha256,6,clean,0,4,0.51,156,increasing,,
75579.0,sha256,41,suspicious,1,29,0.66,101,increasing,Trojan,
188.0,sha256,17,clean,0,12,0.95,158,stable,,
7460.0,sha256,24,clean,1,17,0.51,45,decreasing,Trojan,
490.0,sha256,15,clean,0,10,0.81,91,stable,,
915.0,sha256,47,suspicious,1,33,0.84,139,decreasing,Dropper,
2975.0,sha256,39,clean,1,28,0.69,169,stable,Backdoor,
1187.0,sha256,43,suspicious,1,30,0.77,264,stable,Ransomware,
118718.0,sha256,8,clean,0,5,0.78,217,stable,,
118876.0,sha256,19,clean,0,13,0.61,114,increasing,,
13434.0,sha256,21,clean,0,15,0.81,281,increasing,,
1183.0,sha256,22,clean,0,15,0.75,87,stable,,
101963.0,sha256,20,clean,0,14,0.82,125,decreasing,,
35233.0,sha256,39,clean,1,28,0.59,315,stable,Dropper,
1569.0,sha256,33,clean,1,23,0.93,322,decreasing,Ransomware,
22765.0,sha256,1,clean,0,0,0.67,129,increasing,,
35719.0,sha256,17,clean,0,12,0.95,245,stable,,
354.0,sha256,38,clean,1,27,0.79,329,increasing,Backdoor,
19134.0,sha256,39,clean,1,28,0.82,302,stable,Dropper,
658.0,sha256,22,clean,0,15,0.85,162,decreasing,,
729.0,sha256,25,clean,1,18,0.61,170,stable,Trojan,
330.0,sha256,5,clean,0,3,0.56,149,increasing,,
21031.0,sha256,23,clean,1,16,0.75,299,stable,Backdoor,
30285.0,sha256,13,clean,0,9,0.93,222,decreasing,,
44718.0,sha256,23,clean,1,16,0.75,341,decreasing,Ransomware,
79762.0,sha256,29,clean,1,20,0.64,210,decreasing,Dropper,
46.0,sha256,24,clean,1,17,0.93,67,increasing,Backdoor,
94.0,sha256,25,clean,1,18,0.63,88,stable,Ransomware,
58.0,sha256,42,suspicious,1,30,0.69,135,stable,Trojan,
10311.0,sha256,22,clean,0,15,0.69,187,stable,,
20582.0,sha256,38,clean,1,27,0.57,127,decreasing,Trojan,
60883.0,sha256,12,clean,0,8,0.95,9,decreasing,,
46336.0,sha256,21,clean,0,15,0.67,229,increasing,,
104907.0,sha256,24,clean,1,17,0.67,354,stable,Trojan,
138216.0,sha256,28,clean,1,20,0.7,204,decreasing,Ransomware,
17304.0,sha256,23,clean,1,16,0.52,19,stable,Ransomware,
673.0,sha256,15,clean,0,10,0.88,295,decreasing,,
702.0,sha256,31,clean,1,22,0.56,242,stable,Backdoor,
1007.0,sha256,32,clean,1,23,0.94,26,increasing,Ransomware,
13739.0,sha256,15,clean,0,10,0.58,13,stable,,
129.0,sha256,8,clean,0,5,0.57,292,stable,,
22967.0,sha256,43,suspicious,1,30,0.62,140,decreasing,Dropper,
11574.0,sha256,9,clean,0,6,0.93,145,decreasing,,
119740.0,sha256,35,clean,1,25,0.82,106,decreasing,Dropper,
7915.0,sha256,20,clean,0,14,0.73,24,stable,,
80063.0,sha256,26,clean,1,18,0.59,345,increasing,Dropper,
134.0,sha256,43,suspicious,1,30,0.75,10,decreasing,Trojan,
74078.0,sha256,32,clean,1,23,0.63,229,stable,Dropper,
128604.0,sha256,26,clean,1,18,0.75,194,stable,Backdoor,
12975.0,sha256,41,suspicious,1,29,0.53,325,stable,Backdoor,
95444.0,sha256,29,clean,1,20,0.78,243,increasing,Ransomware,
30154.0,sha256,17,clean,0,12,0.76,175,increasing,,
20410.0,sha256,46,suspicious,1,33,0.66,242,decreasing,Backdoor,
1289.0,sha256,10,clean,0,7,0.93,76,decreasing,,
54640.0,sha256,24,clean,1,17,0.96,196,stable,Ransomware,
8738.0,sha256,9,clean,0,6,0.78,34,increasing,,
138013.0,sha256,22,clean,0,15,0.93,313,decreasing,,
13890.0,sha256,20,clean,0,14,0.65,123,stable,,
38288.0,sha256,8,clean,0,5,0.62,155,increasing,,
66441.0,sha256,57,suspicious,1,41,0.65,124,stable,Backdoor,
50967.0,sha256,3,clean,0,2,0.52,193,stable,,
29809.0,sha256,19,clean,0,13,0.96,13,stable,,
10232.0,sha256,31,clean,1,22,0.97,341,stable,Dropper,
37359.0,sha256,34,clean,1,24,0.62,348,stable,Trojan,
14129.0,sha256,41,suspicious,1,29,0.85,132,stable,Ransomware,
36293.0,sha256,23,clean,1,16,0.92,26,increasing,Dropper,
3637.0,sha256,34,clean,1,24,0.65,60,stable,Ransomware,
349.0,sha256,59,suspicious,1,42,0.85,210,stable,Trojan,
235.0,sha256,22,clean,0,15,0.72,317,stable,,
129083.0,sha256,35,clean,1,25,0.9,79,stable,Dropper,
26783.0,sha256,24,clean,1,17,0.78,225,stable,Backdoor,
12324.0,sha256,0,clean,0,0,0.51,24,stable,,
70711.0,sha256,47,suspicious,1,33,0.69,136,decreasing,Trojan,
3518.0,sha256,29,clean,1,20,0.76,35,decreasing,Ransomware,
3023.0,sha256,0,clean,0,0,0.64,210,stable,,
322.0,sha256,0,clean,0,0,0.53,67,increasing,,
6347.0,sha256,1,clean,0,0,0.66,248,stable,,
3000.0,sha256,30,clean,1,21,0.98,270,stable,Trojan,
26246.0,sha256,38,clean,1,27,0.85,332,increasing,Dropper,
83919.0,sha256,21,clean,0,15,0.97,245,decreasing,,
85040.0,sha256,22,clean,0,15,0.54,191,stable,,
3485.0,sha256,21,clean,0,15,0.55,281,stable,,
1665.0,sha256,15,clean,0,10,0.7,215,stable,,
88.0,sha256,13,clean,0,9,0.94,134,increasing,,
3634.0,sha256,4,clean,0,2,0.64,346,increasing,,
2996.0,sha256,8,clean,0,5,0.88,71,stable,,
791.0,sha256,30,clean,1,21,0.69,262,increasing,Trojan,
998.0,sha256,19,clean,0,13,0.93,137,decreasing,,
85189.0,sha256,20,clean,0,14,0.74,166,stable,,
37912.0,sha256,4,clean,0,2,0.95,355,decreasing,,
45922.0,sha256,24,clean,1,17,0.68,252,stable,Backdoor,
140.0,sha256,26,clean,1,18,0.62,178,increasing,Ransomware,
48331.0,sha256,8,clean,0,5,0.73,79,stable,,
42261.0,sha256,0,clean,0,0,0.5,239,decreasing,,
37250.0,sha256,24,clean,1,17,0.84,27,stable,Backdoor,
36635.0,sha256,6,clean,0,4,0.81,245,increasing,,
69039.0,sha256,9,clean,0,6,0.52,239,increasing,,
43650.0,sha256,9,clean,0,6,0.59,136,decreasing,,
44908.0,sha256,22,clean,0,15,0.69,128,increasing,,
41382.0,sha256,17,clean,0,12,0.83,51,stable,,
36122.0,sha256,24,clean,1,17,0.87,280,increasing,Dropper,
48596.0,sha256,1,clean,0,0,0.63,37,stable,,
5488.0,sha256,0,clean,0,0,0.77,173,stable,,
43640.0,sha256,4,clean,0,2,0.61,38,stable,,
37826.0,sha256,6,clean,0,4,0.91,104,decreasing,,
41022.0,sha256,13,clean,0,9,0.58,182,increasing,,
35775.0,sha256,19,clean,0,13,0.74,99,increasing,,
8395.0,sha256,33,clean,1,23,0.83,107,increasing,Ransomware,
33145.0,sha256,0,clean,0,0,0.95,43,increasing,,
34926.0,sha256,11,clean,0,7,0.78,173,stable,,
8104.0,sha256,19,clean,0,13,0.95,153,decreasing,,
44834.0,sha256,8,clean,0,5,0.79,4,stable,,
34012.0,sha256,12,clean,0,8,0.94,227,increasing,,
7939.0,sha256,7,clean,0,5,0.72,304,increasing,,
42707.0,sha256,1,clean,0,0,0.63,318,increasing,,
42855.0,sha256,16,clean,0,11,0.68,143,stable,,
8935.0,sha256,47,suspicious,1,33,0.98,322,stable,Backdoor,
49326.0,sha256,23,clean,1,16,0.91,277,decreasing,Trojan,
68061.0,sha256,18,clean,0,12,0.81,180,decreasing,,
63874.0,sha256,6,clean,0,4,0.81,111,increasing,,
1528.0,sha256,34,clean,1,24,0.96,311,stable,Backdoor,
4379.0,sha256,23,clean,1,16,0.76,63,stable,Ransomware,
74065.0,sha256,25,clean,1,18,0.54,74,stable,Ransomware,
73853.0,sha256,38,clean,1,27,0.75,49,decreasing,Ransomware,
676.0,sha256,20,clean,0,14,0.55,49,stable,,
103632.0,sha256,9,clean,0,6,0.79,240,stable,,
91019.0,sha256,59,suspicious,1,42,0.62,328,decreasing,Dropper,
1195.0,sha256,16,clean,0,11,0.64,112,stable,,
17077.0,sha256,26,clean,1,18,0.9,99,increasing,Backdoor,
1179.0,sha256,6,clean,0,4,0.85,67,decreasing,,
111592.0,sha256,6,clean,0,4,0.9,282,decreasing,,
137429.0,sha256,67,suspicious,1,48,0.68,240,stable,Trojan,
22796.0,sha256,38,clean,1,27,0.89,176,increasing,Ransomware,
28081.0,sha256,6,clean,0,4,0.51,59,stable,,
23333.0,sha256,11,clean,0,7,0.75,62,decreasing,,
57801.0,sha256,26,clean,1,18,0.53,289,stable,Trojan,
19716.0,sha256,25,clean,1,18,0.62,334,increasing,Dropper,
136181.0,sha256,49,suspicious,1,35,0.83,57,stable,Ransomware,
36317.0,sha256,25,clean,1,18,0.59,236,stable,Ransomware,
113099.0,sha256,34,clean,1,24,0.61,200,stable,Dropper,
80033.0,sha256,20,clean,0,14,0.84,338,stable,,
62388.0,sha256,35,clean,1,25,0.88,272,decreasing,Dropper,
40030.0,sha256,36,clean,1,25,0.87,338,stable,Dropper,
112232.0,sha256,19,clean,0,13,0.64,349,increasing,,
131285.0,sha256,11,clean,0,7,0.81,188,increasing,,
30141.0,sha256,21,clean,0,15,0.97,33,stable,,
51796.0,sha256,16,clean,0,11,0.56,61,stable,,
27129.0,sha256,47,suspicious,1,33,0.87,82,increasing,Trojan,
41421.0,sha256,0,clean,0,0,0.72,261,decreasing,,
111091.0,sha256,27,clean,1,19,0.92,230,increasing,Backdoor,
23980.0,sha256,28,clean,1,20,0.63,230,increasing,Backdoor,
71353.0,sha256,43,suspicious,1,30,0.8,272,stable,Backdoor,
46192.0,sha256,23,clean,1,16,0.68,20,decreasing,Trojan,
74200.0,sha256,14,clean,0,10,0.8,337,stable,,
52130.0,sha256,31,clean,1,22,0.94,176,stable,Ransomware,
79948.0,sha256,26,clean,1,18,0.67,77,decreasing,Dropper,
50239.0,sha256,29,clean,1,20,0.68,5,increasing,Backdoor,
99626.0,sha256,27,clean,1,19,0.77,1,stable,Backdoor,
48248.0,sha256,30,clean,1,21,0.86,211,stable,Ransomware,
70196.0,sha256,18,clean,0,12,0.68,273,stable,,
69648.0,sha256,26,clean,1,18,0.82,129,decreasing,Trojan,
91778.0,sha256,23,clean,1,16,0.77,112,increasing,Backdoor,
21786.0,sha256,24,clean,1,17,0.64,193,increasing,Ransomware,
21047.0,sha256,18,clean,0,12,0.9,47,increasing,,
94863.0,sha256,45,suspicious,1,32,0.65,278,stable,Trojan,
113333.0,sha256,50,suspicious,1,36,0.8,180,increasing,Trojan,
1237.0,sha256,8,clean,0,5,0.69,360,increasing,,
60807.0,sha256,41,suspicious,1,29,0.65,207,decreasing,Backdoor,
14210.0,sha256,49,suspicious,1,35,0.9,324,stable,Trojan,
39346.0,sha256,25,clean,1,18,0.56,45,decreasing,Dropper,
11459.0,sha256,44,suspicious,1,31,0.71,185,stable,Trojan,
62201.0,sha256,51,suspicious,1,36,0.9,120,increasing,Backdoor,
49844.0,sha256,45,suspicious,1,32,0.57,241,stable,Ransomware,
12854.0,sha256,26,clean,1,18,0.76,145,increasing,Dropper,
92.0,sha256,18,clean,0,12,0.83,251,decreasing,,
108108.0,sha256,33,clean,1,23,0.82,48,decreasing,Dropper,
35.0,sha256,37,clean,1,26,0.66,124,decreasing,Trojan,
87.0,sha256,20,clean,0,14,0.63,63,stable,,
125975.0,sha256,15,clean,0,10,0.62,172,decreasing,,
73214.0,sha256,58,suspicious,1,41,0.5,85,stable,Trojan,
18714.0,sha256,17,clean,0,12,0.75,53,stable,,
32846.0,sha256,2,clean,0,1,0.59,160,stable,,
62282.0,sha256,14,clean,0,10,0.89,242,stable,,
15356.0,sha256,11,clean,0,7,0.86,193,stable,,
73890.0,sha256,19,clean,0,13,0.71,335,increasing,,
28621.0,sha256,20,clean,0,14,0.84,6,stable,,
101701.0,sha256,16,clean,0,11,0.81,174,stable,,
22554.0,sha256,35,clean,1,25,0.89,30,stable,Ransomware,
13674.0,sha256,10,clean,0,7,0.79,319,stable,,
20897.0,sha256,14,clean,0,10,0.71,75,decreasing,,
12036.0,sha256,48,suspicious,1,34,0.55,202,stable,Dropper,
16299.0,sha256,2,clean,0,1,0.89,241,decreasing,,
68616.0,sha256,39,clean,1,28,0.97,362,stable,Ransomware,
10192.0,sha256,29,clean,1,20,0.83,286,stable,Trojan,
63535.0,sha256,41,suspicious,1,29,0.92,259,stable,Dropper,
15327.0,sha256,0,clean,0,0,0.69,228,stable,,
14476.0,sha256,14,clean,0,10,0.66,227,stable,,
21924.0,sha256,30,clean,1,21,0.76,284,decreasing,Ransomware,
135791.0,sha256,13,clean,0,9,0.55,1,stable,,
42802.0,sha256,12,clean,0,8,0.52,345,increasing,,
14610.0,sha256,7,clean,0,5,0.78,301,increasing,,
1652.0,sha256,32,clean,1,23,0.72,327,stable,Dropper,
85340.0,sha256,43,suspicious,1,30,0.66,153,stable,Trojan,
36480.0,sha256,39,clean,1,28,0.73,154,stable,Backdoor,
67019.0,sha256,10,clean,0,7,0.79,193,stable,,
28219.0,sha256,11,clean,0,7,0.91,115,increasing,,
2589.0,sha256,17,clean,0,12,0.89,238,decreasing,,
104132.0,sha256,11,clean,0,7,0.95,16,decreasing,,
127024.0,sha256,1,clean,0,0,0.75,362,stable,,
89506.0,sha256,16,clean,0,11,0.91,28,stable,,
74933.0,sha256,17,clean,0,12,0.91,275,stable,,
7928.0,sha256,7,clean,0,5,0.8,69,increasing,,
29261.0,sha256,5,clean,0,3,0.56,312,stable,,
31439.0,sha256,37,clean,1,26,0.74,165,decreasing,Backdoor,
94328.0,sha256,48,suspicious,1,34,0.77,364,decreasing,Backdoor,
135108.0,sha256,19,clean,0,13,0.56,218,increasing,,
38312.0,sha256,20,clean,0,14,0.92,222,stable,,
21545.0,sha256,26,clean,1,18,0.7,43,stable,Dropper,
85238.0,sha256,20,clean,0,14,0.65,230,stable,,
96175.0,sha256,9,clean,0,6,0.64,24,increasing,,
25520.0,sha256,15,clean,0,10,0.93,75,stable,,
20185.0,sha256,13,clean,0,9,0.95,242,stable,,
75140.0,sha256,52,suspicious,1,37,0.67,29,decreasing,Dropper,
130462.0,sha256,39,clean,1,28,0.69,188,increasing,Trojan,
41574.0,sha256,1,clean,0,0,0.53,354,stable,,
14239.0,sha256,7,clean,0,5,0.82,70,stable,,
13375.0,sha256,20,clean,0,14,0.61,172,decreasing,,
41052.0,sha256,2,clean,0,1,0.92,124,decreasing,,
115176.0,sha256,3,clean,0,2,0.75,23,increasing,,
77937.0,sha256,2,clean,0,1,0.76,9,increasing,,
120914.0,sha256,0,clean,0,0,0.72,112,decreasing,,
32550.0,sha256,5,clean,0,3,0.65,355,increasing,,
132043.0,sha256,7,clean,0,5,0.73,337,stable,,
9621.0,sha256,15,clean,0,10,0.88,329,stable,,
16531.0,sha256,18,clean,0,12,0.72,148,stable,,
87394.0,sha256,6,clean,0,4,0.74,299,stable,,
14903.0,sha256,4,clean,0,2,0.93,341,stable,,
16176.0,sha256,10,clean,0,7,0.68,233,decreasing,,
15893.0,sha256,6,clean,0,4,0.73,94,increasing,,
13397.0,sha256,4,clean,0,2,0.84,40,increasing,,
33233.0,sha256,7,clean,0,5,0.74,243,stable,,
46339.0,sha256,8,clean,0,5,0.77,179,stable,,
14827.0,sha256,16,clean,0,11,0.83,328,increasing,,
15858.0,sha256,14,clean,0,10,0.51,109,stable,,
45855.0,sha256,10,clean,0,7,0.51,51,increasing,,
113989.0,sha256,20,clean,0,14,0.98,223,stable,,
16050.0,sha256,9,clean,0,6,0.79,305,decreasing,,
15367.0,sha256,0,clean,0,0,0.64,272,increasing,,
41008.0,sha256,19,clean,0,13,0.61,183,increasing,,
16481.0,sha256,17,clean,0,12,0.85,243,stable,,
14065.0,sha256,7,clean,0,5,0.74,124,increasing,,
37325.0,sha256,13,clean,0,9,0.95,185,stable,,
13827.0,sha256,0,clean,0,0,0.61,181,stable,,
14428.0,sha256,0,clean,0,0,0.68,35,stable,,
90502.0,sha256,15,clean,0,10,0.54,28,decreasing,,
13807.0,sha256,21,clean,0,15,0.6,174,stable,,
83030.0,sha256,23,clean,1,16,0.86,25,stable,Ransomware,
15870.0,sha256,15,clean,0,10,0.61,350,decreasing,,
48587.0,sha256,15,clean,0,10,0.73,236,increasing,,
9287.0,sha256,3,clean,0,2,0.86,17,increasing,,
8959.0,sha256,7,clean,0,5,0.69,267,decreasing,,
37489.0,sha256,31,clean,1,22,0.73,278,stable,Backdoor,
35330.0,sha256,20,clean,0,14,0.81,74,decreasing,,
15031.0,sha256,7,clean,0,5,0.71,308,stable,,
13239.0,sha256,14,clean,0,10,0.94,22,decreasing,,
130419.0,sha256,11,clean,0,7,0.75,45,stable,,
14934.0,sha256,4,clean,0,2,0.77,210,stable,,
37756.0,sha256,10,clean,0,7,0.77,308,stable,,
34808.0,sha256,16,clean,0,11,0.58,220,stable,,
123192.0,sha256,9,clean,0,6,0.76,80,increasing,,
13095.0,sha256,4,clean,0,2,0.69,145,increasing,,
13051.0,sha256,4,clean,0,2,0.78,193,stable,,
2175.0,sha256,5,clean,0,3,0.71,35,decreasing,,
80405.0,sha256,21,clean,0,15,0.63,128,increasing,,
87786.0,sha256,8,clean,0,5,0.89,306,stable,,
13483.0,sha256,19,clean,0,13,0.55,57,increasing,,
107077.0,sha256,24,clean,1,17,0.65,161,increasing,Ransomware,
13928.0,sha256,21,clean,0,15,0.9,117,stable,,
112286.0,sha256,2,clean,0,1,0.76,204,increasing,,
120594.0,sha256,15,clean,0,10,0.71,311,stable,,
38025.0,sha256,5,clean,0,3,0.7,21,stable,,
36416.0,sha256,0,clean,0,0,0.75,109,decreasing,,
26699.0,sha256,7,clean,0,5,0.86,306,stable,,
14425.0,sha256,17,clean,0,12,0.76,35,decreasing,,
14992.0,sha256,23,clean,1,16,0.75,4,decreasing,Backdoor,
43708.0,sha256,0,clean,0,0,0.91,306,stable,,
107133.0,sha256,15,clean,0,10,0.92,37,decreasing,,
14853.0,sha256,17,clean,0,12,0.67,48,stable,,
15573.0,sha256,11,clean,0,7,0.9,86,stable,,
14130.0,sha256,0,clean,0,0,0.7,78,stable,,
43584.0,sha256,0,clean,0,0,0.6,218,stable,,
40956.0,sha256,22,clean,0,15,0.63,33,increasing,,
13609.0,sha256,11,clean,0,7,0.89,212,increasing,,
9083.0,sha256,1,clean,0,0,0.64,358,increasing,,
111931.0,sha256,0,clean,0,0,0.56,246,stable,,
37257.0,sha256,11,clean,0,7,0.8,174,decreasing,,
15609.0,sha256,0,clean,0,0,0.68,101,stable,,
135804.0,sha256,9,clean,0,6,0.65,19,stable,,
108343.0,sha256,60,suspicious,1,43,0.79,339,decreasing,Dropper,
13782.0,sha256,0,clean,0,0,0.75,253,increasing,,
14838.0,sha256,3,clean,0,2,0.54,146,decreasing,,
15865.0,sha256,21,clean,0,15,0.81,313,decreasing,,
2225.0,sha256,30,clean,1,21,0.82,227,stable,Ransomware,
